state,neigh,AFFGEOID,AFFGEOID.a,AFFGEOID.b,n_obs,sum_pernum,mean_pernum,p_move,mean_inc,sd_inc,q1_inc,q2_inc,q3_inc,mean_inc_nwage,mean_i_white,mean_i_black,mean_i_native,mean_i_asian,mean_i_hispanic,p_ownership,mean_rent,sd_rent,q1_rent,q2_rent,q3_rent,mean_valueh,sd_valueh,q1_valueh,q2_valueh,q3_valueh
AL,muni,0500000US01001,,,2046,5577,2.7258064516129,0.697252747252747,272.829813664596,543.5724825031,0,0,338,0.163467492260062,0.609481915933529,0.390518084066471,0,0,1,0.3119804400978,16.3673174258858,149.918109346228,3,5,9,158370.523510972,1242880.50683985,150,900,2500
AL,muni,0500000US01003,,,1713,4682,2.73321657910099,0.6290212183436,779.083333333333,804.45363332061,154.5,600,1162.5,0.166783461807989,0.978984238178634,0.021015761821366,0,0,1,0.644914756025867,42.1144781144781,268.726953882213,8,12,16,111712.475843209,1040389.17246107,1000,2000,3000
AL,muni,0500000US01007,,,2485,7514,3.02374245472837,0.640342530922931,237.413576725613,446.677554191284,0,0,350,0.221970554926387,0.641046277665996,0.358953722334004,0,0,1,0.402024291497976,6.22971114167813,4.13845681751961,3,5,8,101576.972809668,998868.116131313,250,500,1000
AL,muni,0500000US01009,,,14,32,2.28571428571429,1,240,298.026844428484,0,30,440,0.454545454545455,1,0,0,0,1,0.3,8.28571428571429,2.1380899352994,6,10,10,300,0,300,300,300
AL,muni,0500000US01015,,,29419,88693,3.01482035419287,0.701173274983967,358.938796927921,620.634830253222,0,0,568.5,0.127896451846488,0.751181209422482,0.248750807301404,0,6.79832761140759e-05,1,0.287565481113868,21.5175776488371,126.445751346612,6,9,14,50504.5500958773,690592.720697065,850,1500,3000
AL,muni,0500000US01121,,,8230,23911,2.90534629404617,0.757875143184422,326.295705715188,573.089133353266,0,0,520,0.140538837245943,0.796962332928311,0.203037667071689,0,0,1,0.314204615574479,14.7969082125604,95.2039086344436,5,7,12,556242.844854674,2287084.9575649,500,2000,4500
AL,muni,0500000US01017,,,6892,20804,3.01857225769008,0.646628498727735,354.590872698159,459.584758340459,0,160,624,0.145585655817579,0.751886244921648,0.248113755078352,0,0,1,0.224039725427194,7.37192118226601,17.1795792081703,4,5,8,281719.599739244,1650921.8364413,400,1000,2000
AL,muni,0500000US01021,,,961,2695,2.80437044745057,0.554176072234763,180.429958391123,421.883627834243,0,0,104,0.701244813278008,0.887617065556712,0.112382934443288,0,0,1,0.50468262226847,7.28571428571429,6.44280796206826,4,6,10,22470.6350515464,453993.970796762,1000,1500,2500
AL,muni,0500000US01031,,,4908,14354,2.92461287693562,0.67163504968383,275.753661394259,520.43832351925,0,0,401.5,0.175281547790933,0.798084759576202,0.201915240423798,0,0,1,0.423390383048085,17.8300573300573,101.170014150076,4,6,12,107750.090471607,1023528.14409222,500,1800,3000
AL,muni,0500000US01033,,,15428,46767,3.03130671506352,0.708883596738111,417.53084719079,731.835319967545,0,48,520,0.144778126400717,0.729323308270677,0.270676691729323,0,0,1,0.340227035490605,14.6911705551086,87.0888114896024,5,8,15,218974.423202301,1455779.46897352,600,2000,3500
AL,muni,0500000US01037,,,153,479,3.13071895424837,0.725925925925926,655.24,647.397034914686,150,300,977.5,0.355769230769231,0.640522875816993,0.359477124183007,0,0,1,0.405228758169935,6.78021978021978,6.6680035289636,4,4,7.5,1775886.74193548,3850624.47477252,1500,2000,3500
AL,muni,0500000US01043,,,2934,8864,3.02113156100886,0.660230226513182,344.295140436915,605.31313569645,0,0,528,0.21954484605087,0.993524199045672,0.00647580095432856,0,0,1,0.441884816753927,15.02959697733,51.6262171210462,6,10,15,263560.848341232,1593483.28363801,1500,2500,4000
AL,muni,0500000US01045,,,2088,5961,2.85488505747126,0.689357104267963,288.777391304348,565.265013297866,0,100,309.5,0.219572368421053,0.653256704980843,0.346743295019157,0,0,1,0.386015325670498,16.3556254917388,127.960295445325,4,5,8,361495.672456576,1863236.79024381,400,1000,2000
AL,muni,0500000US01069,,,11589,34019,2.93545603589611,0.75869432580842,340.03699985659,607.28107388939,0,55,468,0.198729457257285,0.679955129864527,0.319958581413409,0,8.62887220640262e-05,1,0.370360712733594,12.0522430437252,27.7801268900954,5,8,15,265618.781976062,1599547.81236307,700,2000,4000
AL,muni,0500000US01047,,,14298,39990,2.7968946705833,0.758098538496309,351.93567652242,644.244497195587,0,52,416,0.146319241982507,0.48985872149951,0.51014127850049,0,0,1,0.262246621621622,21.7962048601026,168.397510476795,4,7,15,250061.359634997,1551542.02300401,1000,2500,4600
AL,muni,0500000US01051,,,3093,8583,2.77497575169738,0.520109332292074,374.324958123953,666.346150451405,0,0,600,0.226876814599751,0.792757840284514,0.207242159715487,0,0,1,0.366666666666667,16.6619198312236,105.422242576575,5,8,15,152735.583406884,1215906.43726385,1500,2500,4000
AL,muni,0500000US01055,,,27544,80799,2.93345193145513,0.717445011157157,459.476623819816,697.207934822385,0,130,750,0.113248457219103,0.805583793203602,0.194416206796398,0,0,1,0.281907126168224,46.4775395210518,284.494982702994,7,10,15,128130.513856514,1113511.98379454,900,2000,3500
AL,muni,0500000US01061,,,7583,23528,3.10272979032045,0.691408934707904,299.85440739518,517.064745195859,0,84,450,0.187797619047619,0.751285770803112,0.248714229196888,0,0,1,0.381373844121532,17.9544339291973,133.052992844101,4,6,10,2211287.43574645,4149124.33432751,600,2000,6000
AL,muni,0500000US01065,,,2471,7288,2.94941319303926,0.546881814217183,273.618883131837,554.215925839633,0,0,273,0.198918918918919,0.51355726426548,0.486442735734521,0,0,1,0.441926345609065,23.0167883211679,240.938263074777,3,5,13,176197.950549451,1307844.19296697,500,1800,3500
AL,muni,0500000US01067,,,934,2752,2.94646680942184,0.571078431372549,137.010169491525,340.390776976852,0,0,100,0.231433506044905,0.654175588865097,0.345824411134904,0,0,1,0.370449678800857,4.93333333333333,2.78339006859847,3,4,6,319294.734104046,1756748.11987859,700,1000,2000
AL,muni,0500000US01071,,,3934,11558,2.9379766141332,0.701799485861183,282.424856596558,521.983357466688,0,0,449,0.254709871891485,0.892984239959329,0.107015760040671,0,0,1,0.461870869344179,9.4404296875,7.65910005102012,5,8,12,161156.125481563,1253369.65015773,400,1000,2500
AL,muni,0500000US01073,,,225287,652358,2.89567529418031,0.712394555809635,488.758032826527,952.857009931502,0,0,750,0.12086372103072,0.610669945447363,0.389192452294185,9.76532156760044e-05,3.99490427765473e-05,1,0.36456673474426,99.349672094483,541.732333028742,8,12,20,79320.5408396947,869408.817333149,1500,2500,4000
AL,muni,0500000US01077,,,10587,30337,2.86549541890998,0.719865602687946,409.294444444444,696.114543496704,0,50,550,0.184996738421396,0.810333427788798,0.189666572211202,0,0,1,0.410999240121581,28.0323109726095,207.000577171341,6,10,17,161967.046452508,1252510.47821347,500,1500,3500
AL,muni,0500000US01079,,,2066,5645,2.7323330106486,0.621982537236775,329.809257781325,694.408103745062,0,0,400,0.260321903428971,0.829622458857696,0.170377541142304,0,0,1,0.41432720232333,44.8474434199497,431.936435241941,4,7,12,48647.4556074766,682256.33074194,500,1500,2500
AL,muni,0500000US01081,,,6811,18747,2.75245925708413,0.76522577534951,508.423362916767,808.675160851636,0,156,676,0.245708376421924,0.642049625605638,0.357803553075907,0,0.00014682131845544,1,0.324284449690174,36.7028481722359,446.912843363718,4,8,20,326731.282529572,1767739.22611025,1000,3500,6000
AL,muni,0500000US01083,,,2821,7635,2.70648706132577,0.708251085669167,374.630434782609,660.54147155098,0,0,520,0.208785249457701,0.812123360510457,0.187876639489543,0,0,1,0.436965811965812,11.822265625,9.99591051610656,5,9.5,15,223338.802770986,1467100.19287994,1200,2500,5000
AL,muni,0500000US01085,,,1178,3502,2.97283531409168,0.734753146176186,129.075888568684,286.890157559681,0,0,104,0.102304147465438,0.476230899830221,0.523769100169779,0,0,1,0.244482173174873,6.72935779816514,17.5127353509465,3,4,6,279727.409722222,1645885.95935035,1250,2000,3000
AL,muni,0500000US01089,,,5795,16020,2.76445211389129,0.640780341399362,384.328900498694,690.439059158442,0,0,540,0.176722293538725,0.821742881794651,0.178257118205349,0,0,1,0.343876295905816,15.2279132791328,9.67847607535909,8,13,20,147669.38221768,1187313.92557173,1500,3500,6000
AL,muni,0500000US01095,,,6739,20042,2.97403175545333,0.757857974388824,360.668058455115,642.192294641474,0,0,585,0.216727716727717,0.899243211158926,0.0985309393085027,0,0.0022258495325716,1,0.394033837934105,12.9806547619048,42.2788480223223,6,8,13,228096.514500942,1486169.41506926,600,1500,3000
AL,muni,0500000US01097,,,53371,164427,3.08083041352045,0.68859461768475,432.648374894231,874.880562464759,0,0,600,0.170142133477598,0.662344719042177,0.337130651477394,1.87367671581945e-05,0.000505892713271252,1,0.382146554699183,27.7282727928041,162.052317145709,8,12,20,122700.937788481,1085858.16810115,1200,2500,4500
AL,muni,0500000US01101,,,24203,68624,2.83535098954675,0.768979295314203,597.974409839318,878.241909468678,0,270,864,0.153562730281646,0.684584555633599,0.315415444366401,0,0,1,0.249178393865341,32.3895219076706,201.45461984895,6,12,25,484155.469732837,2137418.82570063,1500,3500,6000
AL,muni,0500000US01103,,,10552,29368,2.78316906747536,0.759705973703282,432.718144450969,1104.62371100812,0,50,624,0.214531878230902,0.744598180439727,0.255401819560273,0,0,1,0.344667109886979,15.7918599431393,79.5421475014982,6,10,15,82480.4739597685,890250.177154955,1000,2000,3500
AL,muni,0500000US01107,,,49,337,6.87755102040816,0.977777777777778,653.348837209302,629.508269309918,116,592,990,0.116279069767442,0.653061224489796,0.346938775510204,0,0,1,0.142857142857143,6.5,3.08957190326662,3,9,9,3500,0,3500,3500,3500
AL,muni,0500000US01109,,,6507,17840,2.74166282465038,0.655010875020914,350.636868406441,618.482552604895,0,104,420,0.263052208835341,0.55232826187183,0.44767173812817,0,0,1,0.437895386514427,13.1871880199667,96.1516956936663,4,5,12,140104.188865398,1164077.48894204,500,2000,3787.5
AL,muni,0500000US01113,,,8900,26466,2.97370786516854,0.724926614481409,377.026372443488,471.820727663758,0,200,630,0.131166474179178,0.763483146067416,0.236516853932584,0,0,1,0.300753571026881,53.2291122715405,214.028895851863,6,9,12,199829.761780105,1393860.9542784,600,1200,2000
AL,muni,0500000US01115,,,249,718,2.88353413654618,0.611872146118721,190.635838150289,346.335484433702,0,0,270,0.132947976878613,0.907630522088353,0.0923694779116466,0,0,1,0.429718875502008,408.074626865672,918.596580986171,3.25,6,150,468050.841121495,2120340.06472873,350,600,1000
AL,muni,0500000US01117,,,4553,13821,3.03558093564683,0.645161290322581,331.318340306834,647.252381261696,0,0,370.5,0.225865767698437,0.716011421041072,0.283988578958928,0,0,1,0.447061413163108,11.2325581395349,51.1564738687871,4,6,10,809261.403249631,2724627.67910991,500,1500,3000
AL,muni,0500000US01125,,,14293,40066,2.80319037290982,0.761053266938283,410.164552238806,913.483196816306,0,0,500,0.182996177868929,0.62820961309732,0.37179038690268,0,0,1,0.313742071881607,27.9038421382335,189.864972501737,6,10,24,113986.109164421,1043028.41359863,1500,3000,5500
AL,muni,0500000US01127,,,4222,13927,3.29867361440076,0.815380563602844,343.865932642487,639.420872598718,0,0,468.5,0.139715394566624,0.735907153008053,0.264092846991947,0,0,1,0.370406189555126,17.55953307393,83.0394096466999,5,8,15,178748.861618799,1315903.32307952,600,1500,3500
AR,muni,0500000US05005,,,332,1052,3.16867469879518,0.615646258503401,181.566371681416,465.19451369854,0,0,125,0.212389380530973,1,0,0,0,1,0.626506024096386,38.2661290322581,139.211899598317,3,4,6,735.495192307692,589.252158466108,350,500,1000
AR,muni,0500000US05007,,,5383,13317,2.47389931265094,0.625443786982249,242.53980041773,522.516487019414,0,0,260,0.367323290845886,0.99479843953186,0.00297232026750882,0.00148616013375441,0.000743080066877206,1,0.505687115420474,16.4990425124473,94.7361505312184,6,10,13,130715.267699115,1128693.12622964,700,1500,2500
AR,muni,0500000US05009,,,2158,5603,2.59638554216867,0.677056719468574,376.378835316218,629.448600944488,0,0,600,0.139636819035692,1,0,0,0,1,0.517145505097312,18.6699410609037,66.8397980542256,8,10,16,145406.835125448,1189042.37445045,1000,2000,3000
AR,muni,0500000US05013,,,606,1649,2.72112211221122,0.668478260869565,462.927835051546,489.512896249172,104,321,600,0.352941176470588,0.877887788778878,0.122112211221122,0,0,1,0.575907590759076,18.0253164556962,42.9436048441902,5,6,11.5,774945.633237822,2675136.53733289,500,1200,2000
AR,muni,0500000US05019,,,4753,12655,2.66252892909741,0.506049325267566,314.152990264256,603.583252334656,0,0,416,0.25561797752809,0.708184304649695,0.291815695350305,0,0,1,0.425205133599832,65.7561837455831,352.701088698923,4,7,15,501448.263236022,2179089.74887702,500,1250,2500
AR,muni,0500000US05025,,,1233,3315,2.68856447688564,0.542297417631345,250.714801444043,500.005536605421,0,0,340,0.189411764705882,0.758313057583131,0.241686942416869,0,0,1,0.464720194647202,25.0395136778116,128.359577300234,3,5,10,18539.4205933682,417711.795319858,300,900,1500
AR,muni,0500000US05027,,,2549,6521,2.55825814044723,0.738931994523049,685.19367816092,1013.6069129441,0,200,1000,0.189265536723164,0.84542958022754,0.15457041977246,0,0,1,0.471512770137525,62.5667953667954,374.507014410284,8,20,30,302836.590833333,1706085.64998443,1500,3000,4000
AR,muni,0500000US05139,,,15450,42036,2.72077669902913,0.724846282839575,467.368357035928,752.636243441255,0,50,675,0.206931236283833,0.739482200647249,0.259935275080906,0,0.00058252427184466,1,0.403134182174339,17.207739764442,64.1787536093381,6,12,20,126976.639293813,1109621.1907509,500,1500,3000
AR,muni,0500000US05031,,,8318,23390,2.81197403221928,0.728217631207494,388.889298301826,894.412108834758,0,0,520,0.187549501029621,0.890598701610964,0.108920413560952,0,0.000480884828083674,1,0.41257877177808,106.909884355226,393.899932837131,8,15,25,2038477.40700809,4026766.45827705,900,2500,6000
AR,muni,0500000US05033,,,4952,13426,2.71122778675283,0.694370567375887,276.692409066948,586.416997380816,0,0,258.75,0.181169002909283,0.947495961227787,0.0525040387722132,0,0,1,0.460060667340748,9.4678517397882,17.4224650403129,5,7,12,36668.6725274725,591998.284043993,500,1000,2000
AR,muni,0500000US05035,,,3436,9619,2.79947613504075,0.79402444545043,307.530125523013,534.066766955136,0,80,380,0.262199845081332,0.435972060535506,0.559371362048894,0,0.00465657741559953,1,0.461402474955804,16.7432357813363,78.6249914742798,4,6,15,161094.793103448,1253587.4851456,200,500,2000
AR,muni,0500000US05045,,,2585,7218,2.79226305609284,0.639110365086026,311.651556776557,660.606427430706,0,0,351.25,0.253656307129799,0.802321083172147,0.197678916827853,0,0,1,0.484120836560806,19.4801247077163,87.8795722705188,6,10,17,178711.2064,1315089.65502771,1000,2000,3500
AR,muni,0500000US05051,,,12219,35298,2.88877976921188,0.777547909407666,337.467361360642,639.684218329763,0,0,440,0.310192023633678,0.85858089860054,0.14141910139946,0,0,1,0.35702564988341,32.9375261469809,320.655783329082,8,13,20,276210.945089502,1630275.17317174,1000,2000,4000
AR,muni,0500000US05125,,,2848,7524,2.64185393258427,0.629441624365482,337.391919191919,639.498170435421,0,0,520,0.231094658910629,0.992977528089888,0.00702247191011236,0,0,1,0.45320197044335,10.1918604651163,18.3037648315398,5,8,12,48100.8136645963,681094.220975775,400,1000,2000
AR,muni,0500000US05053,,,1633,4362,2.67115737905695,0.691629955947137,475.992319508449,587.927597532995,0,312,700,0.0888671875,0.904470300061237,0.095529699938763,0,0,1,0.372609500308452,27.1377551020408,141.056434359514,4,6,10,316148.240066225,1746654.16437743,400,1200,2500
AR,muni,0500000US05055,,,4770,12572,2.6356394129979,0.768520603467688,267.132764596108,541.39441491596,0,0,330,0.200527009222661,0.994968553459119,0.0050314465408805,0,0,1,0.461069023569024,61.2882919005614,307.84205093938,6,10,16,289299.23733455,1671223.13350948,500,1400,2500
AR,muni,0500000US05059,,,5223,14010,2.68236645605974,0.719759926131117,283.076170082594,486.937354449625,0,0,450,0.208999407933689,0.804901397664178,0.195098602335822,0,0,1,0.454440821024362,22.227603787327,144.955638899224,5,7,10,77558.910510764,868402.054211543,500,1000,2000
AR,muni,0500000US05063,,,2063,5521,2.67619970916142,0.707764952780693,267.930363864492,521.66456337331,0,0,311.25,0.21267252195734,0.945225399903054,0.0547746000969462,0,0,1,0.423844282238443,11.036874451273,9.54143914053977,5,8,15,139877.40413318,1166075.53428562,1000,1800,2500
AR,muni,0500000US05069,,,17566,46931,2.67169532050552,0.691198224852071,419.150578275002,755.622330562377,0,0,525,0.269530664267506,0.706364567915291,0.291984515541387,0.000569281566662872,0.00108163497665946,1,0.377519290567776,14.7929850607776,31.3952742781437,6,12,20,45255.6148566199,652012.856647634,900,2000,3500
AR,muni,0500000US05079,,,1002,2576,2.57085828343313,0.665562913907285,250.075524475525,685.166701506934,0,0,250,0.283916083916084,0.436127744510978,0.552894211576846,0,0.0109780439121756,1,0.502994011976048,5.70967741935484,3.88423218843973,3,5,7,20843.6448412698,445391.972751533,150,500,1500
AR,muni,0500000US05081,,,85,239,2.81176470588235,0.628205128205128,188.305084745763,331.986666445864,0,0,280,0.169491525423729,0.635294117647059,0.364705882352941,0,0,1,0.505882352941176,13.5,24.7969805400262,4,5,5,1104.6511627907,1124.71234171488,300,550,1550
AR,muni,0500000US05085,,,2615,6707,2.56481835564054,0.620107128141739,259.213625866051,522.873673709843,0,0,317,0.223704463827604,0.866921606118547,0.133078393881453,0,0,1,0.450753186558517,18.0904558404558,143.336112956017,5,7,10,1623.63838903171,1694.10298709226,500,1200,2000
AR,muni,0500000US05087,,,284,767,2.70070422535211,0.697080291970803,345.37962962963,662.225040336164,0,0,400,0.0196078431372549,1,0,0,0,1,0.623239436619718,18.9439252336449,80.6536774975645,5,8,10,1072.89830508475,825.009208521237,300,1000,1500
AR,muni,0500000US05091,,,11331,31054,2.74062306945548,0.804891868920578,327.798475306596,663.985238504872,0,0,360,0.217496962332928,0.705851204659783,0.294148795340217,0,0,1,0.461319073083779,112.170592193809,594.61090588654,6,10,20,257257.072836167,1576242.83240173,600,1500,3425
AR,muni,0500000US05093,,,8997,24072,2.6755585195065,0.785455016852476,315.43193558189,594.423852658609,0,0,400,0.168842729970326,0.751028120484606,0.246415471823941,0,0.00255640769145271,1,0.340297173500168,18.7857142857143,86.8091123953711,6,10,15,389681.657583716,1929589.98815131,500,1500,4000
AR,muni,0500000US05103,,,5901,16796,2.84629723775631,0.700526711813394,357.846643802058,636.090760831693,0,0,500,0.172666982472762,0.601762413150314,0.398237586849687,0,0,1,0.429690160027239,21.2856704510586,160.944855409402,5,8,18,168231.506339144,1279210.8229173,300,1000,3000
AR,muni,0500000US05105,,,629,1707,2.71383147853736,0.563279857397505,127.140997830803,290.980381212044,0,0,150,0.279826464208243,1,0,0,0,1,0.5232,34.7231833910035,135.01764101137,3,5,6,214602.113149847,1449497.70729953,200,450,600
AR,muni,0500000US05107,,,13929,37643,2.70249120539881,0.758695991265013,287.185013518733,521.428687500171,0,0,369,0.151486815036469,0.488261899633857,0.506497235982483,7.17926627898629e-05,0.00516907172087013,1,0.242090784044017,50.6187769502156,288.477146586942,6,8,15,239055.458133971,1518552.67415603,600,2000,4000
AR,muni,0500000US05111,,,5209,14652,2.81282395853331,0.728957356552802,315.728125792544,638.133236508646,0,0,450,0.120326813567715,0.964100595123824,0.0358994048761759,0,0,1,0.396358000774893,10.5735677083333,26.4252191845983,6,8,10,25887.1011730205,493796.482383176,200,600,2000
AR,muni,0500000US05115,,,5254,13797,2.6259992386753,0.619509177149928,279.274519230769,583.13387919287,0,0,300,0.174184261036468,0.920441568328892,0.0795584316711077,0,0,1,0.461435916968197,10.6481746599857,7.88739120983259,5,8,15,63649.8840280644,784395.215462615,600,1500,2500
AR,muni,0500000US05119,,,74490,206525,2.77251980131561,0.714176807341561,493.51109801951,859.642924214321,0,0,720,0.15400530592495,0.75482615116123,0.245066451872735,9.39723452812458e-05,1.34246207544637e-05,1,0.383937424259116,27.9649174595245,168.685178970694,9,15,25,143120.607101865,1174069.83995618,1500,2500,4000
AR,muni,0500000US05123,,,5639,15064,2.67139563752438,0.781293256871663,296.453684749232,577.199104645102,0,0,350,0.197658079625293,0.648696577407342,0.34935272211385,0,0.0019507004788083,1,0.331196581196581,14.8259705488621,71.2447573332313,5,8,15,18573.514516129,401302.662983513,500,1500,3600
AR,muni,0500000US05131,,,23494,62886,2.67668340852984,0.729945787007259,367.992864093416,735.935631909917,0,0,520,0.141301502539134,0.908742657699838,0.0901932408274453,0.00106410147271644,0,1,0.443681613387685,71.608064642661,400.434096974774,8,15,20,70338.9319148936,819880.78373118,700,2000,3000
AR,muni,0500000US05143,,,7810,20161,2.58143405889885,0.704190632703369,340.581680374133,695.855561681016,0,0,400,0.273868942199324,0.977336747759283,0.0225352112676056,0.000128040973111396,0,1,0.453391460443647,22.2505348229142,119.580917375457,8,13,20,178094.908371041,1312320.49027154,1000,2500,4000
AR,muni,0500000US05145,,,3449,10090,2.92548564801392,0.808213870592794,254.400142146411,526.191462479783,0,0,306,0.246284501061571,0.947231081472891,0.0527689185271093,0,0,1,0.448557271932381,47.203544575725,228.723751419736,5,8,15,320067.941520468,1755975.52337198,600,1400,2500
AR,muni,0500000US05149,,,1205,3314,2.75020746887967,0.701086956521739,247.595936794582,556.708248399985,0,0,306.75,0.10762331838565,0.937759336099585,0.0622406639004149,0,0,1,0.447302904564315,34.6126126126126,131.458641851247,5,6,10,241926.87755102,1535486.69717986,300,600,1200
AZ,muni,0500000US04003,,,14758,42989,2.91292858110855,0.682196713932028,488.993259744066,986.309502535787,0,0,800,0.231606570123433,0.982450196503591,0.0167366851876948,0.000338799295297466,0.000474319013416452,1,0.493774798194007,49.5157836947571,324.254893441955,7,12,20,146956.712524245,1197207.07412655,350,1000,2000
AZ,muni,0500000US04005,,,4685,14257,3.04311632870864,0.764592841700697,468.912951807229,746.087719883994,0,0,772,0.248118036735923,0.975453575240128,0.0175026680896478,0.0032017075773746,0.00384204909284952,1,0.424744064473971,22.2347254447022,142.261269057162,7,13,25,109670.991794872,1032205.76363916,500,1350,3500
AZ,muni,0500000US04007,,,7290,21141,2.9,0.690325640214986,531.419001218027,781.040650479746,0,0,1000,0.162854889589905,0.990260631001372,0.00960219478737997,0,0.000137174211248285,1,0.48665642028783,18.8181306306306,87.7053682985416,8.75,15,20,81804.5122021246,892999.124335475,320,1000,2000
AZ,muni,0500000US04021,,,1782,5770,3.23793490460157,0.645640074211503,327.793074324324,593.038454805802,0,0,390,0.217937971500419,0.994949494949495,0.00505050505050505,0,0,1,0.464646464646465,11.1806311207835,7.77796558367678,5,10,16.5,363492.082125604,1869568.00492599,387.5,1000,2000
AZ,muni,0500000US04009,,,2452,7265,2.96288743882545,0.692204301075269,364.150459921156,650.006809525186,0,0,500,0.217797137523335,0.993882544861338,0.00611745513866232,0,0,1,0.602375102375102,75.3596584845251,324.164435090682,10,20,27,436900.114208022,2040278.03954248,700,1700,3000
AZ,muni,0500000US04013,,,43039,121089,2.81347150259067,0.774345523072222,466.367880542435,792.460400182906,0,0,720,0.255467226638668,0.940681707288738,0.0535096075652315,0.00144055391621553,0.00436813122981482,1,0.424097238612226,118.335721724641,576.392070344469,10,20,30,146760.640714564,1189273.30170917,1200,2600,4000
AZ,muni,0500000US04017,,,3647,9623,2.63860707430765,0.675047740292807,795.043010752688,1167.27342126391,0,0,1500,0.196812453669385,0.970112421168083,0.00959692898272553,0.0142582944886208,0.00603235536057033,1,0.475647091566936,99.8095756256801,702.801573636599,15,23,28,342255.0140433,1810687.01011081,1850,3000,4200
AZ,muni,0500000US04019,,,21031,62748,2.98359564452475,0.726229072548499,475.392726822933,829.13470564525,0,0,715,0.194364471669219,0.954590842090248,0.0267224573249013,0.00908183158195045,0.00960486900290048,1,0.432126806166336,47.618629476584,359.458403589622,12,20,32,167813.390516663,1271207.04041444,1200,3000,5000
AZ,muni,0500000US04023,,,2168,6632,3.0590405904059,0.661907190209077,389.450160771704,798.902492382063,0,0,464,0.171775223499361,0.951568265682657,0.03690036900369,0.003690036900369,0.00784132841328413,1,0.328022492970947,14.771509167842,18.8134992783251,7,10,20,45184.62,653567.078682297,825,2000,3250
AZ,muni,0500000US04025,,,5357,15722,2.93485159604256,0.730528200537153,455.31347342398,748.702075826631,0,0,771,0.270216962524655,0.982266193765167,0.0136270300541348,0.00112002986746313,0.00298674631323502,1,0.440530303030303,23.1859086152773,109.240216730829,8,15,22,462137.94239037,2094875.08802941,400,1500,3000
AZ,muni,0500000US04027,,,3632,10400,2.86343612334802,0.824924012158055,488.83441324694,781.858441735618,0,0,780,0.164694280078895,0.948237885462555,0.0407488986784141,0.00165198237885463,0.00936123348017621,1,0.394663702056698,66.1354264292409,306.777347987949,9,18,28,128677.635915493,1118899.90959368,250,1500,3000
CA,muni,0500000US06001,,,370616,901120,2.43141148790122,0.595949054108447,658.89171089466,995.651125824535,0,0,1200,0.22683026853234,0.958555486001684,0.025209381138429,0.000256330001942712,0.0159788028579446,1,0.512078403721225,77.5100805536646,431.076910419459,20,27,35,75760.8446602978,837538.023900646,3000,4000,6000
CA,muni,0500000US06013,,,45299,120059,2.65036755778273,0.629339198622932,731.347695578763,923.128677551514,0,180,1440,0.182834962622197,0.987416940771319,0.00783681758979227,6.62266275193713e-05,0.0046800150113689,1,0.518816361274137,90.6830043651547,445.716761216186,17,23,30,121795.810586762,1080859.40692747,2000,3200,4600
CA,muni,0500000US06007,,,13309,34310,2.5779547674506,0.675941745993003,461.865568747606,772.057472663356,0,0,750,0.281347887992406,0.987076414456383,0.0055601472687655,0.000375685626267939,0.00698775264858367,1,0.500722818230237,66.83734375,437.008674516387,15,20,25,110811.602795928,1032841.21173572,1500,2500,4000
CA,muni,0500000US06015,,,1040,2931,2.81826923076923,0.634171907756813,330.856079404467,618.68717880999,0,0,360,0.469336670838548,0.990384615384615,0,0.00961538461538462,0,1,0.407185628742515,73.3085299455536,546.282407068507,13,17,20,517092.279411765,2211712.05388082,1500,2500,3500
CA,muni,0500000US06017,,,2983,7471,2.5045256453235,0.645323741007194,585.336812144213,810.437014321843,0,120,1000,0.32477913336138,0.992289641300704,0.00100569896077774,0.00368756285618505,0.00301709688233322,1,0.514384748700173,178.138157894737,628.988301178859,18,25,30,138183.773584906,1153050.75900426,2000,3000,4500
CA,muni,0500000US06019,,,62325,170742,2.73954271961492,0.668238056850443,519.499215203835,835.726893235981,0,0,800,0.266205043406366,0.953164861612515,0.0186602486963498,0.000914560770156438,0.0272603289209787,1,0.532311509393925,56.6742751825335,329.911775089135,15,20,30,119341.425837907,1070019.45274204,1500,3000,4500
CA,muni,0500000US06023,,,17254,41822,2.42390170395271,0.653831822133896,547.860106934802,785.328260104468,0,0,1000,0.278988868274583,0.992523472817897,0.00133302422626637,0.00614350295583633,0,1,0.54511300264162,28.5435278336687,156.949502860777,14,18,25,248725.571290114,1547168.07036911,2000,3000,4000
CA,muni,0500000US06025,,,29979,91255,3.04396410820908,0.770584254455222,456.415244748981,754.531903975758,0,0,672,0.175219581791431,0.922345641949365,0.0528703425731345,0.000433636879148737,0.0243503785983522,1,0.358050632053411,35.9855244040252,167.186600014195,8,15,25,148639.558637009,1202148.42737218,401,1200,3000
CA,muni,0500000US06029,,,33353,88427,2.65124576499865,0.768284106891702,788.644026974952,978.577151459411,0,385,1435,0.233430220657469,0.9515785686445,0.0252451053878212,5.99646208736845e-05,0.0231163613468054,1,0.438097260564876,51.6460240830143,293.927418708755,18,25,35,189204.148743162,1349142.70641199,2000,3000,4800
CA,muni,0500000US06031,,,8780,23611,2.68917995444191,0.664739157762414,477.697129909366,1027.9080187258,0,0,750,0.310759860788863,0.960364464692483,0.0071753986332574,0,0.0324601366742597,1,0.506375646180356,44.6645584446006,245.748328132023,12,20,25,34482.512477314,562583.846775657,1100,2500,3500
CA,muni,0500000US06033,,,1120,2679,2.39196428571429,0.668278529980658,322.706741573034,613.102307296338,0,0,346.5,0.307334109429569,0.996428571428572,0,0.00357142857142857,0,1,0.538461538461538,16.5815324165029,8.07029480731642,10,15,20,53374.4268907563,708669.255554143,1200,2400,3500
CA,muni,0500000US06035,,,579,1539,2.6580310880829,0.761029411764706,584.80044345898,856.632279517247,0,0,1000,0.27032967032967,0.972366148531952,0.00863557858376511,0.00863557858376511,0.0103626943005181,1,0.483592400690846,128.224489795918,1003.81191074957,15,25,35,1004429.90714286,3003894.10978851,3000,4000,7000
CA,muni,0500000US06037,,,1680813,4276667,2.54440380934702,0.719501438061738,552.382037520814,1111.94091167665,0,0,960,0.28432586534585,0.952374237943186,0.0323944424513613,0.000342691304743597,0.0148886283007092,1,0.423396628371871,63.7593931446636,384.836662914567,20,27,35,88753.776441852,910698.183958077,2500,3800,5500
CA,muni,0500000US06071,,,71925,195826,2.72264164059785,0.666256943255901,493.908216974199,785.297119605233,0,0,820,0.257943655882989,0.981633646159194,0.010844629822732,0.00393465415363226,0.00358706986444213,1,0.537074148296593,31.2709443549387,164.797038995571,12,18,25,126064.050438368,1102615.29649897,1500,2500,4000
CA,muni,0500000US06039,,,6417,18223,2.83980052984261,0.750218188165474,347.459594904991,639.307775484082,0,0,450,0.192283628779979,0.979117967897771,0.0169861305906187,0,0.00389590151160979,1,0.557623143080532,29.399634369287,201.827992306038,10,15,25,114175.749859787,1053084.69668704,500,1500,3000
CA,muni,0500000US06041,,,21850,56645,2.59244851258581,0.602323008849558,717.341046019741,1038.14661931643,0,0,1260,0.27034803297737,0.986132723112128,0.00091533180778032,0.000366132723112128,0.0125858123569794,1,0.572640757582861,108.898826979472,562.500009224571,22,30,37,202337.347769136,1387141.03702688,3000,4500,6500
CA,muni,0500000US06045,,,7601,18750,2.46678068675174,0.612719235705119,548.603537781196,756.766929176463,0,29,1000,0.304888733134747,0.987238521247204,0.000263123273253519,0.00368372582554927,0.0088146296539929,1,0.522821576763486,92.8280836031793,593.956654099939,12,18,25,256028.231694829,1571513.91742819,1500,2000,3500
CA,muni,0500000US06047,,,10261,27541,2.68404638924081,0.726330715532286,502.459577857427,770.817663445126,0,0,900,0.245908079088647,0.96491570022415,0.0163726732287301,0.0113049410388851,0.00740668550823507,1,0.46925278847103,65.6680529300567,412.280334402668,14,20,28,116923.191207404,1059466.44048571,1500,3000,5000
CA,muni,0500000US06053,,,24299,64826,2.66784641343265,0.669826435246996,480.066136199235,787.494936795806,0,0,760,0.319487996710019,0.936375982550722,0.00880694678793366,0.000535001440388493,0.0542820692209556,1,0.456547269524369,34.2247395011052,250.30985316505,18,25,30,112084.363252182,1030752.24434821,2200,3500,5700
CA,muni,0500000US06055,,,8726,20932,2.39880815952326,0.609398309298856,489.969661266569,763.299156465565,0,0,900,0.338732798165138,0.991175796470319,0.00137520055008022,0.000916800366720147,0.00653220261288105,1,0.503771614250899,27.1077943615257,101.578051088462,16,22,28,61286.2430315596,756507.759611317,2000,3000,4500
CA,muni,0500000US06057,,,7048,17578,2.49404086265607,0.61017733230532,558.670749279539,815.941365343687,0,0,1200,0.250681198910082,0.983825198637911,0.00241203178206583,0.000709421112372304,0.0130533484676504,1,0.514931864308495,80.6125528062764,398.298752600244,20,25,30,160058.642736487,1245553.25009775,1500,2000,3000
CA,muni,0500000US06059,,,58967,143278,2.42979971848661,0.692561377794064,464.011825251601,758.38419346123,0,0,720,0.300509374197415,0.995421167771805,0.00279817525056387,0.000118710465175437,0.00166194651245612,1,0.484773437633435,56.8697862312742,310.992828750941,15,20,26,97982.6008173907,966790.466855348,2000,3000,4500
CA,muni,0500000US06061,,,11120,28691,2.58012589928058,0.560821944363672,536.069982198487,829.391465649095,0,0,1000,0.207991360691145,0.98705035971223,0.000809352517985612,0.000269784172661871,0.0118705035971223,1,0.559757531891794,36.2633692665399,210.539895855158,12,18,25,335646.719573299,1793720.62655511,1400,2500,4000
CA,muni,0500000US06065,,,37091,99036,2.67008169097625,0.697303734465175,443.944018261423,754.344665137393,0,0,650,0.29457694491766,0.971394677954221,0.0212989674044917,0.00347793265212585,0.00382842198916179,1,0.526011718217741,73.5353559063435,424.71792717199,12,20,25,180601.312506476,1320798.25153241,1100,2500,4000
CA,muni,0500000US06067,,,77614,206495,2.66053804725952,0.663081203173204,667.967253586734,973.544326210881,0,18,1200,0.219487509775958,0.957688045971088,0.00985646919370217,0.000412296750586234,0.0320431880846239,1,0.522726363114853,53.743657218043,287.139104829343,20,28,35,88767.5381297535,913454.325220788,3000,4000,5500
CA,muni,0500000US06069,,,3192,8096,2.53634085213033,0.573504562352146,366.178613396005,650.54262573383,0,0,485,0.312329832749903,0.989974937343358,0.00532581453634085,0.00031328320802005,0.0043859649122807,1,0.522842639593909,34.4959404600812,273.609043930466,10,15,20,142709.242111651,1173084.7301503,1500,2500,4000
CA,muni,0500000US06073,,,166534,417202,2.5052061440907,0.748077061083892,481.966649690688,811.452576221936,0,0,802,0.333449946779608,0.97601690945993,0.0148318061176697,0.00047437760457324,0.00867690681782699,1,0.456252037471014,40.5782085256088,234.705372286255,20,25,30,76333.2533265028,847440.599961333,2300,3500,5000
CA,muni,0500000US06075,,,482222,1293856,2.68311275719482,0.637014925373134,745.289065954695,990.068194345871,0,330,1260,0.230848017818055,0.955738228450796,0.00633525637569418,0.000288248980759899,0.0376382661927494,1,0.40654637357216,131.087653760266,687.780243343912,23,30,40,114144.618543258,1034251.8908792,3500,5000,6500
CA,muni,0500000US06077,,,46394,120974,2.60753545717119,0.647874866160793,526.226204753598,829.763419633977,0,0,900,0.275770901340815,0.954670862611545,0.00825537785058413,0.000107772556796137,0.0369659869810751,1,0.491950572162033,60.2445043009818,364.842848763374,16,22,30,46385.1757838412,649946.730193366,2000,3500,5000
CA,muni,0500000US06079,,,9082,22203,2.44472583131469,0.662918540729635,640.201162354706,864.904529821937,0,150,1150,0.336292667993265,0.990090288482713,0.000990971151728694,0,0.00891874036555825,1,0.468323259458249,37.2733843537415,185.157731649435,15,23,30,240043.118546845,1519574.15947134,2000,3000,4500
CA,muni,0500000US06081,,,67379,169638,2.51766870983541,0.655845827166849,739.156550234602,1124.99557531441,0,0,1250,0.229386754794749,0.976491191617566,0.00661927306727615,0.000163255613766901,0.0167262797013906,1,0.630583676289465,57.8399456185886,361.912543290456,23,30,45,97600.9544815759,941609.045880642,3500,5000,7500
CA,muni,0500000US06083,,,34773,92260,2.65320794869583,0.686801340100176,598.594617437722,828.949219989968,0,198,1000,0.262295721361988,0.954131078710494,0.0140626348028643,0.00235815143933512,0.0294481350473068,1,0.417096708358844,63.6992999846712,399.323760604554,18,25,30,116941.486019852,1054439.01977827,2500,3500,5000
CA,muni,0500000US06085,,,79766,201215,2.52256600556628,0.604807615603478,491.141654936043,827.82639010145,0,0,756,0.27882216949565,0.982824762430108,0.00466364115036482,0.000150440037108542,0.0123611563824186,1,0.545231190081179,66.2782224987979,374.898184541411,18,25,35,103388.892641457,989379.621184658,2500,3500,5000
CA,muni,0500000US06087,,,12531,33301,2.65748942622297,0.677704774419623,432.783352781019,761.867063391287,0,0,600,0.305359046419227,0.958103902322241,0.000638416726518235,0.000159604181629559,0.0410980767696114,1,0.476038599934576,29.2482912096646,263.669542590429,15,20,25,74283.7859474317,836047.034482684,2000,3000,5000
CA,muni,0500000US06089,,,6225,16363,2.62859437751004,0.838010924844603,678.281940332498,895.470081428185,0,152,1200,0.27842333105491,0.989076305220884,0.00755020080321285,0.00192771084337349,0.00144578313253012,1,0.397572331227137,41.2258335668254,167.907739435931,20,30,35,171099.535340862,1282333.54620448,2000,3000,5000
CA,muni,0500000US06095,,,19159,50027,2.61114880734903,0.653128743368889,641.834865805169,918.792244476575,0,0,1200,0.228264890862005,0.972180176418393,0.0140403987682029,0.000521947909598622,0.013257476903805,1,0.467557874144115,83.8452170292495,457.738753075162,20,25,30,174638.903184565,1295466.15842255,2000,3500,5000
CA,muni,0500000US06097,,,20624,48782,2.36530256012413,0.605604302292669,500.660643394935,784.977821336201,0,0,900,0.304160776842235,0.993357253685027,0.000921256788207913,0.00184251357641583,0.00387897595034911,1,0.480522019649054,135.089910378722,617.021225459124,15,20,30,203877.712643678,1400899.69631628,2000,3000,4500
CA,muni,0500000US06099,,,19428,49615,2.55378834671608,0.713800022294059,510.994879406308,746.574813268528,0,100,850,0.26645286296519,0.986823141857113,0.00859584105414865,0.000154416306361952,0.00442660078237595,1,0.464620807630501,91.3645750595711,519.134419830245,15,20,27,160482.301907843,1244014.41749847,1800,2500,4000
CA,muni,0500000US06101,,,3693,9004,2.43812618467371,0.724364723467863,543.807163531114,802.335329683815,0,65,960,0.285364145658263,0.995667479014351,0,0,0.00433252098564852,1,0.456379498364231,34.9872318692543,234.133485111994,19.25,25,30,15212.3757467145,345441.933230115,1800,3000,4500
CA,muni,0500000US06103,,,4954,12277,2.47819943480016,0.671211787992083,459.655210338191,743.697731730374,0,0,780,0.335449735449735,0.976786435203876,0.00645942672587808,0.00121114251110214,0.0155429955591441,1,0.444195062232198,37.5135444486837,211.049036276938,13,18,25,158981.84244373,1239848.98508835,1500,2500,3600
CA,muni,0500000US06107,,,27591,72185,2.61625167627125,0.74126382051489,552.808500092931,766.092254850142,0,210,900,0.262265834076717,0.971621180819833,0.0132289514696821,0.00141350440360987,0.0137363633068754,1,0.481861888111888,99.037878238154,550.159728503479,11,17,25,168200.321844293,1275608.9467378,1000,2250,3500
CA,muni,0500000US06109,,,1108,2953,2.66516245487365,0.560952380952381,482.229074889868,783.141657656113,0,0,800,0.295550847457627,0.985559566787004,0.00451263537906137,0.00812274368231047,0.00180505415162455,1,0.523545706371191,42.2749003984064,209.897599136445,16,25,30,356122.363315697,1845680.76882519,2000,3000,5000
CA,muni,0500000US06111,,,28111,77372,2.75237451531429,0.735891172506739,594.208029406697,838.473258967334,0,200,960,0.239968976215098,0.987193625271246,0.00188538294617765,0.000106719789406282,0.0108142719931699,1,0.405045524885738,73.2313941949888,380.492398285957,12,20,30,89481.991559307,924083.517385437,1300,3000,4500
CA,muni,0500000US06113,,,8064,21902,2.71602182539683,0.670037756202805,493.728347068885,815.550548089264,0,0,800,0.348562548562549,0.972842261904762,0.00793650793650794,0.00322420634920635,0.0159970238095238,1,0.525229646407449,33.2319629730466,176.072051167955,17,25,35,147542.892429324,1189985.01786097,2000,3500,5000
CA,muni,0500000US06115,,,4684,11976,2.55678906917165,0.655726417259582,529.951608391608,822.909747378309,0,0,935.5,0.308086253369272,0.885567890691717,0.0187873612297182,0,0.0956447480785653,1,0.385196710380084,70.4133333333333,411.788705553576,17,25,33,194787.80034622,1366522.49343433,2200,4000,5320
CO,muni,0500000US08001,,,6723,17493,2.60196340919233,0.715287049399199,422.878732480195,706.315326343849,0,0,668,0.256992298338062,0.9888442659527,0.00877584411720958,0.000297486241261342,0.00208240368882939,1,0.407656647225961,47.5311170212766,278.814303610237,12,20,30,376444.042186354,1897727.50473917,900,1800,3000
CO,muni,0500000US08005,,,10045,26259,2.61413638626182,0.695657129830161,429.01029795414,673.468968517161,0,0,800,0.232926338387227,0.990144350423096,0.00756595321055251,0.000497760079641613,0.00179193628670981,1,0.567769583416384,20.5634175691937,17.7306795002156,15,20,25,274450.583816044,1626617.80693518,1500,2100,3000
CO,muni,0500000US08031,,,227359,616524,2.71167624769637,0.687048620915752,561.378459102523,904.901706137153,0,0,900,0.234456621939977,0.97496470339859,0.0229328946731821,0.000422239717803122,0.00168016221042492,1,0.476830392205823,118.446886349544,591.982533739728,15,25,35,134795.55253737,1135319.66469195,2000,3500,5000
CO,muni,0500000US08014,,,21,58,2.76190476190476,0.7,443.1875,512.228493122617,0,202,764.25,0.0625,1,0,0,0,1,0.523809523809524,16,9.48683298050514,7,16,25,1854.54545454545,795.44155833554,1625,1750,1750
CO,muni,0500000US08123,,,20903,56849,2.71965746543558,0.694548327627074,336.117393293679,622.974634548627,0,0,500,0.278009060854659,0.997273118691097,0.00153088073482275,9.5680045926422e-05,0.00110032052815385,1,0.476321108865146,30.3099571224393,153.960765630976,12,18,25,322675.964130545,1760452.50624701,1000,2000,3700
CO,muni,0500000US08035,,,184,449,2.44021739130435,0.467105263157895,504.910447761194,627.971788869901,0,90,1000,0.430555555555556,1,0,0,0,1,0.711956521739131,50.3125,166.596104300446,10,12,25.5,536474.969465649,2257122.15742231,2000,2000,3000
CO,muni,0500000US08013,,,20549,52385,2.54927247067984,0.628067041454316,356.525251279522,690.064769268969,0,0,500,0.334215710416154,0.994744269794151,0.00462309601440459,0.00019465667429072,0.000437977517154119,1,0.505983325159392,27.3087248322148,185.046195911521,12,18,25,44428.5364931666,644102.886626834,1000,2000,4000
CO,muni,0500000US08043,,,3431,9305,2.71203730690761,0.531633311814074,279.67145631068,505.589381215468,0,0,480,0.242587601078167,0.999125619352958,0.00029146021568056,0,0.000582920431361119,1,0.553378180754607,11.6083776595745,6.56409792212637,7,12,15,903.816596194503,1048.29407524613,100,460,1500
CO,muni,0500000US08019,,,2555,6831,2.67358121330724,0.828328103989243,501.815120711563,701.327561943667,0,55,911.5,0.295264623955432,1,0,0,0,1,0.383479648842777,19.7877604166667,20.8530895061543,13,18,22,105581.069719043,1015141.20433069,500,1000,2000
CO,muni,0500000US08037,,,1120,3251,2.90267857142857,0.736842105263158,636.230014025245,762.651515870578,0,182,1320,0.199040767386091,0.999107142857143,0.000892857142857143,0,0,1,0.468297101449275,18.6408450704225,31.4287282614355,12,15,18,272307.65377176,1624464.67954765,1000,1500,2400
CO,muni,0500000US08097,,,911,2435,2.67288693743139,0.610169491525424,217.114777618364,461.129841866739,0,0,200,0.276410998552822,1,0,0,0,1,0.709251101321586,10.6747967479675,6.20729779186462,5,8,15,78085.1226708075,878349.776334585,180,300,500
CO,muni,0500000US08039,,,46,127,2.76086956521739,0.692307692307692,185.161290322581,475.779157226977,0,0,75,0.258064516129032,1,0,0,0,1,0.630434782608696,10.7647058823529,3.32658630890411,8,10,15,1375.86206896552,616.531294776205,750,1000,2000
CO,muni,0500000US08041,,,27880,70216,2.51850789096126,0.657630952845275,464.920188313487,770.703520331111,0,0,720,0.337091059678829,0.972058823529412,0.0273672883787661,0,0.000573888091822095,1,0.520057981518391,24.0464774572732,97.7108464703203,12,17,25,210201.658839105,1423211.34300963,1300,2500,4000
CO,muni,0500000US08045,,,4382,11604,2.6481058877225,0.742892768079801,332.053361471209,628.033741485932,0,0,450,0.279797377830751,0.998858968507531,0.00114103149246919,0,0,1,0.460087416609156,27.4887615689731,159.431699843815,10,16,25,421937.972,2005988.73598942,500,1450,3000
CO,muni,0500000US08047,,,533,1318,2.47279549718574,0.589098532494759,356.281725888325,579.607122637198,0,0,700,0.181818181818182,1,0,0,0,1,0.559099437148218,11.2170212765957,7.67333375517765,8,10,13,502.634228187919,635.095520615575,200,350,500
CO,muni,0500000US08059,,,4465,11066,2.47838745800672,0.641025641025641,454.292961876833,744.007448685395,0,0,779.25,0.246631517281781,0.990817469204927,0.00604703247480403,0,0.00313549832026876,1,0.503382949932341,23.4035812672176,47.4914408654195,15,20,25,79148.436827957,869346.305645915,1500,2100,3500
CO,muni,0500000US08067,,,5354,14703,2.74617108703773,0.669061794292753,388.344064386318,685.947711544812,0,0,600,0.275156054931336,0.993649607769892,0.00149420993649608,0.00168098617855809,0.00317519611505417,1,0.549849510910459,22.1303616484441,62.5104100304468,12,20,25,53816.9079712624,714464.852501422,1100,2000,3500
CO,muni,0500000US08069,,,17188,46722,2.71829183151036,0.696564286162929,348.338075376136,694.446756876296,0,0,420,0.318404634581105,0.999243658366302,0.000756341633697929,0,0,1,0.515505697169036,22.4041555808945,48.7415356391691,12,20,25,274789.324598382,1627216.39148989,1000,2000,3500
CO,muni,0500000US08075,,,7517,20665,2.74910203538646,0.698422061642826,387.163714439077,688.796637115477,0,0,564,0.262980684033316,0.997871491286418,0.00212850871358255,0,0,1,0.462208523184133,41.5992414664981,250.778813100473,11,18,25,74625.2046970136,848230.48133174,900,1900,3000
CO,muni,0500000US08077,,,11218,30438,2.7133178819754,0.718719308583775,441.476140595903,781.854664687059,0,0,637,0.253166014275846,0.99723658406133,0.00276341593866999,0,0,1,0.574377930039668,31.2113127001067,161.434462144803,13,20,30,18428.2151938471,395802.482681403,1300,2500,3500
CO,muni,0500000US08081,,,1583,4167,2.63234365129501,0.784272790535839,380.054145516074,697.373817207755,0,0,500,0.36980491942324,0.999368288060644,0,0.000631711939355654,0,1,0.529374605180038,22.4281842818428,10.8967457932736,15,23,30,181301.897374702,1326353.17543069,900,2000,3500
CO,muni,0500000US08085,,,4428,12204,2.75609756097561,0.708653607736177,347.875609756098,615.302306271241,0,0,480,0.331007281553398,0.998644986449865,0.0013550135501355,0,0,1,0.559518400726942,23.7791798107256,168.72933116046,10,16,23,70971.496954933,827927.594937732,500,1600,3000
CO,muni,0500000US08087,,,6703,18032,2.69013874384604,0.673137254901961,343.109708315194,628.593123381985,0,0,463.75,0.302349336057201,1,0,0,0,1,0.441804511278195,41.0536612632756,323.128074022832,10,16,22,142132.618107556,1172938.07654654,1200,2000,3500
CO,muni,0500000US08093,,,108,255,2.36111111111111,0.7,201.236842105263,359.250733923483,0,0,259,0.318181818181818,1,0,0,0,1,0.435185185185185,7.74137931034483,6.2000575685714,5,5,10,220.106382978723,342.440869795353,110,150,200
CO,muni,0500000US08101,,,43116,111378,2.5832173671027,0.622699386503068,506.388001870533,811.307388205279,0,0,900,0.229474315810527,0.971193988310604,0.0266954262918638,0.000162352722887095,0.00194823267464514,1,0.564043667896869,40.5885907662557,320.351033054992,12,18,25,116053.271150766,1061093.08980594,900,1750,3000
CO,muni,0500000US08107,,,2154,5947,2.76090993500464,0.708527131782946,338.868775235532,561.520741413731,0,0,597.5,0.349237905897946,0.989786443825441,0.00324976787372331,0,0.00696378830083565,1,0.535480859010271,19.076210092688,91.2567713090131,10,13,18,140926.930252833,1173152.10453597,500,1000,2000
CO,muni,0500000US08117,,,533,1329,2.49343339587242,0.644308943089431,325.725888324873,534.317967669915,0,0,528,0.365482233502538,0.99812382739212,0,0.00187617260787993,0,1,0.50281425891182,28.3783783783784,123.382698882002,7,10,15,75385.0223880597,862183.54378613,250,500,1000
CO,muni,0500000US08119,,,4344,11278,2.59622467771639,0.646185889091382,602.160381861575,710.308325277681,0,335,1140,0.369127516778524,0.998158379373849,0.000920810313075506,0.000920810313075506,0,1,0.621905651564689,17.493316359007,31.0644971113037,10,15,20,308536.62598573,1727761.55798706,200,500,1000
CT,muni,0600000US0900118500,,,19707,55892,2.83614959151571,0.47399369220078,519.388057776631,865.423120024538,0,80,900,0.133983410371684,0.99457045719795,0.00517582584868321,0,0.000253716953366824,1,0.396765277919951,48.908488292011,310.875204869117,20,25,30,114543.213364293,1040938.67285297,2750,4000,6000
CT,muni,0600000US0900152980,,,550,1333,2.42363636363636,0.392927308447937,528.173913043478,966.954827146178,0,0,750,0.383367139959432,0.981818181818182,0.0181818181818182,0,0,1,0.628942486085343,106.275,605.561186942041,25,30,40,97774.3185840708,937086.177361433,5000,7500,10750
CT,muni,0600000US0900156060,,,31568,88186,2.79352508869742,0.539590339345766,561.537958167731,851.012137915257,0,65,900,0.176921853883457,0.967023568170299,0.0325329447541815,6.33552965027876e-05,0.000380131779016726,1,0.452980513870668,50.9145187213525,262.872717862575,20,26,35,211217.813237268,1415649.26316492,4000,5000,7500
CT,muni,0600000US0900168170,,,10112,30619,3.02798655063291,0.444084786467579,445.911982626469,714.662953699557,0,0,720,0.139372379621395,0.997824367088608,0.00187895569620253,0.000296677215189873,0,1,0.496059064152449,91.6858283433134,508.012606579368,16,20,25,184379.541230893,1332860.24518826,2000,3000,4200
CT,muni,0600000US0900173070,,,36014,106963,2.9700394291109,0.51257463893873,569.90277424281,1415.84800656854,0,24,936,0.14827221438646,0.960931859832287,0.0385405675570611,0,0.000527572610651413,1,0.339917741529336,150.097743385786,724.81028040996,24,30,40,251390.932504733,1543291.6789616,4000,5800,8500
CT,muni,0600000US0900308490,,,26296,77467,2.94596136294493,0.449450188741178,739.73179911155,832.365591559021,0,600,1200,0.155015528796382,0.996767569212047,0.00304228780042592,0,0.00019014298752662,1,0.427455657727675,58.3496653095025,434.123531096407,20,24,30,348782.546804681,1821279.62745669,3000,4500,6000
CT,muni,0600000US0900327600,,,2122,6440,3.03487276154571,0.307314678448699,639.900223380491,911.676173908793,0,300,1000,0.159474671669794,0.996701225259189,0.00282752120640905,0,0.000471253534401508,1,0.541410317084714,520.873966942149,929.218737918933,16,25,1000,128431.015734266,1099291.98452092,2600,4000,6000
CT,muni,0600000US0900350440,,,56172,165049,2.93827885779392,0.516672996581846,645.909988230259,820.990243136363,0,450,1020,0.10341418720162,0.99608345795058,0.00389873958555864,0,1.78024638609984e-05,1,0.312983430395038,67.0133168662407,390.480095099538,18,22,28,380508.663920733,1898866.29486399,3000,5000,7800
CT,muni,0600000US0900370550,,,5031,15065,2.99443450606241,0.667559217301751,668.974939924477,943.155017886579,0,520,1020,0.155387743247168,0.997813555953091,0.00159014112502485,0,0.000596302921884317,1,0.471197927048037,84.3962623951182,447.599771694846,15,18,23,227987.040186125,1480179.13621761,2500,3500,5000
CT,muni,0600000US0900543370,,,1748,4720,2.70022883295195,0.616605616605617,510.384943181818,772.838061339691,0,0,900,0.315640481245577,0.993135011441648,0.0068649885583524,0,0,1,0.61295871559633,28.1248120300752,27.9291444433877,15,20,25,53290.7998129093,682214.922671805,2500,3830,7000
CT,muni,0600000US0900576570,,,23509,67308,2.86307371644902,0.375469223463435,553.449366064203,830.762641840824,0,30,1000,0.176429605016346,0.994682887404824,0.00527457569441491,0,4.25369007614105e-05,1,0.461380986906641,49.5588564127136,303.067673606056,20,23,27,184564.351821039,1329916.84576397,2691.25,4000,5000
CT,muni,0600000US0900537280,,,146,472,3.23287671232877,0.214814814814815,476.871559633028,572.137061099573,0,0,1000,0.1,1,0,0,0,1,0.246575342465753,16.3,4.05139006612421,12,16,18,3505.55555555556,1204.97645369868,2875,3000,4000
CT,muni,0600000US0900586440,,,5470,15652,2.86142595978062,0.43797916257126,444.254365266635,688.359373985804,0,0,780,0.204892966360856,0.993784277879342,0.00603290676416819,0,0.000182815356489945,1,0.416666666666667,25.6316838259714,188.956232990169,15,18,22,108886.747272727,1016955.15411651,2500,3500,5000
CT,muni,0600000US0900551350,,,394,1156,2.93401015228426,0.605633802816901,365.908783783784,549.978472728666,0,0,700,0.211409395973154,1,0,0,0,1,0.325699745547074,17.0836501901141,6.57608427068733,14,15,18,864153.890625,2812260.47910395,2000,4500,7625
CT,muni,0600000US0900502760,,,34,80,2.35294117647059,0.34375,746.275862068966,1022.6810317058,0,600,1040,0.137931034482759,1,0,0,0,1,0.294117647058824,19.9583333333333,4.12288593169846,16,20,20.75,3270,1622.96025829347,1850,2900,3750
CT,muni,0600000US0900516050,,,160,474,2.9625,0.531034482758621,408.068376068376,521.063728422457,0,200,712,0.109243697478992,1,0,0,0,1,0.35,20.2843137254902,3.29529352643347,20,20,20.75,717590.928571429,2597775.77948734,2300,3350,5000
CT,muni,0600000US0900747360,,,18633,55250,2.96516932324371,0.438558134319991,508.259494535519,822.236298090905,0,0,880,0.191092244457921,0.990715397413192,0.00917726614071808,0,0.00010733644609027,1,0.477540460200374,107.201699655766,519.63625015051,20,25,30,278008.276195965,1629431.19929891,3000,4000,6000
CT,muni,0600000US0900901220,,,18955,55019,2.90261144816671,0.364947310038824,507.6825210413,718.841848554254,0,0,1000,0.157942708333333,0.946082827749934,0.0538644157214455,5.27565286204168e-05,0,1,0.363114231014678,31.6275617778527,151.081188713434,15,20,25,107769.585237258,1014096.9538855,2500,3250,5000
CT,muni,0600000US0900919550,,,10300,30816,2.99184466019418,0.336638724187283,455.862686208554,673.454499665946,0,59,760,0.200866009141208,0.992815533980582,0.0070873786407767,0,9.70873786407767e-05,1,0.370804213013092,22.3262792166772,61.694612619016,15,20,25,164172.026811787,1251623.02195598,2480,3500,5000
CT,muni,0600000US0900967610,,,23,64,2.78260869565217,0.380952380952381,450,598.769571705176,0,0,830,0.117647058823529,1,0,0,0,1,0.521739130434783,25.0909090909091,7.00649049745371,24,30,30,2716.66666666667,893.240610294219,2000,2250,3900
CT,muni,0600000US0900907310,,,2244,6225,2.77406417112299,0.997652582159624,584.289094056549,840.02341128292,0,0,1040,0.212374581939799,0.980837789661319,0.0191622103386809,0,0,1,0.459605026929982,24.0345721694036,10.29473179316,18,22,30,190565.791015625,1349431.91283691,3000,4000,6612.5
CT,muni,0600000US0900957600,,,7,28,4,0,445.714285714286,555.903383177843,0,0,1040,0.142857142857143,1,0,0,0,1,1,,,,,,8000,0,8000,8000,8000
CT,muni,0600000US0900934950,,,1964,5274,2.68533604887984,0.487567567567568,465.883154121864,727.010960604721,0,0,820,0.315540540540541,0.988798370672098,0.0112016293279022,0,0,1,0.527253668763103,54.5083240843507,281.194106915429,16,22,28,223274.784294235,1462594.45565468,3300,4500,5500
CT,muni,0600000US0900946520,,,34068,93991,2.75892332981097,0.445329627914158,802.994462149313,926.453044829823,0,720,1250,0.204808893868229,0.998033345074557,0.00190794880826582,0,5.87061171774099e-05,1,0.459261238790902,29.4867015357222,144.042326608353,17,20,26,237876.830671753,1509170.83283319,2750,4000,5600
CT,muni,0600000US0900978740,,,10585,28806,2.72139820500709,0.469614355110538,679.178921210349,779.622187044615,0,540,1100,0.208278815272987,0.999622106754842,0.000283419933868682,0,9.44733112895607e-05,1,0.482955084987181,46.2627588757396,313.009200049511,18,22,28,103247.892449862,986236.369445744,3000,4000,6000
CT,muni,0600000US0900949950,,,15316,41887,2.73485244189083,0.28131671372495,607.712541534657,790.120803993762,0,150,1100,0.13329224131289,0.999020632018804,0.000848785583703317,0,0.000130582397492818,1,0.472306475009891,35.1888525415199,200.305128865556,17,20,25,48086.9004607008,656180.703839452,3000,4000,5900
CT,muni,0600000US0900980070,,,84667,246049,2.90607910992476,0.47410413804404,581.465732134235,798.650666812828,0,150,1000,0.13907066098337,0.979011893653962,0.0207164538722289,1.18109771221373e-05,0.000259841496687021,1,0.335800815584602,39.1670873204656,250.744449784218,20,24,30,144820.910648148,1174178.54848877,2660.75,4000,6000
CT,muni,0600000US0900987560,,,276,804,2.91304347826087,0.599250936329588,604.38679245283,951.80169457524,0,240,1000,0.116504854368932,0.971014492753623,0.0289855072463768,0,0,1,0.518115942028986,20.219696969697,8.38875509960877,15,16.5,22.75,353455.874125874,1842642.50645525,3000,4000,5000
CT,muni,0600000US0900962290,,,183,573,3.13114754098361,0.690476190476191,631.839285714286,727.682654740579,0,480,1020,0.177966101694915,0.770491803278689,0.229508196721311,0,0,1,0.398907103825137,17.6181818181818,5.40978016508331,14,16,20,4484.93150684932,1783.22984379442,4000,4200,5000
CT,muni,0600000US0900580490,,,5,11,2.2,0.8,575,675.15430335097,0,500,1075,0.5,1,0,0,0,1,0,14.6,5.81377674149945,12,12,12,,,,,
CT,muni,0600000US0900946940,,,51,106,2.07843137254902,0.291666666666667,1203.91111111111,1861.71942547526,0,0,2281,0.25,1,0,0,0,1,0.686274509803922,45.9375,4.55292945988258,40,47.5,50,10500,2935.5829163598,8000,10000,12000
CT,muni,0600000US0901115910,,,1171,3226,2.75491033304868,0.492551210428306,365.612938596491,579.139431565103,0,0,600,0.286026200873362,0.993168232280102,0.00683176771989752,0,0,1,0.525192143467122,61.8827838827839,279.984634238173,12,16.5,24.5,165434.882926829,1265409.80326968,1500,2700,4000
CT,muni,0600000US0901134250,,,3920,10617,2.70841836734694,0.489260808926081,623.314784859269,899.11596796841,0,0,1249,0.202963917525773,0.994132653061224,0.00561224489795918,0,0.000255102040816327,1,0.408079774993608,44.7001303780965,290.143567978188,20,25,30,92039.9837092732,932357.138132944,3000,4000,6000
CT,muni,0600000US0901152350,,,30124,84307,2.79866551586775,0.546272675736962,544.732989385546,848.295472600357,0,0,900,0.20233033524121,0.970189881821803,0.0259261718231311,0.000663922453857389,0.00322002390120834,1,0.32705525606469,66.7037716615698,449.349900195826,19,25,32,202748.482435356,1388100.54080711,3500,5000,7200
CT,muni,0600000US0901156270,,,21444,61587,2.87199216564074,0.468054451510334,458.876424031659,714.424453299943,0,0,780,0.212124821343497,0.986849468382765,0.0124976683454579,0.000139899272523783,0.000512963999253871,1,0.423788670716203,26.4538812785388,116.37979504496,15,18,25,238382.197777778,1512578.91601131,2500,3500,5000
CT,muni,0600000US0901162150,,,20,52,2.6,0.842105263157895,365.266666666667,352.62332526906,0,420,555,0.117647058823529,1,0,0,0,1,0.15,12.4705882352941,2.0036730976766,10,12,14,750,0,750,750,750
CT,muni,0600000US0901173770,,,1800,5042,2.80111111111111,0.564908120924718,331.37069547603,597.988749266048,0,0,500,0.284075573549258,0.991666666666667,0.00722222222222222,0,0.00111111111111111,1,0.519799219185722,92.4869888475837,475.393888682066,15,16,20,250241.393776824,1551707.51473425,1800,2800,4500
CT,muni,0600000US0901372090,,,3061,8585,2.8046390068605,0.357336956521739,416.828235294118,659.702932766417,0,0,700,0.221659524737047,1,0,0,0,1,0.443163097199341,36.8153098420413,193.241946169529,14,17,22,308506.862453532,1719117.98463452,2325,3125,4500
CT,muni,0600000US0901378250,,,7301,19810,2.71332694151486,0.421811298776937,506.270787468247,727.325885068906,0,65,922,0.175470754874188,0.996575811532667,0.00315025338994658,0.00013696753869333,0.00013696753869333,1,0.450614725790855,28.2950102880658,168.4137473048,13,17,21,298528.613733906,1689610.65772762,2500,3800,5000
CT,muni,0600000US0901317800,,,49,176,3.59183673469388,0.531914893617021,308.783783783784,484.33053079799,0,0,432,0.0789473684210526,1,0,0,0,1,0.346938775510204,16.8125,2.62048382629448,15,15,20,2941.17647058824,390.606617214513,2500,3000,3000
CT,muni,0600000US0901540500,,,4568,13966,3.05735551663748,0.516655180335401,457.396998635744,614.248907933179,0,64,850,0.228403316394758,0.998686514886165,0.00131348511383538,0,0,1,0.378675645342312,21.9672312223859,8.95011926376688,18,21,25,270094.726733847,1611229.36446292,2000,3000,4500
CT,muni,0600000US0901562710,,,7761,23563,3.03607782502255,0.572045106501462,525.099199702215,706.690840856691,0,312,850,0.156142365097589,0.995619121247262,0.00425202937765752,0,0.000128849375080531,1,0.270062532569046,19.40710232473,6.50592784410822,14,20,22,225975.584659913,1472756.8929627,2500,4000,5000
CT,muni,0600000US0901586790,,,12012,35599,2.96361971361971,0.576347171164709,483.904202995752,727.59327753793,0,180,780,0.233075329772157,0.994005994005994,0.00566100566100566,0,0.000333000333000333,1,0.32769322336536,46.8672268907563,297.728388828833,13,17,22,414032.909963674,1982240.21959527,2100,3500,5200
CT,muni,0600000US0900108070,,,128609,366026,2.84603721356981,0.531270296712241,564.263691041469,775.911480818004,0,160,1000,0.151689895810935,0.977629870382322,0.0221835174832243,8.55305616247697e-05,0.000101081572829273,1,0.29742908150024,59.0121708442675,334.416596540412,18,24,30,146798.533937968,1183678.59258893,2500,3500,5800
CT,muni,0600000US0900177200,,,12,29,2.41666666666667,0.545454545454545,668.125,724.164235022494,0,510,1143.75,0.125,1,0,0,0,1,0.5,28,3.09838667696593,25.5,30,30,625,551.135192126215,400,400,400
CT,muni,0600000US0900174190,,,46,124,2.69565217391304,0.369565217391304,431.2,543.767257904732,0,205,782,0.275,1,0,0,0,1,0.456521739130435,26.6521739130435,5.73354321397871,22,30,30,4758.7619047619,1739.1860425142,3500,5000,5185
CT,muni,0600000US0900337070,,,130768,383607,2.93349290346262,0.59678200056749,796.651725373746,887.153705483261,0,700,1250,0.132690159661841,0.973097393857824,0.026604368041111,3.82356539826257e-05,0.000260002447081855,1,0.21721427005356,111.713676347531,582.469904825266,25,30,40,498458.923251622,2160767.76101865,3600,6000,8500
CT,muni,0600000US0900352140,,,745,2015,2.70469798657718,0.33758865248227,984.063926940639,787.534109115726,485,960,1300,0.0751565762004175,0.993288590604027,0,0,0.00671140939597315,1,0.081043956043956,30.5821812596006,13.1650091765787,24,28,38.5,344242.305084746,1824216.01648307,4000,6000,7450
CT,muni,0600000US0900322630,,,2905,8725,3.00344234079174,0.596394984326019,651.662857142857,614.555494020912,100,600,1000,0.135031847133758,0.828227194492255,0.170740103270224,0.00103270223752151,0,1,0.0830748017924853,45.7746262935991,377.230593686386,17,20,25,296083.692946058,1681871.91744493,2650,4500,8000
CT,muni,0600000US0900382590,,,628,2134,3.39808917197452,0.715488215488216,815.900510204082,1008.12457507712,0,699,1200,0.179324894514768,0.998407643312102,0.00159235668789809,0,0,1,0.199300699300699,33.4243792325056,83.4039971141976,16,20,40,359407.824561404,1846523.2552433,3700,5500,10000
CT,muni,0600000US0900384900,,,259,756,2.91891891891892,0.617021276595745,710.5,972.501346230972,0,490,1127,0.125,0.861003861003861,0.138996138996139,0,0,1,0.24031007751938,28.9948979591837,12.3373510222391,18,25,40,1297533.20967742,3376927.94066002,4500,10500,13000
CT,muni,0600000US0900305910,,,2,3,1.5,0,1250,1767.76695296637,625,1250,1875,0,1,0,0,0,1,1,,,,,,7000,0,7000,7000,7000
CT,muni,0600000US0900952070,,,137465,397596,2.89234350561961,0.524874796471923,599.240564455255,865.388541150631,0,225,1000,0.177930397645293,0.965569417669952,0.0339722838540719,2.18237369512239e-05,0.000436474739024479,1,0.295086953941121,55.1514161453424,349.766719716833,18,23,30,235710.013099339,1499210.55212908,2500,4000,6800
CT,muni,0600000US0900922910,,,1193,4621,3.8734283319363,0.519893899204244,434.616751269036,756.794584765895,0,0,720,0.185614849187935,0.921207041072925,0.0787929589270746,0,0,1,0.255545696539485,21.3095823095823,41.6689935673706,13,16,20,350519.138888889,1833315.34855821,2000,3000,3800
CT,muni,0600000US0900935650,,,1181,3496,2.96020321761219,0.543243243243243,573.27599009901,821.940538988963,0,213,939.5,0.180169286577993,0.880609652836579,0.119390347163421,0,0,1,0.332485156912638,26.9948453608247,75.7027632289085,17,21,27,336703.780612245,1791979.83227661,3000,4500,6000
CT,muni,0600000US0900904580,,,42,115,2.73809523809524,0.405405405405405,1191.84,1603.35408025385,0,510,1600,0.111111111111111,1,0,0,0,1,1,,,,,,12357.1428571429,11939.5253175477,5125,7000,12000
CT,muni,0600000US0900987700,,,127,449,3.53543307086614,0.954954954954955,455.518072289157,519.090277440085,0,260,900,0.104166666666667,1,0,0,0,1,0.322834645669291,19.8023255813953,4.24214087860436,15,20,23,2986.31707317073,2158.80567026104,1500,2500,5000
CT,muni,0600000US0900982870,,,8,21,2.625,0,3850,1060.66017177982,3475,3850,4225,0,1,0,0,0,1,0.375,60,0,60,60,60,7000,0,7000,7000,7000
DC,muni,0500000US11001,,,364974,1153382,3.16017579334418,0.674724135290063,791.847850177305,1099.20305114077,0,364,1320,0.216849762015739,0.740208891592278,0.258385528832191,8.49375571958551e-05,0.00132064201833555,1,0.408407424335193,119.136098981077,658.733161084341,30,42,55,159491.729275468,1217807.07405814,5800,7500,10000
DE,muni,0500000US10001,,,12822,33319,2.5985805646545,0.554756871035941,467.856453409232,823.281387651398,0,150,711,0.273840594258181,0.822258618000312,0.177585400093589,0,0.000155981906098893,1,0.483620080131982,36.9431189761416,241.514732298071,8,12,20,141140.581708902,1166656.38409544,1400,2500,4000
DE,muni,0500000US10005,,,13863,35136,2.53451633845488,0.551041098026983,436.055357936861,713.676179516063,0,80,625,0.257584770969661,0.887975185746231,0.111880545336507,0,0.000144268917261776,1,0.478817877420294,52.9525373134328,317.060192993416,9,14,20,357142.88339921,1847997.38460615,1200,2500,4000
DE,muni,0500000US10003,,,104090,306965,2.94903448938419,0.509657972440945,701.878742340239,969.325522375185,0,320,1100,0.167470990131222,0.883648765491402,0.115534633490249,0.000403496973772697,0.000413104044576809,1,0.457946010984106,54.7670444193419,343.714986646976,18,25,35,155573.335205001,1215794.46901121,3000,4500,6500
FL,muni,0500000US12001,,,2987,8302,2.77937730164044,0.644111192392099,340.683274021352,709.149170368927,0,0,364,0.24006908462867,0.6146635420154,0.3853364579846,0,0,1,0.445913869108172,46.4653341661462,305.453175959555,5,10,15,40799.1558935361,615526.69280621,500,1500,3600
FL,muni,0500000US12003,,,51,180,3.52941176470588,0.555555555555556,585.470588235294,493.124745582578,235,390,780,0.03125,0.92156862745098,0.0784313725490196,0,0,1,0.313725490196078,6.91428571428572,1.56000430941012,6,8,8,372.5,569.016695712876,80,80,185
FL,muni,0500000US12005,,,4614,13453,2.91569137407889,0.879265844565529,411.919648462021,796.28574887133,0,0,624,0.223189306807585,0.757477243172952,0.242522756827048,0,0,1,0.485800997181877,16.1985482493595,69.1985074737377,6,10,18,95513.3659080768,963524.351999422,500,1500,2500
FL,muni,0500000US12131,,,726,2016,2.77685950413223,0.621575342465753,731.179566563468,957.689461308662,36.5,400,1010,0.156312625250501,0.921487603305785,0.0785123966942149,0,0,1,0.571625344352617,52.7842465753425,347.998456604461,6,10.5,15,242944.857831325,1535024.32795862,1000,2000,3000
FL,muni,0500000US12009,,,3979,10164,2.5544106559437,0.618707015130674,318.505379850016,624.093927612756,0,0,400,0.315037349788893,0.754209600402111,0.245790399597889,0,0,1,0.476670870113493,18.350782778865,103.847584691127,7,12,20,130147.110582011,1119638.26030069,1000,2500,4000
FL,muni,0500000US12011,,,17939,47062,2.6234461229723,0.810812461820403,442.082747522656,762.237486583111,0,48,600,0.380463871543265,0.789954846981437,0.209989408551201,0,5.57444673616144e-05,1,0.506555624331777,47.7664199814986,315.186097335083,12,20,30,185011.969117974,1332937.84384188,1500,2750,5000
FL,muni,0500000US12015,,,1249,3231,2.58686949559648,0.650821089023336,536.406103286385,583.972438399041,141,360,720,0.306236080178174,0.751801441152922,0.248198558847078,0,0,1,0.514883346741754,11.3172413793103,8.61653104387512,5,10,15,221102.334375,1463549.5117212,500,1500,3500
FL,muni,0500000US12017,,,140,369,2.63571428571429,0.531531531531532,165.03,352.046239358503,0,0,113,0.19,0.471428571428571,0.528571428571429,0,0,1,0.342857142857143,128.353658536585,479.910212074214,4,5,6,417749,2019181.21005369,300,1000,1700
FL,muni,0500000US12019,,,1568,4314,2.75127551020408,0.498705780845557,168.08905380334,375.276659878073,0,0,245,0.313888888888889,0.614158163265306,0.385841836734694,0,0,1,0.537627551020408,60.2973720608576,271.380397292501,4,6,12,120095.633451957,1083150.17299779,300,600,2000
FL,muni,0500000US12021,,,656,1727,2.63262195121951,0.861016949152542,519.309954751131,870.757681557494,0,204,624,0.30168776371308,0.669207317073171,0.329268292682927,0.00152439024390244,0,1,0.156050955414013,14.0359848484848,9.95286007618738,5,15,20,103275.234693878,1010027.36283351,300,500,2000
FL,muni,0500000US12023,,,3002,7757,2.58394403730846,0.833274461321088,538.673859432799,824.692045591991,0,260,785,0.205776173285199,0.691205862758161,0.308794137241839,0,0,1,0.333333333333333,49.3301787592008,271.147297113781,6,10,20,285680.261616162,1658151.61588832,750,2500,4000
FL,muni,0500000US12027,,,2320,6191,2.66853448275862,0.632057416267943,334.767386091127,563.326395016262,0,120,480,0.201384881708021,0.648706896551724,0.350862068965517,0,0.000431034482758621,1,0.455773420479303,15.9115479115479,102.947155181574,5,8,12,107066.366156788,1020375.06792783,500,1000,3000
FL,muni,0500000US12031,,,132880,395073,2.97315623118603,0.792850254074512,508.463171773641,805.827045104542,0,156,750,0.176236385118699,0.671154425045154,0.324352799518362,1.50511739915713e-05,0.00447772426249247,1,0.319107228301974,32.9558492041586,204.871130964706,10,15,25,170662.65976589,1279568.34219641,2000,3500,5000
FL,muni,0500000US12033,,,26955,79812,2.96093489148581,0.680867090726482,587.753946415641,837.516027449659,0,288,800,0.129816348577602,0.695269894268225,0.304173622704508,0,0.000556483027267668,1,0.401966281634331,42.9421923406499,237.185425197981,8,10,18,275339.763693853,1627658.31875689,1000,2500,4000
FL,muni,0500000US12039,,,4404,12669,2.8767029972752,0.538021868787276,543.999079189687,781.089591988722,50,267,720,0.133757961783439,0.561307901907357,0.438692098092643,0,0,1,0.394977168949772,13.1204727411361,53.1039376719623,4,6,15,148267.387283237,1193296.85388113,1000,3000,5000
FL,muni,0500000US12041,,,765,2164,2.82875816993464,0.748538011695906,278.223282442748,606.141652912672,0,0,258.5,0.0834914611005693,0.670588235294118,0.329411764705882,0,0,1,0.338562091503268,6.51383399209486,4.41563450068888,3,5,10,156110.123552124,1235284.31371446,500,1500,2500
FL,muni,0500000US12049,,,2683,7063,2.63250093179277,0.644790812141099,260.150201612903,531.998109510175,0,0,300,0.194552529182879,0.977636973537085,0.0223630264629147,0,0,1,0.486395825568394,37.010861132661,347.960283046207,6,9,15,308560.609961686,1724009.4613534,900,1800,3000
FL,muni,0500000US12051,,,444,1152,2.59459459459459,0.799522673031026,543.929663608563,716.173808851922,0,0,1037.5,0.0975609756097561,1,0,0,0,1,0.400900900900901,64.1686274509804,253.920036308008,9,20,27,338374.97752809,1809609.74278798,500,1500,2000
FL,muni,0500000US12053,,,816,2211,2.70955882352941,0.544287548138639,738.803389830509,707.608030252813,267,480,1000,0.17737003058104,0.865196078431373,0.134803921568627,0,0,1,0.446078431372549,88.2729306487696,321.649827359654,6,12,16,84892.3296703297,905112.629830205,1500,2500,3000
FL,muni,0500000US12101,,,708,1706,2.40960451977401,0.737704918032787,250.552962298025,658.138173602823,0,0,300,0.398613518197574,0.90819209039548,0.0918079096045198,0,0,1,0.568081991215227,23.1080139372822,149.347644981186,5,10,15,414285.693298969,1990551.76988973,900,1500,2500
FL,muni,0500000US12055,,,1653,4354,2.63399879007865,0.669559412550067,314.912832929782,612.127493521311,0,0,450,0.235720032180209,0.987900786448881,0.0120992135511192,0,0,1,0.411619283065513,35.0615711252654,180.196788251476,7,10,17.75,167774.118618619,1275129.7983256,1500,2200,3180
FL,muni,0500000US12057,,,68507,187604,2.73846468244121,0.644682514857679,409.498193668529,710.285641265821,0,0,600,0.179952249634469,0.875224429620331,0.124673391040332,0,0.000102179339337586,1,0.442955397467308,29.2101060979531,167.350318329661,10,14,20,100239.088397974,982992.46775632,1500,2000,3000
FL,muni,0500000US12061,,,502,1403,2.79482071713147,0.690631808278867,231.455108359133,349.727427576963,0,108,350,0.188790560471976,0.460159362549801,0.539840637450199,0,0,1,0.424302788844622,8.58098591549296,11.2197984594094,5,6,10,142749.408450704,1180950.19973862,200,500,1500
FL,muni,0500000US12065,,,240,631,2.62916666666667,0.590909090909091,1020.74137931034,819.236327326919,405,845,1350,0.457627118644068,1,0,0,0,1,0.508333333333333,13.4576271186441,5.55569172656527,10,13,16,3327.45901639344,1897.33504339679,2000,2750,4000
FL,muni,0500000US12069,,,8303,22083,2.65964109358063,0.670120671563484,322.338345864662,632.46244847785,0,0,420,0.271577961604495,0.749367698422257,0.250632301577743,0,0,1,0.465144522710712,17.9624129930394,120.665182676109,7,10,17,144458.64151436,1178753.59524659,1000,2500,5000
FL,muni,0500000US12071,,,1385,3626,2.61805054151625,0.734761120263591,484.384146341463,763.317716616411,0,229,675,0.181347150259067,0.709747292418773,0.288808664259928,0,0.00144404332129964,1,0.354838709677419,41.3213828425096,217.920387523972,8,15,25,851038.719008265,2786194.10310567,2000,3200,6000
FL,muni,0500000US12073,,,10252,29651,2.89221615294577,0.786047497879559,703.112497919787,916.004454380349,0,360,1040,0.169728660260034,0.644947327350761,0.355052672649239,0,0,1,0.419838178004195,31.5861406877291,217.899768958289,8,16,30,190110.631453724,1349130.07720951,1500,3500,6000
FL,muni,0500000US12081,,,7288,19234,2.63913282107574,0.697261287934863,292.321695327428,627.562939682329,0,0,350,0.258656509695291,0.727085620197585,0.272914379802415,0,0,1,0.441176470588235,13.7530120481928,9.74429494219657,6,10,18,65959.9968701096,788574.885167984,1500,2500,4000
FL,muni,0500000US12083,,,2567,7317,2.8504090377873,0.624524312896406,319.017969888295,587.391999185427,0,0,401.5,0.275945683802134,0.702376314764316,0.297623685235684,0,0,1,0.380914512922465,19.3663624511082,90.8594970761909,8,14,20,170391.150313152,1281738.0007124,1000,2500,4400
FL,muni,0500000US12085,,,1123,2912,2.59305431878896,0.713461538461539,329.08843537415,620.036516355385,0,0,450,0.25539160045403,0.607301869991095,0.392698130008905,0,0,1,0.440285204991087,15.3304794520548,12.8285445996431,6,9,20,326120.947368421,1771686.64145135,500,1900,3500
FL,muni,0500000US12087,,,9578,27579,2.87941115055335,0.504588208304657,298.63292646621,622.687546348607,0,0,400,0.168950416725526,0.814366256003341,0.184798496554604,0,0.000835247442054709,1,0.385543432647923,21.6017546877688,151.141485483711,7,10,15,102953.172517007,998241.486854049,900,1500,3000
FL,muni,0500000US12089,,,1815,5309,2.92506887052342,0.661300309597523,376.588516746412,650.200634315316,0,49,550,0.127474267616785,0.694765840220386,0.305234159779614,0,0,1,0.493742889647327,82.0591787439614,419.290265332345,8,15,20,255538.642857143,1572297.18767465,500,1500,3500
FL,muni,0500000US12091,,,559,1538,2.75134168157424,0.71474358974359,730.869791666667,1049.68018002591,249.5,520,800,0.0629139072847682,0.987477638640429,0.0125223613595707,0,0,1,0.586762075134168,68.5103092783505,214.215673598941,6,10,15,62794.7987804878,779532.21835144,600,1500,3000
FL,muni,0500000US12093,,,212,591,2.7877358490566,0.761658031088083,351.238410596027,603.950281713203,0,0,540,0.225165562913907,0.962264150943396,0.0377358490566038,0,0,1,0.377358490566038,9.65384615384615,5.81992239813676,5,8,15,978.125,1314.54482062919,375,500,1000
FL,muni,0500000US12095,,,27120,73416,2.7070796460177,0.759960199004975,411.85242342725,804.078204994643,0,0,520,0.242352283838525,0.756600294985251,0.243399705014749,0,0,1,0.471166009375698,20.9956549611796,45.3497031829623,10,15,25,124611.903111181,1088522.6060879,2000,3500,5275
FL,muni,0500000US12097,,,3405,8334,2.44757709251101,0.695378811694436,156.100289645185,451.930512819345,0,0,47,0.40271021542738,0.891336270190896,0.106607929515419,0,0.00205580029368576,1,0.651913875598086,14.4480349344978,33.4522825545682,7,10,15,125610.238990826,1106038.26940736,700,1500,2500
FL,muni,0500000US12105,,,33476,94434,2.82094634962361,0.705680419716303,404.068181818182,691.412253894801,0,120,550,0.207748776508972,0.791701517505078,0.208178993906082,0,0.000119488588839766,1,0.457433329310969,17.1671366906475,82.3989789092198,8,10,18,230574.014179252,1492938.94678029,700,1800,3500
FL,muni,0500000US12099,,,37091,103752,2.79722843816559,0.736348459553802,426.531212809694,724.38374467625,0,60,600,0.311394557823129,0.720983527001159,0.278773826534739,0.000107842872934135,0.000134803591167669,1,0.475814222393525,38.6178426601784,254.403790410673,13,20,30,181963.714864318,1309712.60217267,1500,3000,5000
FL,muni,0500000US12103,,,50464,121610,2.40983671528218,0.698888464638751,376.976924322574,763.682829180103,0,0,500,0.341836488895312,0.884194673430564,0.115488268864933,3.96322130627774e-05,0.000277425491439442,1,0.527307119571779,40.2300538423886,233.920664536406,12,20,30,273495.657113418,1617336.84168988,2000,3500,5000
FL,muni,0500000US12107,,,4576,12391,2.70782342657343,0.65678067447979,290.533352752694,564.023868615539,0,0,400,0.187681580476467,0.530157342657343,0.469842657342657,0,0,1,0.382610600087604,120.568965517241,447.963324405753,5,8,13,202307.655409273,1401298.06476579,500,2000,3000
FL,muni,0500000US12109,,,9408,25540,2.71471088435374,0.588755020080321,380.729692832765,709.591744686882,0,0,480,0.245401280828451,0.731186224489796,0.268069727891156,0,0.000744047619047619,1,0.435335613510047,29.9594103005935,275.085887286043,8,12,18,147601.600294623,1194632.23652308,1000,2000,3500
FL,muni,0500000US12111,,,5134,15150,2.95091546552396,0.779181837652602,387.944313494402,664.485787926571,0,85,500,0.222755129229949,0.614530580444098,0.385469419555902,0,0,1,0.415806195393169,33.5577994428969,256.649279768607,8,12,20,135881.344794651,1148620.37208295,600,1500,3000
FL,muni,0500000US12113,,,1158,3288,2.83937823834197,0.584652862362972,303.081051478642,629.065029552518,0,0,364,0.0909090909090909,0.974956822107081,0.0250431778929188,0,0,1,0.513816925734024,74.1943396226415,391.028354318383,5,7,13,203450.063865546,1406678.41776976,1000,1500,3000
FL,muni,0500000US12115,,,3482,10402,2.98736358414704,0.771908017402113,334.583081570997,643.303218160516,0,38.5,417,0.259925093632959,0.653072946582424,0.345778288340035,0.00114876507754164,0,1,0.488112709128265,18.7099644128114,19.8936217295399,7,15,25,226148.811785929,1474826.39791562,500,2000,5000
FL,muni,0500000US12117,,,8615,23759,2.75786419036564,0.66464095249907,351.59401972873,654.27515363829,0,70,400,0.186412717456509,0.543818920487522,0.456181079512478,0,0,1,0.448965192850423,23.2453523562473,214.702863196747,6,8,15,46742.6448402305,665735.423645779,500,1500,3000
FL,muni,0500000US12119,,,3349,8900,2.65750970438937,0.530943523841732,327.633979475485,654.689033814564,0,0,360,0.182578927348802,0.820842042400717,0.179157957599283,0,0,1,0.50405283698589,24.1277641277641,80.7207522469134,4,6,12,19213.2096486004,422395.974869131,300,1000,2000
FL,muni,0500000US12127,,,25346,67613,2.66760041032116,0.684279108869273,316.338600670978,649.924533354422,0,0,395,0.300785958821544,0.747928667245325,0.251440069438965,0.000118361871695731,0.000512901444014835,1,0.501540184822179,25.747575979793,179.753061091702,8,15,25,113351.748823483,1043075.62943462,1000,2500,4500
FL,muni,0500000US12129,,,41,107,2.60975609756098,1,726.615384615385,329.396806921768,600,600,900,0.125,1,0,0,0,1,0.585365853658537,10,3.77491721763538,8,10,12,1029.16666666667,727.998546741662,500,500,2000
GA,muni,0500000US13009,,,4131,11359,2.74969740982813,0.636715724244772,375.71596318629,669.393002649333,0,90,520,0.292429022082019,0.480997337206488,0.519002662793513,0,0,1,0.323429128105212,33.0241187384045,408.30472003999,4,6,17,153417.205572289,1218039.28157908,700,2000,5000
GA,muni,0500000US13137,,,3616,10978,3.03595132743363,0.603853100541842,285.0197856554,508.813281552924,0,0,400,0.205336426914153,0.875276548672566,0.124723451327434,0,0,1,0.477317554240631,10.9561057962859,44.6528437010724,4,7,10,1881.98229043684,1756.19662902658,450,1500,2500
GA,muni,0500000US13139,,,5098,14262,2.79756767359749,0.71545591722354,349.37107707758,623.107350988472,0,0,564.5,0.18442725230846,0.904080031384857,0.0959199686151432,0,0,1,0.372784560850729,25.1953324808184,234.748111677164,6,10,16,93527.5309033281,943293.705811,1000,2500,5000
GA,muni,0500000US13013,,,4305,11364,2.6397212543554,0.661119515885023,270.508536585366,480.101491811956,0,0,470,0.247318235995232,0.831591173054588,0.168408826945412,0,0,1,0.349778915522458,28.8847420417124,268.655569533992,5,7,11,82195.2328675982,890049.639299515,1000,1980,3000
GA,muni,0500000US13015,,,3827,10966,2.86542984060622,0.664942528735632,395.830905077263,629.180277551113,0,160,550,0.139583333333333,0.744447347792004,0.255552652207996,0,0,1,0.337002096436059,60.7077759197324,340.13902534136,5,8,13,165358.444790047,1267629.75995618,500,1500,2900
GA,muni,0500000US13017,,,7120,20324,2.85449438202247,0.669167176974893,295.06992481203,583.074197858475,0,0,360,0.274407317528467,0.672752808988764,0.327247191011236,0,0,1,0.412711985178851,12.5754532092112,87.7228869284348,4,7,12,194976.206837017,1377078.44624131,500,1000,2500
GA,muni,0500000US13021,,,20852,59312,2.84442739305582,0.764273424057563,385.03066735245,605.573131941741,0,128,576,0.16298360032926,0.625407634759256,0.37430462305774,0,0.000287742183004028,1,0.154409252842711,14.6906103286385,45.3293876340366,6,10,15,141720.049620733,1170899.96536336,1118.75,2000,3500
GA,muni,0500000US13169,,,1111,3307,2.97659765976598,0.638565891472868,268.619164619165,549.517390790407,0,0,260,0.188034188034188,0.491449144914491,0.508550855085509,0,0,1,0.37983798379838,7.03681885125184,6.8588894936867,2,5,8,262566.312796209,1594906.37770976,1000,2000,3000
GA,muni,0500000US13289,,,1483,4191,2.82602832097101,0.87658937920718,237.344587884806,448.595607771778,0,0,305.5,0.188034188034188,0.509103169251517,0.490896830748483,0,0,1,0.282535401213756,8.51286939942803,19.3378972808168,3,4,8,168767.009546539,1283003.14269342,500,1500,2000
GA,muni,0500000US13207,,,1932,5828,3.01656314699793,0.556257175660161,360.921481481482,756.587081320603,0,0,390,0.178676470588235,0.546066252587992,0.453933747412008,0,0,1,0.371112282551397,18.9029385574354,197.983309268567,4,6,13,44584.3096590909,651735.82993597,500,1500,3000
GA,muni,0500000US13025,,,838,2525,3.01312649164678,0.684573002754821,277.627551020408,490.818822562936,0,0,420,0.0576271186440678,0.852028639618139,0.147971360381862,0,0,1,0.446341463414634,25.5748898678414,164.929210540469,5,6,10,492853.193989071,2165164.54975013,300,1000,1500
GA,muni,0500000US13027,,,5159,15277,2.96123279705369,0.694105037513398,234.895733257983,465.509563105255,0,0,300,0.233004231311707,0.546617561542935,0.453382438457065,0,0,1,0.361810025355959,33.661514683153,289.510708484726,4,6,10,98625.8986522911,980381.190752762,400,1000,2000
GA,muni,0500000US13275,,,10043,28703,2.85801055461516,0.676680188575814,351.369278169014,635.980143325141,0,98,420,0.19361763022324,0.555610873245046,0.444389126754954,0,0,1,0.381854838709677,24.6867911941294,222.062464366923,5,7,15,184444.448521647,1337164.15391526,600,1350,3200
GA,muni,0500000US13029,,,126,371,2.94444444444444,0.701754385964912,196.329268292683,231.33290932174,0,130,300,0.121951219512195,0.706349206349206,0.293650793650794,0,0,1,0.26984126984127,12.6630434782609,50.5904211004313,4,5,6,2182.35294117647,1161.62649508437,1000,2000,3500
GA,muni,0500000US13031,,,3817,10769,2.82132564841499,0.746466685895587,241.236498411578,484.146138677956,0,0,300,0.260211267605634,0.67906733036416,0.32093266963584,0,0,1,0.323880201431222,26.76,268.899789480279,5,7,13,133688.437806874,1136893.76448142,1000,2000,3500
GA,muni,0500000US13033,,,4033,10693,2.65137614678899,0.539111389236546,364.482649842271,586.966690990353,52,156,440,0.176470588235294,0.473840813290355,0.526159186709645,0,0,1,0.245794627165453,39.0591878871301,191.642725375162,3,4,12,187304.772216548,1343653.42029957,600,2500,5000
GA,muni,0500000US13035,,,2131,5753,2.69967151572032,0.509933774834437,265.14205955335,582.168249888617,0,0,300,0.257106759317751,0.613796339746598,0.386203660253402,0,0,1,0.396058188643829,8.04610492845787,20.0119559712007,3,4,10,167796.854265403,1277713.80266222,500,1500,2700
GA,muni,0500000US13039,,,460,1387,3.01521739130435,0.450381679389313,325.562068965517,558.122257764033,0,100,395,0.0771929824561404,0.760869565217391,0.239130434782609,0,0,1,0.610869565217391,70.746835443038,238.345302597254,4,7,15,1481.15658362989,1719.54546434964,600,1000,1800
GA,muni,0500000US13045,,,5250,14198,2.70438095238095,0.769715352309846,285.281352235551,456.881406366128,0,0,490,0.2855662088624,0.826857142857143,0.173142857142857,0,0,1,0.346498759778668,15.9178001182732,87.8825228005696,5,8,10,117567.1530837,1069205.78992035,1000,1500,2500
GA,muni,0500000US13047,,,80,190,2.375,0.885714285714286,716.224489795918,510.168977942036,380,728,884,0.109090909090909,1,0,0,0,1,0.1375,14.5507246376812,2.85706673872542,13,15,16,2036.36363636364,2580.60951221711,350,400,3900
GA,muni,0500000US13051,,,60636,178516,2.94405963454054,0.736688627281564,423.264047452006,1419.33648512585,0,0,578,0.163356999046307,0.642209248631176,0.357493898014381,0,0.000296853354442905,1,0.207970091201717,24.6932690667122,195.503136036573,8,13,21,77543.110681177,853041.74796816,1500,3000,5000
GA,muni,0500000US13053,,,362,1004,2.77348066298343,0.705696202531646,210.620553359684,455.19659791181,0,0,238,0.229249011857708,0.671270718232044,0.328729281767956,0,0,1,0.364640883977901,4.92444444444444,2.99681047379927,2,4,7,1585.98484848485,1274.93622642392,500,1500,2000
GA,muni,0500000US13055,,,5155,15951,3.09427740058196,0.671046868155935,463.89404197698,481.098039926771,0,464.5,720,0.100884955752212,0.926867119301649,0.0731328806983511,0,0,1,0.139235569422777,77.0657894736842,252.769522279501,6,8,13,226296.862745098,1480799.77721802,600,1600,3500
GA,muni,0500000US13057,,,3217,9063,2.81722101336649,0.466782608695652,316.461146496815,567.931024655186,0,0,530,0.176321353065539,0.914827479017718,0.0851725209822816,0,0,1,0.284598562949078,11.5854194115064,36.4455478700076,5,7,10,14166.2491767289,331239.982442667,1000,2000,4000
GA,muni,0500000US13059,,,11692,35318,3.02069791310298,0.553854615455129,447.549143708116,720.076629684291,0,156,600,0.168195058798144,0.658142319534725,0.341857680465275,0,0,1,0.368201925578975,47.7235344336938,345.32129105431,5,8,18,167986.122732627,1273256.12498932,900,2000,5000
GA,muni,0500000US13157,,,4907,14186,2.89097208070104,0.655088495575221,270.476149425287,433.264754200107,0,0,500,0.168975069252078,0.832687996739352,0.167312003260648,0,0,1,0.297219950940311,29.9546800947867,188.456377556701,4,6,8,263384.11829436,1595577.28955768,700,1500,3000
GA,muni,0500000US13221,,,872,2379,2.72821100917431,0.652892561983471,344.359778597786,620.846260512663,0,125.5,400,0.133858267716535,0.67545871559633,0.32454128440367,0,0,1,0.39105504587156,20.0950570342205,85.8608979925785,3,4,8,31279.2609970675,541432.121065452,500,1200,2000
GA,muni,0500000US13063,,,862,2418,2.80510440835267,0.63963963963964,528.967880085653,748.256925129814,0,192,800,0.17687074829932,0.813225058004641,0.18677494199536,0,0,1,0.467986030267753,9.96280087527352,6.43018642039652,4,8,15,51931.6517412935,704312.417259856,1200,2000,3000
GA,muni,0500000US13121,,,171022,507315,2.96637274736584,0.732919686792405,509.947990672791,864.775792661448,0,150,750,0.159204699365403,0.678392253628188,0.321508343955748,5.84720094490767e-06,9.35552151185228e-05,1,0.299718711952643,42.7513023429171,275.604312598076,10,15,25,125692.338322694,1098594.63733949,1850,3000,4500
GA,muni,0500000US13067,,,4865,13822,2.84110996916752,0.66967916854948,473.745460337687,743.390772007087,0,156,650,0.164500886001181,0.766084275436794,0.233915724563207,0,0,1,0.429435063581405,25.5035862589657,128.258837460351,6,9,17,342700.673786408,1811690.51740805,1400,2500,4000
GA,muni,0500000US13069,,,4379,13241,3.0237497145467,0.701374207188161,264.972557987586,510.63214817514,0,0,300,0.213567023693606,0.755880337976707,0.244119662023293,0,0,1,0.437485609026019,13.4456375838926,31.0799510847414,5,7,15,165181.125789474,1266948.44191238,300,1200,2800
GA,muni,0500000US13071,,,7438,22277,2.99502554450121,0.789747399702823,435.990110395584,680.0757996723,0,200,576.5,0.0963233713179961,0.625840279645066,0.364210809357354,0.00994891099758,0,1,0.290305084745763,16.3166150271108,92.5028796809064,6,8,12,110136.499766464,1030848.84229597,700,1700,3500
GA,muni,0500000US13073,,,475,1186,2.49684210526316,0.629453681710214,259.72311827957,563.032974768834,0,0,312.75,0.22192513368984,0.722105263157895,0.267368421052632,0,0.0105263157894737,1,0.284210526315789,24.0373831775701,163.8360418166,3,5,10,446210.651851852,2068096.80570536,1500,2000,2000
GA,muni,0500000US13077,,,7044,19045,2.70371947756956,0.680296250578614,365.321855973126,634.972161155115,0,108,494.5,0.197663463350292,0.683702441794435,0.316297558205565,0,0,1,0.351209103840683,12.9535142348754,107.150508311785,5,6,13,201576.763872013,1394555.61385339,700,2000,4500
GA,muni,0500000US13199,,,5183,14938,2.88211460544086,0.701054372544966,354.181224004753,552.621885583588,0,104,620,0.175365921016294,0.722940382018136,0.277059617981864,0,0,1,0.275962096306324,84.4568335588633,628.144937923326,5,6,10,107456.309039944,1019976.25260156,1000,2000,2900
GA,muni,0500000US13079,,,752,2142,2.84840425531915,0.552173913043478,316.461152882206,556.064706358859,0,100,400,0.240740740740741,0.658244680851064,0.341755319148936,0,0,1,0.401333333333333,5.71812080536913,3.57510174883476,3,5,7.5,1842.4584717608,1212.49162296886,1000,1500,2000
GA,muni,0500000US13081,,,6281,17031,2.7115109059067,0.666897506925208,212.793096145701,470.548771925086,0,0,208,0.20677324358435,0.49291514090113,0.50708485909887,0,0,1,0.37568,10.707481232203,38.9079483498356,4,6,10,74355.2244463373,847827.282278436,400,900,3000
GA,muni,0500000US13083,,,571,1799,3.15061295971979,1,680.159509202454,584.688034644585,235,510,918,0.439393939393939,1,0,0,0,1,0.418563922942207,8.02416918429003,4.98172619666744,5,7,10,335958.786610879,1802221.77766734,500,1000,2000
GA,muni,0500000US13085,,,316,891,2.81962025316456,0.532608695652174,212.275362318841,360.542736141241,0,0,334,0.192307692307692,1,0,0,0,1,0.591772151898734,72.3679245283019,247.859611780221,5,6,10,1231099.20855615,3292694.30723147,300,1000,2500
GA,muni,0500000US13087,,,4163,11778,2.82920970454,0.692103164052114,377.836885245902,674.718625721251,0,60,495,0.0887453247194832,0.645928417006966,0.354071582993034,0,0,1,0.370450711014702,13.9055512721665,81.0080908483885,5,7,13,93355.6636304489,950131.814487215,500,2000,3000
GA,muni,0500000US13089,,,40507,114049,2.81553805515096,0.680085538626036,651.558873936778,995.325664747936,0,32,1040,0.169428464232116,0.891500234527366,0.108425704199274,0,7.406127336016e-05,1,0.510289909170088,48.4485056646332,274.136738042287,12,20,31,108437.914561592,1015832.84836672,2200,3500,5000
GA,muni,0500000US13095,,,11512,37484,3.25608061153579,0.784341715164159,376.342440592354,775.71549901947,0,50,480,0.217745535714286,0.516330785267547,0.483669214732453,0,0,1,0.233683087319936,42.5171120487576,301.912591344398,6,10,20,126013.971841705,1096478.46146192,1500,3500,6000
GA,muni,0500000US13321,,,2271,6295,2.77190664905328,0.694619486185167,407.413555992141,621.735567522278,24.25,200,480,0.29803328290469,0.539409951563188,0.460590048436812,0,0,1,0.313220940550133,15.8303979125897,125.241885817374,4,5,10,158037.730878187,1239064.54186986,500,2000,3500
GA,muni,0500000US13097,,,1508,4841,3.21021220159151,0.754132231404959,282.786350148368,547.622143210343,0,3,416,0.162055335968379,0.730769230769231,0.269230769230769,0,0,1,0.262110152621102,19.2111913357401,120.878075376802,4,6,10,179137.167088608,1320789.39666248,500,1500,3000
GA,muni,0500000US13103,,,458,1252,2.73362445414847,0.67612293144208,282.74358974359,472.161791700131,0,0,400,0.328947368421053,0.88646288209607,0.11353711790393,0,0,1,0.539301310043668,34.7259615384615,136.95101878031,4,6,10,203855.368421053,1410955.86702056,850,1500,2000
GA,muni,0500000US13279,,,5216,15717,3.01322852760736,0.699681190223167,273.978716437459,478.542031040306,0,50,350,0.194428652643547,0.62864263803681,0.371165644171779,0.000191717791411043,0,1,0.344163424124514,13.0876770111479,61.5604484579418,4,6,12,155063.431317128,1226017.29643522,500,1500,3500
GA,muni,0500000US13113,,,421,1270,3.0166270783848,0.604166666666667,273.15444015444,410.081575465675,0,100,467.5,0.18007662835249,0.779097387173397,0.220902612826603,0,0,1,0.315403422982885,7.26102941176471,29.6752699923843,3,4,6,388781.627906977,1937503.18970439,500,1000,2000
GA,muni,0500000US13115,,,19417,56261,2.89751248905598,0.769312922748309,480.646496550578,690.644999986103,0,257,676,0.133436893203884,0.798578565174847,0.201421434825153,0,0,1,0.298927961054431,57.200634057971,367.206790252001,8,12,18,215586.98977824,1443908.59746949,1000,2000,3500
GA,muni,0500000US13127,,,8925,25992,2.91226890756303,0.741399940173497,391.321277289019,646.255809789502,0,120,520,0.195215457751879,0.574565826330532,0.425434173669468,0,0,1,0.303609580568987,13.0034046692607,48.4493033729566,6,9,15,42804.877037037,636974.337062508,600,1400,3000
GA,muni,0500000US13129,,,832,2315,2.78245192307692,0.706806282722513,421.685624012638,747.149687651808,0,200,550,0.305970149253731,0.985576923076923,0.0144230769230769,0,0,1,0.396634615384615,14.1701244813278,33.7692441413859,6,10,15,4407.60606060606,5112.5781357241,600,3750,6000
GA,muni,0500000US13195,,,1440,4163,2.89097222222222,0.652107279693487,241.050632911392,462.918572336617,0,30,300,0.345679012345679,0.760416666666667,0.239583333333333,0,0,1,0.348158443363447,7.24031007751938,43.0025376025475,3,4,5,221123.796407186,1466632.93218397,700,1000,2000
GA,muni,0500000US13135,,,4321,13161,3.04582272622078,0.623953311342299,259.972133247918,505.809146662092,0,0,364,0.213898629263628,0.822957648692432,0.177042351307568,0,0,1,0.401172332942556,9.09058684521465,26.8445982038987,5,6,9,19553.1770894214,418411.347435054,600,1200,2500
GA,muni,0500000US13141,,,1806,5319,2.94518272425249,0.623642943305187,194.425702811245,440.768200319385,0,0,176,0.201768488745981,0.448504983388704,0.551495016611296,0,0,1,0.371191135734072,13.4486940298507,36.8579829072138,2,4,10,255401.27761194,1573462.13771513,300,1500,3000
GA,muni,0500000US13143,,,3154,8700,2.75840202916931,0.647380766223612,272.099666189795,471.379538136866,0,0,410,0.189548693586698,0.870640456563095,0.129359543436906,0,0,1,0.430339574738178,8.21399885255307,19.9026502517247,4,5,10,60090.331120944,766025.053867472,300,937.5,1600
GA,muni,0500000US13145,,,3566,9909,2.77874369040942,0.654261704681873,495.414802065405,748.27821310824,58,208,600,0.307067424857839,0.448681996634885,0.551318003365115,0,0,1,0.319727891156463,27.4902127659575,305.646869862919,5,6,10,410573.903368794,1978113.04015226,450,1800,5000
GA,muni,0500000US13149,,,591,1646,2.78510998307953,0.59070796460177,329.595833333333,524.420213011667,0,106,480,0.28169014084507,0.830795262267344,0.169204737732657,0,0,1,0.418088737201365,4.34705882352941,2.90511046953251,2,3,6,409739.689795918,1982369.32427503,1000,1500,2000
GA,muni,0500000US13151,,,790,2212,2.8,0.439499304589708,578.953727506427,704.230370957623,0,350,900,0.257425742574257,0.80126582278481,0.19873417721519,0,0,1,0.5,28.6779220779221,177.555244207742,5,8,12,103370.136708861,1002258.97518967,750,1750,3000
GA,muni,0500000US13153,,,1554,4186,2.69369369369369,0.594689028651293,287.630195080577,583.623141922057,0,10,300,0.232006773920406,0.523166023166023,0.476833976833977,0,0,1,0.458762886597938,8.5948275862069,8.06491069740804,3,5,13,226729.301966292,1482862.85868092,250,1000,3000
GA,muni,0500000US13159,,,1616,4317,2.67141089108911,0.634888438133874,227.035422343324,502.222892945615,0,0,209,0.232902033271719,0.530940594059406,0.469059405940594,0,0,1,0.446260213702074,23.926582278481,174.138071982492,3,5,10,480874.722535211,2136334.65052929,400,2000,3500
GA,muni,0500000US13167,,,1630,4422,2.71288343558282,0.800944669365722,214.052859618718,465.916314317907,0,0,237.5,0.234194122885129,0.676687116564417,0.323312883435583,0,0,1,0.34601226993865,19.9128787878788,132.20383509594,3,5,9,2087.17375886525,1831.72737630956,752,1500,3000
GA,muni,0500000US13171,,,4141,11358,2.74281574498913,0.599044078597982,356.231184610192,559.922675595808,0,150,550,0.156143923964698,0.684375754648636,0.315624245351364,0,0,1,0.341652532105646,8.3980117820324,7.36045752000027,5,6,10,73556.2886524823,839245.181596755,500,1750,3500
GA,muni,0500000US13173,,,1492,4588,3.07506702412869,0.986342943854325,300.420924574209,566.386714449258,0,50,400,0.0711656441717792,0.654155495978552,0.345844504021448,0,0,1,0.426108374384237,127.98825256975,320.764605614049,2,5,12,39534.8786127168,620110.273780303,250,500,1500
GA,muni,0500000US13175,,,6704,19276,2.87529832935561,0.722150259067358,390.217040584825,599.891283251931,0,156,520,0.187442289935365,0.643794749403341,0.356205250596659,0,0,1,0.391761876127481,68.2437974683544,278.976707083627,5,8,15,270594.871066769,1616755.78860757,600,1500,3000
GA,muni,0500000US13177,,,1261,3710,2.9421094369548,0.620141342756184,238.562195121951,571.410001040791,0,36,200,0.157125456760049,0.529738302934179,0.470261697065821,0,0,1,0.389337641357028,49.5073041168659,307.132430827908,2,3,9,209185.197095436,1426589.56401432,200,1500,2500
GA,muni,0500000US13179,,,122,308,2.52459016393443,0.971830985915493,496.044776119403,631.504467050009,0,420,774,0.175824175824176,0.942622950819672,0.0573770491803279,0,0,1,0.229508196721311,28.6489361702128,105.227526903425,5,7,9,1072742.64285714,3149239.78490575,1000,1000,3000
GA,muni,0500000US13181,,,815,2274,2.79018404907975,0.684281842818428,177.635914332784,345.425524484596,0,0,265,0.0795847750865052,0.680981595092025,0.319018404907975,0,0,1,0.397546012269939,4.79503105590062,3.22680297137058,3,4,6,125215.592592593,1105742.89248143,1000,1500,2000
GA,muni,0500000US13183,,,158,555,3.5126582278481,0.732484076433121,65.7124183006536,141.13639694331,0,0,52,0.0789473684210526,0.550632911392405,0.449367088607595,0,0,1,0.337579617834395,7.3936170212766,11.2357131123072,4,4,6,312.924528301887,215.746543697835,200,225,500
GA,muni,0500000US13185,,,11779,35709,3.03158162832159,0.770598478599578,377.560539279233,688.873062871096,0,50,484,0.238011988011988,0.577468375923253,0.421937346124459,0.00059427795228797,0,1,0.310143433822898,36.5221562933973,292.634207827977,6,8,17,224533.046524508,1471620.71343599,600,2000,4500
GA,muni,0500000US13189,,,1610,4798,2.98012422360248,0.665045170257123,261.469887491727,471.807654138032,0,0,433.5,0.132807363576594,0.773291925465839,0.226708074534162,0,0,1,0.244781783681214,29.0555555555556,155.270703744475,5,10,15,312403.503875969,1735213.8970186,1000,2000,4000
GA,muni,0500000US13191,,,54,119,2.2037037037037,0.555555555555556,1019.46153846154,1074.23093539709,200,675,1300,0.518518518518519,0.925925925925926,0.0740740740740741,0,0,1,0.518518518518519,43.6923076923077,47.8353586634567,19,30,45,1430796.14285714,3562557.87540981,1000,3000,6000
GA,muni,0500000US13197,,,1072,2969,2.76958955223881,0.650972364380758,184.9225,446.498948074954,0,0,200,0.287654320987654,0.430970149253731,0.569029850746269,0,0,1,0.438432835820896,42.0249169435216,335.073048449758,2,4,8,1756.98936170213,2174.96499736402,200,600,2500
GA,muni,0500000US13285,,,19941,59246,2.97106464069004,0.811594202898551,403.409570342795,577.707975611255,0,224,636,0.140319715808171,0.741687979539642,0.258312020460358,0,0,1,0.167439983861206,13.2787833081951,92.8945706260107,5,6,10,141711.277108434,1168720.23118176,500,2000,4000
GA,muni,0500000US13209,,,533,1548,2.90431519699812,0.855949895615867,289.400621118012,567.487980906321,0,43,350,0.190769230769231,0.525328330206379,0.474671669793621,0,0,1,0.342105263157895,45.406876790831,180.619911323107,4,4,6,3311.92307692308,2927.17995162379,1000,2000,5000
GA,muni,0500000US13211,,,1495,3931,2.62943143812709,0.635471698113208,213.110697674419,456.748847925185,0,0,208,0.205773501110289,0.535785953177258,0.464214046822742,0,0,1,0.337123745819398,33.3914849428868,223.14624995085,3,4,7,537447.646825397,2253525.67015772,300,1200,2500
GA,muni,0500000US13213,,,130,565,4.34615384615385,0.868421052631579,741.703125,730.649258562341,342.75,524,750,0.05,0.976923076923077,0.0230769230769231,0,0,1,0.209090909090909,1155.40229885057,3204.76575880857,3,8,10,664.347826086957,1043.40276406728,80,80,1000
GA,muni,0500000US13215,,,36117,103971,2.87872746905889,0.793186252438841,422.639583950252,700.98010900428,0,120,600,0.141007723427731,0.732508237118255,0.26718719716477,0,0.000304565716975386,1,0.197808988764045,20.8664446648718,108.508818492621,8,11,18,111221.457540471,1026095.66199889,2000,3500,6000
GA,muni,0500000US13217,,,4019,11214,2.79024632993282,0.740046162723601,350.238984316654,447.597945928171,0,260,572,0.116491228070175,0.854441403334163,0.145558596665837,0,0,1,0.155013684996268,5.75155279503106,3.39418683117458,4,5,6,370674.460674157,1886831.06550771,450,1000,2500
GA,muni,0500000US13297,,,2224,6210,2.79226618705036,0.79388508170796,429.70207852194,545.210589432438,0,260,700,0.0993566833452466,0.799910071942446,0.200089928057554,0,0,1,0.176258992805755,8.02562674094708,21.2255081649819,4,5,8,308533.420918367,1724420.79391643,1000,2000,3000
GA,muni,0500000US13219,,,367,1060,2.88828337874659,0.54874651810585,279.393617021277,525.095691358887,0,0,495,0.197183098591549,0.915531335149864,0.0844686648501362,0,0,1,0.438692098092643,8.15075376884422,16.0808370471202,4,5,8,1325.34161490683,800.417883870592,1000,1000,2000
GA,muni,0500000US13223,,,1054,3301,3.13187855787476,0.646875,368.990697674419,533.772917881418,0,182,600,0.0674846625766871,0.935483870967742,0.0645161290322581,0,0,1,0.34971098265896,23.9367088607595,104.195791778428,4,5,8,1328.1955922865,1033.37802701666,500,1000,2000
GA,muni,0500000US13225,,,5117,14747,2.88196208716045,0.699381267335182,249.483329025588,522.940482992581,0,0,250,0.181888345767944,0.484072698846981,0.515927301153019,0,0,1,0.303886925795053,27.1073170731707,316.713314728925,4,6,12,15332.6511627907,359249.038922249,400,1500,4000
GA,muni,0500000US13227,,,647,1842,2.84698608964451,0.617056856187291,251.010615711253,489.367383524157,0,0,260,0.29535864978903,0.921174652241113,0.0788253477588872,0,0,1,0.551242236024845,7.95847750865052,4.72195732798433,4,6,10,2348.70422535211,2770.05269991255,900,1500,3000
GA,muni,0500000US13229,,,2424,6862,2.83085808580858,0.607361963190184,242.113704368642,524.237152302271,0,0,275,0.181977764774722,0.695544554455446,0.304455445544554,0,0,1,0.398927392739274,17.4143454038997,108.145999085069,4,6,9,146941.294725957,1194852.00909787,600,1500,3000
GA,muni,0500000US13231,,,692,1899,2.74421965317919,0.533870967741935,492.515957446809,767.806603955719,0,300,675.25,0.224390243902439,0.84971098265896,0.15028901734104,0,0,1,0.370477568740955,7.52413793103448,7.47907935506533,4,6,10,2277.6171875,2896.28216483997,1000,1500,2000
GA,muni,0500000US13233,,,12499,37835,3.02704216337307,0.749104263704765,457.708089097304,603.996052535388,0,265,720,0.140508574807806,0.837987038963117,0.162012961036883,0,0,1,0.248530240798905,15.0562982284534,150.647775506137,6,8,12,203239.310434219,1403002.4192154,900,1800,3500
GA,muni,0500000US13235,,,1484,4221,2.84433962264151,0.762217359591539,275.76902173913,461.697227737205,0,52,400,0.147349505840072,0.693396226415094,0.306603773584906,0,0,1,0.310646900269542,7.98525073746313,6.45767403162184,3,5,10,198003.431670282,1384645.25725561,1000,3000,4000
GA,muni,0500000US13245,,,43663,130013,2.97764697799052,0.740842281623639,354.409596273292,601.182143645877,0,63,520,0.152464746293841,0.572292329890296,0.421844582369512,0,0.00586308774019193,1,0.245011060658982,37.6192534135037,275.566216629823,6,10,16,161156.727333207,1245733.65341607,1000,2500,4500
GA,muni,0500000US13247,,,1241,3576,2.88154713940371,0.523225241016652,188.515372168285,413.99776516435,0,0,156,0.236863379143088,0.59709911361805,0.40290088638195,0,0,1,0.470540758676352,13.1365030674847,40.382100702964,4,5,10,1410.98284734134,1350.43312883094,400,1000,2000
GA,muni,0500000US13249,,,500,1316,2.632,0.552401746724891,263.482412060302,521.066914041785,0,0,317.75,0.431818181818182,0.928,0.072,0,0,1,0.498,10.9196787148594,5.990043343015,7,10,15,283581.389558233,1655851.97788975,1500,2500,3000
GA,muni,0500000US13255,,,9758,28570,2.92785406845665,0.743272154036708,379.58335720424,617.092756505234,0,156,546,0.183223590037217,0.611908177905309,0.388091822094692,0,0,1,0.223495406214514,59.038104214353,257.511389202788,7,10,15,165200.619399538,1260991.05117004,1000,2500,5000
GA,muni,0500000US13257,,,4843,15433,3.18666116043775,0.739954337899543,321.726129216695,525.246270011717,0,0,520,0.235865219874358,0.796407185628743,0.203592814371258,0,0,1,0.38815374921235,21.7233968804159,231.945342507211,5,7,12,158720.134199134,1242945.95562296,500,1200,2500
GA,muni,0500000US13261,,,7930,22118,2.78915510718789,0.650054466230937,323.377002191873,630.722147346975,0,40,328.5,0.186279336944034,0.540731399747793,0.459268600252207,0,0,1,0.335833227405618,26.4845900368288,254.146225051278,4,6,15,192009.592354277,1362483.86751727,600,2000,4000
GA,muni,0500000US13273,,,4516,12292,2.72187776793623,0.686831875607386,191.807477185752,412.304499872914,0,0,200,0.148624926857812,0.465899025686448,0.534100974313552,0,0,1,0.327094474153298,10.4282321004411,83.6207445001341,3,4,8,185749.620572207,1343863.91287513,500,1500,3000
GA,muni,0500000US13277,,,3508,9552,2.72291904218928,0.764817749603803,486.88743809095,752.893427086022,0,47,780,0.20440251572327,0.944412770809578,0.0555872291904219,0,0,1,0.379645511720983,17.5290231241152,28.1641281388818,8,14,21,184727.167168675,1332093.17154745,2000,4000,5000
GA,muni,0500000US13293,,,6444,18086,2.80664183736809,0.807296212253447,405.326904055391,568.033217161089,0,182,624,0.114265436479773,0.616697703289882,0.383302296710118,0,0,1,0.256225528582616,23.5183212611845,156.997359457744,7,10,15,467480.747555012,2104676.03487272,1200,2500,4500
GA,muni,0500000US13295,,,6487,19335,2.98057653769077,0.709779735682819,558.01855345912,569.105846001084,78,520,780,0.14469994391475,0.931247109603823,0.068752890396177,0,0,1,0.316589147286822,44.5825645756458,276.642174723048,5,8,12,256471.247796278,1575426.01016952,500,1500,3000
GA,muni,0500000US13299,,,11160,33371,2.99023297491039,0.716518298714144,370.94051906122,669.625373917771,0,0,500,0.192180818570556,0.678405017921147,0.321594982078853,0,0,1,0.372011188306415,22.0066811909949,253.202084160274,6,8,15,75056.57652195,849814.048461662,850,1500,3000
GA,muni,0500000US13305,,,1637,5306,3.24129505192425,0.836940836940837,257.240540540541,459.688027639771,0,0,364,0.233870967741935,0.6658521686011,0.3341478313989,0,0,1,0.349127182044888,57.2375478927203,689.92961073855,5,6,13,55111.6267857143,730502.842955176,350,1000,2500
GA,muni,0500000US13313,,,6199,18188,2.93402161638974,0.710853784998272,640.976585014409,727.336289242974,240,550,800,0.188616071428571,0.899338603000484,0.100661396999516,0,0,1,0.4114879117313,14.1883802816901,39.9900452092484,7,10,15,97767.9909305994,968099.469213307,1000,2000,4000
IA,muni,1600000US1905590,,,2976,7342,2.46706989247312,0.499821873886712,292.936303080766,595.850902406408,0,0,300,0.318125259228536,0.998991935483871,0.00100806451612903,0,0,1,0.619191919191919,19.03600360036,73.0055690820048,8,12,16,142878.954323002,1180746.11206353,500,1200,2000
IA,muni,0600000US1901190522,,,65,210,3.23076923076923,0.355555555555556,957.105263157895,999.453567079801,220,600,1600,0.166666666666667,1,0,0,0,1,0.446153846153846,5.97222222222222,2.24863274154523,4,6,8,1181.03448275862,695.548831743611,900,1200,1700
IA,muni,0600000US1901191350,,,6,13,2.16666666666667,0,0,0,0,0,0,0.5,1,0,0,0,1,1,,,,,,2533.33333333333,413.118223595458,2200,2800,2800
IA,muni,0600000US1901193438,,,45,106,2.35555555555556,0.409090909090909,111.882352941176,296.299169524591,0,0,60,0.428571428571429,1,0,0,0,1,0.688888888888889,8.14285714285714,1.02710518202619,7,9,9,647.741935483871,459.700697392114,300,400,1100
IA,muni,0600000US1901190465,,,123,368,2.99186991869919,0.63716814159292,227.348837209302,599.854291473048,0,0,200,0.3125,1,0,0,0,1,0.344262295081967,7.025,2.22172814479339,6,6,8,1112.85714285714,748.107484498297,900,1000,1600
IA,muni,0600000US1901194170,,,33,89,2.6969696969697,0.84,981.111111111111,1401.1909616862,350,400,750,0.15,1,0,0,0,1,0.727272727272727,10,0,10,10,10,1662.5,1167.6109015384,550,1450,2000
IA,muni,1600000US1981210,,,3972,9986,2.51409869083585,0.609181636726547,271.773165307635,510.604090592033,0,0,395,0.347520225114316,0.999496475327291,0.000503524672708963,0,0,1,0.604509754243729,28.6880856760375,189.612819180399,10,15,20,722814.054065382,2586322.45843682,1100,2000,3000
IA,muni,0600000US1901194095,,,8,16,2,0.375,0,0,0,0,0,0.571428571428571,1,0,0,0,1,0.5,2015,2292.08056868281,30,2015,4000,600,0,600,600,600
IA,muni,1600000US1911755,,,6507,16167,2.4845550945136,0.585288410654436,494.730889398042,792.504770268122,0,0,900,0.253962042653101,0.999385277393576,0,0,0.000614722606423851,1,0.604618937644342,43.1841382018061,247.641714876649,18,25,30,128497.022918258,1109771.85424178,2200,3500,5000
IA,muni,1600000US1982425,,,31938,84869,2.65730477800739,0.713165844518374,672.234304415968,897.783852111821,0,300,1200,0.198211868925071,0.979115786836997,0.0208842131630033,0,0,1,0.562916195501948,156.352586457425,606.539657536858,20,25,35,81705.9819764522,869483.960201277,2000,3000,4500
IA,muni,0600000US1901792097,,,27,74,2.74074074074074,0.703703703703704,241.65,491.280526036966,0,0,185,0.19047619047619,1,0,0,0,1,0.555555555555556,13,1.47709789175199,12,12,15,1346.66666666667,949.335607273895,600,1200,2000
IA,muni,1600000US1925995,,,158,366,2.31645569620253,0.75,609.423076923077,833.175102428622,0,300,1005,0.286821705426357,0.981012658227848,0,0,0.0189873417721519,1,0.624203821656051,115.140350877193,478.172131238043,18,25,32,4103.0612244898,3515.60450966514,2500,3500,4000
IA,muni,0600000US1901393477,,,24,59,2.45833333333333,0.80952380952381,728.333333333333,973.133205318839,0,0,1373.75,0.166666666666667,1,0,0,0,1,0.833333333333333,50,0,50,50,50,5700,849.148179989186,5000,5250,6250
IA,muni,0600000US1901390525,,,145,395,2.72413793103448,0.843283582089552,739.40404040404,745.452470722284,0,635,1254.5,0.195121951219512,1,0,0,0,1,0.3125,126.919191919192,575.683828984663,25,25,32.5,4275.55555555556,2628.26900826342,1500,5000,7000
IA,muni,0600000US1901391128,,,46,105,2.28260869565217,0.555555555555556,557.764705882353,737.091502021928,0,50,1150,0.263157894736842,1,0,0,0,1,0.543478260869565,28.9047619047619,3.04802824633831,25,30,30,3920,1263.92246597645,3000,3400,3800
IA,muni,0600000US1901594782,,,137,322,2.35036496350365,0.556390977443609,181.184210526316,394.63493975786,0,0,30,0.529411764705882,1,0,0,0,1,0.642335766423358,12.7551020408163,5.05194109660212,10,10,15,1884.31818181818,1053.14503859122,1000,1800,2500
IA,muni,0600000US1901590969,,,6896,19514,2.82975638051044,0.592323487600695,432.897098129057,753.531542835786,0,0,600,0.253555389221557,0.997824825986079,0.00217517401392111,0,0,1,0.59466271312083,26.5332594235033,130.986030927759,12,19,25,119586.181251558,1076003.98661336,1200,2000,3000
IA,muni,0600000US1901591503,,,1184,3065,2.58868243243243,0.583714547118024,259.647887323944,447.598361762742,0,0,423.5,0.321389793702497,1,0,0,0,1,0.461342395921835,27.3092948717949,193.443922243925,10,13,15,646024.624309392,2457528.82307759,630,1200,2500
IA,muni,0600000US1901591029,,,780,3451,4.42435897435897,0.487769784172662,318.505154639175,514.710114233783,0,0,600,0.300687285223368,1,0,0,0,1,0.57948717948718,20.4829721362229,110.590490986925,10,15,17,333590.451327434,1792879.21590651,1040,1800,2500
IA,muni,0600000US1915392595,,,95,231,2.43157894736842,0.566666666666667,313.830508474576,414.514013429036,0,80,510,0.135593220338983,1,0,0,0,1,0.652631578947369,13.4848484848485,5.87963228081279,10,12,15,804.032258064516,625.135945024785,500,750,1075
IA,muni,0600000US1901594797,,,1478,3898,2.63734776725305,0.52489019033675,242.935185185185,542.094384792109,0,0,260,0.369685767097967,1,0,0,0,1,0.576271186440678,15,17.2957065023269,8,12,16,2108.10941176471,1505.22024607458,1000,2000,3000
IA,muni,0600000US1901593330,,,274,733,2.67518248175182,0.584677419354839,143.345,317.235049067381,0,0,93.75,0.43,1,0,0,0,1,0.514598540145985,6.78030303030303,1.74878101029702,6,6,8,952.340425531915,816.250695294276,300,850,1200
IA,muni,0600000US1901791458,,,57,122,2.14035087719298,0.666666666666667,145.685185185185,293.99568884492,0,0,148.75,0.462962962962963,1,0,0,0,1,0.543859649122807,12.6538461538462,3.49791146477217,10,12,14.75,1292630.38709677,3406867.4049655,2500,3000,3500
IA,muni,0600000US1901792898,,,5,15,3,1,1740,,1740,1740,1740,1,1,0,0,0,1,1,,,,,,3000,0,3000,3000,3000
IA,muni,1600000US1982875,,,3563,9036,2.53606511366826,0.688765383088527,430.890640394089,708.803643534172,0,35,720,0.348434622467772,1,0,0,0,1,0.562052163943823,82.5821501014199,367.012989347293,14.5,20,25,100098.068332483,979478.028614468,2000,3000,4000
IA,muni,0600000US1901391374,,,890,2280,2.56179775280899,0.550688360450563,246.269175108538,533.402572407884,0,0,200,0.456772334293948,1,0,0,0,1,0.578651685393258,13.4704301075269,5.35999827291651,10,12,15.25,1833.02912621359,1225.61290516763,1000,1500,2800
IA,muni,0600000US1902190129,,,39,114,2.92307692307692,0.361111111111111,324.375,394.202970743318,18.75,275,405,0.2,1,0,0,0,1,0.769230769230769,16.2222222222222,10.3655412036441,10,10,30,955,598.525487026818,750,1000,1500
IA,muni,0600000US1902193768,,,5,15,3,1,550,70.7106781186548,525,550,575,0.333333333333333,1,0,0,0,1,0,5,0,5,5,5,,,,,
IA,muni,0600000US1902191272,,,22,91,4.13636363636364,0.681818181818182,412.272727272727,465.893221142456,0,330,640,0.409090909090909,1,0,0,0,1,0.363636363636364,6,0,6,6,6,4100,600,3800,3800,4100
IA,muni,0600000US1902193078,,,75,193,2.57333333333333,0.630769230769231,178.614035087719,308.85703780147,0,0,214,0.456140350877193,1,0,0,0,1,0.56,12.3333333333333,7.74462178977558,7,10,15,1512.38095238095,1125.69936965775,600,1700,2000
IA,muni,0600000US1902193129,,,591,1307,2.21150592216582,0.576991150442478,230.683467741936,452.953828013398,0,0,250,0.549098196392786,1,0,0,0,1,0.566137566137566,16.7317073170732,24.3585707736393,10,12,16,158645.91588785,1239864.45681207,2000,2500,3800
IA,muni,0600000US1902193435,,,15,21,1.4,0.692307692307692,193.461538461538,331.193451873829,0,50,160,0.307692307692308,1,0,0,0,1,0,7,0,7,7,7,,,,,
IA,muni,1600000US1973425,,,1048,2795,2.66698473282443,0.618106139438085,226.136363636364,452.390651236869,0,0,240,0.432911392405063,1,0,0,0,1,0.591603053435115,47.5272277227723,260.48359635772,10,12,15,227375.075806452,1486584.19400763,850,1500,2500
IA,muni,1600000US1975630,,,5140,13133,2.55505836575875,0.686904268545379,575.893061516452,765.672479111322,0,300,936,0.27603899435608,1,0,0,0,1,0.478512892264641,104.802702702703,523.896256002402,15,23,30,178664.418128655,1312706.64912971,2000,3000,4500
IA,muni,0600000US1902191887,,,32,67,2.09375,1,1345.27272727273,930.570157581801,767.5,1200,1850,0.24,1,0,0,0,1,0.15625,915.518518518519,1275.07065778183,27.5,35,2550,5500,4107.91918128875,2500,2500,10000
IA,muni,0600000US1903390135,,,704,1898,2.69602272727273,0.616372391653291,259.527204502814,494.027785388603,0,0,325,0.253731343283582,1,0,0,0,1,0.505681818181818,31.5710059171598,133.745171530005,10,15,23,30325.0084269663,529882.126665201,900,2000,3000
IA,muni,0600000US1903391551,,,17,47,2.76470588235294,0.1875,363.466666666667,723.925496035002,0,0,397.5,0.142857142857143,1,0,0,0,1,1,,,,,,3676.47058823529,1286.23938856882,2500,2500,5000
IA,muni,1600000US1914025,,,3581,9321,2.60290421669925,0.643007518796992,326.390148830617,608.504136760382,0,0,400,0.349521203830369,0.998882993577213,0.000837754817090198,0.000279251605696733,0,1,0.552565180824222,140.131744040151,561.634726320416,15,20,25,210835.663622527,1427149.16381819,1700,2500,4000
IA,muni,0600000US1903391773,,,415,1046,2.52048192771084,0.481865284974093,160.913846153846,391.999486597722,0,0,0,0.310030395136778,1,0,0,0,1,0.590361445783133,11.9705882352941,5.23125164131607,8,11,15,2143.22448979592,1053.74226297271,1500,2000,3000
IA,muni,1600000US1950160,,,16276,45567,2.79964364708774,0.66418768169833,535.146980976013,811.557125309875,0,0,964,0.22048410999506,0.990845416564266,0.00909314327844679,0,6.14401572868027e-05,1,0.508768679757935,200.494367801544,747.049675453284,16,25,35,42611.7607719383,621826.062087054,2000,3000,4700
IA,muni,0600000US1903393408,,,5,15,3,1,168,237.58787847868,84,168,252,0,1,0,0,0,1,0,12,0,12,12,12,,,,,
IA,muni,0600000US1904190672,,,429,1124,2.62004662004662,0.546134663341646,225.947882736156,415.575053060088,0,0,250,0.373801916932907,1,0,0,0,1,0.485981308411215,12.5277777777778,4.8684238093655,10,12,15,290351.120192308,1677451.66222103,975,1800,3000
IA,muni,0600000US1904191452,,,216,526,2.43518518518519,0.599009900990099,302.556390977444,470.039141077051,0,5,500,0.263157894736842,1,0,0,0,1,0.643518518518519,7.88732394366197,3.26693082604037,5,8,10,847.194244604317,787.531024258431,300,600,1000
IA,muni,0600000US1904194590,,,191,490,2.56544502617801,0.513812154696133,340.906542056075,580.428363816617,0,25,492.5,0.362204724409449,1,0,0,0,1,0.494623655913979,274.121951219512,854.208309954982,10,11,20,545970.760869565,2278849.00301404,1500,2500,4000
IA,muni,1600000US1974280,,,6379,16663,2.61216491613106,0.784582689335394,517.907705334462,712.351085574411,0,200,871.5,0.314165497896213,0.999059413701207,0.000940586298792914,0,0,1,0.461330792440845,23.9398064125832,13.3594892131073,15,24,30,361485.057487091,1857570.68426705,2000,3200,5000
IA,muni,0600000US1904590267,,,434,1069,2.463133640553,0.408060453400504,224.258928571429,441.516763168567,0,0,325,0.406528189910979,1,0,0,0,1,0.686635944700461,15.4888888888889,30.4253102282879,7,9,13,68417,817744.732455391,625,1000,2000
IA,muni,0600000US1904590450,,,621,1680,2.70531400966184,0.492201039861352,330.375,541.491739325568,0,0,550,0.141372141372141,1,0,0,0,1,0.644012944983819,44.2727272727273,174.016369832545,8,10,15,1535.50251256281,1052.97856228819,750,1500,2000
IA,muni,1600000US1914430,,,16232,45944,2.8304583538689,0.537233346420626,467.750330456419,750.543163880967,0,0,800,0.189013539651838,0.995687530803351,0.0043124691966486,0,0,1,0.561799862319294,139.309984013951,600.507055344096,15,20,25,137638.875905091,1152868.59710534,1500,2500,3500
IA,muni,0600000US1904590591,,,2,3,1.5,1,390,551.543289325507,195,390,585,0,1,0,0,0,1,0,7,0,7,7,7,,,,,
IA,muni,0600000US1904590993,,,2199,5820,2.64665757162347,0.614440078585462,316.848777714611,583.399054858529,0,0,480,0.334656834940442,1,0,0,0,1,0.511384335154827,56.5853658536585,403.025828610804,14,18,22,243478.060552093,1532022.75691341,2000,3000,4000
IA,muni,0600000US1904591137,,,252,655,2.59920634920635,0.497942386831276,242.918128654971,441.925232256219,0,0,370,0.523255813953488,1,0,0,0,1,0.484126984126984,11.7615384615385,3.05455269858481,10,11,12,1781.06557377049,1103.84737190335,900,1600,2800
IA,muni,0600000US1904593171,,,364,861,2.36538461538462,0.516034985422741,209.236065573771,408.409918090876,0,0,200,0.498360655737705,1,0,0,0,1,0.538461538461538,10.2321428571429,3.50871150972997,8,10,12,1699.79591836735,1047.75606829544,1000,1650,2500
IA,muni,0600000US1904593189,,,4,10,2.5,1,187,128.046866420073,156,239,270,1,1,0,0,0,1,1,,,,,,5000,0,5000,5000,5000
IA,muni,0600000US1904593828,,,14,30,2.14285714285714,0.785714285714286,66.6666666666667,157.152695481082,0,0,0,0.538461538461538,1,0,0,0,1,0.857142857142857,16,0,16,16,16,2133.33333333333,780.830948219248,1800,2000,2500
IA,muni,0600000US1904593990,,,532,1205,2.26503759398496,0.412474849094567,172.495495495496,415.283614885424,0,0,0,0.421171171171171,1,0,0,0,1,0.62218045112782,10.9948979591837,4.88482469462586,8,10,13,243646.50755287,1537759.11057025,1200,2000,3000
IA,muni,0600000US1904594593,,,209,562,2.68899521531101,0.544502617801047,192.432926829268,399.629554399651,0,0,195,0.469512195121951,1,0,0,0,1,0.703349282296651,8.70967741935484,2.10687474846306,8,8,10,1188.36734693878,727.520691996207,600,1000,1500
IA,muni,0600000US1904594641,,,95,261,2.74736842105263,0.397590361445783,196.391891891892,404.410032583152,0,0,235,0.364864864864865,1,0,0,0,1,0.652631578947369,9.27272727272727,2.32207783128504,8,10,10,1916.12903225806,1558.98175557807,900,1300,2750
IA,muni,0600000US1904990018,,,1502,3915,2.60652463382157,0.662545454545455,296.261421319797,564.693202895267,0,0,400,0.257191201353638,1,0,0,0,1,0.494007989347537,15.5973684210526,8.20254103892084,10,13,20,1695.51886792453,1345.50499990588,950,1500,2387.5
IA,muni,0600000US1904994029,,,773,1942,2.51228978007762,0.443462897526502,548.472795497186,905.691823028053,0,144,780,0.2,1,0,0,0,1,0.589909443725744,116.410094637224,418.596678667481,8,10,15,220832.390350877,1465923.19623208,700,1400,2250
IA,muni,0600000US1904990156,,,11,30,2.72727272727273,0.5,302,391.032820446912,0,0,720,0.1,1,0,0,0,1,0.545454545454545,8.4,0.547722557505166,8,8,9,3000,0,3000,3000,3000
IA,muni,0600000US1904990879,,,6,21,3.5,1,448,90.0666419935816,402,444,492,0.25,1,0,0,0,1,0,10,0,10,10,10,,,,,
IA,muni,0600000US1904990972,,,331,784,2.36858006042296,0.566666666666667,359.837837837838,437.452645508014,0,148,675,0.481012658227848,1,0,0,0,1,0.459214501510574,11.5367231638418,5.02155088515933,8,12,15,1129.93421052632,844.755144359137,400,1000,1575
IA,muni,0600000US1904992646,,,101,258,2.55445544554455,0.527472527472528,160.126984126984,315.920186534689,0,0,160,0.301587301587302,1,0,0,0,1,0.465346534653465,7.88888888888889,2.36855713316816,6,7,10,1084.25531914894,680.778788948335,700,1000,1400
IA,muni,0600000US1904993993,,,5895,14793,2.50941475826972,0.653053361587363,599.760464298277,791.949001468896,0,260,986,0.251143873919675,0.984054283290924,0.0159457167090755,0,0,1,0.482477033004423,54.0880794701987,288.330160994773,12,16,23,139737.368476728,1164532.43089286,1000,2000,3000
IA,muni,0600000US1912193288,,,193,453,2.34715025906736,0.601123595505618,171.705128205128,313.248396086798,0,0,200,0.408805031446541,1,0,0,0,1,0.404145077720207,8.00869565217391,3.53304116345964,5,8,10,880,769.997470058249,300,650,1000
IA,muni,0600000US1904990300,,,9,31,3.44444444444444,,950,,950,950,950,0,1,0,0,0,1,0,6.11111111111111,2.20479275922049,5,5,5,,,,,
IA,muni,1600000US1907030,,,1834,4810,2.6226826608506,0.673771462403789,315.461669505963,577.137878756533,0,0,450,0.377838328792007,0.992911668484188,0.00708833151581243,0,0,1,0.529444138690149,13.1282660332542,6.33058251602192,9,12,15,158023.222453222,1239307.72147351,1000,1750,3000
IA,muni,0600000US1906193108,,,2030,6003,2.95714285714286,0.430372807017544,244.912698412698,477.666960340348,0,0,331.75,0.286468646864686,1,0,0,0,1,0.52743450321305,17.6296296296296,22.4327235808929,11,15,20,115821.427366448,1054652.3429327,2000,3300,4000
IA,muni,1600000US1909550,,,25154,64843,2.57784050250457,0.576250266014046,555.642087427991,754.951925519577,0,225,936,0.237046856088986,0.993718692852032,0.00628130714796851,0,0,1,0.57559595959596,131.221971333202,746.941740028525,12,18,25,256434.332374,1571138.77774344,1617.5,2500,4000
IA,muni,0600000US1905790888,,,282,649,2.30141843971631,0.398523985239852,206.866379310345,417.848700106598,0,0,185,0.347639484978541,1,0,0,0,1,0.673758865248227,98.5434782608696,407.646297154007,10,11.5,14.25,370415.689473684,1888325.72503396,1400,2000,3000
IA,muni,1600000US1983685,,,1322,3479,2.63161875945537,0.631325301204819,559.672625698324,693.894180115639,0,300,900,0.106818181818182,1,0,0,0,1,0.667170953101362,138.86524822695,528.827513156198,12,15,18,70483.1575963719,822239.736560921,1500,2000,3000
IA,muni,0600000US1905990639,,,2035,5496,2.7007371007371,0.670235546038544,281.58636977058,493.133119719336,0,0,400,0.346832135858916,1,0,0,0,1,0.491633858267717,52.8330097087379,261.112204540928,10,15,20.75,92197.8558558559,945146.359834238,1000,1900,3000
IA,muni,0600000US1905993960,,,113,305,2.69911504424779,0.604166666666667,325.19512195122,590.929638790104,0,0,395,0.433734939759036,1,0,0,0,1,0.548672566371681,17.7058823529412,8.7253518385153,10,18,23,4483.87096774194,2140.49125266838,3000,5000,5875
IA,muni,0600000US1905993168,,,7,18,2.57142857142857,0.428571428571429,52,90.0666419935816,0,0,78,0.25,1,0,0,0,1,0.714285714285714,10,0,10,10,10,1200,0,1200,1200,1200
IA,muni,0600000US1905992673,,,1,1,1,1,600,,600,600,600,1,1,0,0,0,1,,,,,,,,,,,
IA,muni,0600000US1905994062,,,209,545,2.60765550239234,0.670157068062827,519.838709677419,506.703301601682,0,450,889.5,0.242857142857143,1,0,0,0,1,0.545454545454545,47.9052631578947,144.217704352136,7,10,15,923.894736842105,1152.77619782547,15,300,1875
IA,muni,0600000US1905993903,,,744,1831,2.46102150537634,0.427304964539007,300.857965451056,577.392523281379,0,0,450,0.249569707401033,1,0,0,0,1,0.536290322580645,14.2753623188406,7.5880185121689,10,12,18,2170.53884711779,1244.4273361044,1400,2000,2800
IA,muni,0600000US1910594518,,,1298,4109,3.16563944530046,0.478187919463087,172.657952069717,441.019793961959,0,0,125,0.284164859002169,1,0,0,0,1,0.559322033898305,32.7878228782288,152.246180394745,9,10,15,112402.892561983,1044415.57806076,1000,2000,3000
IA,muni,0600000US1906194332,,,93,263,2.82795698924731,0.670731707317073,400.561403508772,691.890216765014,0,0,688,0.206349206349206,1,0,0,0,1,0.623655913978495,9.71428571428571,4.2048391489934,5,8,15,1726711.72413793,3809202.48395325,2000,2590,6000
IA,muni,0600000US1906190798,,,123,429,3.48780487804878,0.294642857142857,140.785714285714,274.42378060169,0,0,213.75,0.261904761904762,1,0,0,0,1,0.504065040650406,9.9344262295082,2.76205752087712,7,10,12,3406.45161290323,1594.64996598431,2000,2750,5000
IA,muni,0600000US1906194098,,,127,340,2.67716535433071,0.447368421052632,238.505263157895,610.255368131823,0,0,250,0.357894736842105,1,0,0,0,1,0.519685039370079,12.4098360655738,3.69403595533994,10,12,15,1214046.72727273,3288024.99140307,1500,2000,3000
IA,muni,0600000US1906191005,,,292,816,2.79452054794521,0.457364341085271,230.294392523365,542.89797264385,0,0,257.5,0.336448598130841,1,0,0,0,1,0.636986301369863,10.875,2.83421364584452,10,10,13,164061.602150538,1262762.70405408,2000,2500,3000
IA,muni,1600000US1922395,,,30046,89106,2.96565266591227,0.542351589979183,451.798738480809,730.458111974695,0,0,799.5,0.187078626601777,0.999167942488185,0.000732210610397391,3.32823004726087e-05,6.65646009452173e-05,1,0.43621594178372,94.9520635113023,472.462002517838,14,18,25,133827.246042831,1133908.77129841,2000,3000,4200
IA,muni,0600000US1906192451,,,119,314,2.63865546218487,0.376146788990826,120.397959183673,311.829577424299,0,0,0,0.540816326530612,1,0,0,0,1,0.647058823529412,12.9761904761905,6.09473221260145,7,15,18,3116.88311688312,1591.68502218334,2000,2500,4000
IA,muni,0600000US1906190597,,,42,115,2.73809523809524,0.818181818181818,299.090909090909,471.838744557715,0,0,489.75,0.173913043478261,1,0,0,0,1,0.214285714285714,9.45454545454546,4.00851366695709,6,10,14,3888.88888888889,1317.61569173682,2500,5000,5000
IA,muni,0600000US1907590675,,,3,6,2,0,1260,,1260,1260,1260,0,1,0,0,0,1,0,10,0,10,10,10,,,,,
IA,muni,0600000US1907591329,,,38,71,1.86842105263158,0.648648648648649,530.928571428571,465.281298585261,157.5,350,827.5,0.379310344827586,1,0,0,0,1,0.631578947368421,11,2.96128870075695,10,12,12,1912.5,1034.32923023655,1000,2000,3000
IA,muni,0600000US1907593258,,,179,411,2.29608938547486,0.339181286549708,309.154929577465,498.128231173298,0,0,487.5,0.296551724137931,1,0,0,0,1,0.531645569620253,19.6231884057971,4.90828066601067,16,18,25,240839.666666667,1533279.17707043,1500,2750,4000
IA,muni,0600000US1907790162,,,277,795,2.87003610108303,0.75,261.263414634146,431.899247144935,0,0,487,0.497584541062802,1,0,0,0,1,0.490974729241877,41.6524822695035,109.719641802941,6,8,10,148470.117647059,1208008.1887991,400,500,2000
IA,muni,0600000US1907790501,,,881,2283,2.59137343927355,0.748847926267281,160.615384615385,366.834260688413,0,0,71.25,0.492625368731564,1,0,0,0,1,0.605473204104903,58.0030395136778,234.998371796127,7,10,15,472239.258003767,2119800.41526925,500,1000,2500
IA,muni,0600000US1907794110,,,160,363,2.26875,0.572368421052632,186.036764705882,452.677473411965,0,0,72,0.375,1,0,0,0,1,0.5125,9.94871794871795,3.19047867555233,8,10,10,245598.731707317,1551797.47477306,1000,1500,2500
IA,muni,0600000US1907790105,,,1563,3946,2.52463211772233,0.658156028368794,285.884105960265,501.42054028802,0,0,433.75,0.282284768211921,1,0,0,0,1,0.436012861736334,27.4188235294118,127.034746175809,11,15,20,459113.27581121,2089959.93273836,1000,2000,3000
IA,muni,0600000US1907794302,,,168,450,2.67857142857143,0.774834437086093,354.359375,662.34885941244,0,0,594.75,0.2734375,1,0,0,0,1,0.410714285714286,18.3232323232323,4.71391401744267,15,19,21,2588.73913043478,1692.82349113035,1100,2500,3500
IA,muni,0600000US1908590318,,,1456,3919,2.69162087912088,0.605970149253731,194.151910531221,414.726699522934,0,0,160,0.350590372388738,1,0,0,0,1,0.478260869565217,22.0619111709287,130.978471678527,9,12,15,44763.6277056277,656903.784303914,700,1200,2000
IA,muni,0600000US1908591863,,,1107,3187,2.87895212285456,0.531514581373471,198.38783269962,449.082215974493,0,0,180,0.637191157347204,1,0,0,0,1,0.446251129177958,12.104991394148,4.57553379681408,8,12,15,102677.578947368,1001817.38972981,400,1200,2500
IA,muni,0600000US1908592223,,,1547,4537,2.9327731092437,0.581869290231905,201.364788732394,472.985328778719,0,0,50.5,0.397842211732974,0.999353587588882,0.000646412411118294,0,0,1,0.42175957018133,13.2867383512545,9.65921621507625,9,12,15,638392.648089172,2443643.70672734,600,1200,2112.5
IA,muni,0600000US1908592664,,,111,267,2.40540540540541,0.617647058823529,124.931034482759,206.513065812415,0,0,186,0.28735632183908,1,0,0,0,1,0.486486486486487,5.98148148148148,1.86821214847941,6,6,8,336.018518518519,254.509108762431,80,350,475
IA,muni,0600000US1908593534,,,7,18,2.57142857142857,0.714285714285714,11.4285714285714,30.2371578407382,0,0,0,0.428571428571429,1,0,0,0,1,1,,,,,,1285.71428571429,487.950036474267,1000,1000,1500
IA,muni,0600000US1908593738,,,3884,10763,2.7711122554068,0.608695652173913,271.836860068259,544.032105730212,0,0,316.5,0.258699472759227,0.999227600411946,0.000257466529351184,0,0.000514933058702369,1,0.455015511892451,42.7419990152634,247.879520242014,8,10,15,296959.453977273,1693515.00632344,600,1200,2000
IA,muni,0600000US1908594503,,,395,1131,2.86329113924051,0.568245125348189,172.30612244898,368.087189408646,0,0,120,0.277966101694915,1,0,0,0,1,0.508860759493671,7.83243243243243,3.3181036731692,5,8,10,51044.4676616916,705254.79300304,250,900,2500
IA,muni,0600000US1911190546,,,11,30,2.72727272727273,0.545454545454545,750,,750,750,750,0.4,1,0,0,0,1,0.454545454545455,,,,,,408,449.132497154236,80,80,900
IA,muni,0600000US1909992736,,,371,951,2.5633423180593,0.575221238938053,572.342105263158,518.10735944452,161.25,480,864.75,0.41743119266055,1,0,0,0,1,0.8,14.0540540540541,4.44106581028526,10,14,18,2337.53378378378,952.120380620943,1800,2000,2500
IA,muni,0600000US1909994512,,,2154,6198,2.87743732590529,0.571500503524673,206.37004950495,422.160470648986,0,0,227,0.311688311688312,0.993036211699164,0.00696378830083565,0,0,1,0.566918001885014,26.7131608548931,205.561940907284,7,10,13,125672.862011638,1110006.53132884,450,900,1500
IA,muni,0600000US1909993471,,,12,25,2.08333333333333,0.888888888888889,156.636363636364,313.51308512637,0,0,74,0.363636363636364,1,0,0,0,1,0.25,15.2857142857143,5.34522483824849,11,11,21,600,0,600,600,600
IA,muni,0600000US1909993102,,,8995,24033,2.67181767648694,0.681250772463231,565.043390699378,755.91414208643,0,225,1000,0.20280889483364,0.996775986659255,0.00322401334074486,0,0,1,0.46227893440788,95.2234424498416,560.659544614972,15,20,25,225736.349394673,1475529.81744248,1500,2500,4000
IA,muni,1600000US1926445,,,3715,9533,2.56608344549125,0.61732644865175,380.13761829653,634.38957193725,0,0,700,0.20911104080987,0.99300134589502,0.00699865410497981,0,0,1,0.497307485191169,47.968096809681,335.080281125147,12,15,23,127494.486193828,1108912.05226483,1500,2800,4000
IA,muni,0600000US1910192460,,,161,370,2.29813664596273,0.445945945945946,197.643410852713,415.200757135359,0,0,96,0.348837209302326,1,0,0,0,1,0.577639751552795,54,211.465333569328,5,8,10,1463.22580645161,1128.61319411722,500,1500,2000
IA,muni,0600000US1910192676,,,235,622,2.6468085106383,1,540.588235294118,478.363823447168,100,400,900,0.357894736842105,1,0,0,0,1,0.408510638297872,58.4846153846154,158.603265683623,5,7,13,209719.854166667,1435555.38882478,1200,1500,1500
IA,muni,0600000US1910192682,,,38,77,2.02631578947368,0.428571428571429,273.954545454545,561.61777183866,0,0,255,0.225806451612903,1,0,0,0,1,0.5,390,401.010058061723,50,173,625,731.578947368421,587.65317774172,500,500,600
IA,muni,0600000US1910194401,,,40,96,2.4,0.6,535,405.251244820508,187.5,400,925,0.125,1,0,0,0,1,0.525,9.125,4.04763305319706,5,9,11.25,361.904761904762,285.87792932682,300,300,300
IA,muni,0600000US1910390714,,,162,396,2.44444444444444,0.878787878787879,604.536585365854,537.580138098543,250,500,750,0.131147540983607,1,0,0,0,1,0.5,9.95061728395062,4.43255353765722,8,10,12,902.716049382716,1057.03596479221,350,750,1000
IA,muni,0600000US1910391479,,,6,7,1.16666666666667,0.833333333333333,462,195.161471607487,393,462,531,0.333333333333333,1,0,0,0,1,0,11,0,11,11,11,,,,,
IA,muni,1600000US1938595,,,9237,23484,2.54238389087366,0.676758449693332,660.280717173493,962.010391910936,0,260,1000,0.255080049261084,0.997618274331493,0.00238172566850709,0,0,1,0.508804549928907,56.3105310531053,351.509941086564,20,30,35,126917.84372313,1099755.41007488,2500,4000,5500
IA,muni,0600000US1910394686,,,425,1095,2.57647058823529,0.735294117647059,905.08,1168.47253878539,0,350,1600,0.116,1,0,0,0,1,0.56,65.0909090909091,189.051700480439,30,35,43,130844.974789916,1117435.09843817,3500,5000,6280
IA,muni,0600000US1910393285,,,472,1179,2.4978813559322,0.583333333333333,584.123563218391,781.180271007948,0,178,1032.5,0.204022988505747,1,0,0,0,1,0.559322033898305,24.7142857142857,7.86879680922655,20,25,28,116603.25,1061625.52646634,1200,3000,4000
IA,muni,0600000US1910591296,,,3895,8805,2.26059050064185,0.678918918918919,341.377239709443,555.314500392399,0,0,520,0.29293893129771,0.986649550706033,0.0130937098844673,0.000256739409499358,0,1,0.33516627389369,29.4626202812731,153.639283803484,12,18,25,447943.5046875,2062960.21410548,1500,2500,4000
IA,muni,0600000US1911390312,,,225,638,2.83555555555556,0.708133971291866,126.12101910828,263.911949922271,0,0,125,0.369426751592357,1,0,0,0,1,0.36,43.1478873239437,161.377885553937,6,8,10,1578.27160493827,1341.90609779844,880,1000,1500
IA,muni,0600000US1910591761,,,80,190,2.375,0.569620253164557,314.169491525424,462.504954401884,0,0,650,0.288135593220339,1,0,0,0,1,0.3875,12.3265306122449,4.21004629379754,10,14,15,1951.61290322581,760.863968456007,1350,2000,2500
IA,muni,0600000US1910592725,,,2426,6236,2.57048639736191,0.563336306868867,249.619852164731,522.055802684457,0,0,278.75,0.33788037775446,1,0,0,0,1,0.559314954051796,16.1720841300191,10.1297338089313,10,15,20,69929.5250186707,817174.649887839,1200,2000,3900
IA,muni,0600000US1910593252,,,4,6,1.5,0.25,472.75,722.940926586214,0,182.5,655.25,0.5,1,0,0,0,1,1,,,,,,1250,288.675134594813,1000,1250,1500
IA,muni,1600000US1940845,,,14678,38231,2.60464640959259,0.562198431845597,521.934141508334,732.495841822651,0,180,900,0.25571105165672,0.965117863469137,0.0348140073579507,0,6.81291729118409e-05,1,0.498935366440003,66.0776740237691,347.429427058277,10,15,20,251739.197411894,1558435.2370679,1100,2000,3500
IA,muni,0600000US1911192139,,,6,21,3.5,1,440,662.117814289874,0,180,620,0,1,0,0,0,1,0,12,0,12,12,12,,,,,
IA,muni,0600000US1911192772,,,12148,32752,2.69608165953243,0.523433999462317,539.999401269309,810.659475679291,0,0,936,0.1748002591233,0.988557787290089,0.0114422127099111,0,0,1,0.542907034758024,65.0409125188537,355.278085227762,12,16.5,25,361583.17429928,1858444.38087567,2000,3000,4500
IA,muni,0600000US1911192856,,,12,58,4.83333333333333,0,,,,,,0,1,0,0,0,1,0.166666666666667,1500,0,1500,1500,1500,2500,0,2500,2500,2500
IA,muni,0600000US1911193402,,,22,122,5.54545454545455,0,340,65.1920240520265,300,300,350,0,1,0,0,0,1,1,,,,,,2213.63636363636,967.714762454238,1100,3000,3000
IA,muni,1600000US1912000,,,41226,105538,2.5599864163392,0.603903022113661,536.318524026397,831.262513722346,0,0,1000,0.2297322139837,0.994348226847135,0.00560326007859118,2.42565371367584e-05,2.42565371367584e-05,1,0.577129607029534,159.237101957347,683.657062218719,18,25,35,94462.0538380207,944471.021718122,2500,3600,5000
IA,muni,0600000US1911390360,,,598,1428,2.38795986622074,0.500904159132007,222.951167728238,469.122671152289,0,0,197.5,0.3640081799591,1,0,0,0,1,0.523411371237458,438.775735294118,568.68038909752,12,78.5,962.5,1621.08626198083,1793.42699510345,770,1450,2000
IA,muni,0600000US1911391410,,,2315,5536,2.39136069114471,0.492271662763466,317.403948772679,678.070699542138,0,0,319,0.334745762711864,1,0,0,0,1,0.581022530329289,56.1337579617834,344.591987392678,10,15,22,129766.499627144,1118889.95504957,1200,2000,3000
IA,muni,0600000US1911391671,,,413,934,2.26150121065375,0.583979328165375,161.465714285714,385.953250314817,0,0,78.75,0.525568181818182,1,0,0,0,1,0.552058111380145,12.0540540540541,17.2830432510829,6,10,10,132959.245614035,1141855.19234147,500,1100,2000
IA,muni,0600000US1911392796,,,691,1839,2.66136034732272,0.65818759936407,203.187272727273,413.383536768944,0,0,250,0.28,1,0,0,0,1,0.548762736535662,31.3896103896104,369.808019772146,8,10,13,1354.2175066313,1247.35794629371,400,1000,2000
IA,muni,0600000US1911392859,,,4670,11600,2.48394004282655,0.602016885553471,402.235004108463,713.068197927046,0,0,600,0.29532967032967,0.999357601713062,0.000642398286937902,0,0,1,0.599525043177893,66.6256860592755,310.334023795389,12.25,17,25,182403.314728124,1329616.59623122,1250,2000,3000
IA,muni,0600000US1911392976,,,160,415,2.59375,0.75,214.032258064516,415.504237413628,0,0,300,0.346774193548387,1,0,0,0,1,0.625,11.2,3.34360000851614,10,10,14,1668.8,1044.95447680072,1000,1500,2025
IA,muni,0600000US1911393237,,,201,464,2.30845771144279,0.345549738219895,296.511764705882,576.660783844442,0,0,300,0.317647058823529,1,0,0,0,1,0.577114427860697,11.855421686747,3.86078637926954,10,12,15,173844.706896552,1307152.67931105,750,1200,2000
IA,muni,0600000US1911390228,,,22,62,2.81818181818182,0.904761904761905,509.944444444445,724.601754493031,0,124.5,873,0.277777777777778,1,0,0,0,1,0,26.6363636363636,7.51851970324867,20,30,33.75,,,,,
IA,muni,0600000US1911390739,,,18,37,2.05555555555556,0.277777777777778,305.529411764706,635.605038294917,0,0,356,0.294117647058824,1,0,0,0,1,0.833333333333333,22,0,22,22,22,4166.66666666667,1397.27626201154,3000,4500,5000
IA,muni,0600000US1911394527,,,810,1943,2.39876543209877,0.610079575596817,200.602639296188,436.034010507225,0,0,178.75,0.435672514619883,1,0,0,0,1,0.557478368355995,27.7765363128492,158.883835469199,7,10,12,156436.00443459,1237348.33758432,500,1000,1800
IA,muni,1600000US1986520,,,3303,8357,2.53012412957917,0.684602917341977,409.410435718128,639.938218491677,0,75,624.5,0.20952380952381,1,0,0,0,1,0.513513513513514,100.028608582575,396.552550124892,10,15,25,119956.057953873,1081221.31283464,600,1250,2500
IA,muni,0600000US1912190846,,,10,55,5.5,1,17,38.0131556174964,0,0,0,0.4,1,0,0,0,1,0,10,0,10,10,10,,,,,
IA,muni,0600000US1912191614,,,222,558,2.51351351351351,0.666666666666667,144.104938271605,306.821444585364,0,0,154.5,0.417177914110429,1,0,0,0,1,0.594594594594595,11.5,17.7341478509682,6,8,8.75,83.2878787878788,239.666292499282,8,8,12
IA,muni,0600000US1904990003,,,841,2245,2.66944114149822,0.74869109947644,858.858490566038,598.820730250846,480,750,1200,0.0551053484602917,1,0,0,0,1,0.486682808716707,9.94339622641509,4.73721784202739,6,9.5,12,374474.288557214,1897384.79563841,750,1200,2000
IA,muni,0600000US1912193165,,,25,61,2.44,0.64,208.842105263158,443.801414944154,0,0,50,0.578947368421053,1,0,0,0,1,0.4,12.5333333333333,5.95059020682183,10,12,13.5,2500,816.496580927726,2500,3000,3000
IA,muni,0600000US1918192169,,,287,638,2.22299651567944,0.462365591397849,160.936974789916,427.841782611016,0,0,0,0.475206611570248,1,0,0,0,1,0.578397212543554,155.181818181818,699.629044565761,7,8,12,1686.02409638554,1044.98738836413,1000,1500,2000
IA,muni,0600000US1912390552,,,408,1022,2.50490196078431,0.620418848167539,186.475609756098,469.45013643193,0,0,0,0.351515151515152,1,0,0,0,1,0.566502463054187,1347.02272727273,2476.16378400033,10,600,1000,219238,1461210.51721834,712.5,1500,3000
IA,muni,0600000US1912391527,,,382,950,2.4869109947644,0.435736677115987,680.302631578947,494.836566143795,365,600,1000,0.158469945355191,1,0,0,0,1,0.764397905759162,568.852272727273,423.999391123308,80,500,1000,137807.849315068,1164265.71656819,500,700,1000
IA,muni,1600000US1959925,,,9965,25658,2.57481184144506,0.627747551686616,500.717209121029,703.430870522735,0,200,780,0.264185320145757,0.988158554942298,0.011841445057702,0,0,1,0.545797633618931,169.419561243144,540.79636255868,12,16,25,144413.88076995,1183093.4036428,1200,2000,3000
IA,muni,0600000US1912393609,,,2,3,1.5,0,0,0,0,0,0,0,1,0,0,0,1,1,,,,,,200,0,200,200,200
IA,muni,0600000US1912794104,,,17889,47937,2.67969143048801,0.717910253065484,620.970515970516,880.197622760653,0,382,1038,0.22499551086371,0.989490748504668,0.0101738498518643,0.000167700821734026,0.000167700821734026,1,0.497943082558467,88.010502283105,516.686579531049,15,20,28,180469.01505206,1320781.59538765,1300,2500,4000
IA,muni,0600000US1912792412,,,320,805,2.515625,0.524475524475525,383.48401826484,608.339651530415,0,0,600,0.118483412322275,1,0,0,0,1,0.653125,46.710843373494,229.774042247473,8,10,12,192443.167464115,1373268.2157942,440,900,2000
IA,muni,0600000US1912790117,,,8,36,4.5,1,333.333333333333,577.350269189626,0,0,500,0.333333333333333,1,0,0,0,1,0,10,0,10,10,10,,,,,
IA,muni,0600000US1912792700,,,4,10,2.5,0,315.333333333333,418.408094249303,78,156,473,0,1,0,0,0,1,0,10,0,10,10,10,,,,,
IA,muni,0600000US1912792244,,,4,6,1.5,1,503.333333333333,863.153134347164,5,10,755,0.333333333333333,1,0,0,0,1,1,,,,,,3750,1443.37567297406,2500,3750,5000
IA,muni,0600000US1912794536,,,22,53,2.40909090909091,0.9,633,518.097963709567,128,400,1026,0.2,1,0,0,0,1,0.181818181818182,19.8888888888889,6.47973210129672,14,23,25,1750,866.025403784439,1000,1750,2500
IA,muni,0600000US1912791749,,,52,154,2.96153846153846,0.666666666666667,671.2,784.714391943385,0,420,976,0.307692307692308,1,0,0,0,1,0.392156862745098,22.6774193548387,13.7171112040745,7.5,30,34,5060,2596.43480261117,1600,7000,7000
IA,muni,0600000US1912794116,,,145,393,2.71034482758621,0.597014925373134,490.189473684211,693.946856980814,0,0,1082,0.2,1,0,0,0,1,0.786206896551724,136.709677419355,353.844616891689,18,20,30,441088.421052632,2056332.89889894,1800,2500,3500
IA,muni,0600000US1912792475,,,4,10,2.5,1,225,450,0,0,225,0.25,1,0,0,0,1,1,,,,,,2500,0,2500,2500,2500
IA,muni,0600000US1912794011,,,670,1799,2.68507462686567,0.440298507462687,476.756097560976,613.476334532043,0,240,855,0.342281879194631,1,0,0,0,1,0.58955223880597,14.7432950191571,7.08731281567593,10,15,17,104008.663291139,1002194.69835752,1500,2500,3500
IA,muni,0600000US1912991575,,,4220,8202,1.9436018957346,0.790760139672307,293.704306220096,522.754949131225,0,0,495.75,0.393520724154359,0.997630331753555,0.0023696682464455,0,0,1,0.404651162790698,29.862660944206,181.594432246174,8,12,20,2287577.69412516,4199885.66782477,1000,2000,6000
IA,muni,0600000US1912992031,,,42,103,2.45238095238095,0.675,218.787878787879,380.596551282963,0,0,300,0.303030303030303,1,0,0,0,1,0.523809523809524,193.1,231.51080456769,16,50,500,1012.72727272727,765.159067298035,210,1200,1500
IA,muni,1600000US1948720,,,111,304,2.73873873873874,0.480769230769231,181.5,425.641330428184,0,0,12.5,0.518072289156627,1,0,0,0,1,0.585585585585586,16.7391304347826,6.14070130851408,12,18,20,1455,983.82623592787,600,1200,2000
IA,muni,0600000US1912993354,,,5,15,3,1,134.4,184.815583758513,0,0,312,0,1,0,0,0,1,1,,,,,,600,0,600,600,600
IA,muni,0600000US1913991590,,,177,401,2.26553672316384,0.666666666666667,257.585365853659,441.411278552403,0,0,416,0.130081300813008,1,0,0,0,1,0.581920903954802,6.89855072463768,1.75016745027635,5,7,9,627.281553398058,461.636462892689,300,450,1000
IA,muni,0600000US1913990279,,,17999,46192,2.56636479804434,0.634286405126035,363.265393093314,570.085372052066,0,0,600,0.251052086926526,0.996555364186899,0.00338907717095394,5.55586421467859e-05,0,1,0.49667430551674,29.7700462388632,259.945280496254,10,15,20,82362.7574836822,890126.306605114,1200,2000,3500
IA,muni,0600000US1913993204,,,26,62,2.38461538461538,0.5,662.5,756.224173112709,37.5,200,1250,0.176470588235294,1,0,0,0,1,0.115384615384615,7.52173913043478,2.79397997678436,4.5,7,10,80,0,80,80,80
IA,muni,0600000US1913993318,,,2,3,1.5,0,180,254.558441227157,90,180,270,0,1,0,0,0,1,0,8,0,8,8,8,,,,,
IA,muni,0600000US1913994419,,,1734,4258,2.45559400230681,0.627402355858648,292.249036237471,567.854016517515,0,0,325,0.399242424242424,0.999423298731257,0.000576701268742791,0,0,1,0.573325635103926,28.1839237057221,167.219954529264,10,12,17,153356.822759315,1220066.0562515,1500,2500,3000
IA,muni,0600000US1914993462,,,179,529,2.95530726256983,0.560975609756098,496.224489795918,410.264613050027,160,500,600,0.256880733944954,1,0,0,0,1,0.424242424242424,12,4.64483240656823,8,10,14,1560.14285714286,1043.28146306743,650,1100,2000
IA,muni,0600000US1914990060,,,5039,15664,3.10855328438182,0.605419695968275,373.875693673696,586.262788415808,0,0,572.5,0.321265754894073,1,0,0,0,1,0.465407513857524,26.5156932856575,191.282551632054,10,15,20,465911.360388178,2101562.72889023,1500,2400,4000
IA,muni,0600000US1914993564,,,137,585,4.27007299270073,0.9,573.611111111111,514.986660998408,250,318,945,0.0727272727272727,1,0,0,0,1,0.481751824817518,3106.78873239437,4649.71266674617,13,15,9997,3145.45454545455,1813.55425090594,1900,2600,4250
IA,muni,0600000US1914994545,,,109,279,2.55963302752294,0.245283018867925,80.6421052631579,229.583615500233,0,0,0,0.315789473684211,1,0,0,0,1,0.431192660550459,64.5344827586207,166.354853811273,8,10,10,1543.40425531915,772.779502259172,1000,1500,2000
IA,muni,0600000US1914993921,,,3,6,2,0,0,0,0,0,0,0.5,1,0,0,0,1,1,,,,,,350,0,350,350,350
IA,muni,0600000US1915390168,,,284,696,2.45070422535211,0.597744360902256,761.043956043956,731.892082392357,284,560,1000,0.272357723577236,1,0,0,0,1,0.671378091872792,14.7362637362637,5.81919269856255,10,13,20,580298.72631579,2341277.36955088,625,1200,1600
IA,muni,0600000US1915390690,,,19,47,2.47368421052632,0.615384615384615,340.25,553.185515252988,0,0,498,0.153846153846154,0.473684210526316,0.526315789473684,0,0,1,0,70.3846153846154,59.155921740119,10,123,123,,,,,
IA,muni,0600000US1915391185,,,38,105,2.76315789473684,0.875,698.944444444445,490.892880638371,335,516,956.25,0.0769230769230769,1,0,0,0,1,0.342105263157895,2630.36,3670.83513295453,6,300,4000,1430.76923076923,891.987121903128,600,1000,2500
IA,muni,0600000US1915394410,,,3549,9357,2.63651732882502,0.571474052849411,720.187159956474,809.859991669016,0,500,1200,0.211974891356832,0.977740208509439,0.0222597914905607,0,0,1,0.590108015918135,54.59375,323.14724928864,13,20,25,64660.1753371869,788878.511479814,900,1800,3000
IA,muni,0600000US1918192652,,,279,808,2.89605734767025,0.454183266932271,740.971830985916,703.665138945081,355,600,910,0.272727272727273,1,0,0,0,1,0.551971326164875,10.392,3.91625232308447,8,10,12,196590.415584416,1386321.70266059,1200,1800,2500
IA,muni,0600000US1915394629,,,745,1859,2.49530201342282,0.775729646697389,878.389610389611,866.861222490914,0,728,1417,0.118181818181818,1,0,0,0,1,0.724420190995907,318.341836734694,754.65575136033,17,23,40,210173.536723164,1425211.03459531,2000,3000,4000
IA,muni,0600000US1915390987,,,62663,162742,2.59709876641718,0.651312343069781,798.875156565528,1120.76572634531,0,365,1254,0.17746119783513,0.985398081802659,0.0146019181973413,0,0,1,0.59471836113853,336.086292745155,1154.43004650138,20,30,43,227695.004135717,1478148.98325737,2000,3000,5000
IA,muni,0600000US1915392409,,,33542,90992,2.71277800965953,0.625306608732217,556.803640324997,744.129112833222,0,155,1000,0.13822759566247,0.966430147278039,0.0335400393536462,0,2.98133683143522e-05,1,0.590114873035066,140.050749886381,666.36276285302,15,20,28,264843.814148865,1599354.14429786,1000,2000,3000
IA,muni,0600000US1915390042,,,21,55,2.61904761904762,0.818181818181818,792.857142857143,681.559835615194,325,400,1075,0.0769230769230769,1,0,0,0,1,0.619047619047619,30.625,28.4652043228721,10,10,65,2423.07692307692,1255.75597825496,1500,1500,2500
IA,muni,0600000US1915390951,,,26,48,1.84615384615385,0.541666666666667,1020.15789473684,1342.67073249789,0,225,1950,0.333333333333333,1,0,0,0,1,0.736842105263158,10,0,10,10,10,3892.85714285714,1936.08021357758,2125,4000,5000
IA,muni,0600000US1915393759,,,148,325,2.19594594594595,0.653846153846154,971.15306122449,1237.76220050159,0,600,1500,0.238095238095238,0.97972972972973,0.0202702702702703,0,0,1,0.510204081632653,204.582089552239,828.109606075401,15,25,34,2007462.26666667,4023204.91758692,1350,8000,20000
IA,muni,0600000US1915391371,,,39,71,1.82051282051282,0.578947368421053,808.647058823529,1319.98050679713,0,0,1125,0.151515151515152,1,0,0,0,1,0.358974358974359,21.6,12.3524626424585,15,18,20,2006.57142857143,1948.40422730167,775,1300,2912.5
IA,muni,0600000US1915390270,,,393,1174,2.98727735368957,0.662337662337662,503.526315789474,580.617493628111,0,349,814.5,0.173913043478261,0.908396946564885,0.0916030534351145,0,0,1,0.406649616368286,18.7276785714286,13.5508324488813,12,16,20,315993.962264151,1750450.42566368,100,1000,3000
IA,muni,0600000US1915590174,,,1088,2781,2.55606617647059,0.485527544351074,373.790532544379,577.578295224165,0,0,612,0.225844004656577,1,0,0,0,1,0.519301470588235,51.6122448979592,241.460206540536,10.25,14,20,550798.138053097,2278714.99869038,1200,2000,3000
IA,muni,0600000US1915590483,,,557,1424,2.55655296229803,0.504873294346979,179.313868613139,401.156196423717,0,0,0,0.352941176470588,1,0,0,0,1,0.590664272890485,22.0220264317181,72.0279840488465,8,10,15,92958.8541033435,951829.204667907,500,1000,2000
IA,muni,0600000US1915591839,,,2,3,1.5,0,360,,360,360,360,0,1,0,0,0,1,0,10,0,10,10,10,,,,,
IA,muni,0600000US1915592292,,,33827,93140,2.75342182280427,0.635083051945837,480.648384673178,757.623600128768,0,0,800,0.230722891566265,0.987643007065362,0.0123274307505839,2.95621840541579e-05,0,1,0.520735676111426,52.4055639666919,303.585458633835,12,17,25,118285.519178946,1069708.04340347,1200,2000,3500
IA,muni,0600000US1915592433,,,104,471,4.52884615384615,0.466019417475728,462.577777777778,606.354212744606,0,170,720,0.1,0.932692307692308,0.0673076923076923,0,0,1,0.778846153846154,1099.73913043478,2101.81852467618,15,16,23,124534.543209877,1110990.14873193,600,1000,1000
IA,muni,0600000US1915593900,,,184,525,2.85326086956522,0.19047619047619,184.990825688073,423.093446805629,0,0,0,0.40625,1,0,0,0,1,0.331521739130435,12.4,4.00294009595006,10,12,15,2410.98360655738,1541.64274386992,1200,2000,3000
IA,muni,0600000US1915592325,,,946,2226,2.35306553911205,0.543899657924744,268.034435261708,557.780191707139,0,0,250,0.348525469168901,1,0,0,0,1,0.52723311546841,197.410138248848,685.126735962886,12,15,20,2412.2479338843,1545.50305133078,1200,2000,3500
IA,muni,0600000US1915592388,,,698,1725,2.47134670487106,0.442922374429224,158.91833030853,390.419721290408,0,0,0,0.432727272727273,1,0,0,0,1,0.594555873925502,11.4857142857143,17.6799445798957,8,10,12,1569.59036144578,1047.86144117764,900,1500,2000
IA,muni,0600000US1915593057,,,275,747,2.71636363636364,0.738095238095238,280,552.329993363232,0,0,440,0.248780487804878,1,0,0,0,1,0.251824817518248,88.2284263959391,276.77682677724,8,10,15,146415.927536232,1203678.51705931,500,1000,1600
IA,muni,0600000US1915593135,,,171,449,2.62573099415205,0.5,244.511111111111,510.835281257192,0,0,168,0.333333333333333,1,0,0,0,1,0.716867469879518,13.3829787234043,5.28555534283259,10,13,15,2492.43697478992,2267.51785685662,1200,2000,3250
IA,muni,0600000US1915594311,,,255,582,2.28235294117647,0.528688524590164,218.535353535354,511.562140523397,0,0,237.5,0.353535353535354,1,0,0,0,1,0.505882352941176,11.304,13.1088642750104,5,8,12,1126.62790697674,821.401470713388,500,1000,1500
IA,muni,0600000US1916390048,,,89,221,2.48314606741573,0.469135802469136,186.123287671233,451.054719063044,0,0,0,0.342465753424658,1,0,0,0,1,0.528089887640449,14.2857142857143,7.8531824038154,10,15,15,1618.93617021277,1090.25173407946,900,1680,2000
IA,muni,0600000US1916393420,,,3151,8907,2.82672167565852,0.527336860670194,483.052677029361,741.212845199784,0,0,900,0.18007662835249,0.999365280863218,0.000634719136781974,0,0,1,0.605298457411133,44.7344827586207,268.842510166047,15,20,30,87551.9961218837,907755.970495734,2000,3000,4200
IA,muni,0600000US1916390393,,,697,1747,2.506456241033,0.491419656786272,387.843575418994,595.128953886766,0,0,750,0.191605839416058,1,0,0,0,1,0.530935251798561,19.9163987138264,80.5219230089137,10,12,15,273426.382113821,1625557.83014355,1300,2000,3500
IA,muni,0600000US1916391923,,,323,722,2.23529411764706,0.51505016722408,251.681818181818,546.175389568283,0,0,165,0.400749063670412,1,0,0,0,1,0.674922600619195,17.57,5.9700515200051,14,18,20,48919.5779816514,677079.656648132,2000,3000,4000
IA,muni,0600000US1916390429,,,103,248,2.40776699029126,0.520408163265306,233.574712643678,448.953605936456,0,0,288,0.367816091954023,1,0,0,0,1,0.592233009708738,10.2380952380952,3.12198751430703,8,10,12.25,1428.85245901639,726.56749711837,500,1500,2000
IA,muni,1600000US1919000,,,44082,115341,2.61651014019328,0.629579938527589,530.461099214847,798.407961038067,0,0,980,0.19356860064371,0.987682047094052,0.0122498979175174,2.26849961435507e-05,4.53699922871013e-05,1,0.463273957054504,43.0284378652123,234.364915308742,20,25,35,43224.25725,623039.769974047,2500,3700,5000
IA,muni,0600000US1916392490,,,125,380,3.04,0.522935779816514,139.010752688172,467.760819934432,0,0,0,0.446808510638298,1,0,0,0,1,0.52,9.26666666666667,2.82162753050504,8,10,10,462987.6,2114188.72777634,1000,1600,2500
IA,muni,0600000US1916393849,,,276,702,2.54347826086957,0.5078125,813.216216216216,623.366781590876,320.25,695,1117.5,0.294117647058824,1,0,0,0,1,0.605072463768116,23.8256880733945,27.9005655181958,11,15,20,662535.796407186,2486951.25704465,2400,4000,6000
IA,muni,0600000US1916394764,,,7,28,4,1,1010.5,1429.06280477801,505.25,1010.5,1515.75,0,1,0,0,0,1,0,15,0,15,15,15,,,,,
IA,muni,0600000US1916990777,,,243,623,2.56378600823045,0.666666666666667,592.55223880597,483.914539273898,250,500,800,0.417142857142857,1,0,0,0,1,0.534979423868313,23.1274509803922,86.9709945467342,7,9,10,1420.38461538462,1094.60474183458,600,1025,2000
IA,muni,0600000US1916991428,,,552,1658,3.0036231884058,0.898047722342733,524.987055016181,737.016171799657,0,80,990,0.174273858921162,0.985507246376812,0.0144927536231884,0,0,1,0.723948811700183,42.0794701986755,66.0672912697156,18,25,30,3361.43939393939,3005.84253002464,1500,3000,4000
IA,muni,0600000US1916994566,,,8578,22274,2.59664257402658,0.722426741275217,870.387011400652,1114.31464951186,0,450,1320,0.306983339241404,0.996036372114712,0.00384705059454418,0,0.000116577290743763,1,0.573598681111634,185.846841649841,827.828757487494,25,35,43,265674.743789776,1592870.75197405,3500,5000,6500
IA,muni,0600000US1916991992,,,790,2181,2.76075949367089,0.540983606557377,184.320970042796,403.227604606594,0,0,140,0.216833095577746,1,0,0,0,1,0.653164556962025,10.5653846153846,3.92393332604579,7,10,14,563464.965116279,2304985.86021995,900,1500,2200
IA,muni,0600000US1916992340,,,1436,4163,2.89902506963788,0.665912518853695,181.498181818182,423.855810328672,0,0,100,0.265526552655266,1,0,0,0,1,0.592246949030869,52.3871559633028,319.614155335163,10,15,18,450476.498181818,2070536.25745088,1000,2000,3000
IA,muni,0600000US1916992616,,,2,3,1.5,,0,0,0,0,0,0.5,1,0,0,0,1,1,,,,,,900,0,900,900,900
IA,muni,0600000US1916993063,,,3297,8663,2.62754018804974,0.753373819163293,820.503442340792,692.672374580262,320,665,1100,0.183841315916788,1,0,0,0,1,0.559322033898305,360.263909774436,1419.49234992766,12,20,25,503739.54214876,2182349.98737644,1250,2400,3500
IA,muni,0600000US1916991704,,,11,27,2.45454545454545,1,281.333333333333,202.031350702476,141.25,238.5,320.75,0,1,0,0,0,1,1,,,,,,659.090909090909,104.446593573419,600,700,725
IA,muni,0600000US1916993066,,,472,1230,2.60593220338983,0.531818181818182,1075.81463414634,2357.96117997209,324,600,1200,0.0643776824034335,1,0,0,0,1,0.684322033898305,1310.67142857143,2378.38001647653,14.5,700,1200,33074.8854489164,556299.338184923,1000,1800,2600
IA,muni,0600000US1916993261,,,2,2,1,0.5,0,,0,0,0,1,1,0,0,0,1,,,,,,,,,,,
IA,muni,0600000US1916994437,,,274,686,2.5036496350365,0.668292682926829,189.395348837209,378.52533215238,0,0,150,0.322429906542056,1,0,0,0,1,0.543795620437956,10.208,3.64403179760214,8,10,10,1294.89932885906,892.935197438129,500,1200,1700
IA,muni,0600000US1917990027,,,271,682,2.51660516605166,0.581589958158996,811.531914893617,546.464702440604,400,710,1200,0.369369369369369,1,0,0,0,1,0.527675276752768,13.203125,5.53920795810643,10,13.5,15,141932.629370629,1178206.98910765,900,1500,3000
IA,muni,0600000US1917990516,,,3,6,2,1,,,,,,,1,0,0,0,1,1,,,,,,1000,0,1000,1000,1000
IA,muni,0600000US1917990633,,,30190,79412,2.63040741967539,0.593035098715136,585.691358024691,771.189713784384,0,200,1050,0.196362113881652,0.986551838357072,0.0134481616429281,0,0,1,0.565288429476492,28.9155869345954,156.011279255736,10,15,25,93704.37149767,951617.096709374,1000,2000,3000
IA,muni,0600000US1917990789,,,171,442,2.58479532163743,0.367647058823529,552.603448275862,547.869620155795,145,432,760,0.428571428571429,1,0,0,0,1,0.631578947368421,7.9016393442623,3.47709130372302,5,7,10,185817.37037037,1354366.27549712,250,575,1000
IA,muni,0600000US1917993621,,,119,296,2.48739495798319,0.75,305.558823529412,567.811812144389,0,195,363.5,0.36,1,0,0,0,1,0.588235294117647,37.469387755102,86.5212165793301,7,8,10,1572346.82857143,3665231.23238393,600,700,3000
IA,muni,0600000US1917994575,,,1580,4033,2.55253164556962,0.40406162464986,342.828849028401,752.581046610661,0,0,190,0.0640357408786299,1,0,0,0,1,0.717721518987342,16.5258426966292,72.0715821720115,5,8,13,300532.200176367,1706013.81492411,240,500,1000
IA,muni,0600000US1918190045,,,92,225,2.44565217391304,0.461538461538462,267.2,505.507138096651,0,0,300,0.342857142857143,1,0,0,0,1,0.771739130434783,13.1428571428571,3.38061701891407,12,12,18,142608.985915493,1186569.40469376,1000,2000,2350
IA,muni,0600000US1918192625,,,41,98,2.39024390243902,0.45,129.710526315789,302.089919304934,0,0,0,0.315789473684211,1,0,0,0,1,0.658536585365854,8.33333333333333,1.55699788832305,7.5,9,9.25,371444.37037037,1924286.27380536,400,500,1150
IA,muni,0600000US1918194371,,,5,9,1.8,0,416,,416,416,416,0.4,1,0,0,0,1,1,,,,,,580,109.544511501033,500,500,700
IA,muni,1600000US1938280,,,3757,9384,2.49773755656109,0.58963282937365,674.749152542373,787.325657559196,31.5,450,1000,0.335106382978723,0.998935320734629,0.00079850944902848,0,0.000266169816342827,1,0.521156936261382,91.6858304297329,399.034808075604,10,15,20,249469.755909558,1551004.53529481,1500,2500,4000
IA,muni,0600000US1918191764,,,1,1,1,0,,,,,,1,1,0,0,0,1,1,,,,,,600,,600,600,600
IA,muni,0600000US1918390849,,,5,9,1.8,0,1000,,1000,1000,1000,0.6,1,0,0,0,1,1,,,,,,2700,273.861278752583,2500,2500,3000
IA,muni,0600000US1918391236,,,3,6,2,1,1450,,1450,1450,1450,0,1,0,0,0,1,1,,,,,,9999998,0,9999998,9999998,9999998
IA,muni,0600000US1918393195,,,40,91,2.275,1,738.75,505.568109789733,265,798.5,1080,0.307692307692308,1,0,0,0,1,0.825,5,0,5,5,5,873.333333333333,480.303723352908,700,750,1000
IA,muni,0600000US1918394578,,,4900,12761,2.60428571428571,0.646798138710392,352.159071367154,629.452612948918,0,0,550,0.368725361366623,0.993877551020408,0.00612244897959184,0,0,1,0.54072861236185,39.7423822714682,198.891863396458,12,15,24,176518.937925814,1307902.56563743,1200,2100,3000
IA,muni,0600000US1918790102,,,92,221,2.40217391304348,0.604651162790698,197.092105263158,347.856950584828,0,0,208,0.236842105263158,1,0,0,0,1,0.489130434782609,10.2765957446809,4.60010457187175,6,10,12,867.666666666667,705.641713104269,225,700,1200
IA,muni,0600000US1918794584,,,3,4,1.33333333333333,0,145,221.528779168757,17.5,35,217.5,0.666666666666667,1,0,0,0,1,1,,,,,,1633.33333333333,750.555349946514,1200,1200,1850
IA,muni,0600000US1918793684,,,1,1,1,,,,,,,,1,0,0,0,1,1,,,,,,900,,900,900,900
IA,muni,1600000US1928515,,,21534,59558,2.76576576576577,0.685165421558164,447.262907690456,731.801575667135,0,0,750,0.26765621259277,0.993870158818612,0.00580477384601096,0,0.000325067335376614,1,0.478228298529825,41.7177278973889,257.074760351375,15,23,30,181333.861366752,1322562.74193203,1600,3000,4200
IA,muni,0600000US1918793220,,,51,166,3.25490196078431,0.854166666666667,491.5625,612.0621377637,0,300,630,0.125,1,0,0,0,1,0.588235294117647,17.25,2.04939015319192,18,18,18,3099.33333333333,1930.80639457542,1750,3250,5000
IA,muni,0600000US1919393045,,,41,90,2.19512195121951,0.769230769230769,254.137931034483,606.008057710335,0,0,150,0.32258064516129,1,0,0,0,1,0.2,182.21875,414.147529766013,11.5,15,16.25,5000255.25,5344949.8324693,537.5,5000499,9999998
IA,muni,0600000US1919392940,,,665,1919,2.88571428571429,0.523985239852399,206.012958963283,481.760354110569,0,0,160,0.462719298245614,1,0,0,0,1,0.47218045112782,11.017094017094,4.99882770139944,7,10,13,1222.77070063694,956.17831141909,500,1000,1600
IA,muni,0600000US1919392661,,,4,10,2.5,0.75,30,42.4264068711929,15,30,45,1,1,0,0,0,1,,,,,,,,,,,
IA,muni,0600000US1919393669,,,4,10,2.5,1,331.25,382.630696625349,0,325,656.25,0,1,0,0,0,1,1,,,,,,6500,0,6500,6500,6500
IA,muni,0600000US1914991533,,,4,10,2.5,0,323.5,261.413465605733,238.5,327,412,0,1,0,0,0,1,0,10,0,10,10,10,,,,,
IA,muni,1600000US1973335,,,50751,137974,2.71864593801107,0.664575606654657,500.846117436693,802.964058736357,0,0,847,0.202767551098134,0.992768615396741,0.00701464010561368,0.000157632361923903,5.91121357214636e-05,1,0.458782229754267,76.6921640368931,432.795726694972,15,21,30,196983.217810026,1377033.39192937,2000,3000,4500
IA,muni,0600000US1919390810,,,7,28,4,0,204,319.324286580273,20,40,306,0,1,0,0,0,1,0,10,0,10,10,10,,,,,
IA,muni,0600000US1919590345,,,1,1,1,1,300,,300,300,300,0,1,0,0,0,1,,,,,,,,,,,
IA,muni,0600000US1919591338,,,81,227,2.80246913580247,0.447368421052632,164.918918918919,359.554383027595,0,0,124,0.27027027027027,1,0,0,0,1,0.4625,177.083333333333,557.442187905744,9.25,10,15,1788.51351351351,1244.60773877693,900,1500,2500
IA,muni,0600000US1919591797,,,1704,4336,2.54460093896714,0.550955414012739,274.281138790036,571.549112000799,0,0,300,0.3497150997151,1,0,0,0,1,0.565859421145895,14.8832417582418,8.54626341522308,10,12.5,20,190671.675365344,1358121.74243694,1700,3000,4000
IA,muni,0600000US1919592310,,,6,8,1.33333333333333,1,361,475.671104861332,91.5,183,541.5,0.2,1,0,0,0,1,0.8,,,,,,257.5,251.147367097487,40,257.5,475
IA,muni,0600000US1919592634,,,1241,3573,2.87912973408542,0.578096947935368,398.23406374502,834.253918894868,0,0,262.5,0.114688128772636,0.964544721998388,0.0354552780016116,0,0,1,0.516962843295638,152.454700854701,513.289063546183,12,18,25,96081.5390625,964224.56546687,1000,2000,3500
ID,muni,0500000US16005,,,12992,38317,2.94927647783251,0.681810239384938,613.197941239545,920.166056152634,0,0,1080,0.169980960440025,0.988916256157635,0.00854371921182266,0.00130849753694581,0.00123152709359606,1,0.518154134457718,32.3121160409556,152.775989082167,15,23,34,173530.528782399,1293439.77051158,2000,3000,4400
ID,muni,0500000US16011,,,4719,13363,2.8317440135622,0.670664427920365,339.36693163752,610.234334958813,0,0,480,0.248839368616527,0.998516634880271,0.000423818605636787,0,0.00105954651409197,1,0.554964916011057,151.907945736434,607.270732351053,10,15,25,44380.9762452107,647811.803929588,900,1800,3000
ID,muni,0500000US16013,,,429,1164,2.71328671328671,0.605263157894737,281.17571884984,547.590266927908,0,0,350,0.182965299684543,1,0,0,0,1,0.710955710955711,131.661290322581,618.211804774504,7,10,15,33790.7803278689,572541.881674298,300,500,1000
ID,muni,0500000US16015,,,142,338,2.38028169014085,0.622950819672131,349.972222222222,549.102555123916,0,0,715.5,0.453703703703704,1,0,0,0,1,0.549295774647887,8.75,2.73716340251427,7,8,10,672.435897435897,952.078977267316,200,300,500
ID,muni,0500000US16017,,,6478,17263,2.6648656992899,0.635824649658642,336.519003115265,590.662658015199,0,0,500,0.296141607000796,0.998147576412473,0.000308737264587836,0,0.00154368632293918,1,0.633831310301899,29.1756055363322,164.296573964348,8,10,15,209929.345691137,1429457.12242534,400,1000,2000
ID,muni,0500000US16019,,,12510,37459,2.99432454036771,0.686894944424525,415.64882053654,694.357093233246,0,0,650,0.191156149239982,0.996482813749001,0.00207833733013589,0,0.00143884892086331,1,0.597657512116317,180.131382316314,742.959401706148,13,20,30,112136.549939181,1040349.35502904,850,2150,4000
ID,muni,0500000US16023,,,19,43,2.26315789473684,0.625,351,347.65643960669,0,350,510,0,1,0,0,0,1,0.473684210526316,8.5,2.41522945769824,6.25,10,10,600,641.482657598785,80,80,1000
ID,muni,0500000US16027,,,11054,29507,2.66935046137145,0.737977618711564,467.051585495373,698.726281934057,0,100,720,0.249519415609381,0.999638140039804,0.000361859960195404,0,0,1,0.585414951047671,27.7958454322091,217.336141785203,10,15,22,130231.799624883,1124675.32130615,600,2000,3000
ID,muni,0500000US16001,,,25,71,2.84,1,560,181.65902124585,500,600,600,0,1,0,0,0,1,0.68,7.75,2.43486579272276,5.75,8,10,314.705882352941,124.705535515611,350,350,400
ID,muni,0500000US16031,,,5581,16143,2.89249238487726,0.679674796747968,339.945996275605,598.467548056674,0,0,500,0.226933333333333,0.999641641282924,0,0,0.000358358717075793,1,0.618266978922717,25.420719844358,122.163838528259,10,15,25,211443.846153846,1433107.5057078,400,1000,2500
ID,muni,0500000US16067,,,2710,7223,2.66531365313653,0.716038933559035,317.619789050728,568.505248593668,0,0,453.5,0.237195425161611,0.997785977859779,0,0,0.0022140221402214,1,0.6484375,16.4141749723145,7.7602016798056,10,15,20,36244.272518646,585771.266460947,500,1200,2500
ID,muni,0500000US16039,,,1795,5229,2.91309192200557,0.673870333988212,417.774710596616,716.836178602517,0,0,600,0.270925110132159,0.994986072423398,0,0,0.00501392757660167,1,0.568946188340807,19.1426701570681,41.7591774070107,10,12,17,267936.860098522,1609616.62654681,1000,1800,3000
ID,muni,0500000US16041,,,3947,11748,2.97643780086141,0.576197387518142,320.420389461627,595.2163488746,0,0,472.5,0.262251148545176,0.996706359260198,0.00101342791993919,0,0.00228021281986319,1,0.646236012207528,16.5711143695015,10.5670518091386,10,15,20,104538.40377804,1006328.17824069,1000,2000,3000
ID,muni,0500000US16043,,,2240,6730,3.00446428571429,0.52489837398374,248.764511873351,462.880639498921,0,0,345,0.23849643551523,0.997767857142857,0.00133928571428571,0,0.000892857142857143,1,0.696087352138308,12.4380664652568,6.5956205069365,8,12,15,53728.5202614379,721344.113536382,400,1000,2000
ID,muni,0500000US16045,,,3113,8360,2.68551236749117,0.916366258111031,569.646333949476,684.965373491732,0,330,1000,0.147942157953281,1,0,0,0,1,0.561431796194776,37.8029029793736,196.073940581232,12,18,23,168407.883974727,1279958.48966622,1000,1700,2500
ID,muni,0500000US16051,,,1749,5147,2.94282447112636,0.598440545808967,355.198664440735,623.295477331343,0,0,480,0.169129720853859,0.998284734133791,0,0,0.00171526586620926,1,0.568896512292739,13.235531628533,5.92493269549121,9,12,16,1983.54170854271,1723.26908200462,600,1500,3000
ID,muni,0500000US16053,,,3295,9368,2.84309559939302,0.776978417266187,486.445431472081,691.976196171519,0,220,760,0.196854979615609,1,0,0,0,1,0.660595021250759,67.2849002849003,394.296486333444,10,14,23,598873.182444853,2370274.17993661,300,1200,2500
ID,muni,0500000US16055,,,7393,18525,2.5057486811849,0.663854425144748,377.465491435224,663.482223093322,0,0,576,0.2344057780696,0.999188421479778,0,0.000135263086703639,0.000676315433518193,1,0.648203592814371,23.964550058434,83.0238858240492,10,15,20,48252.9754356498,677992.130210217,1000,1500,2500
ID,muni,0500000US16057,,,5299,13964,2.63521419135686,0.635235732009926,488.355702985456,793.411257945281,0,0,753,0.280625752105897,0.999622570296282,0.000377429703717683,0,0,1,0.578104138851803,30.6333643122677,142.873746212466,13,20,32,161232.505113824,1248266.92864657,1050,2400,4000
ID,muni,0500000US16069,,,11388,30982,2.72058306989814,0.711596537145158,506.550246720424,956.245649133505,0,0,800,0.232383124287343,0.976378644186863,0.00122936424306287,0.0193185809624166,0.00307341060765718,1,0.510358493965051,41.2561113200451,254.969297578382,10,17,25,249960.862513237,1552043.38811917,1400,2500,4000
ID,muni,0500000US16065,,,2920,8839,3.02705479452055,0.582787243337702,362.727851199217,758.744837249987,0,0,500,0.204743465634076,0.998972602739726,0,0,0.00102739726027397,1,0.652606310013717,17.3977955911824,13.5417581129138,10,15,23,86504.2002101944,913094.384937585,1200,2400,3500
ID,muni,0500000US16073,,,11,24,2.18181818181818,0.777777777777778,213.875,404.648149631257,0,0,175,0.375,1,0,0,0,1,0.818181818181818,5,0,5,5,5,761.111111111111,1015.35947383728,100,100,675
ID,muni,0500000US16075,,,3465,9029,2.60577200577201,0.717900063251107,309.658509861213,570.870241755261,0,0,400,0.266034985422741,1,0,0,0,1,0.558214181499854,15.367816091954,7.67417986282358,10,15,20,96212.4986931521,965488.879764083,700,1800,3000
ID,muni,0500000US16081,,,294,930,3.16326530612245,0.709163346613546,423.415300546448,893.828530514891,0,70,570.5,0.0706521739130435,1,0,0,0,1,0.585034013605442,14.275,31.1701652494925,5,10,15,2003.43023255814,2076.92287592268,400,1200,3000
ID,muni,0500000US16083,,,12470,32803,2.63055332798717,0.802632891193777,449.397682380827,693.089545633694,0,30,720,0.227568270481144,0.997834803528468,0.00104250200481155,0.000320769847634322,0.000801924619085806,1,0.52508064516129,42.8806310254163,235.352978509494,10,18,25,163819.244816464,1259393.86865408,1000,2400,4000
IN,muni,0600000US1800150220,,,1283,3334,2.59859703819174,0.503316749585406,436.375394321767,610.85632817186,0,0,900,0.172736732570239,1,0,0,0,1,0.665105386416862,364.183770883055,610.608761359436,10,15,700,84798.3755868545,902979.624790188,1800,2800,3500
IN,muni,0600000US1800179262,,,1529,4067,2.65990843688685,0.493860845839018,356.622522522523,613.626182482231,0,0,600,0.216384683882458,1,0,0,0,1,0.626553302812296,152.202872531418,428.964798901693,7,11,20,117154.067849687,1065690.0324717,1000,2000,3000
IN,muni,0600000US1800180324,,,4634,12341,2.6631419939577,0.544598729112733,437.372363191685,690.698511494209,0,0,780,0.210716435881999,0.974536037980147,0.0254639620198533,0,0,1,0.610844947735192,81.6257952573742,536.293848510274,11,15,23,91898.1704099822,939759.363846652,1500,2500,3500
IN,muni,0600000US1800165862,,,1091,2785,2.55270394133822,0.604696673189824,479.810615199035,771.623850243105,0,0,765,0.19327731092437,1,0,0,0,1,0.610138248847926,499.091787439614,1560.38761443853,15,25,35,79049.166163142,866139.19714605,1800,3000,4000
IN,muni,0600000US1800300298,,,1985,5609,2.82569269521411,0.512976256212038,455.21052631579,690.432776591842,0,0,840,0.157597173144876,1,0,0,0,1,0.625189681335357,28.771978021978,169.332690402645,15,20,25,149064.809061489,1198026.10727094,2500,3500,4500
IN,muni,0600000US1800310990,,,41,125,3.04878048780488,0.243243243243243,317.2,481.86043193239,0,0,637.5,0.133333333333333,1,0,0,0,1,0.804878048780488,20.875,5.69304086457442,14,25,25,2062.12121212121,802.927291134437,1950,2200,2500
IN,muni,0600000US1800350238,,,241,677,2.80912863070539,0.762931034482759,314.588571428571,553.252069803811,0,0,635.5,0.109195402298851,1,0,0,0,1,0.697095435684647,10.8356164383562,5.34117574090964,8,10,10,1189.34523809524,1031.99483582758,600,1000,1200
IN,muni,0600000US1800514752,,,8920,22655,2.53979820627803,0.661534480527882,691.602763385147,843.537290112877,0,500,1040,0.190988462737761,0.992264573991031,0.00773542600896861,0,0,1,0.390450389434473,64.4633458646617,375.251879024603,12,16,25,367618.708586297,1873114.96145791,2000,3000,4500
IN,muni,0600000US1800581656,,,316,799,2.52848101265823,0.616724738675958,476.125,655.525301843961,0,287,765,0.468208092485549,1,0,0,0,1,0.468152866242038,11.7425149700599,9.91892682196382,6,8,12.5,2181.08843537415,1882.07983149643,600,1500,3500
IN,muni,0600000US1800527432,,,98,307,3.13265306122449,0.578947368421053,1356.4,1340.58398344403,520,800,1800,0.512820512820513,1,0,0,0,1,0.36734693877551,32.1228070175439,7.71378676563361,25,32,40,4659.72222222222,1605.2956756776,4000,4500,6000
IN,muni,0600000US1800513618,,,318,831,2.61320754716981,0.521885521885522,113.539748953975,294.378746010064,0,0,0,0.343096234309623,1,0,0,0,1,0.610062893081761,5.62096774193548,1.91948816829363,4,6,7,684.252577319588,748.411847439032,300,500,900
IN,muni,0600000US1800532530,,,1004,2504,2.49402390438247,0.446969696969697,772.187667560322,1111.66164359822,200,500,900,0.262145748987854,0.99800796812749,0.00199203187250996,0,0,1,0.614770459081836,1097.35064935065,1259.66647543269,500,700,1000,66143.6233766234,803757.847778166,500,1000,1525
IN,muni,0600000US1807927234,,,61,179,2.9344262295082,0.852459016393443,353.071428571429,577.206789374786,0,0,500,0.0714285714285714,1,0,0,0,1,0.721311475409836,10.1764705882353,2.37790070539244,9,9,10,861.818181818182,562.127489997217,612.5,900,1200
IN,muni,0600000US1800711224,,,1145,2940,2.56768558951965,0.60361216730038,346.354415274463,620.479397789194,0,0,516.5,0.312570781426954,0.993013100436681,0.00698689956331878,0,0,1,0.472759226713533,127.26597582038,644.111868144535,12,16,20,96012.4237918216,960143.114113541,2000,3000,4000
IN,muni,0600000US1800728818,,,22,50,2.27272727272727,0.818181818181818,121.733333333333,471.471172678316,0,0,0,0.222222222222222,1,0,0,0,1,0.863636363636364,5,0,5,5,5,1833.68421052632,1351.72404533501,600,1560,3500
IN,muni,0600000US1801180378,,,63,175,2.77777777777778,0.811320754716981,534.704545454546,662.744034196144,0,0,1012.5,0.2,1,0,0,0,1,0.507936507936508,20.4516129032258,8.5745309285792,15,15,30,3671.875,2300.80411960127,2000,3000,5000
IN,muni,0600000US1801111242,,,5871,15331,2.61130982796798,0.5875589066918,379.666808964781,659.939587343382,0,0,600,0.254294803817603,0.991313234542667,0.00868676545733265,0,0,1,0.533196088522903,22.3711890243902,104.55581566858,10,15,20,105542.215572716,1009358.25455245,1000,2000,3500
IN,muni,0600000US1801137854,,,119,285,2.39495798319328,0.565217391304348,428.72,844.465141585806,0,0,600,0.240740740740741,1,0,0,0,1,0.630252100840336,17.7272727272727,9.14575422236915,10,15,22,2634.66666666667,1616.57323032673,1500,2000,3500
IN,muni,0600000US1801113672,,,66,144,2.18181818181818,0.854545454545455,355.679245283019,531.491507044993,0,0,562,0.358490566037736,1,0,0,0,1,0.303030303030303,19.8478260869565,4.20564378110255,16.5,20,23,2255,757.575773524721,1800,2000,3000
IN,muni,0600000US1801185580,,,46,113,2.45652173913043,0.456521739130435,239.65,511.756930984092,0,0,112.5,0.175,1,0,0,0,1,0.543478260869565,9.38888888888889,2.93335561488864,6.5,10,12.25,1177.6,491.767899182802,950,1000,1100
IN,muni,0600000US1801186372,,,1355,3446,2.54317343173432,0.642515923566879,397.346456692913,685.324631171479,0,0,700,0.241681260945709,1,0,0,0,1,0.57496251874063,19.1622574955908,8.24139687532078,12,18,25,16195.4784876141,360971.07168799,2000,3000,3500
IN,muni,0600000US1801136792,,,309,759,2.45631067961165,0.46643109540636,362.15,638.067337509649,0,0,656.75,0.217741935483871,1,0,0,0,1,0.653721682847896,10.0093457943925,4.98392761520849,7,9,10,1527.82178217822,1070.6487585106,700,1200,2200
IN,muni,0600000US1801131648,,,19,55,2.89473684210526,0.368421052631579,273,381.297629618834,0,0,576,0.111111111111111,1,0,0,0,1,0.368421052631579,12.9166666666667,2.57464325272219,10,15,15,957.142857142857,113.389341902768,1000,1000,1000
IN,muni,0600000US1801173844,,,1196,3146,2.6304347826087,0.465051258154707,212.100220264317,439.517099797362,0,0,205,0.328193832599119,1,0,0,0,1,0.641304347826087,8.14150943396226,4.38013715524169,5,7,10,40123.962190352,624527.581392596,300,600,1500
IN,muni,0600000US1801517236,,,2011,5142,2.55693684733963,0.847255369928401,331.068165846803,557.918582894654,0,0,520,0.315568022440393,1,0,0,0,1,0.540759493670886,18.5972850678733,95.5253260666543,8,12,16,170217.33988764,1287623.94011686,750,1500,2500
IN,muni,0600000US1801537872,,,96,203,2.11458333333333,0.773809523809524,236.776315789474,445.387729173409,0,0,292.5,0.355263157894737,1,0,0,0,1,0.40625,18.1578947368421,9.33654393400357,12,15,20,1542409.94871795,3653472.09987605,3000,3500,10000
IN,muni,0600000US1801500316,,,5,7,1.4,1,0,0,0,0,0,0.6,1,0,0,0,1,1,,,,,,2580,402.492235949962,2200,2500,3000
IN,muni,0600000US1801575824,,,15,38,2.53333333333333,1,592.5,892.504501789367,0,120,840,0.375,1,0,0,0,1,1,,,,,,4014.66666666667,3297.32979993264,1615,2500,8400
IN,muni,0600000US1801550256,,,1371,3256,2.37490882567469,0.591269841269841,234.454044117647,465.513825875394,0,0,277.75,0.292616226071103,1,0,0,0,1,0.561633843909555,11.5233333333333,5.00011240830795,8,10,15,14901.1727272727,360308.361553757,900,1500,2500
IN,muni,0600000US1801706490,,,79,208,2.63291139240506,0.514285714285714,265.366666666667,556.270509937376,0,0,315,0.327868852459016,1,0,0,0,1,0.556962025316456,9.41935483870968,3.22256826716815,6,10,12,455638.545454546,2106828.90710757,600,1200,1700
IN,muni,0600000US1801720494,,,19544,50568,2.58739255014327,0.580621956617973,468.840476794319,728.620226486664,0,0,750,0.200213527601583,0.986440851412198,0.0134568153909128,5.11665984445354e-05,5.11665984445354e-05,1,0.486381527158226,23.0808541515497,123.602692693444,10,15,23,158944.696374622,1240739.94770336,1300,2000,3500
IN,muni,0600000US1801775968,,,712,1759,2.47050561797753,0.503759398496241,263.210431654676,528.187191052458,0,0,360,0.310592459605027,1,0,0,0,1,0.574438202247191,8.72013651877133,3.66071854357466,6,8,10,1259.65770171149,818.16854009164,700,1180,1600
IN,muni,0600000US1801754054,,,300,715,2.38333333333333,0.508710801393728,586.964705882353,945.098117395928,0,0,985,0.245136186770428,1,0,0,0,1,0.583050847457627,27.9837398373984,11.0897853900486,22,25,30,3421.07558139535,1667.52254518447,2000,3500,4500
IN,muni,0600000US1801700334,,,9,25,2.77777777777778,0.888888888888889,1060.2,604.650477548807,750,1117,1500,0.285714285714286,1,0,0,0,1,1,,,,,,4333.33333333333,632.455532033676,3800,3800,5000
IN,muni,0600000US1801705086,,,38,152,4,0.90625,457.6875,643.9078995202,0,158,761.25,0.25,1,0,0,0,1,0.36,685.625,1396.33433794823,35,40,40,3266.66666666667,350,2800,3500,3500
IN,muni,0600000US1801713006,,,136,344,2.52941176470588,0.433070866141732,602.974137931035,1068.87430799035,0,0,850,0.316239316239316,1,0,0,0,1,0.5,43.4705882352941,154.921498714116,20,25,31.25,4517.64705882353,1437.86130322248,4000,4500,5050
IN,muni,0600000US1801737890,,,213,544,2.55399061032864,0.510309278350515,630.6,1134.80765202769,0,0,750,0.170588235294118,1,0,0,0,1,0.446009389671362,78.7966101694915,237.120855597628,20,30,40,213972.063157895,1442706.46044665,2500,3350,4000
IN,muni,0600000US1801780432,,,47,145,3.08510638297872,0.377777777777778,435.394736842105,753.463015447491,0,0,650,0.236842105263158,1,0,0,0,1,0.717391304347826,15.6923076923077,3.42502105552203,15,18,18,2696.9696969697,248.098831724437,2500,2500,3000
IN,muni,0600000US1801736846,,,118,278,2.35593220338983,0.385964912280702,267.357142857143,563.721676774966,0,0,400,0.365384615384615,1,0,0,0,1,0.76271186440678,11.6521739130435,5.02365943811855,8,10,13.5,445389.8,2072143.92964256,500,1000,1500
IN,muni,0600000US1801912142,,,508,1426,2.80708661417323,0.507494646680942,170.390501319261,376.679393680915,0,0,193.5,0.176315789473684,0.785433070866142,0.214566929133858,0,0,1,0.464566929133858,29.8604651162791,214.137969422569,5,6,8,1272.4406779661,1325.78247657349,300,1000,2000
IN,muni,0600000US1801938367,,,8838,23846,2.69812174700158,0.68078335373317,383.957223102405,638.056896847758,0,0,631,0.189724454649828,0.959266802443992,0.0407331975560081,0,0,1,0.433382469667763,16.5534274193548,48.9065057847417,10,13,18,47187.6135531136,665357.998948859,1200,2200,3500
IN,muni,0600000US1801978128,,,254,725,2.85433070866142,0.816666666666667,451.718309859155,744.978007458697,0,0,884,0.207547169811321,1,0,0,0,1,0.470338983050848,18,10.2351387150409,12,15,25,4321.44144144144,4054.86483282104,1350,3000,5000
IN,muni,0600000US1801969696,,,1044,2760,2.64367816091954,0.416494845360825,327.441031941032,557.665930352953,0,0,500,0.190184049079755,1,0,0,0,1,0.659003831417625,34.0533707865169,315.109138195834,8,10,12,205236.652616279,1412680.48832463,1000,1500,2500
IN,muni,0600000US1802107192,,,7592,19514,2.57033719704953,0.470969560315671,379.629536921151,634.58844373227,0,0,600,0.182553337921542,0.965094836670179,0.0349051633298209,0,0,1,0.49635520212061,20.3929992044551,156.35477713501,7,10,14,127017.415754339,1113197.30511881,500,1000,2000
IN,muni,0600000US1802178416,,,867,2621,3.02306805074971,0.402269861286255,320.650485436893,603.477811699571,0,0,468,0.159701492537313,0.976931949250288,0.0230680507497117,0,0,1,0.616945107398568,8.15576323987539,4.99068251782955,6,8,10,1242.2417794971,1616.70255181397,400,900,1500
IN,muni,0600000US1802161290,,,160,393,2.45625,0.328859060402685,308.396551724138,477.056005814473,0,0,497.75,0.258620689655172,1,0,0,0,1,0.775,6.76470588235294,2.33625994207281,5,6,9,645794.991935484,2466499.90245088,350,500,750
IN,muni,0600000US1802136864,,,130,308,2.36923076923077,0.32520325203252,462.151515151515,725.094622447845,0,0,825,0.118811881188119,1,0,0,0,1,0.561538461538462,12.8771929824561,5.08172557672025,9,10,18,275976.520547945,1643338.44303408,1200,2000,3000
IN,muni,0600000US1802131684,,,1031,2369,2.29776915615907,0.45,254.481435643564,553.553416603024,0,0,260,0.223844282238443,1,0,0,0,1,0.669931439764936,33.4676923076923,155.331275923917,8,12,15,1156222.26900585,3198094.5147225,1000,1300,2500
IN,muni,0600000US1802173988,,,178,464,2.60674157303371,0.227544910179641,257.404580152672,431.081141364824,0,0,450,0.33587786259542,1,0,0,0,1,0.792134831460674,13.0606060606061,14.9497897015715,7,10,12,1020.28368794326,1079.06304811324,500,600,1000
IN,muni,0600000US1802311260,,,10930,29378,2.68783165599268,0.721816707218167,505.68146354587,766.017409963532,0,0,900,0.218172071830608,0.993046660567246,0.00631290027447393,0,0.000640439158279963,1,0.483133640552995,56.4693357597816,339.212090703778,11,15,25,384019.319725296,1915352.74763861,1200,2000,3500
IN,muni,0600000US1802345918,,,7,12,1.71428571428571,0,757.714285714286,1137.41662174797,0,0,1152,0.285714285714286,1,0,0,0,1,0.571428571428571,25,0,25,25,25,2600,1039.23048454133,1700,2600,3500
IN,muni,0600000US1802357456,,,1,1,1,1,364,,364,364,364,0,1,0,0,0,1,,,,,,,,,,,
IN,muni,0600000US1802339960,,,680,1891,2.78088235294118,0.614147909967846,240.444444444444,468.647505691036,0,0,288,0.366120218579235,1,0,0,0,1,0.540983606557377,7.5487012987013,3.59526900522522,5,7,10,1335.4132231405,893.286328191615,600,1000,2000
IN,muni,0600000US1802359004,,,664,1730,2.60542168674699,0.408783783783784,263.812631578947,495.397709905231,0,0,390,0.289308176100629,1,0,0,0,1,0.664145234493192,25.9023255813954,84.0688677649264,6,8,10,206005.665148064,1418541.57972215,500,700,1400
IN,muni,0600000US1802366078,,,140,303,2.16428571428571,0.511811023622047,333.855855855856,512.10618300304,0,0,540,0.272058823529412,1,0,0,0,1,0.535714285714286,10.6779661016949,4.32491051518391,8,10,14,134948.906666667,1154512.0146011,1000,1500,2050
IN,muni,0600000US1802703484,,,627,1778,2.83572567783094,0.527372262773723,403.164319248826,520.350749127072,0,215,640,0.267605633802817,1,0,0,0,1,0.671451355661882,50.5105263157895,26.4636597135735,36,60,60,594.762470308789,556.130607833377,300,500,700
IN,muni,0600000US1802745936,,,590,1361,2.30677966101695,0.394594594594595,158.3539445629,359.695708426844,0,0,104,0.399150743099788,1,0,0,0,1,0.689303904923599,18,75.8347618913062,5,8,10,1575.07389162562,1233.68378182535,1000,1200,2000
IN,muni,0600000US1802772890,,,523,1245,2.38049713193117,0.527114967462039,212.059952038369,420.653187994802,0,0,234,0.403846153846154,1,0,0,0,1,0.608030592734226,7.82926829268293,4.04692111862973,5,7,10,221598.06918239,1469334.31031781,1000,1400,2000
IN,muni,0600000US1802780522,,,9224,24956,2.70555073720729,0.533952067669173,381.903006789525,677.745699084828,0,0,558,0.245234493192133,0.991652211621856,0.00823937554206418,0,0.000108412836079792,1,0.528949950932287,66.6888366627497,570.129984193334,8,12,18,109762.172747887,1029624.49100915,1400,2200,3300
IN,muni,0600000US1802778722,,,4,7,1.75,0.25,0,0,0,0,0,0.333333333333333,1,0,0,0,1,0.75,4,,4,4,4,4000,0,4000,4000,4000
IN,muni,0600000US1802911278,,,3064,7968,2.60052219321149,0.4921875,418.608174144825,642.181747347655,0,0,762.5,0.197802197802198,0.99967362924282,0,0.000326370757180157,0,1,0.566993464052288,38.3138629283489,254.335051466973,10,15,20,222141.685302594,1463592.85885828,1775,3000,4000
IN,muni,0600000US1802934222,,,1681,4265,2.53718024985128,0.687625418060201,369.012711864407,548.311038325158,0,0,700,0.177364864864865,1,0,0,0,1,0.425328554360812,16.265350877193,34.0876346091464,10,12,18,184442.346910112,1339533.451403,300,1500,3000
IN,muni,0600000US1802913024,,,536,1202,2.24253731343284,0.568273092369478,316.602905569007,631.900563788172,0,0,417,0.372881355932203,1,0,0,0,1,0.463551401869159,10.9219858156028,3.81805212394362,9,10,12,203813.858870968,1408044.22386445,1500,2000,3000
IN,muni,0600000US1802931720,,,59,141,2.38983050847458,0.68,324.895833333333,466.821084665906,0,35,533.75,0.25,1,0,0,0,1,0.338983050847458,13.2432432432432,4.86144357507455,10,12,16,502032.4,2235589.40255501,937.5,2500,2600
IN,muni,0600000US1802944604,,,249,567,2.27710843373494,0.517857142857143,275.326530612245,448.870417609957,0,0,409.75,0.353846153846154,1,0,0,0,1,0.393574297188755,37.4697986577181,206.34347372593,9,12,18,104487.93877551,1009903.24477327,1500,2500,3150
IN,muni,0600000US1802942480,,,3801,10362,2.72612470402526,0.620319303338171,482.715818622361,709.168033022235,0,0,950,0.244137931034483,0.99184425151276,0.00789265982636148,0,0.000263088660878716,1,0.544367693942614,51.1900293255132,325.101974278641,13,18,25,155151.937530503,1220496.61070226,2000,3000,5000
IN,muni,0600000US1802949464,,,2073,5795,2.79546550892426,0.712137486573577,496.745289148798,722.96510002934,0,0,910,0.224791265253693,0.969609261939219,0.0303907380607815,0,0,1,0.487192118226601,25.765625,124.159791053968,10,15,23,195314.210313448,1372920.55232957,1490,3000,4500
IN,muni,0600000US1802971738,,,355,894,2.51830985915493,0.464396284829721,267.87456445993,516.553064192823,0,0,400,0.116438356164384,1,0,0,0,1,0.622535211267606,102.164179104478,325.303425600186,6,8,11.5,91713.6923076923,949022.215191833,500,1000,1800
IN,muni,0600000US1803100370,,,682,1709,2.5058651026393,0.615136876006441,215.458891013384,449.974315712649,0,0,225,0.205714285714286,1,0,0,0,1,0.631964809384164,11.0199203187251,43.9864024625068,5,7,10,1210.48723897912,989.525605953064,500,1000,1500
IN,muni,0600000US1803167536,,,330,886,2.68484848484849,0.463815789473684,194.336170212766,490.203936466396,0,0,0,0.311965811965812,1,0,0,0,1,0.618181818181818,6.13709677419355,2.23910071023137,5,6,8,1623.52941176471,877.465727295923,1000,1600,2100
IN,muni,0600000US1803167734,,,484,1197,2.47314049586777,0.561247216035635,194.021563342318,435.687446324905,0,0,42.5,0.298153034300792,1,0,0,0,1,0.568181818181818,33.7129186602871,163.800546736426,7,10,12,1215.79636363636,916.267313886989,600,1000,1500
IN,muni,0600000US1803180558,,,5673,15463,2.72571831482461,0.673192479162628,313.751048333701,588.278521078738,0,0,416,0.270418217648347,1,0,0,0,1,0.49010350463047,24.5376146788991,141.708656722339,9,12,18,498927.79659133,2172010.28551678,1250,2500,4000
IN,muni,0600000US1803370200,,,750,1825,2.43333333333333,0.747603833865815,473.606451612903,607.319683008253,0,153,847.5,0.294372294372294,1,0,0,0,1,0.620782726045884,170.368421052632,397.492687838274,8,12,25,653744.641304348,2471363.23876575,900,1500,2500
IN,muni,0600000US1803339636,,,4443,12477,2.8082376772451,0.489377112506036,515.742719903933,855.50625275435,0,0,780,0.267003267003267,0.990096781453973,0.00990321854602746,0,0,1,0.687372013651877,56.5686853766617,294.093390741189,8.25,12,20,273500.847401523,1624933.83719231,1000,2000,3000
IN,muni,0600000US1803322288,,,256,622,2.4296875,0.560344827586207,233.738693467337,417.56090955958,0,0,339,0.291457286432161,1,0,0,0,1,0.58203125,9.7196261682243,12.1366390490161,6,7,8,915.140939597315,744.780940223857,400,600,1300
IN,muni,0600000US1803377228,,,5321,13214,2.48336778800977,0.656651512156553,456.274839347504,745.879888125543,0,0,780,0.208883553421369,0.999248261604962,0.000751738395038527,0,0,1,0.564097672644029,128.922902494331,626.440410914832,14,19,25,196018.907676699,1374722.76935843,1800,2800,4000
IN,muni,0600000US1803336936,,,6,21,3.5,0.833333333333333,562.5,335.87572106361,443.75,562.5,681.25,0,1,0,0,0,1,1,,,,,,1500,0,1500,1500,1500
IN,muni,0600000US1803384590,,,1765,4408,2.49745042492918,0.563076923076923,305.70962962963,558.300760518525,0,0,523.75,0.2824314306894,1,0,0,0,1,0.600454029511918,24.9201741654572,114.593357198064,8,10,15,143343.422495274,1182602.09094121,700,1400,2000
IN,muni,0600000US1803511296,,,36346,94750,2.60688934133055,0.701541784150219,507.70995995996,749.320095426086,0,0,953.25,0.170518513338694,0.932097067077533,0.0674352060749464,0,0.000467726847521048,1,0.442181757895609,48.1586096683979,298.452394037227,15,20,28,123780.733424983,1091236.46632123,1800,2700,4000
IN,muni,0600000US1803530600,,,20,49,2.45,0.833333333333333,429.529411764706,846.282319740808,0,0,432,0.294117647058824,1,0,0,0,1,0.3,27.9285714285714,9.93412367482976,22.5,32.5,35,3633.33333333333,2117.23089592672,1925,5000,5000
IN,muni,0600000US1803586084,,,2,3,1.5,0,550,777.817459305202,275,550,825,1,1,0,0,0,1,1,,,,,,4000,0,4000,4000,4000
IN,muni,0600000US1803550292,,,22,94,4.27272727272727,0.80952380952381,346.428571428571,520.19060327563,0,70,451,0.0454545454545455,0.409090909090909,0.590909090909091,0,0,1,0.5,14,1.09544511501033,14,14,15,1300,0,1300,1300,1300
IN,muni,0600000US1803517470,,,1561,4088,2.61883408071749,0.575609756097561,416.27065767285,646.804536252804,0,0,783,0.194772344013491,1,0,0,0,1,0.629011553273428,57.4556521739131,225.480016880482,10,12,16,113737.690816327,1053873.46127373,1000,1200,1700
IN,muni,0600000US1803543236,,,381,970,2.54593175853018,0.492795389048991,448.74,710.739136016079,0,0,922.5,0.186666666666667,1,0,0,0,1,0.566929133858268,16.0124223602484,9.41805949867046,10,12,15,2282.12962962963,990.785970294269,1500,2500,3000
IN,muni,0600000US1803577246,,,1352,3646,2.69674556213018,0.599814298978644,380.421923474664,585.998517737106,0,0,649,0.199792960662526,1,0,0,0,1,0.607988165680473,71.4874274661509,276.022584909976,10,12,15,98634.6496350365,982182.995936534,600,1200,1575
IN,muni,0600000US1803703124,,,4384,12492,2.84945255474453,0.443275732531931,402.825503355705,628.026234832888,0,0,780,0.156269691241336,0.999771897810219,0.000228102189781022,0,0,1,0.711361545538178,47.8356500408831,292.526219628144,10,14,20,190607.371160685,1356274.03613732,2000,3000,4000
IN,muni,0600000US1803710684,,,355,960,2.70422535211268,0.49685534591195,203.74609375,371.913243605273,0,0,229.75,0.254826254826255,1,0,0,0,1,0.664788732394366,43.8739495798319,219.026449707693,7.5,8,11,1432.6186440678,864.282946375549,1000,1400,2000
IN,muni,0600000US1803723008,,,862,2675,3.10324825986079,0.367224880382775,248.328813559322,395.522860431893,0,0,501.5,0.186356073211315,1,0,0,0,1,0.777262180974478,51.5914634146342,262.202956421409,6.75,9,12,389772.574626866,1932421.9681821,786.75,1500,2000
IN,muni,0600000US1803737926,,,367,846,2.30517711171662,0.564179104477612,162.186131386861,436.35659169802,0,0,41.75,0.317725752508361,1,0,0,0,1,0.591280653950954,12.4864864864865,41.6543088863053,5,6,8,949.838709677419,1379.35471922837,500,600,1000
IN,muni,0600000US1803758302,,,3727,10184,2.73249262141132,0.48820687695368,344.218571428571,619.536401440336,0,0,600,0.252478753541076,1,0,0,0,1,0.568511552928533,87.0556962025317,322.203120097936,10,12,17,210187.18289225,1426949.73557827,1200,2000,3000
IN,muni,0600000US1803913726,,,67,151,2.25373134328358,0.4,254.677966101695,526.256048885802,0,0,77.5,0.389830508474576,1,0,0,0,1,0.712121212121212,8.92307692307692,1.25575597825496,8,10,10,939.36170212766,548.549091201425,700,1000,1100
IN,muni,0600000US1803914842,,,21877,57013,2.6060703021438,0.591211984568365,572.499517490953,845.733066414579,0,0,1000,0.166744813034814,0.9949718882845,0.00475385107647301,0,0.000274260639027289,1,0.521345941975762,36.5463617866486,262.116533138161,15,20,25,59769.3231487189,748356.488338814,1800,2600,4000
IN,muni,0600000US1803957150,,,2475,6726,2.71757575757576,0.592099422991567,589.810335641982,837.751407855775,0,90,1027,0.171291355389541,1,0,0,0,1,0.571949736522092,17.8294117647059,9.64361604223376,12,15,21,24721.3430191354,460640.061048183,1500,2500,3500
IN,muni,0600000US1803903754,,,13,31,2.38461538461538,0.307692307692308,104,328.876876657511,0,0,0,0.6,1,0,0,0,1,0.692307692307692,13.5,4.04145188432738,10,13.5,17,1722.22222222222,440.958551844098,1500,2000,2000
IN,muni,0600000US1803920746,,,6800,17529,2.57779411764706,0.593319280038917,418.416240772288,630.080506339661,0,0,750,0.272040777798754,0.999117647058824,0.000882352941176471,0,0,1,0.580526004728132,24.0236643958408,143.740228834089,12,15,22,83975.847798422,898677.36280272,1200,2000,3500
IN,muni,0600000US1803937944,,,103,286,2.77669902912621,0.604395604395604,444.283950617284,512.371599392665,0,312,825,0.222222222222222,1,0,0,0,1,0.446601941747573,37.2608695652174,63.9539538461883,12,16,20,219049.52173913,1474169.51799832,1200,1400,2500
IN,muni,0600000US1803977264,,,1914,5034,2.63009404388715,0.565804274465692,456.021529324425,725.662256515858,0,0,800,0.224890829694323,1,0,0,0,1,0.662631578947369,36.224358974359,258.418323342357,10.75,15,20,58683.6751389992,743643.466665319,2000,2500,4000
IN,muni,0600000US1803944514,,,1079,2815,2.60889712696942,0.578046324269889,693.0703125,657.863221758094,36.25,700,1100,0.226872246696035,1,0,0,0,1,0.608897126969416,18.7980997624703,30.8755504473705,12,15,20,261096.99543379,1588456.41933822,1500,2200,3000
IN,muni,0600000US1803948942,,,639,1579,2.47104851330203,0.502555366269165,396.552631578947,692.711944458221,0,0,600,0.328685258964143,1,0,0,0,1,0.693270735524257,13.4278350515464,4.18205498406579,11,14,16.75,69751.6343115124,820890.902485555,1400,2000,2500
IN,muni,0600000US1803980594,,,287,774,2.69686411149826,0.829268292682927,401.281938325991,652.982808715239,0,0,750,0.318965517241379,1,0,0,0,1,0.678321678321678,20.6888888888889,15.4822438669611,10,16,20,466551.247422681,2108179.86477068,1925,2500,4000
IN,muni,0600000US1804114950,,,11320,30695,2.71157243816254,0.729585427135678,462.439907252351,696.319385421205,0,0,850,0.22382626161185,0.963427561837456,0.0365724381625442,0,0,1,0.375279491995349,38.9005865102639,205.189736037136,12,16,23,282094.630600572,1646042.33455742,2000,3000,4000
IN,muni,0600000US1804181314,,,44,133,3.02272727272727,0.825,352.285714285714,469.066200582712,0,0,610,0.214285714285714,1,0,0,0,1,0.477272727272727,13,4.5924839782964,13,15,17,1557.14285714286,793.455372766124,1000,1000,2500
IN,muni,0600000US1804131792,,,1376,3575,2.59811046511628,0.796445880452342,522.298918387414,755.547496076567,0,8,1000,0.150732127476314,0.958575581395349,0.0414244186046512,0,0,1,0.555636896046852,80.0755033557047,387.484929720177,17,20,25,253604.384716733,1562756.70179558,2450,3000,4500
IN,muni,0600000US1804161308,,,3,6,2,0,0,0,0,0,0,0,1,0,0,0,1,1,,,,,,3200,0,3200,3200,3200
IN,muni,0600000US1804156736,,,334,874,2.61676646706587,0.490066225165563,250.349794238683,467.450741062848,0,0,311,0.313253012048193,1,0,0,0,1,0.466867469879518,12.8947368421053,10.4937250894937,8,10,12,195401.767741936,1381892.40868269,1000,1500,2500
IN,muni,0600000US1804327342,,,81,202,2.49382716049383,0.6,234.430769230769,529.45210386631,0,0,200,0.405797101449275,1,0,0,0,1,0.481481481481482,8.575,2.30815166368333,7,8,10,2966.66666666667,1118.11244452268,2000,3000,4000
IN,muni,0600000US1804329862,,,285,759,2.66315789473684,0.501831501831502,174.688888888889,339.373439369091,0,0,225,0.2,1,0,0,0,1,0.53356890459364,6.75,2.46618350264174,5,6,8,1223.62251655629,788.725839496605,560,1200,2000
IN,muni,0600000US1804352344,,,18108,47763,2.63767395626243,0.589191745994206,407.330426007352,675.292166218015,0,0,678,0.176265756668292,0.970068478020764,0.0299315219792357,0,0,1,0.475389822984296,64.2584125627604,318.918624226003,10,14,20,97242.2565658924,967588.10738817,1300,2000,3300
IN,muni,0600000US1812550418,,,208,509,2.44711538461538,0.594736842105263,438.473684210526,646.057518479344,0,0,800,0.135802469135802,1,0,0,0,1,0.730769230769231,142.678571428571,387.076882527248,7,10,15,527468.085526316,2240077.63543094,900,1200,1900
IN,muni,0600000US1805311332,,,14298,37347,2.61204364246748,0.674388893620646,552.73189036328,850.328688895721,0,140,935.5,0.188804272574424,0.955098615190936,0.0449013848090642,0,0,1,0.495082888451812,51.523606975755,291.030886071702,12,18,25,259685.994324631,1581472.37857123,1300,2500,4000
IN,muni,0600000US1805380630,,,1791,4781,2.66945840312675,0.653603034134008,501.785939968405,716.823026538128,0,0,900,0.106299212598425,0.993299832495812,0.00670016750418761,0,0,1,0.487093153759821,19.7318181818182,25.116400442877,12,15,23,427905.094470046,2020959.79484914,1000,1500,2500
IN,muni,0600000US1805360372,,,104,248,2.38461538461538,0.597222222222222,415.070422535211,751.772217096635,0,0,697,0.144578313253012,1,0,0,0,1,0.701923076923077,24.3548387096774,10.3780164678252,18,30,31,1782790.80821918,3851372.49176837,500,3100,6000
IN,muni,0600000US1805325378,,,3488,9305,2.66771788990826,0.647227533460803,756.610631229236,685.237392778131,200,700,1100,0.0919012062033314,0.970470183486239,0.0295298165137615,0,0,1,0.586624387431536,77.0674715909091,450.931489989294,10,15,20,134275.813759214,1144289.38716602,900,1300,2400
IN,muni,0600000US1805322441,,,2524,7012,2.77812995245642,0.735873287671233,379.005737234653,603.667828585404,0,0,600,0.137321937321937,0.997226624405705,0.00237717908082409,0,0.000396196513470682,1,0.616117506947201,52.5435244161359,323.428064287659,8,10,15,220316.971649485,1464092.0375709,487.5,1000,1800
IN,muni,0600000US1806777336,,,20,99,4.95,0.9375,355.555555555556,441.902452785428,0,0,800,0.111111111111111,1,0,0,0,1,1,,,,,,405,162.140290132374,300,300,450
IN,muni,0600000US1805337962,,,625,1532,2.4512,0.533795493934142,221.053278688525,432.721611488006,0,0,250,0.200819672131148,1,0,0,0,1,0.622792937399679,8.47345132743363,3.80078395887808,7,8,10,103955.737113402,1011314.98602489,400,600,1000
IN,muni,0600000US1805349374,,,3306,9134,2.76285541439806,0.688271604938272,597.871756487026,716.305168471609,0,316,1007.25,0.163621599675193,1,0,0,0,1,0.546756015839172,35.2518822724162,161.324418544481,10,12,16,124127.588857939,1100407.61375153,1000,1400,2000
IN,muni,0600000US1805369912,,,290,734,2.53103448275862,0.44,340.32,556.293926140944,0,40,532,0.207070707070707,1,0,0,0,1,0.717241379310345,176.182926829268,410.690719835778,6.25,10,14.25,193722.076923077,1376466.65178616,500,1050,2000
IN,muni,0600000US1805378479,,,764,1998,2.6151832460733,0.532670454545455,255.107325383305,503.911722723121,0,0,360,0.266211604095563,1,0,0,0,1,0.667539267015707,27.6732283464567,113.666975572422,6,7,10,118611.31372549,1079206.56757354,500,700,1200
IN,muni,0600000US1805700388,,,1507,3785,2.51161247511612,0.524566473988439,297.034188034188,592.333308356541,0,0,387,0.294970161977835,0.993364299933643,0.006635700066357,0,0,1,0.637027206370272,18.7537313432836,71.3367621280281,8,10,15,54002.8864583333,720043.526047885,900,1800,2500
IN,muni,0600000US1805713060,,,830,1792,2.15903614457831,0.724619289340102,519.821480406386,777.085198407763,0,36,900,0.203193033381713,0.903614457831325,0.0963855421686747,0,0,1,0.273276904474002,22.9305084745763,14.3308085168321,14,20,30,533755.867256637,2246592.93319018,1900,3000,4200
IN,muni,0600000US1805737044,,,977,2382,2.43807574206755,0.581187010078387,257.767341040462,454.370813109672,0,0,400,0.327205882352941,1,0,0,0,1,0.658461538461538,10.6151515151515,6.54981478250951,8,10,12,32545.1728971963,557633.161631558,600,1200,1800
IN,muni,0600000US1805754198,,,4404,11442,2.59809264305177,0.605237154150198,358.998560322488,603.374012070977,0,0,600,0.243013042321001,0.956630336058129,0.043369663941871,0,0,1,0.548254620123203,14.4558521560575,8.77818896952584,8,12,20,64580.9825218477,787600.564894353,1000,1800,3000
IN,muni,0600000US1809537188,,,7,11,1.57142857142857,0.714285714285714,608.833333333333,621.713894542069,75,501.5,1038.25,0.166666666666667,1,0,0,0,1,0.333333333333333,28,0,28,28,28,2000,0,2000,2000,2000
IN,muni,0600000US1809573556,,,948,2455,2.58966244725738,0.552291421856639,523.197278911565,674.764601596377,0,36,999,0.163563829787234,1,0,0,0,1,0.634801288936627,13.3184523809524,4.86256660783543,10,12,16,52524.6615905245,711137.100809571,1000,1500,2000
IN,muni,0600000US1805780666,,,523,1371,2.62141491395794,0.566666666666667,867.834437086093,668.437884727904,400,750,1100,0.345703125,0.988527724665392,0.011472275334608,0,0,1,0.60038240917782,14.6602870813397,8.60927506964904,8,12,20,65845.7515923567,796639.901636469,1000,1800,3000
IN,muni,0600000US1805911368,,,4330,10694,2.46974595842956,0.581565854935847,345.818757192175,617.541500150216,0,0,500,0.197658589708685,0.996304849884527,0.00369515011547344,0,0,1,0.569988276670574,32.9843837144451,186.558145681933,9,12,20,236406.094199918,1513200.05489193,650,1500,3000
IN,muni,0600000US1814578578,,,37,85,2.2972972972973,0.685714285714286,520.903225806452,1066.62218724466,0,0,752,0.290322580645161,1,0,0,0,1,0.648648648648649,20.4615384615385,4.96009718680633,15,20,25,2704.16666666667,1382.64999710438,1600,3500,3500
IN,muni,0600000US1805929142,,,81,195,2.40740740740741,0.448717948717949,470.661971830986,806.861768009897,0,0,845,0.23943661971831,1,0,0,0,1,0.604938271604938,15.3125,4.86221441652444,8,18,19,2624.69387755102,905.623868853253,1800,2500,3100
IN,muni,0600000US1805937062,,,44,111,2.52272727272727,0.82051282051282,438.25,639.500308961059,0,36,770.5,0.3125,1,0,0,0,1,0.441860465116279,17,5.09901951359278,13,18,20,3421.05263157895,884.168754234684,2700,3200,4000
IN,muni,0600000US1805906040,,,3,6,2,1,490,848.70489570875,0,0,735,0,1,0,0,0,1,0,15,0,15,15,15,,,,,
IN,muni,0600000US1805973880,,,28,54,1.92857142857143,0.48,621.739130434783,1107.97174305088,0,0,925,0.222222222222222,1,0,0,0,1,0.5,15.3076923076923,7.61998048318384,10,13,15,1969.23076923077,570.649652274516,2000,2000,2000
IN,muni,0600000US1805908794,,,30,60,2,0.482758620689655,451.153846153846,879.428573213661,0,0,487.5,0.423076923076923,1,0,0,0,1,0.766666666666667,25,0,25,25,25,3647.82608695652,1235.41291044271,3250,4000,4500
IN,muni,0600000US1805978866,,,1438,3580,2.48956884561892,0.59304084720121,395.721824686941,629.926933341937,0,0,700,0.337801608579088,1,0,0,0,1,0.665041782729805,84.199124726477,358.984040596154,10,15,23,264035.12565445,1597111.50203188,1000,2000,3500
IN,muni,0600000US1806106544,,,55,128,2.32727272727273,0.148148148148148,185.952380952381,471.414578682281,0,0,180,0.302325581395349,1,0,0,0,1,0.963636363636364,4,0,4,4,4,1022.83018867925,1101.75101430979,450,750,1500
IN,muni,0600000US1806125396,,,266,754,2.83458646616541,0.281746031746032,234.638613861386,402.657049604349,0,0,357.5,0.257425742574257,1,0,0,0,1,0.755639097744361,12.9846153846154,39.0030016103298,7,8,9,1710.7960199005,1058.63183552361,1000,1500,2200
IN,muni,0600000US1806131810,,,836,2199,2.63038277511962,0.496815286624204,290.874622356496,592.859095486306,0,0,371.5,0.232732732732733,1,0,0,0,1,0.59688995215311,11.4564564564565,5.35898598421117,7,10,15,2036.60320641283,1623.91024159612,1000,1700,2500
IN,muni,0600000US1806137080,,,116,290,2.5,0.60952380952381,285.185567010309,468.168357580389,0,0,450,0.268041237113402,1,0,0,0,1,0.741379310344828,8.86666666666667,2.31536596248409,10,10,10,1307.38372093023,885.505746732668,700,1000,1800
IN,muni,0600000US1806151030,,,258,682,2.64341085271318,0.467532467532468,212.567164179104,410.955468045405,0,0,150,0.27363184079602,1,0,0,0,1,0.666666666666667,8.90476190476191,3.32431367178412,7,8,10,1829.20930232558,1053.41866316909,1200,1800,2000
IN,muni,0600000US1806161344,,,118,296,2.50847457627119,0.61,240.506329113924,457.518778468968,0,0,295.5,0.146067415730337,1,0,0,0,1,0.627118644067797,8.38636363636364,4.87144460256465,5,7,10,869.594594594595,657.260689693942,277.5,725,1200
IN,muni,0600000US1806133268,,,16,40,2.5,0.875,342.933333333333,738.904929769788,0,0,150,0.266666666666667,1,0,0,0,1,0.625,5,0,5,5,5,154,59.6657355607052,85,200,200
IN,muni,0600000US1806311386,,,2082,5099,2.44908741594621,0.568714376187461,406.861305361305,700.273522983447,0,0,624,0.349327091866589,0.999039385206532,0.000960614793467819,0,0,1,0.550810014727541,18.1898454746137,8.34539914125887,12,16,23.75,74733.1229946524,841473.847947674,2000,3000,4800
IN,muni,0600000US1806313078,,,160,395,2.46875,0.281045751633987,285.267175572519,483.515345781886,0,0,400,0.206106870229008,1,0,0,0,1,0.525,9.96610169491525,3.23219847085495,8,10,12,1527.5,966.564996038169,700,1300,2125
IN,muni,0600000US1806330204,,,1705,4093,2.40058651026393,0.621843434343434,445.575144508671,715.975294245782,0,0,765,0.200434153400868,0.96950146627566,0.0304985337243402,0,0,1,0.54356846473029,28.7061923583663,155.240809962133,10,18,25,13964.5398037077,330135.457814197,1500,2700,4000
IN,muni,0600000US1806380702,,,46,113,2.45652173913043,0.543478260869565,482.636363636364,669.512780786419,0,0,936,0.0909090909090909,0.260869565217391,0.739130434782609,0,0,1,0.521739130434783,22.7727272727273,9.37032711825101,15,25,30,2079.16666666667,845.437456441116,1500,2500,2500
IN,muni,0600000US1806343290,,,502,1177,2.34462151394422,0.515991471215352,240.813602015113,496.829585356212,0,0,200,0.307304785894207,1,0,0,0,1,0.573705179282869,10.0233644859813,4.5876355451033,6,10,12,106219.013888889,1016848.43625484,1000,1750,2850
IN,muni,0600000US1806343794,,,732,1834,2.50546448087432,0.564777327935223,435.765112262522,639.918433999009,0,0,840,0.586206896551724,1,0,0,0,1,0.53013698630137,14.8567164179104,6.00875668091812,10,15,20,2859.81912144703,1673.86578050213,1500,3000,4000
IN,muni,0600000US1806377318,,,199,426,2.14070351758794,0.518716577540107,227.024844720497,496.849825781274,0,0,150,0.234567901234568,1,0,0,0,1,0.592964824120603,9.3,4.60709414443597,6,8,10,2631.18644067797,2792.60873335173,1000,1600,3000
IN,muni,0600000US1806518838,,,6,9,1.5,1,33.3333333333333,57.7350269189626,0,0,50,0.333333333333333,1,0,0,0,1,,,,,,,,,,,
IN,muni,0600000US1806522630,,,1704,4505,2.643779342723,0.444239063462723,280.72052663076,567.170968999129,0,0,180,0.147727272727273,1,0,0,0,1,0.674295774647887,30.9090909090909,85.5781825119369,10,15,20,80331.3420365535,881770.131109913,1200,2000,2700
IN,muni,0600000US1806529700,,,514,1346,2.61867704280156,0.622641509433962,314.761394101877,521.071228501675,0,0,580,0.346354166666667,0.996108949416342,0.00389105058365759,0,0,1,0.692007797270955,10.3092105263158,4.29882711962132,8,10,12,57704.214084507,749423.579289017,500,1000,1725
IN,muni,0600000US1806533124,,,16470,43996,2.67128111718276,0.637709180612041,481.072722820764,696.405816193411,0,0,960,0.22426886411375,0.982088646023072,0.0179113539769277,0,0,1,0.518787804729028,29.1634271099744,167.964065342771,15,20,25,82992.7274761512,891104.288846401,1650,2500,3500
IN,muni,0600000US1806561560,,,90,201,2.23333333333333,0.738095238095238,672.68,952.321376597378,0,270,1043.5,0.306666666666667,1,0,0,0,1,0.355555555555556,19.051724137931,7.98995512754039,12,17,25,7890.625,4954.20052304917,4000,5250,13000
IN,muni,0600000US1806537998,,,221,581,2.6289592760181,0.475728155339806,626.302325581395,554.511614894902,0,602.5,1043.5,0.269230769230769,1,0,0,0,1,0.692307692307692,12.6212121212121,6.7019288877047,10,10,13,1985.62091503268,1402.05292624092,1200,1600,2500
IN,muni,0600000US1806572026,,,569,1417,2.49033391915641,0.966480446927374,311.226544622426,550.275399298918,0,0,500,0.301801801801802,0.984182776801406,0.015817223198594,0,0,1,0.601054481546573,16,11.0249114539016,10,14,18,177814.669590643,1314468.18365183,1500,2225,3000
IN,muni,0600000US1806581728,,,2223,5593,2.51596941070625,0.574281539210911,347.730254350736,585.053621744605,0,0,572,0.341705913134485,0.985155195681511,0.0148448043184885,0,0,1,0.534873188405797,13.5426587301587,5.53710653977091,10,13,15,146177.845893311,1191343.14146036,1200,2000,3300
IN,muni,0600000US1806711422,,,25522,70721,2.77098189797038,0.699436741767764,581.810800580405,793.227363334527,0,200,1000,0.174872177859482,0.967204764516887,0.0325993260716245,0.000117545646892877,7.83637645952512e-05,1,0.500256744479994,25.4147165259349,126.011834092117,12,17,25,133344.91654165,1137114.36019245,1000,1800,3000
IN,muni,0600000US1806734906,,,30,82,2.73333333333333,0.76,431.235294117647,612.33901245672,0,0,920,0.142857142857143,1,0,0,0,1,0.266666666666667,17.2272727272727,2.36908296869361,15,16.5,20,1312.5,405.101398241407,1000,1050,1800
IN,muni,0600000US1806721430,,,51,155,3.03921568627451,0.638297872340426,1101.77777777778,1172.31212243937,365,750,1460,0.1,1,0,0,0,1,0.450980392156863,21,9.62140470884728,11,20,30,1170.86956521739,863.117568329422,80,1500,1500
IN,muni,0600000US1806731846,,,10,20,2,1,237.5,440.5759217855,0,0,225,0.444444444444444,1,0,0,0,1,0.1,30.5555555555556,14.8838092495765,15,40,45,5000,,5000,5000,5000
IN,muni,0600000US1806713096,,,4,10,2.5,1,655.5,636.826245271555,172.5,661,1144,0,1,0,0,0,1,0,20,0,20,20,20,,,,,
IN,muni,0600000US1806743326,,,1023,2528,2.47116324535679,0.61546499477534,246.980511571255,502.381088573528,0,0,0,0.193195625759417,1,0,0,0,1,0.622678396871945,10.6373056994819,4.18383493936025,8,10,12,48163.9701726845,685110.151153425,850,1000,1200
IN,muni,0600000US1806916678,,,931,2424,2.60365198711063,0.609447004608295,613.055900621118,540.484238270328,162.5,600,890,0.255014326647564,1,0,0,0,1,0.658405172413793,7.66561514195584,2.76079882326743,6,7,9,17257.8936170213,404521.188189234,500,600,1000
IN,muni,0600000US1806935311,,,13908,36941,2.65609721023871,0.580912162162162,443.841105186621,732.204398397547,0,0,732.5,0.189176381385651,1,0,0,0,1,0.529433008306248,35.963067735345,229.965139684523,10,13,19,182410.350886767,1329584.65942925,1000,1900,3000
IN,muni,0600000US1806980126,,,5,15,3,1,150,212.132034355964,75,150,225,0,1,0,0,0,1,0,6,0,6,6,6,,,,,
IN,muni,0600000US1806937116,,,700,1764,2.52,0.581761006289308,509.244552058111,720.928851202207,0,0,998,0.247030878859857,1,0,0,0,1,0.664285714285714,16.5818965517241,37.2873737647875,8,11,15,173637.12688172,1301509.088391,1000,1500,2000
IN,muni,0600000US1818381152,,,74,212,2.86486486486487,0.593220338983051,524.363636363636,638.568409519578,0,300,800,0.292682926829268,1,0,0,0,1,0.432432432432432,12.1666666666667,4.76223285745436,10,10,15,1750.625,1080.83282554435,732.5,2250,2800
IN,muni,0600000US1817977714,,,495,1208,2.44040404040404,0.503311258278146,716.971223021583,568.134258250432,260,616,1040,0.25065274151436,1,0,0,0,1,0.692307692307692,124.506578947368,383.243252628024,8,10,13,176615.271929825,1314628.43351891,500,950,1750
IN,muni,0600000US1806967320,,,1357,3125,2.30287398673545,0.572593800978793,223.865916069601,454.476628187471,0,0,272,0.29405737704918,1,0,0,0,1,0.635245901639344,23.7730337078652,169.675060920008,5,8,10,169032.772903226,1284904.85980607,450,900,1600
IN,muni,0600000US1807108488,,,1711,4667,2.72764465225015,0.522446324007808,240.37962962963,523.910569767098,0,0,235.5,0.309578544061303,1,0,0,0,1,0.612788632326821,42.3348837209302,218.006366598569,7,10,15,89033.6879227053,928697.691212593,900,2000,2800
IN,muni,0600000US1807110450,,,681,1892,2.77826725403818,0.518151815181518,213.492662473795,412.446709632146,0,0,195,0.290794979079498,1,0,0,0,1,0.54625550660793,7.19741100323625,3.14836482440344,5,7,8,1348.14516129032,1003.32334582815,650,1000,1800
IN,muni,0600000US1807137134,,,8537,22085,2.58697434696029,0.614128905150577,440.30447257384,695.746297138318,0,30,687,0.210604485370563,0.988403420405295,0.0115965795947054,0,0,1,0.526526291024585,32.2317714858432,229.218681968229,10,14,20,49551.6260053619,683248.32565409,1500,2250,3500
IN,muni,0600000US1807163414,,,40,166,4.15,0.575757575757576,301.035714285714,564.876615970108,0,0,375,0.178571428571429,1,0,0,0,1,0.575,17.8823529411765,6.46995317739217,10,20,25,4234.78260869565,1381.89879107506,4100,5000,5000
IN,muni,0600000US1807178884,,,1108,2960,2.67148014440433,0.496031746031746,238.863237139272,411.851851219373,0,0,375,0.184782608695652,1,0,0,0,1,0.56,9.12190082644628,6.05663536876245,6,8,10,82321.4448051948,897898.775614385,600,1000,1500
IN,muni,0600000US1807310396,,,253,572,2.26086956521739,0.495798319327731,254.411483253589,680.698992454844,0,0,98,0.639423076923077,1,0,0,0,1,0.74703557312253,77.7222222222222,340.960043952847,10,10,15,319753.375661376,1757472.46475717,1200,2500,3500
IN,muni,0600000US1807346944,,,3148,8115,2.57782719186785,0.627770083102493,297.500203004466,565.234299977271,0,0,409.5,0.336750788643533,1,0,0,0,1,0.508144362823379,56.8219086021505,271.242759727567,15,18,25,486579.255813954,2146128.49397136,1500,2500,4000
IN,muni,0600000US1807731234,,,351,930,2.64957264957265,0.487804878048781,270.273037542662,533.043870296758,0,0,255,0.448979591836735,0.988603988603989,0.0113960113960114,0,0,1,0.651428571428571,12.0983606557377,6.90718853721883,6,10,18.75,177881.149122807,1315424.3681738,1500,2000,3100
IN,muni,0600000US1807746008,,,6891,18061,2.62095486866928,0.588172615876399,276.718429704119,527.63883998532,0,0,400,0.21807720861173,0.962704977506893,0.037295022493107,0,0,1,0.474452554744526,34.1540632054176,273.165390335997,7,9,14,88176.8138461539,924139.852861628,700,1500,2800
IN,muni,0600000US1807750346,,,16,40,2.5,0.625,291.111111111111,495.263678368514,0,0,480,0.222222222222222,1,0,0,0,1,0.1875,8,3.65148371670111,7,7,12,966.666666666667,57.7350269189626,950,1000,1000
IN,muni,0600000US1807749824,,,29,63,2.17241379310345,0.111111111111111,494.666666666667,678.600127713909,0,0,936,0,1,0,0,0,1,0.896551724137931,8,0,8,8,8,1155593.23076923,3257481.88737203,1100,2500,3000
IN,muni,0600000US1807911458,,,2977,8121,2.72791400738999,0.630504833512352,384.569252077562,679.510667949977,0,0,500,0.224908759124088,0.973799126637555,0.0262008733624454,0,0,1,0.547354229861813,25.1597588545592,140.636530044825,8,10,15,180794.98953202,1324429.85087429,1200,1950,3000
IN,muni,0600000US1807978920,,,293,746,2.54607508532423,0.853383458646617,198.558035714286,422.081757565601,0,0,200,0.36,0.993174061433447,0.0068259385665529,0,0,1,0.535836177474403,7.5037037037037,3.75931494647326,6,7,8,765389.687898089,2665094.790714,500,1000,1600
IN,muni,0600000US1808106094,,,1509,4076,2.70112657388999,0.464069845533915,602.209726443769,646.654795656411,200,450,795,0.172897196261682,0.987408880053015,0.0125911199469848,0,0,1,0.553346587143804,13.8924242424242,40.1977539992917,7,10,12,181177.841916168,1328796.70473465,700,1200,1800
IN,muni,0600000US1814537404,,,853,2146,2.5158264947245,0.53405017921147,557.763231197772,686.053544652538,136.5,382,722.5,0.180300500834725,0.996483001172333,0.00351699882766706,0,0,1,0.504112808460635,9.37931034482759,8.39276381542296,6,8,10,817119.580419581,2740132.38334682,600,1200,2000
IN,muni,0600000US1808125468,,,5595,14468,2.58588025022341,0.594312246082414,340.365357967667,611.434792081182,0,0,500,0.327247515599723,0.959428060768543,0.0405719392314567,0,0,1,0.508812949640288,47.980399408284,247.032162618154,10,15,20,122516.650053022,1089612.33019378,1200,2000,3200
IN,muni,0600000US1808152164,,,34,88,2.58823529411765,0.59375,119.375,275.873917720144,0,0,35,0.36,1,0,0,0,1,0.705882352941177,12.2,5.67254596964871,6,13,18,4837.5,2009.2855100432,3450,4500,5750
IN,muni,0600000US1808160390,,,1875,4680,2.496,0.560579710144928,450.610398379473,688.162525095529,0,50,800,0.276280323450135,0.998933333333333,0.00106666666666667,0,0,1,0.517407605784681,51.1002252252252,448.216133642768,11,15,20,12932.3633540373,321673.525306228,1200,2000,3200
IN,muni,0600000US1808183924,,,329,851,2.58662613981763,0.548387096774194,229.348659003831,489.557599628444,0,0,189,0.381679389312977,1,0,0,0,1,0.604863221884498,13.3565891472868,10.9578727760088,10,10,14,152302.130653266,1221409.39561641,1050,1500,2000
IN,muni,0600000US1808309514,,,539,1432,2.65677179962894,0.484276729559749,207.010178117048,462.273518621379,0,0,234,0.286407766990291,1,0,0,0,1,0.62152133580705,20.0820512820513,125.550349024208,5,7,10,1439.44179104478,1301.90980929621,500,1000,2000
IN,muni,0600000US1808331864,,,2,3,1.5,0.5,400,565.685424949238,200,400,600,0.5,1,0,0,0,1,1,,,,,,1100,0,1100,1100,1100
IN,muni,0600000US1808317128,,,1,1,1,0,400,,400,400,400,0,1,0,0,0,1,,,,,,,,,,,
IN,muni,0600000US1808372908,,,2,3,1.5,1,100,141.42135623731,50,100,150,0,1,0,0,0,1,1,,,,,,50,0,50,50,50
IN,muni,0600000US1808379118,,,4697,11911,2.53587396210347,0.583046175051689,300.349640685462,508.3851448897,0,0,500,0.287139689578714,1,0,0,0,1,0.566316691664881,21.3601990049751,103.212576010147,6,8,10,27556.2198259554,513998.543066674,400,600,1500
IN,muni,0600000US1808384158,,,5,9,1.8,0.6,520,876.976624545945,0,0,576,0.2,1,0,0,0,1,0.4,10,0,10,10,10,1800,0,1800,1800,1800
IN,muni,0600000US1808380738,,,387,1090,2.81653746770026,0.533519553072626,294.106007067138,574.671009243112,0,0,465,0.200704225352113,1,0,0,0,1,0.576227390180879,14.0853658536585,54.2647907449136,6,8,9,744.529147982063,553.529524919294,435,500,1000
IN,muni,0600000US1808379217,,,17815,49521,2.77973617737861,0.664566165777993,401.794498893456,700.361959767605,0,0,604,0.206577515160939,0.991018804378333,0.00898119562166714,0,0,1,0.448511413445665,58.0932827963782,377.229040937008,10,14,24,306933.009138216,1718211.19514362,1000,1800,3500
IN,muni,0600000US1808513114,,,367,958,2.61035422343324,0.5,621.390243902439,602.465557605379,98.5,473,940.5,0.452554744525548,1,0,0,0,1,0.572207084468665,8.35668789808917,4.55312338394249,7,8,9,1259.38095238095,874.502235789596,600,1000,2000
IN,muni,0600000US1808525486,,,248,608,2.45161290322581,0.71551724137931,263.84328358209,467.601331617533,0,0,349.5,0.271676300578035,1,0,0,0,1,0.681451612903226,102.53164556962,364.191758289821,8,10,12,415303.822485207,1998290.06248193,500,1000,1800
IN,muni,0600000US1808531882,,,19,38,2,0.470588235294118,185.133333333333,390.032025547109,0,0,119.5,0.294117647058824,1,0,0,0,1,0.68421052631579,1006.4,1363.46426429151,10,12,2500,3269.23076923077,1072.67936758429,3000,4000,4000
IN,muni,0600000US1808580756,,,1013,2527,2.49457058242843,0.575357535753575,256.100755667506,468.782033712723,0,0,357.5,0.325786163522013,1,0,0,0,1,0.557312252964427,20.5865168539326,122.049335755406,6,8,12,54208.3138297872,727954.196128939,400,900,1500
IN,muni,0600000US1808575842,,,320,720,2.25,0.582236842105263,414.736842105263,486.507091336041,0,150,840,0.545816733067729,1,0,0,0,1,0.715625,163.25,592.334647253856,7,8,15,263740.64628821,1600536.9000624,1000,1800,3000
IN,muni,0600000US1808576760,,,1061,2805,2.64373232799246,0.609326424870466,250.605011933174,437.906298464985,0,0,406,0.237187127532777,1,0,0,0,1,0.623939679547597,10.9122807017544,6.71941793972117,7,10,12,16810.0120845921,388597.944165818,600,1400,2500
IN,muni,0600000US1808578488,,,816,2100,2.57352941176471,0.491108071135431,294.217741935484,505.867577359578,0,9,474,0.286407766990291,1,0,0,0,1,0.65970515970516,10.996,4.31444570797551,8,10,14.75,169265.450651769,1284680.76740788,750,1200,2200
IN,muni,0600000US1808581782,,,4932,12697,2.57441200324412,0.652659225213395,434.20322147651,739.158155273513,0,0,750,0.322617033276932,0.994525547445255,0.00547445255474453,0,0,1,0.473619881849664,20.2762430939227,78.1122837384661,12,15,22,191820.010752688,1362529.34243981,1400,2500,3500
IN,muni,0600000US1808909820,,,69891,209365,2.99559313788614,0.636652869586705,604.132454571133,863.924273200577,0,0,1200,0.120943675982057,0.826086334435049,0.173699045656808,0.00010015595713325,0.000114463951009429,1,0.493174851061369,48.921498661909,300.254788392243,18,25,35,65935.7005512227,783809.19986589,2200,3500,5000
IN,muni,0600000US1808911026,,,1399,3694,2.64045746962116,0.581467181467182,295.413698630137,554.940751152161,0,0,400,0.305936073059361,1,0,0,0,1,0.566308243727599,17.61,6.56147760141391,12,15,22,2850.90886075949,2442.59886981702,1300,2500,3500
IN,muni,0600000US1808911476,,,4289,11327,2.64094194450921,0.561278863232682,446.56576911173,751.388120115559,0,0,780,0.22970052485335,0.987409652599674,0.0118908836558638,0,0.000699463744462579,1,0.6030089784033,26.9154929577465,76.2324889006508,15,23,30,11843.3102615694,283539.26218654,2000,3500,5000
IN,muni,0600000US1808934132,,,7535,20790,2.75912408759124,0.609584007055711,614.850155137799,882.058030672461,0,0,1300,0.138359121986326,0.99721300597213,0.00278699402786994,0,0,1,0.660058541777541,33.0979076194236,169.320106505944,15,23,30,25742.1937109454,470244.378831348,2000,3500,5000
IN,muni,0600000US1812777570,,,32,76,2.375,0.5,520.208333333333,768.140724152449,0,0,1200,0.68,1,0,0,0,1,0.3125,25.1363636363636,8.48132657270668,17,30,30,4300,483.045891539648,4000,4000,4750
IN,muni,0600000US1808954414,,,113628,334522,2.94401027915655,0.571454555898064,597.93186466429,857.210046582015,0,0,1200,0.155344960927129,0.942839793008765,0.0569225895025874,5.28038863660365e-05,0.000184813602281128,1,0.448803681533013,44.5771765522026,274.065095564951,18,25,32,87647.8273085935,910760.890172534,2400,3500,5000
IN,muni,0600000US1808966870,,,1484,4747,3.19878706199461,0.573919636087945,442.504780114723,719.051280505269,0,0,750.75,0.240816326530612,1,0,0,0,1,0.682186234817814,19.7876857749469,9.99263224085889,15,18,25,2902.81404549951,1943.19580069589,1500,2500,4000
IN,muni,0600000US1808982574,,,259,786,3.03474903474904,0.591111111111111,318.165714285714,568.32058600134,0,0,462.5,0.363636363636364,1,0,0,0,1,0.455598455598456,9.45390070921986,3.34978715167091,7,10,11,1216.18644067797,747.333630105302,600,1000,1475
IN,muni,0600000US1809111494,,,12975,34997,2.69726396917148,0.516971713810316,523.19720822838,747.456314443348,0,34.5,952.5,0.213338772180298,0.994836223506744,0.00500963391136802,0,0.000154142581888247,1,0.53429883983493,35.633589087809,186.223118125116,15,22,30,98000.7439522005,968397.528411077,2000,3000,4000
IN,muni,0600000US1809168346,,,6,21,3.5,1,324,458.205194208883,162,324,486,0,1,0,0,0,1,0,5,0,5,5,5,,,,,
IN,muni,0600000US1809139186,,,49,158,3.22448979591837,0.6,373.617647058824,525.723571488419,0,0,636.75,0.176470588235294,1,0,0,0,1,0.938775510204082,18,0,18,18,18,1773.69565217391,1546.50769110514,850,1100,2000
IN,muni,0600000US1809160408,,,3,6,2,1,1118,1581.09076273312,559,1118,1677,0,1,0,0,0,1,0,40,0,40,40,40,,,,,
IN,muni,0600000US1809154090,,,32,87,2.71875,0.481481481481482,430.3,644.951413918746,0,0,803.5,0.3,1,0,0,0,1,0.75,26.5,4.37525509460387,24.5,28,30,2825,755.415232778002,2375,2400,3250
IN,muni,0600000US1809148780,,,17521,48135,2.74727469893271,0.504973412574288,517.443026941363,707.840361590901,0,130,900,0.188224313603484,0.989498316306147,0.0105016836938531,0,0,1,0.537357315807679,36.7203486169003,232.053769309861,15,20,26,48142.1970818582,669581.848114416,2000,2500,4000
IN,muni,0600000US1812759922,,,103,270,2.62135922330097,0.535353535353535,680.746666666667,942.423143232858,0,0,1337.5,0.151898734177215,1,0,0,0,1,0.650485436893204,31.4166666666667,7.95837384681785,26,32,35,4752.23880597015,3700.62886584344,2900,3500,5000
IN,muni,0600000US1809115040,,,98,254,2.59183673469388,0.384615384615385,515.53164556962,585.316522642259,0,385,905,0.15,1,0,0,0,1,0.571428571428571,19.6666666666667,5.26222927195016,15,20,25,2862.94642857143,1011.13562474249,2000,3000,3200
IN,muni,0600000US1809117974,,,2,3,1.5,1,882.5,731.855518528077,623.75,882.5,1141.25,0,1,0,0,0,1,0,20,0,20,20,20,,,,,
IN,muni,0600000US1809152830,,,525,1307,2.48952380952381,0.667364016736402,380.436507936508,634.055995352055,0,0,600,0.249406175771972,1,0,0,0,1,0.53757225433526,83.5291666666667,310.187821329908,10,15,20,253266.544802867,1566402.99270295,1100,2000,3500
IN,muni,0600000US1809346980,,,3343,8632,2.58211187556087,0.737144682210157,360.337602459016,556.970467576995,0,0,528,0.166040884438882,0.985342506730482,0.0146574932695184,0,0,1,0.470606060606061,8.97855866587254,5.3359837289077,6,8,10,361951.540244688,1864713.79733049,450,1000,2000
IN,muni,0600000US1809369102,,,13634,36460,2.6741968607892,0.63614573346117,341.801553062985,605.31944208171,0,0,500,0.192940501243543,0.996039313481003,0.00396068651899663,0,0,1,0.393159873221788,12.8198704631553,18.4356435061681,7,10,15,45264.1987251594,655160.856751807,1000,1600,2800
IN,muni,0600000US1809347304,,,26,56,2.15384615384615,1,258,490.534762214847,0,0,183.75,0.166666666666667,1,0,0,0,1,0.153846153846154,10.2272727272727,4.31974225622006,8,9,11.25,1100,0,1100,1100,1100
IN,muni,0600000US1809500406,,,85,205,2.41176470588235,0.480519480519481,230.446153846154,465.642869817136,0,0,175,0.323076923076923,1,0,0,0,1,0.811764705882353,5.75,1.39044357430761,5,5,7,1938.04347826087,1332.27890158602,1000,1500,3200
IN,muni,0600000US1809501486,,,30307,79054,2.60844029432144,0.672872722054814,622.579297376628,825.746308393545,0,170,1125.25,0.163351964989818,0.97122776916224,0.0287722308377603,0,0,1,0.490490623855045,36.2000398750582,246.39322222306,15,20,26,148768.99320929,1196325.98036171,2000,3000,4200
IN,muni,0600000US1809577426,,,623,1520,2.43980738362761,0.700173310225303,609.720682302772,764.742474403507,0,156,1200,0.207188160676533,1,0,0,0,1,0.606109324758843,18.0916666666667,6.37659926066409,13,18,23,29135.0610079576,514893.339777525,1700,2700,3500
IN,muni,0600000US1809564116,,,6,13,2.16666666666667,1,440,453.725320724628,150,360,650,0.25,1,0,0,0,1,0.333333333333333,12,0,12,12,12,1500,0,1500,1500,1500
IN,muni,0600000US1809540752,,,1086,2885,2.65653775322284,0.833333333333333,541.762162162162,685.084840994119,0,0,1069,0.294117647058824,0.998158379373849,0.00184162062615101,0,0,1,0.605360443622921,13.8568019093079,7.69785406537838,10,13,16,597019.74351145,2367768.36567403,900,1500,2500
IN,muni,0600000US1809522648,,,1667,4015,2.40851829634073,0.575289575289575,415.13040181956,696.700212660263,0,0,703,0.31203007518797,1,0,0,0,1,0.573405535499398,17.6428571428571,5.71931875222713,15,18,21.25,86994.7995802728,912563.880143236,1800,2800,4000
IN,muni,0600000US1809529160,,,420,1135,2.70238095238095,0.627717391304348,274.111111111111,511.656769360292,0,0,332.25,0.116438356164384,1,0,0,0,1,0.689737470167064,54.8230769230769,190.522393458259,7,10,10,1070.69204152249,1075.46697155961,400,1000,1400
IN,muni,0600000US1809550382,,,5133,13564,2.64250925384765,0.612633832976445,454.084780092593,671.031254684866,0,0,820.75,0.247357293868922,0.997272550165595,0.00272744983440483,0,0,1,0.537828302626421,16.5296881674498,19.3337443222492,10,13,20,133320.203717201,1137832.54560224,1000,1600,3000
IN,muni,0600000US1809560156,,,10891,29636,2.72114590028464,0.62786239216104,402.0727532097,615.29859118191,0,20,700,0.230445980750983,1,0,0,0,1,0.548387096774194,48.5508386829571,389.963716571363,9,10,15,109569.369627507,1032904.63596686,700,1400,2400
IN,muni,0600000US1809578524,,,881,2357,2.67536889897843,0.498181818181818,277.601492537313,488.908452305935,0,0,419,0.188059701492537,1,0,0,0,1,0.681044267877412,34.9679715302491,195.459319038732,7,10,12,1052.68833333333,1190.66956284144,300,500,1500
IN,muni,0600000US1809711512,,,939,2685,2.8594249201278,0.491207502930832,620.042553191489,809.04235703527,0,105,1160,0.115677321156773,0.997870074547391,0,0,0.00212992545260916,1,0.503727369542066,18.8454935622318,6.56561186929581,15,18,20,3353.00211416491,1487.45270327733,2500,3500,4000
IN,muni,0600000US1809759058,,,3134,8656,2.76196553924697,0.581824393577041,611.402402402403,821.358878907321,0,0,1169,0.155260906757913,0.997766432673899,0.00223356732610083,0,0,1,0.613556055252168,19.9168744804655,8.71969138465535,14,20,25,19047.7612565445,395985.545450104,2000,3000,4000
IN,muni,0600000US1809725504,,,30,71,2.36666666666667,0.695652173913044,430.85,625.826466194483,0,0,1035.5,0.2,1,0,0,0,1,0.241379310344828,13.1363636363636,7.68607556401559,8,8,20,1231.42857142857,1892.99963524762,80,80,2150
IN,muni,1600000US1836003,,,273594,739685,2.70358633595766,0.672562624955898,585.541333770498,893.387008347558,0,0,1000,0.178382691134369,0.885834484674372,0.114055863798183,0,0.000109651527445777,1,0.402290551198596,51.5079060912911,300.567731818173,14,20,30,93173.9773574486,938351.033992954,2000,3500,5000
IN,muni,0600000US1809780144,,,652,1678,2.57361963190184,0.68678629690049,682.713347921225,943.875430201522,0,0,1248,0.181425485961123,0.97239263803681,0.0276073619631902,0,0,1,0.552995391705069,99.4425087108014,450.704587484639,22,30,36,365280.388888889,1867456.19565213,2575,4000,5000
IN,muni,0600000US1809780792,,,276,663,2.40217391304348,0.673076923076923,581.640692640693,1016.27097802293,0,0,948,0.222689075630252,1,0,0,0,1,0.788888888888889,25.8909090909091,23.1338078139563,15,16,24.5,6082.39436619718,8093.83619393843,1500,3000,7000
IN,muni,0600000US1809781800,,,2353,5860,2.49043773905652,0.663380281690141,808.451735357918,1009.9943056265,0,164,1500,0.178378378378378,0.994475138121547,0.00552486187845304,0,0,1,0.76828231292517,74.2643253234751,555.729395915152,25,35,40,5259.90758162701,3296.30476266278,4100,5000,6000
IN,muni,0600000US1809906778,,,133,311,2.33834586466165,0.5078125,190.621359223301,390.477664157603,0,0,137.5,0.413461538461538,1,0,0,0,1,0.593984962406015,9.63461538461539,2.32656311489755,8,10,12,2118.98734177215,969.777393088438,1200,2500,2700
IN,muni,0600000US1809911530,,,5515,14278,2.58893925657298,0.613207547169811,334.861761426979,622.325695477521,0,0,500,0.292992213570634,0.999818676337262,0.000181323662737987,0,0,1,0.534781814862151,49.0100361300683,306.916881563058,10,15,23,183679.789006487,1332805.52777133,1500,2500,3500
IN,muni,0600000US1809927450,,,2045,5788,2.83031784841076,0.488486842105263,294.764664804469,517.445695028967,0,0,403,0.28393351800554,0.998533007334963,0.00146699266503668,0,0,1,0.589276930644368,65.72,695.64680763364,8,12,15,302773.638564274,1707564.77278615,1200,2000,3000
IN,muni,0600000US1809977444,,,1451,4183,2.8828394210889,0.538922155688623,1252.34455958549,819.986910211606,681.25,1080,1600,0.222918531781558,0.949000689179876,0.0482425913163336,0.00275671950379049,0,1,0.564539007092199,31.5510563380282,149.824203389442,10,15,20,530667.105527638,2236307.32409457,1800,3000,4500
IN,muni,0600000US1809979820,,,1094,2721,2.4872029250457,0.544190665342602,286.290400972054,558.790816962715,0,0,400,0.30498177399757,1,0,0,0,1,0.583487940630798,26.8386363636364,130.657174946035,6,10,13,49468.173290938,689391.635633385,700,1500,2500
IN,muni,0600000US1810301018,,,81,216,2.66666666666667,0.368421052631579,201.839285714286,313.472676888823,0,0,366.75,0.285714285714286,1,0,0,0,1,0.679012345679012,6.03846153846154,2.00959238117125,5,6,6,364899.927272727,1888937.9179219,1200,1500,1550
IN,muni,0600000US1805364062,,,4,4,1,1,75,106.066017177982,37.5,75,112.5,0.5,1,0,0,0,1,1,,,,,,3000,2828.42712474619,2000,3000,4000
IN,muni,0600000US1810364134,,,11,23,2.09090909090909,0.5,505,492.620543623589,0,600,950,0,1,0,0,0,1,0.222222222222222,8,0,8,8,8,2000,0,2000,2000,2000
IN,muni,0600000US1810359346,,,9650,24910,2.58134715025907,0.649805879090405,561.523875539125,866.97778212785,0,75,900,0.196008643701538,0.989533678756477,0.00974093264248705,0.000725388601036269,0,1,0.478864419162927,57.7447800527063,256.084207212619,10,15,24,129260.660418483,1117025.83559383,1500,2500,3500
IN,muni,0600000US1810380810,,,394,1049,2.66243654822335,0.765957446808511,571.752631578947,666.503795079572,0,382,957.5,0.21900826446281,1,0,0,0,1,0.528061224489796,13.4594594594595,4.23876132051746,10,12,15,98788.193236715,980343.426433423,1200,2000,3000
IN,muni,0600000US1810313150,,,282,804,2.85106382978723,0.67680608365019,210.991111111111,473.685229186225,0,0,100,0.287958115183246,1,0,0,0,1,0.638297872340426,9.31372549019608,3.33591435698904,8,9,10,1287.12222222222,1034.79248806616,600,1000,1725
IN,muni,0600000US1810503808,,,17,34,2,0.705882352941177,191.866666666667,526.495945808114,0,0,4,0.625,1,0,0,0,1,0.705882352941177,1204,1089.96788943528,10,2000,2000,833858.166666667,2886585.45477026,300,400,1000
IN,muni,0600000US1810505878,,,7525,19821,2.63401993355482,0.698298240553793,431.601704996035,721.577392892295,0,0,650,0.193311282616685,0.960398671096345,0.0396013289036545,0,0,1,0.409689870890457,35.9372710622711,216.132164705227,10,13,24,87247.0259909032,915084.408067642,1000,2000,3800
IN,muni,0600000US1810559112,,,5165,13688,2.65014520813166,0.71692503716288,563.903007075472,1191.57288644076,0,0,801.5,0.197577156042688,0.999806389157793,0.000193610842207164,0,0,1,0.499806051202483,63.6483300589391,421.296332696075,12,16,30,170851.616608459,1280665.4383045,1750,3000,5000
IN,muni,0600000US1810578542,,,15,70,4.66666666666667,0.181818181818182,168.666666666667,191.222383627022,0,180,208,0,1,0,0,0,1,0,11.3333333333333,0.487950036474267,11,11,12,,,,,
IN,muni,0600000US1810580828,,,11,30,2.72727272727273,0,610,843.055666692809,0,260,970,0,1,0,0,0,1,1,,,,,,2527.27272727273,776.003748819436,2100,2400,2400
IN,muni,0600000US1810564152,,,2,3,1.5,1,240,339.411254969543,120,240,360,0,1,0,0,0,1,1,,,,,,240,0,240,240,240
IN,muni,0600000US1810768436,,,185,476,2.57297297297297,0.591954022988506,322.183823529412,520.102243541002,0,0,480.75,0.2,1,0,0,0,1,0.637837837837838,8.67164179104478,1.82895946325419,6,10,10,170774.288135593,1296144.35586941,862.5,1200,1800
IN,muni,0600000US1810708326,,,349,821,2.35243553008596,0.644012944983819,352.122377622378,569.057400726892,0,0,500,0.268292682926829,1,0,0,0,1,0.641618497109827,12.3229166666667,10.8632599465661,8,9,15,91300.3873873874,946892.737136441,450,750,2000
IN,muni,0600000US1810712790,,,911,2175,2.38748627881449,0.578758949880668,202.196428571429,405.681556549258,0,0,224.25,0.306429548563612,1,0,0,0,1,0.573951434878587,9.53385416666667,6.13076816279032,6,8,11,135878.251923077,1153365.2113824,500,1100,1800
IN,muni,0600000US1810714014,,,753,1793,2.38114209827357,0.51195219123506,214.895622895623,438.268614700775,0,0,233,0.446127946127946,1,0,0,0,1,0.619111709286676,10.4202898550725,15.3740331701112,6,8,10,1108.86956521739,905.024960444812,500,1000,1500
IN,muni,0600000US1810725522,,,680,1691,2.48676470588235,0.408450704225352,245.144194756554,463.233398834221,0,0,371.5,0.236162361623616,1,0,0,0,1,0.695588235294118,9.76328502415459,5.02971797843962,6,9,13,43802.2431289641,649468.943873412,500,1200,2200
IN,muni,0600000US1810746026,,,31,89,2.87096774193548,0.115384615384615,384.777777777778,547.143658472376,0,0,800,0.111111111111111,1,0,0,0,1,0.9,30,0,30,30,30,1131.85185185185,831.019008562736,540,1000,1500
IN,muni,0600000US1810764620,,,256,645,2.51953125,0.929515418502203,239.144329896907,484.816892729054,0,0,292.5,0.22680412371134,0.96875,0.03125,0,0,1,0.496031746031746,11.4576271186441,9.17134525620364,5,9,15,980.96,1830.12489614339,250,400,600
IN,muni,0600000US1810777480,,,10726,27581,2.5714152526571,0.620476139639159,474.006283775292,753.627408905569,0,0,780,0.227822832189644,0.980421405929517,0.0194853626701473,0,9.3231400335633e-05,1,0.490083654478804,55.317531139617,325.084585398888,10,15,25,67910.3663214423,804746.141445695,1200,2000,3800
IN,muni,0600000US1810781818,,,26,94,3.61538461538462,1,318.307692307692,607.203752817699,0,0,312,0.230769230769231,1,0,0,0,1,0,10.6153846153846,1.98145245871655,10,10,10,,,,,
IN,muni,0600000US1810779838,,,232,564,2.43103448275862,0.410138248847926,314.236559139785,659.962061118413,0,0,350,0.154255319148936,1,0,0,0,1,0.512931034482759,56.2389380530973,213.252628284602,5,5,8,85196.4957983193,916591.283741142,450,1000,2000
IN,muni,0600000US1810908344,,,1944,4980,2.56172839506173,0.550064184852375,361.167487684729,618.744819675707,0,0,600,0.447389558232932,1,0,0,0,1,0.580844490216272,130.377942998761,466.46139221912,8,12,20,321346.391843972,1758116.22266305,1000,2000,3000
IN,muni,0600000US1810913168,,,7,22,3.14285714285714,1,64.1666666666667,72.6922737755992,0,47.5,128.75,0.5,1,0,0,0,1,0,6,0,6,6,6,,,,,
IN,muni,0600000US1810937224,,,704,1811,2.57244318181818,0.41400304414003,265.428315412186,485.205227142443,0,0,400,0.272401433691756,1,0,0,0,1,0.561079545454545,20.4309210526316,102.545466843279,5,8,9,1282.25316455696,966.463403005565,800,1100,1500
IN,muni,0600000US1810963144,,,375,1069,2.85066666666667,0.540697674418605,205.295719844358,359.110682827274,0,0,308,0.18007662835249,1,0,0,0,1,0.505405405405405,7.84153005464481,2.56176918990246,6,7,10,108330.352941176,1031247.81810528,1200,1500,1800
IN,muni,0600000US1810980846,,,4925,13214,2.68304568527919,0.661080485115766,308.512425447316,601.787971349157,0,0,500,0.23139880952381,0.999593908629442,0.000406091370558376,0,0,1,0.454619787408013,41.1929088829584,233.491255582082,8,10,16,74376.8237410072,845117.394461778,1000,2000,3000
IN,muni,0600000US1811103970,,,568,1507,2.65316901408451,0.598095238095238,300.173170731707,571.764631556952,0,0,377.25,0.272946859903382,1,0,0,0,1,0.536971830985916,12.8461538461538,5.31329146867234,9,12,16,99994.3081967213,988339.01894401,600,1500,2500
IN,muni,0600000US1811128872,,,526,1506,2.86311787072243,0.807531380753138,210.909333333333,378.151940565294,0,0,300,0.272486772486773,1,0,0,0,1,0.688212927756654,9.59756097560976,4.07704860199233,7,8,13.25,83824.6160220995,907733.807934586,462.5,600,1100
IN,muni,0600000US1811137242,,,3,3,1,0.333333333333333,300,300,150,300,450,1,1,0,0,0,1,0.333333333333333,4.5,3.53553390593274,3.25,4.5,5.75,900,,900,900,900
IN,muni,0600000US1811138106,,,1389,3904,2.81065514758819,0.623244929797192,449.599816849817,707.706298845913,0,0,785,0.394079555966698,1,0,0,0,1,0.645421245421245,19.5333333333333,33.7602831057333,10,15,20,60336.8479001135,751368.234751366,2000,3500,4800
IN,muni,0600000US1811385994,,,484,1215,2.5103305785124,0.479638009049774,342.588075880759,552.179331956601,0,0,624,0.221621621621622,1,0,0,0,1,0.661157024793388,13.8475609756098,4.03602567101822,10,15,16,470730.390625,2116581.39776926,1000,1800,3000
IN,muni,0600000US1811381836,,,4893,12485,2.55160433272021,0.641150442477876,481.263715372081,1863.14767464105,0,0,800,0.222476481057717,1,0,0,0,1,0.559304491823639,216.32955618508,928.120723534305,12,15,23,106336.091043671,1012597.62599996,1800,2500,3500
IN,muni,0600000US1811301036,,,564,1477,2.61879432624114,0.447674418604651,442.536585365854,708.64004185989,0,0,780,0.13768115942029,1,0,0,0,1,0.702127659574468,11.7324840764331,4.75068438471156,8,12,15,27173.6237373737,502424.435496359,856.25,1500,2500
IN,muni,0600000US1811359130,,,2083,5297,2.54296687469995,0.520621317621853,325.531839622641,586.278908266088,0,0,520,0.305194805194805,0.99903984637542,0.000960153624579933,0,0,1,0.582211538461539,26.8329493087558,172.315624607942,10,12,15,92669.6184971098,948947.658992986,900,1500,2500
IN,muni,0600000US1811320764,,,8,20,2.5,0.333333333333333,186.333333333333,432.389484916859,0,0,37.5,0.166666666666667,1,0,0,0,1,0.5,12,0,12,12,12,1800,0,1800,1800,1800
IN,muni,0600000US1811371756,,,397,915,2.30478589420655,0.494535519125683,192.852760736196,427.164623040076,0,0,149,0.357798165137615,1,0,0,0,1,0.655696202531646,8.56617647058824,3.42691353603243,6,8,10,1087.08494208494,1113.29818353847,450,625,1350
IN,muni,0600000US1811562928,,,1524,3736,2.45144356955381,0.562100780695529,285.633111480865,534.478632090814,0,0,357.5,0.293637846655791,0.964566929133858,0.0354330708661417,0,0,1,0.519104084321476,27.0209497206704,218.189744478196,9,10,15,179504.866751269,1321608.50880565,900,1500,2725
IN,muni,0600000US1811980900,,,2267,5694,2.51168945743273,0.396335583413693,283.176700111483,526.558708079294,0,0,480,0.374930362116992,0.99911777679753,0.000882223202470225,0,0,1,0.501114578689256,14.1496415770609,21.3731739546058,8,11,16,28998.2508896797,516050.736856405,1000,2000,3000
IN,muni,0600000US1811940770,,,7,18,2.57142857142857,0.2,244,433.220498129994,0,0,220,0.6,1,0,0,0,1,0.285714285714286,13,0,13,13,13,2500,0,2500,2500,2500
IN,muni,0600000US1811950742,,,3,6,2,1,600,848.528137423857,300,600,900,0,1,0,0,0,1,0,15,0,15,15,15,,,,,
IN,muni,0600000US1811981872,,,666,1740,2.61261261261261,0.564227642276423,231.563474387528,532.306806924931,0,0,80,0.559284116331096,1,0,0,0,1,0.555555555555556,8.42905405405405,4.74806298957801,5,7,10,1267.48648648649,1054.70878657482,500,1000,1600
IN,muni,0600000US1812558356,,,1362,3402,2.49779735682819,0.660728744939271,925.233415233415,771.017252088825,356,800,1279,0.139685476410731,1,0,0,0,1,0.511747430249633,20.7701674277017,69.4125425256881,7,10,12,302333.37159254,1710469.63963675,250,600,1500
IN,muni,0600000US1812580936,,,2809,7590,2.70202919188323,0.639376218323587,284.295074127212,549.498327506701,0,0,360,0.299287410926366,0.998932004271983,0.00106799572801709,0,0,1,0.508273381294964,19.988864142539,119.021271317252,5,9,14,156969.566878981,1238313.14507601,350,1000,2000
IN,muni,0600000US1812706580,,,834,2121,2.5431654676259,0.576633165829146,276.80370942813,527.748571091978,0,0,294,0.349922239502333,1,0,0,0,1,0.612469437652812,177.62987012987,748.060993622704,10,15,20,41451.0898203593,631095.934557517,860,1200,2000
IN,muni,0600000US1812711566,,,7030,18201,2.58904694167852,0.630924630924631,485.580304154303,768.089485086476,0,0,900,0.215733235077377,0.999431009957326,0.000284495021337127,0.000142247510668563,0.000142247510668563,1,0.509885386819484,66.8642196359296,375.173587373454,18,25,30,139103.893509413,1153145.34441037,2500,4000,5000
IN,muni,0600000US1812743362,,,12,27,2.25,0.416666666666667,579.666666666667,866.878132709378,0,0,1062,0.333333333333333,1,0,0,0,1,0.583333333333333,22.8,9.85900603509299,12,30,30,3357.14285714286,243.975018237133,3250,3500,3500
IN,muni,0600000US1812761110,,,88,266,3.02272727272727,0.76,870.947368421053,1402.78412478609,0,0,1200,0.344827586206897,1,0,0,0,1,0.806818181818182,36.6666666666667,20.8452346958198,20,25,65,6859.15492957747,4121.01157709015,3500,5000,10500
IN,muni,0600000US1812782484,,,3472,9506,2.73790322580645,0.542291733163102,572.317303902247,843.805740902181,0,0,1100,0.112233009708738,0.997983870967742,0.00201612903225806,0,0,1,0.605710989327949,38.3977611940299,209.038295431473,14,20,25,307807.893809524,1718805.55024565,1700,3000,4000
IN,muni,0600000US1812905014,,,386,947,2.45336787564767,0.791549295774648,379.459930313589,610.785718004994,0,0,570,0.226480836236934,1,0,0,0,1,0.562176165803109,15.6375,5.50070035563797,10,15,20,737975.405529954,2619212.89799954,275,600,1300
IN,muni,0600000US1812905428,,,5595,14719,2.6307417336908,0.57929558279821,289.324749316317,521.686357086638,0,0,460,0.24415171473995,0.950670241286863,0.0493297587131367,0,0,1,0.41894090005422,14.8561925878999,61.8223432632868,7,9,14,79226.3438308887,877833.222114527,600,1200,2200
IN,muni,0600000US1812931504,,,1361,3424,2.51579720793534,0.62200956937799,284.102209944751,556.524484623898,0,0,354.75,0.326382592928377,1,0,0,0,1,0.559882439382807,21.1346801346801,90.8205356129362,6,8,20,53662.0669291339,723010.077763031,300,600,1500
IN,muni,0600000US1812965052,,,882,2307,2.6156462585034,0.572538860103627,193.935960591133,431.301721731464,0,0,104,0.406919275123559,1,0,0,0,1,0.549375709421112,11.4772727272727,6.57436437791007,7,10,15,331771.79338843,1789505.54453332,500,1100,2000
IN,muni,0600000US1813313870,,,44,111,2.52272727272727,0.170731707317073,365.714285714286,542.945592086709,0,0,790,0.285714285714286,1,0,0,0,1,0.704545454545455,8.66666666666667,1,8,8,10,1605.16129032258,1178.42796687718,700,700,2500
IN,muni,0600000US1813325576,,,212,541,2.55188679245283,0.621052631578947,167.525641025641,324.950843899811,0,0,157.5,0.282352941176471,1,0,0,0,1,0.566037735849057,7.33333333333333,3.19034395851661,5,7,10,899,983.922351243893,350,500,1000
IN,muni,0600000US1813329376,,,4802,12323,2.56622240733028,0.738614928590676,444.275180856984,778.094721564623,0,0,700,0.219638949671772,0.972303206997085,0.0274885464389838,0,0.000208246563931695,1,0.45458413103595,51.0390532544379,318.842525536758,10,15,25,200152.895648105,1387895.87959349,1500,3000,5000
IN,muni,0600000US1813350454,,,412,1037,2.51699029126214,0.397790055248619,313.654605263158,596.521126672124,0,0,405,0.234323432343234,1,0,0,0,1,0.614077669902913,334.509554140127,401.830564781661,8,300,500,1133.47826086957,865.712132610687,500,1000,1500
IN,muni,0600000US1802936900,,,42,81,1.92857142857143,0.434782608695652,184.75,394.26652120563,0,0,0,0.225,1,0,0,0,1,0.880952380952381,11.4,3.286335345031,9,9,15,3562.16216216216,1515.72339739724,2500,3500,5000
IN,muni,0600000US1814113222,,,878,2295,2.61389521640091,0.546482412060302,516.321875,768.796286639157,0,0,968.25,0.118564742589704,0.995444191343964,0.00341685649202734,0,0.00113895216400911,1,0.676168757126568,19.6382978723404,8.34980477598592,12,20,25,290203.214165261,1669517.90876763,2000,3000,4500
IN,muni,0600000US1814143380,,,73,221,3.02739726027397,0.854545454545455,323.4,416.053978253439,0,0,630,0.175,1,0,0,0,1,0.547945205479452,10.6060606060606,6.08245116061051,6,10,12,631.25,1096.01185540097,150,300,300
IN,muni,0600000US1814143848,,,1155,3145,2.72294372294372,0.489756097560976,266.442641946698,515.684721428756,0,0,360,0.275981524249423,1,0,0,0,1,0.561904761904762,13.5573440643863,9.43639741414014,8,10,15,63524.3189522342,783101.488690777,900,1500,2700
IN,muni,0600000US1814156556,,,93,343,3.68817204301075,0.688888888888889,788.433333333333,1005.37670700514,180.5,350,975,0.0540540540540541,1,0,0,0,1,0.32258064516129,11.8245614035088,5.59694689418623,8,10,12,1498.33333333333,843.59691033481,900,900,2200
IN,muni,0600000US1814158734,,,24952,69616,2.78999679384418,0.566560978877328,516.468792438481,727.424011524531,0,0,960,0.157828968814517,0.998356845142674,0.00164315485732607,0,0,1,0.548937382949271,42.7948998178506,367.969542140898,13,18,25,119974.485945264,1075895.07776622,1600,2500,3500
IN,muni,0600000US1814379100,,,2199,5173,2.35243292405639,0.582681017612524,293.654205607477,528.67509336848,0,0,416,0.336175395858709,1,0,0,0,1,0.601097895699908,27.5151869158879,137.98055546785,8,12,15,138991.928462709,1162574.07469407,1000,1800,2800
IN,muni,0600000US1817527594,,,10,34,3.4,1,346.5,717.062100208591,0,0,285,0.1,1,0,0,0,1,1,,,,,,2810,821.178015617402,2300,2300,3575
IN,muni,0600000US1814500568,,,10346,26504,2.56176300019331,0.691102756892231,375.307644806719,645.983023218612,0,0,600,0.25904041597731,0.976126039048908,0.0238739609510922,0,0,1,0.513154062712358,80.5011203911184,438.968542917968,10,12,20,233490.446273174,1501311.4562664,1200,2326,3500
IN,muni,0600000US1814507102,,,36,87,2.41666666666667,0.333333333333333,155.272727272727,361.793041040668,0,0,0,0.272727272727273,1,0,0,0,1,0.914285714285714,15,0,15,15,15,3502.5,1406.81979495736,3000,4000,4275
IN,muni,0600000US1814569282,,,110,333,3.02727272727273,0.561904761904762,420.123456790124,650.034141078683,0,0,862,0.195121951219512,1,0,0,0,1,0.5,17.5454545454545,7.71678829234168,9.5,18,22.5,2681.81818181818,1161.75010207157,1850,2500,3000
IN,muni,0600000US1814533070,,,58,148,2.55172413793103,0.701754385964912,421.145833333333,568.193965592262,0,45,798.75,0.25,1,0,0,0,1,0.620689655172414,17.3636363636364,5.55959449142569,12,15.5,23.75,2230.55555555556,1152.34405686706,1300,1750,3500
IN,muni,0600000US1814547052,,,40,75,1.875,0.666666666666667,308.513513513514,558.370328208281,0,0,364,0.351351351351351,1,0,0,0,1,0.525,200.894736842105,563.526485105363,12,12,15,2119.04761904762,859.720331049027,1400,1800,2500
IN,muni,0600000US1814573952,,,14,25,1.78571428571429,0.416666666666667,374.3,482.014303614414,0,66,834.5,0.2,1,0,0,0,1,0.571428571428571,11,1.09544511501033,10,11,12,1460,700.367250600916,1000,1800,2000
IN,muni,0600000US1815125891,,,294,768,2.61224489795918,0.501901140684411,226.197424892704,551.545598352762,0,0,28,0.309012875536481,1,0,0,0,1,0.602787456445993,109.526315789474,322.170383397541,6,10,15,1392.94797687861,908.581172641091,600,1200,2000
IN,muni,0600000US1815149644,,,3,6,2,0,0,0,0,0,0,1,1,0,0,0,1,1,,,,,,2000,0,2000,2000,2000
IN,muni,0600000US1815157240,,,165,404,2.44848484848485,0.664285714285714,156.142857142857,374.574654012483,0,0,0,0.341269841269841,1,0,0,0,1,0.563636363636364,42.9027777777778,202.102829755034,7,8,10,1094.81720430108,681.605409026248,600,1100,1500
IN,muni,0600000US1815160444,,,2934,7348,2.50443081117928,0.692424242424242,482.252485089463,779.335335731257,0,0,842,0.450214592274678,0.996932515337423,0.00136332651670075,0,0.00170415814587594,1,0.599654576856649,21.9912587412587,10.8352779432727,15,20,28,106687.091013825,1012959.59089072,1800,2600,4000
IN,muni,0600000US1815137746,,,53,115,2.16981132075472,0.673469387755102,1047.47058823529,654.483490781763,600,1100,1500,0.234042553191489,1,0,0,0,1,0.528301886792453,20.76,3.21817753808995,18,20,25,2575,497.121342963295,2000,2500,3000
IN,muni,0600000US1815137458,,,14,28,2,0.714285714285714,496.666666666667,777.961594440396,0,0,970,0.5,1,0,0,0,1,0.357142857142857,27.1111111111111,11.5265394247845,30,34,34,3200,1254.99003980111,2000,3500,3500
IN,muni,0600000US1815310792,,,5,9,1.8,0.6,240,339.411254969543,120,240,360,0.666666666666667,1,0,0,0,1,0.6,5,0,5,5,5,200,0,200,200,200
IN,muni,0600000US1815316390,,,2499,6268,2.50820328131253,0.52201795639162,230.160103626943,414.81950675822,0,0,400,0.223246287762417,1,0,0,0,1,0.537936571657969,13.157848324515,89.423882956553,6,7,8,239554.646268657,1527224.43071913,300,500,1000
IN,muni,0600000US1815327666,,,41,103,2.51219512195122,0.216216216216216,198.28125,328.018511906304,0,0,400,0.3125,1,0,0,0,1,0.609756097560976,11.0666666666667,6.16981901409326,5.5,7,15,1405.6,1669.68579878571,80,600,4000
IN,muni,0600000US1815330672,,,3622,9159,2.5287134180011,0.666070363744782,302.646071428571,597.696449863667,0,0,450,0.326140785284754,0.996410822749862,0.00358917725013805,0,0,1,0.554532775453278,47.4158097686375,389.84327461114,8,10,15,288357.057344064,1668969.38110725,500,1200,2500
IN,muni,0600000US1815337476,,,188,463,2.46276595744681,0.445086705202312,227.735483870968,409.388522120989,0,0,432,0.256410256410256,1,0,0,0,1,0.781914893617021,7.68292682926829,2.75171786699004,5,8,10,444.455782312925,381.853415024209,125,400,550
IN,muni,0600000US1815722342,,,20589,53749,2.61056875030356,0.632938300472977,506.152278252197,786.291921917061,0,0,900,0.190076614374316,0.993637379183059,0.00636262081694109,0,0,1,0.450596850235731,133.832746478873,592.155530171309,15,22,30,137366.631121995,1147609.13994607,2000,3500,5000
IN,muni,0600000US1815779352,,,4229,10539,2.49207850555687,0.597455470737914,712.771494518177,1219.31869593553,0,0,1000,0.376295881199215,0.999054149917238,0.000236462520690471,0,0.000709387562071412,1,0.547776726584674,69.5,337.945404957194,32,40,50,84649.7974956822,877743.527068014,5000,6500,8000
IN,muni,0600000US1815777660,,,6,21,3.5,1,426,525.950568019467,0,312,738,0,1,0,0,0,1,1,,,,,,300,0,300,300,300
IN,muni,0600000US1815782070,,,10,46,4.6,0.9,354.25,573.037738722329,0,108.5,462.75,0.2,1,0,0,0,1,0.1,,,,,,60,,60,60,60
IN,muni,0600000US1815775914,,,516,1218,2.36046511627907,0.664634146341463,412.834549878346,617.469447746976,0,0,818,0.238442822384428,1,0,0,0,1,0.635658914728682,73.8138297872341,397.381755083138,12,15,18,1786.48780487805,1275.13750526882,1000,1500,2500
IN,muni,0600000US1816108542,,,71,170,2.3943661971831,0.615384615384615,253.578947368421,473.76870288632,0,0,260,0.491228070175439,0.985915492957746,0.0140845070422535,0,0,1,0.774647887323944,14.6875,4.26956281914983,10,15,20,2256.09090909091,1884.76241034098,1200,1800,3000
IN,muni,0600000US1816111656,,,1342,3155,2.35096870342772,0.55804643714972,323.785714285714,592.813929919067,0,0,444,0.420036764705882,0.975409836065574,0.0245901639344262,0,0,1,0.552631578947369,20.2713310580205,73.4451578449855,10,12,18,2380.90476190476,1477.61153990213,1200,2000,3200
IN,muni,0600000US1816177678,,,381,974,2.55643044619423,0.662889518413598,433.640845070423,487.188319590464,0,294,765,0.301694915254237,0.986876640419947,0.0131233595800525,0,0,1,0.490716180371353,168.739583333333,626.32792950945,8,10,15,1526.48648648649,1011.52587658506,900,1200,2000
IN,muni,0600000US1816513798,,,7993,20368,2.54822970098837,0.554313099041534,321.422607110301,521.491222259435,0,0,500,0.145933014354067,0.995245840110096,0.00462905041911673,0,0.000125109470786939,1,0.459829274416269,75.6062188464277,660.615659661786,6,8,10,120945.262353262,1089448.70967757,400,600,1000
IN,muni,0600000US1816532962,,,24,60,2.5,0.583333333333333,279.142857142857,470.592104238297,0,0,320,0.238095238095238,1,0,0,0,1,0.833333333333333,10,0,10,10,10,3650,2115.73055691732,500,5000,5000
IN,muni,0600000US1816578794,,,721,2005,2.78085991678225,0.517450682852807,252.076779026217,454.840078388196,0,0,450,0.33457249070632,1,0,0,0,1,0.529819694868239,23.6548672566372,191.365883168951,5,7,10,53546.9738219895,722538.61609844,350,1000,1800
IN,muni,1600000US1875428,,,46071,119039,2.58381628356233,0.626801934646691,456.403723691311,753.885941704949,0,0,750,0.180122912984992,0.952073972781142,0.0479260272188579,0,0,1,0.429460217315107,43.4206610609525,375.813536893318,10,15,22,98651.099214446,974329.37247029,1400,2500,3500
IN,muni,0600000US1816734546,,,191,498,2.60732984293194,0.58974358974359,308.933823529412,540.058202654956,0,0,470.25,0.164285714285714,0.93717277486911,0.0628272251308901,0,0,1,0.328042328042328,12.1120689655172,7.63831480586283,7,10,13,1899.1935483871,1875.39923477476,300,1400,3050
IN,muni,0600000US1816757294,,,15,35,2.33333333333333,0.333333333333333,555.833333333333,788.940121398015,0,0,1322.5,0.214285714285714,1,0,0,0,1,0.466666666666667,20.625,3.62284418654736,18,18,25,3185.71428571429,2268.94143558075,850,5000,5000
IN,muni,0600000US1816745018,,,11,21,1.90909090909091,0.1,379.166666666667,587.404602183765,0,0,851.25,0.428571428571429,1,0,0,0,1,1,,,,,,1557.14285714286,53.4522483824849,1500,1600,1600
IN,muni,0600000US1816773970,,,3715,10081,2.7135935397039,0.539023677287343,346.982558139535,539.521951773923,0,0,572,0.220972423802612,1,0,0,0,1,0.464411366711773,15.3216855087359,71.6724218505174,6,8,10,100184.257575758,990561.741320971,500,1000,1800
IN,muni,0600000US1816912322,,,3084,7612,2.46822308690013,0.592902907836373,602.5656167979,766.879986877579,0,274,1000,0.326884589726484,1,0,0,0,1,0.547437673130194,23.8615023474178,104.744371253316,12,15,20,173591.477545857,1295653.9998195,1500,2500,4000
IN,muni,0600000US1816960498,,,239,676,2.82845188284519,0.534883720930233,405.452380952381,536.600474818217,0,46,762.5,0.281609195402299,1,0,0,0,1,0.554621848739496,151.103773584906,476.528996354447,8,8,12,1619.92424242424,1158.65643183879,1000,1250,2500
IN,muni,0600000US1816940914,,,592,1799,3.03885135135135,0.605893186003683,355.03595505618,546.635935107791,0,0,700,0.354260089686099,1,0,0,0,1,0.509337860780985,9.84722222222222,3.77100517925174,8,10,10.5,701017.176666667,2555453.35439398,500,1000,1500
IN,muni,0600000US1816943470,,,533,1212,2.27392120075047,0.354207436399217,237.772833723653,440.295144728543,0,0,300,0.323185011709602,1,0,0,0,1,0.697936210131332,13.7329192546584,14.5106675259855,10,10,12,270810.64516129,1619224.1589653,1000,1800,3000
IN,muni,0600000US1816954162,,,9477,25962,2.7394745172523,0.64115490375802,582.899250788644,756.513047886415,0,350,950,0.178702750404471,0.992930252189512,0.00633111744222855,0.000738630368259998,0,1,0.524400684931507,34.6465497608745,183.677973778309,10,15,20,83991.4877551021,899693.06284591,1000,1800,3200
IN,muni,0600000US1817306472,,,4487,11271,2.51192333407622,0.550845109448601,364.887908208297,634.498075811629,0,0,557.5,0.148811270912827,0.970135948295075,0.0298640517049253,0,0,1,0.502124804294341,18.1319444444444,66.6393006062218,8,12,16,77702.114922049,866914.789759417,900,1800,3000
IN,muni,0600000US1817329970,,,485,1150,2.37113402061856,0.418141592920354,292.767088607595,545.587008820114,0,0,489,0.281012658227848,1,0,0,0,1,0.649484536082474,10.4506172839506,3.68992664192732,7,10,14,1717.31746031746,728.439913661508,1200,1600,2000
IN,muni,0600000US1817356178,,,1173,3133,2.67092924126172,0.312438785504407,309.705405405405,736.718378991392,0,0,240,0.0794642857142857,0.936061381074169,0.0639386189258312,0,0,1,0.569479965899403,20.5,46.1541178532358,8,10,16,166532.983532934,1273344.6242432,700,1500,2500
IN,muni,0600000US1817370002,,,80,174,2.175,0.513888888888889,134.75,316.371736963603,0,0,0,0.225,1,0,0,0,1,0.6375,4.51724137931035,1.90151611794327,3,5,5,369.019607843137,293.858842997523,150,300,500
IN,muni,0600000US1817508380,,,616,1560,2.53246753246753,0.686238532110092,242.757668711656,532.729268393007,0,0,300,0.14868804664723,1,0,0,0,1,0.657467532467532,6.66336633663366,9.01825371422786,4,5,6,346731.686419753,1828887.3036236,350,600,1500
IN,muni,0600000US1817561398,,,186,396,2.12903225806452,0.4,147.214285714286,296.885003689138,0,0,138.75,0.242424242424242,1,0,0,0,1,0.639784946236559,117.970149253731,320.23036074663,4,5,6.5,1784.03361344538,1333.04374496083,1000,1500,2000
IN,muni,0600000US1817581116,,,2510,6216,2.47649402390438,0.557192374350087,258.540540540541,569.144880231358,0,0,393,0.262668045501551,1,0,0,0,1,0.551779288284686,17.60625,84.6444034058172,10,12,15,38791.0260869565,600903.432090796,1350,2000,3500
IN,muni,0600000US1817559580,,,5,9,1.8,0,2600,1979.89898732233,1900,2600,3300,0,1,0,0,0,1,0.4,15,0,15,15,15,3000,0,3000,3000,3000
IN,muni,0600000US1817706670,,,181,443,2.4475138121547,0.650887573964497,336.928571428571,551.153527330264,0,0,596.25,0.23021582733813,1,0,0,0,1,0.613259668508287,14.1,5.42177573991336,10,13.5,16.5,181918.972972973,1335960.49977858,650,1500,2500
IN,muni,0600000US1817711710,,,927,2426,2.61704422869471,0.447183098591549,293.172955974843,524.093669837303,0,0,417,0.353941267387944,1,0,0,0,1,0.525350593311758,14.5273159144893,5.76957039478995,10,15,17,453986.234086242,2078515.87636418,1100,2000,3500
IN,muni,0600000US1817781944,,,25302,66138,2.61394356177377,0.648960327708268,492.03853880313,747.815167725889,0,0,884,0.190864600326264,0.942178483914315,0.0578215160856849,0,0,1,0.44536874100144,26.7831123415416,135.949649236534,14,20,25,126755.859913793,1101956.42282242,2000,3500,5000
IN,muni,0600000US1817737530,,,2855,7300,2.5569176882662,0.561554192229039,337.398734177215,631.151597760913,0,0,500,0.237815884476534,0.993345008756567,0.00665499124343257,0,0,1,0.53399084184572,28.2090699461952,174.916250582022,10,12,16,213081.500659631,1437632.17297804,1000,1700,2500
IN,muni,0600000US1817738286,,,1482,3561,2.40283400809717,0.698051948051948,598.217467248908,874.677373513564,0,50,1104,0.183159722222222,0.999325236167341,0,0,0.00067476383265857,1,0.559183673469388,60.9121061359867,386.601691249687,15,18,25,51592.8394160584,696101.325350003,1600,3000,4000
IN,muni,0600000US1817759184,,,192,411,2.140625,0.513513513513514,303.078947368421,501.59567272017,0,0,520,0.335526315789474,0.989583333333333,0.0104166666666667,0,0,1,0.708333333333333,8.57142857142857,3.18437744940196,6,9,10,1314.77941176471,849.930687293155,600,1050,1800
IN,muni,0600000US1817781134,,,504,1318,2.61507936507937,0.482905982905983,366.937685459941,697.565498058449,0,0,579,0.236686390532544,1,0,0,0,1,0.583333333333333,9.19902912621359,4.01997439976392,6,9,10,205466.857142857,1416129.66686739,681.25,1000,2000
IN,muni,0600000US1817912358,,,242,652,2.69421487603306,0.550239234449761,157.813471502591,330.001904074164,0,0,80,0.215686274509804,1,0,0,0,1,0.508264462809917,7.63865546218487,3.36414567802876,5,7,8,604.471544715447,518.383684808331,315,550,700
IN,muni,0600000US1817932062,,,5186,13369,2.57790204396452,0.618515394348376,391.101342098055,681.497606002574,0,0,622,0.250674581759309,1,0,0,0,1,0.577769125948997,105.321462043112,625.236066989224,9,12,18,133648.690363881,1138683.34146348,1000,1800,3000
IN,muni,0600000US1817941958,,,151,352,2.33112582781457,0.526315789473684,536.552631578947,500.740981472773,49.5,425,912.75,0.141414141414141,1,0,0,0,1,0.635761589403974,68.2156862745098,177.111864506643,8,12,12,105582.479166667,1020474.83287946,1000,1400,1800
IN,muni,0600000US1817965322,,,3,6,2,0,593.333333333333,600.11110082495,290,580,890,0,1,0,0,0,1,1,,,,,,80,0,80,80,80
IN,muni,0600000US1817938304,,,701,1717,2.44935805991441,0.502354788069074,894.987012987013,777.262719635822,300,774,1261.5,0.00380228136882129,1,0,0,0,1,0.557774607703281,12.5811688311688,4.59321507095145,10,12,15,411175.352941176,1983196.87333478,1200,1800,2500
IN,muni,0600000US1818314698,,,4125,10074,2.44218181818182,0.609635915685738,367.79727216367,599.800339238564,0,0,600,0.391942535915053,0.999272727272727,0,0,0.000727272727272727,1,0.556728880157171,28.208027133974,155.642871043197,12,16,20,196679.55932951,1379512.93083725,1500,2500,3500
IN,muni,0600000US1818375590,,,13,24,1.84615384615385,0.538461538461538,543.846153846154,773.601301937228,0,0,1040,0,1,0,0,0,1,0.769230769230769,18,0,18,18,18,2550,823.272602348565,2500,2500,3250
IN,muni,0600000US1818370182,,,1119,3096,2.76675603217158,0.572427572427572,481.387516254877,707.85053017789,0,175,800,0.121447028423773,1,0,0,0,1,0.666368515205725,62.585635359116,355.48100083373,8,10,15,149142.95704698,1206741.27488145,850,1200,2000
IN,muni,0600000US1816340212,,,7884,20231,2.56608320649417,0.616244208231126,704.250806451613,1094.60680766962,0,0,1200,0.20083413538659,0.993531202435312,0.00634195839675292,0,0.000126839167935058,1,0.560571282836011,42.3397548161121,203.914751420368,20,30,38,134268.52866242,1130899.85417238,2500,3750,5500
IN,muni,0600000US1816359670,,,60303,168399,2.79254763444605,0.655584702964113,475.772302536894,728.373606818853,0,0,800,0.200377318939315,0.92950599472663,0.0704110906588395,4.97487687179742e-05,3.31658458119828e-05,1,0.360733809571721,33.9132074476502,166.350532313117,14,20,25,32159.7660840461,535977.069856544,1800,2500,3600
IN,muni,0600000US1816311674,,,668,1582,2.36826347305389,0.865793780687398,384.223247232472,535.149845111528,0,0,636.5,0.202554744525547,0.868263473053892,0.131736526946108,0,0,1,0.20059880239521,53.275,202.789495130443,10,15,21,150992.432835821,1216878.47920865,1137.5,1750,2400
IN,muni,0600000US1816359166,,,4206,12030,2.8601997146933,0.557542768273717,494.177083333333,717.271634390362,0,0,888.5,0.139928698752228,1,0,0,0,1,0.499517839922854,18.5535714285714,10.1140300498403,14,18,22,50595.6322393822,693039.477913176,1590,2200,3000
IN,muni,0600000US1816368472,,,7,16,2.28571428571429,0.428571428571429,480,455.045785242174,70,520,820,0,1,0,0,0,1,0.571428571428571,15,0,15,15,15,2800,0,2800,2800,2800
IN,muni,0600000US1816327486,,,3,6,2,1,995.333333333333,1060.97376656227,393,586,1393,0,1,0,0,0,1,0,13,0,13,13,13,,,,,
IN,muni,0600000US1800381620,,,82736,218967,2.6465746470702,0.594623586429725,583.07236272797,858.345174971392,0,0,1000,0.165710593500804,0.979319764068845,0.0205714561980275,0,0.000108779733127055,1,0.550454698973018,49.208338028169,257.438179180837,18,25,30,83256.2094080218,885399.710348612,2500,3600,5000
IN,muni,0600000US1800366924,,,46,109,2.3695652173913,0.511627906976744,601.060606060606,647.869582718715,0,500,1124,0.0303030303030303,1,0,0,0,1,0.666666666666667,29.7333333333333,10.6601170367916,22,30,37.5,3393.33333333333,1111.36242368618,3000,3600,4000
IN,muni,0600000US1800380342,,,447,689,1.5413870246085,0.712616822429907,401.677248677249,673.308792742141,0,0,700,0.185185185185185,1,0,0,0,1,0.262376237623762,35.8333333333333,72.2502325744074,15,25,30,380837.660377359,1923107.18365657,2500,3200,5000
IN,muni,0600000US1800300208,,,32,78,2.4375,0.5625,849.333333333333,1257.36171913798,0,255,1208.5,0.304347826086957,1,0,0,0,1,0.645161290322581,36.8181818181818,11.2411581415634,25,35,50,2004884.6,4101408.69537639,1900,7500,12000
IN,muni,0600000US1800346836,,,13,30,2.30769230769231,0.923076923076923,819.538461538462,819.090615193115,0,624,1600,0.153846153846154,1,0,0,0,1,0.384615384615385,30.125,1.24642345475823,29,30,30.5,3000,0,3000,3000,3000
IN,muni,0600000US1800358950,,,43,97,2.25581395348837,0.761904761904762,440.911764705882,534.229797771609,0,230.5,765,0.0285714285714286,1,0,0,0,1,0.209302325581395,20.2903225806452,7.38102769893686,15,16,25,4446554.66666667,5268459.01174053,3500,6000,9999998
IN,muni,0600000US1800340932,,,8,12,1.5,0.5,774.25,1466.545089658,0,0,629.75,0.25,1,0,0,0,1,0.25,26,4.73286382647969,22,28,29.5,3500,0,3500,3500,3500
IN,muni,0600000US1800360354,,,76,287,3.77631578947368,0.422535211267606,365.19298245614,612.489633690601,0,0,440,0.0405405405405405,1,0,0,0,1,0.592105263157895,21.5161290322581,5.32209838154047,18,22,26,2615.55555555556,857.839663858514,2000,2200,3500
IN,muni,0600000US1808966096,,,42,159,3.78571428571429,0.742857142857143,474.689655172414,1066.20586002919,0,0,0,0.206896551724138,1,0,0,0,1,0.731707317073171,45.4545454545455,20.4272545211716,25,60,60,5388.33333333333,3857.18504051615,1500,6000,7200
IN,muni,0600000US1809742444,,,38,69,1.81578947368421,0.914285714285714,418.969696969697,528.066371588866,0,250,650,0.212121212121212,0.68421052631579,0.315789473684211,0,0,1,0.157894736842105,18.0625,9.44572782762389,8,20,26,5500,547.722557505166,5000,5500,6000
IN,muni,0600000US1814161128,,,67447,187329,2.77742523759396,0.525244985150009,590.562592824201,959.368767009653,0,0,1020,0.147615139427023,0.968953400447759,0.0306907646003529,0.000148264563286729,0.00020757038860142,1,0.576927094992911,73.7769494185632,436.478102904876,15,23,30,101331.541506066,982357.470025823,2050,3000,4500
IN,muni,0600000US1814127468,,,287,710,2.47386759581882,0.622137404580153,489.38679245283,759.124602735784,0,0,800,0.179723502304147,0.613240418118467,0.386759581881533,0,0,1,0.268292682926829,212.980487804878,951.782316524519,8,12,18,1041847.84415584,3070276.38676659,1800,2500,5300
IN,muni,0600000US1814111890,,,117,244,2.08547008547009,0.733333333333333,663.655555555556,849.630906792931,0,329,1075,0.144444444444444,1,0,0,0,1,0.35042735042735,299.263888888889,1018.08372871666,16,24,28,490119.536585366,2180316.96605009,2200,2500,3000
KS,muni,1600000US2002900,,,12320,33058,2.68327922077922,0.611207194742304,387.847870425915,718.085269933573,0,0,600,0.187813021702838,0.883847402597403,0.11599025974026,8.11688311688312e-05,8.11688311688312e-05,1,0.476556118281327,22.374461292897,109.18388147281,10,15,20,195789.826191292,1378013.848016,1000,1600,3000
KS,muni,0600000US2000506150,,,222,608,2.73873873873874,0.473429951690821,211.493670886076,430.121931265851,0,0,195.25,0.317073170731707,0.977477477477477,0.0225225225225225,0,0,1,0.576576576576577,29.7659574468085,84.1551850614646,5,7.5,10,1238.984375,786.676793674946,450,1200,2000
KS,muni,1600000US2020425,,,210,530,2.52380952380952,0.829787234042553,537.161073825503,774.337110286216,0,60,910,0.19205298013245,1,0,0,0,1,0.304761904761905,21.3172413793103,12.4625569475328,13,23,25,1407827.375,3503180.74790764,500,2500,3500
KS,muni,1600000US2028300,,,8631,22856,2.64812883790986,0.795,454.162141073658,797.133773157115,0,0,720,0.291159012808497,0.965820878229637,0.0340632603406326,0.000115861429730043,0,1,0.46912127984943,25.1089476124247,54.9438277210669,15,23,30,371739.769809428,1883819.01768194,1500,3000,4500
KS,muni,0600000US2000909075,,,9,16,1.77777777777778,0.875,128.285714285714,166.283607415879,0,0,274,0.428571428571429,1,0,0,0,1,0.111111111111111,6.875,3.31393163133201,5.75,7,10,600,,600,600,600
KS,muni,0600000US2000913475,,,17,43,2.52941176470588,0.75,369.090909090909,396.647312998703,25,260,775,0.727272727272727,1,0,0,0,1,0.823529411764706,20,0,20,20,20,1857.14285714286,770.328886519643,1000,2500,2500
KS,muni,0600000US2000951200,,,640,2238,3.496875,0.75513698630137,533.432126696833,743.666190176915,0,98,960,0.161825726141079,0.9984375,0.0015625,0,0,1,0.381642512077295,63.7636363636364,254.370846499843,15,20,24,1647638.1350211,3714728.73010255,1500,2500,4000
KS,muni,1600000US2032550,,,2981,7971,2.67393492116739,0.670467083486576,544.145131086142,832.803807751736,0,0,1000,0.226613965744401,1,0,0,0,1,0.507765023632681,47.6388278388278,273.0871636148,18,23,26,401713.855053192,1957177.5999423,1500,2800,4000
KS,muni,0600000US2000972025,,,3,6,2,0,373.333333333333,646.632301492381,0,0,560,0.333333333333333,1,0,0,0,1,1,,,,,,5000,0,5000,5000,5000
KS,muni,0600000US2000966725,,,6,21,3.5,1,75,150,0,0,75,0,1,0,0,0,1,0,15,0,15,15,15,,,,,
KS,muni,0600000US2000933975,,,137,404,2.94890510948905,0.807017543859649,305.628865979381,519.336060906688,0,0,500,0.319587628865979,1,0,0,0,1,0.365671641791045,16.6588235294118,8.57259329154818,10,13,22,409695.020408163,1998830.15455912,500,1500,3000
KS,muni,1600000US2003300,,,3686,9159,2.48480737927292,0.714706749189508,425.830779263124,743.119834512358,0,0,677.5,0.217178314826911,0.998100922409115,0.00189907759088443,0,0,1,0.409301060647267,30.0549604098742,204.584972462404,10,15,20,121994.792026578,1087163.97113581,1000,2000,3000
KS,muni,0600000US2001506200,,,235,569,2.42127659574468,0.591743119266055,285.465608465608,510.894589965104,0,0,350,0.296296296296296,1,0,0,0,1,0.566523605150215,8.79207920792079,3.05390514483724,6,10,12,1292.19696969697,925.564869319807,593.75,1200,1725
KS,muni,0600000US2001518425,,,760,1947,2.56184210526316,0.534788540245566,391.947530864198,548.404418205394,0,150,600,0.34983498349835,1,0,0,0,1,0.548257372654156,22.8011869436202,108.162021318621,6,7,13,875.596577017115,1271.09652218616,200,560,1200
KS,muni,0600000US2001520100,,,65,244,3.75384615384615,0.5,292.810810810811,666.178856440798,0,0,160,0.0810810810810811,1,0,0,0,1,0.415384615384615,11.0263157894737,3.54497621007733,10,11,14,350,187.288342074255,150,300,500
KS,muni,1600000US2020075,,,9562,25102,2.62518301610542,0.708863610766978,402.855118829982,686.1292899979,0,0,600,0.189957916122479,0.974796067768249,0.0240535452834135,0.00104580631667015,0.000104580631667015,1,0.456259989344699,31.9539252521258,229.937395280831,10,16,22,81679.2816440916,887436.422353952,1000,2000,3000
KS,muni,0600000US2001522275,,,42,81,1.92857142857143,1,646.230769230769,668.378529707799,153,540,760,0.333333333333333,1,0,0,0,1,0.761904761904762,5.5,2.12132034355964,4,5.5,7,938171.6875,2961225.72272901,500,650,1200
KS,muni,0600000US2001541625,,,528,1374,2.60227272727273,0.585365853658537,270.954198473282,518.837542835956,0,0,324,0.279187817258883,1,0,0,0,1,0.359848484848485,7.18934911242604,3.27923131725432,5,6,10,1340.75789473684,980.065981104485,500,1000,2000
KS,muni,0600000US2001546875,,,516,1291,2.50193798449612,0.508583690987124,291.005361930295,560.318323479686,0,0,450,0.211586901763224,1,0,0,0,1,0.590998043052838,205.810945273632,791.316127776758,8,10,15,2251.01324503311,1705.97148202964,1000,2000,3000
KS,muni,0600000US2001556850,,,467,1189,2.54603854389722,0.449308755760369,416.023411371237,620.186421519083,0,0,830,0.276094276094276,1,0,0,0,1,0.597430406852248,32.2127659574468,149.207881567028,8,15,17,502821.315412186,2186831.57758796,400,900,1800
KS,muni,0600000US2001571150,,,374,908,2.42780748663102,0.563049853372434,259.540540540541,522.36349287625,0,0,307.5,0.279461279461279,1,0,0,0,1,0.577540106951872,10.3870967741935,3.51875696908114,8,10,15,464066.851851852,2105897.23744768,500,1000,2000
KS,muni,0600000US2001531750,,,180,453,2.51666666666667,0.748538011695906,187,411.086604891611,0,0,192,0.642276422764228,1,0,0,0,1,0.488888888888889,6.96739130434783,3.16731621740275,5,6,8,937.386363636364,597.280223261468,500,700,1200
KS,muni,0600000US2001572050,,,120,382,3.18333333333333,0.738317757009346,226.285714285714,377.09707870377,0,0,356,0.623376623376623,1,0,0,0,1,0.391304347826087,5.62857142857143,1.46625252952255,5,5,6,1190.66666666667,888.403573321781,500,700,2000
KS,muni,0600000US2003530525,,,7,16,2.28571428571429,0.428571428571429,337.5,675,0,0,337.5,0.5,1,0,0,0,1,0.571428571428571,8,0,8,8,8,5000,0,5000,5000,5000
KS,muni,1600000US2002300,,,12147,31233,2.57125216102741,0.652515292613896,336.55185384202,673.107761347893,0,0,360,0.22345534094547,0.954145056392525,0.0428912488680333,0.00271672017782168,0.000246974561620153,1,0.413379930104843,13.2240932642487,34.3434923897472,8,11,16,43999.0807165862,648737.553701452,460,1250,2500
KS,muni,0600000US2003517950,,,296,738,2.49324324324324,0.677536231884058,165.740425531915,459.234587865642,0,0,130,0.306382978723404,1,0,0,0,1,0.405405405405405,8.58522727272727,20.708138026377,5,6,8,904.833333333333,680.191499645854,500,700,1075
KS,muni,0600000US2003544450,,,348,872,2.50574712643678,0.5,176.551851851852,417.342810486726,0,0,50,0.336996336996337,1,0,0,0,1,0.459770114942529,8.47872340425532,3.56221622839561,6,8,10,1034.96875,854.856730957788,350,1000,1500
KS,muni,0600000US2003552850,,,40,84,2.1,0.1,353.857142857143,547.983047336382,0,0,430,0.0857142857142857,1,0,0,0,1,0.775,6.11111111111111,0.927960727138337,5,6,7,1312.90322580645,656.120891037554,1000,1200,1500
KS,muni,0600000US2003565500,,,184,530,2.8804347826087,0.566037735849057,156.222929936306,371.56337414943,0,0,20,0.280254777070064,1,0,0,0,1,0.483695652173913,11.5934065934066,16.3564313018716,5,6,10,1240.67415730337,843.195757699147,700,1000,1500
KS,muni,0600000US2003579875,,,201,503,2.50248756218906,0.489010989010989,196.064935064935,417.514050882102,0,0,132.75,0.246753246753247,1,0,0,0,1,0.447761194029851,7.92792792792793,1.97581611083858,6,8,10,1137.88888888889,779.535290037906,650,1000,1475
KS,muni,1600000US2079950,,,9362,23856,2.54817346720786,0.638038942976356,344.25890187551,657.704305819228,0,0,480,0.318089292984123,0.970412305063021,0.0294808801538133,0,0.00010681478316599,1,0.460236519474883,26.3143861099628,184.797534511059,10,15,20,176934.937057992,1309032.88884841,1240,2000,3500
KS,muni,0600000US2003556500,,,2,3,1.5,1,0,0,0,0,0,0.5,1,0,0,0,1,1,,,,,,5000,0,5000,5000,5000
KS,muni,1600000US2024850,,,1610,4069,2.52732919254658,0.344554455445545,215.879454131918,383.063945336015,0,0,306,0.673995451099318,1,0,0,0,1,0.746426351771286,6.43627450980392,2.83984597345709,5,6,8,716.898417985013,568.523322305979,300,700,1000
KS,muni,1600000US2026300,,,2341,5617,2.39940196497223,0.561419472247498,248.919337606838,546.819099070695,0,0,266.25,0.330485851575013,0.967962409226826,0.0320375907731739,0,0,1,0.604965156794425,16.4356984478936,104.52130599974,6,9,12,72940.003599712,845658.894327046,325,550,1200
KS,muni,0600000US2003716250,,,18,34,1.88888888888889,0.5,282.411764705882,429.429426510272,0,0,420,0.294117647058824,1,0,0,0,1,0.888888888888889,10,0,10,10,10,628.75,264.899351955921,500,600,900
KS,muni,0600000US2003740575,,,110,245,2.22727272727273,0.649484536082474,334.486842105263,617.329873858292,0,0,510,0.278481012658228,1,0,0,0,1,0.427272727272727,16.5555555555556,29.2727869760922,7,8,10,571.489361702128,540.055265784677,250,400,600
KS,muni,0600000US2003775575,,,1058,2716,2.56710775047259,0.376676986584107,163.25902864259,360.846711609451,0,0,202.5,0.207407407407407,1,0,0,0,1,0.709829867674858,5.95723684210526,2.69362042976145,4,5.5,8,40240.7350199734,631172.319985573,150,275,375
KS,muni,0600000US2003753125,,,529,1273,2.40642722117202,0.616,198.577830188679,443.738979969325,0,0,160,0.395294117647059,0.998109640831758,0,0.00189035916824197,0,1,0.555765595463138,10.8553191489362,64.8398777545637,5,7,8,68774.9693877551,823315.459762996,300,500,1000
KS,muni,1600000US2056025,,,14548,35743,2.45690129227385,0.649263526323465,367.292218681872,733.432578339723,0,0,457.5,0.187250020406497,0.981853175694253,0.0181468243057465,0,0,1,0.517098731384446,19.6665226159608,115.25773440107,8,12,16,45764.4642666667,661793.869521327,600,1200,2000
KS,muni,0600000US2003703750,,,28,68,2.42857142857143,0.62962962962963,236.047619047619,458.821367875394,0,0,0,0.142857142857143,1,0,0,0,1,0.5,9,3.8829013735766,10,10,11.75,705.714285714286,365.128308021552,500,740,1100
KS,muni,0600000US2003764675,,,1101,2861,2.59854677565849,0.542338709677419,195.749703440095,434.376841150152,0,0,196,0.180851063829787,0.974568574023615,0.0254314259763851,0,0,1,0.4967919340055,11.5284403669725,36.0079088834476,5,6,8,74362.3468634686,856640.123477073,200,400,600
KS,muni,0600000US2003774975,,,757,1813,2.39498018494056,0.612068965517241,162.585492227979,382.41701390331,0,0,148,0.382352941176471,0.988110964332893,0.011889035667107,0,0,1,0.499339498018494,7.09782608695652,4.65381337318667,5,6,8,53856.0529100529,726359.06628034,400,612.5,1000
KS,muni,0600000US2016917125,,,778,1997,2.56683804627249,0.494579945799458,606.906504065041,628.243007869659,150,415,891,0.373056994818653,1,0,0,0,1,0.622107969151671,21.3449477351916,71.4394665309836,6,8,15,145433.309917355,1195023.68782886,300,550,1000
KS,muni,0600000US2004311700,,,923,2428,2.6305525460455,0.618834080717489,212.008064516129,424.400151384007,0,0,249.25,0.089572192513369,0.945828819068256,0.0541711809317443,0,0,1,0.437703141928494,11.4268292682927,5.2183223056514,7,10,15,1871.57425742574,1540.17418593097,575,1500,3000
KS,muni,0600000US2004334400,,,761,1937,2.54533508541393,0.596843615494978,178.110552763819,375.400449952706,0,0,200,0.325041459369818,0.980289093298292,0.0197109067017083,0,0,1,0.515111695137976,10.8423913043478,7.67615272754522,7,10,12,52821.1632653061,713244.336953246,650,1500,2500
KS,muni,0600000US2004375600,,,419,1090,2.60143198090692,0.201570680628272,381.479591836735,594.275706188623,0,135,594,0.256055363321799,1,0,0,0,1,0.320574162679426,41.8528301886792,260.986308566187,8,10,16,448455.149253731,2075729.91772392,20,40,1200
KS,muni,0600000US2004521700,,,446,1106,2.47982062780269,0.740196078431373,201.766016713092,419.62380180708,0,0,200,0.309192200557103,0.885650224215247,0.114349775784753,0,0,1,0.533632286995516,10.5388349514563,5.21965764711766,7,10,12,1615.90336134454,1222.78790329491,600,1200,2200
KS,muni,1600000US2038900,,,10442,25606,2.45221221988125,0.646691251792665,409.991321354358,770.445562064966,0,0,567,0.304924242424242,0.902796399157249,0.0967247653706186,0.00019153418885271,0.000287301283279065,1,0.488557692307692,27.9539913488006,140.874380908863,10,16,25,51811.2530997835,699608.719020542,1200,2000,3500
KS,muni,0600000US2004554225,,,6,10,1.66666666666667,1,325,556.551884373775,0,0,450,0.833333333333333,1,0,0,0,1,0.5,26,0,26,26,26,9999998,0,9999998,9999998,9999998
KS,muni,1600000US2020450,,,1991,5905,2.96584630838774,0.480637813211845,582.19756097561,826.041323793376,0,250,900,0.315625,0.979909593169262,0.0200904068307383,0,0,1,0.545454545454545,22.4596774193548,94.801106607293,9,12,20,139890.105893186,1167435.78104692,500,1250,2900
KS,muni,0600000US2005120475,,,36,92,2.55555555555556,0.444444444444444,330,157.691682300198,212.5,300,387.5,0.166666666666667,0.777777777777778,0.222222222222222,0,0,1,0.583333333333333,8.8,2.11119465164699,8.5,10,10,614.285714285714,316.679197747049,500,500,600
KS,muni,1600000US2031100,,,4797,14829,3.09130706691682,0.674255691768827,537.751757306696,823.723517432525,0,60,900,0.177992108724244,1,0,0,0,1,0.479118572927597,53.9029086439984,508.740742047052,14,20,30,195804.798948752,1374696.93210479,1500,3000,4500
KS,muni,0600000US2005142700,,,238,901,3.78571428571429,0.977168949771689,301.283582089552,525.253789169289,0,0,500,0.0942028985507246,1,0,0,0,1,0.815126050420168,307.19512195122,548.637230759643,30,100,250,737.943298969072,1281.89093320921,150,300,600
KS,muni,1600000US2025325,,,3063,8335,2.72118837740777,0.788640973630832,310.23572407492,537.545682071488,0,0,450,0.271103171058508,0.964740450538688,0.0352595494613124,0,0,1,0.423734385272847,15.8886310904872,18.8536628259744,8,15,20,382472.459270753,1912578.60480606,1000,2000,4000
KS,muni,1600000US2018250,,,6499,17337,2.66764117556547,0.739705134722928,473.890410958904,748.877184647489,0,0,772.5,0.237623762376238,0.977842745037698,0.0221572549623019,0,0,1,0.402177293934681,17.1157811260904,9.92943489752202,10,15,23,196184.14191802,1376860.80857526,1200,2500,4000
KS,muni,0600000US2005767150,,,118,317,2.6864406779661,0.464646464646465,470.704545454546,457.364369502573,40,360,824.25,0.352941176470588,1,0,0,0,1,0.525423728813559,8.39285714285714,3.42545854357723,7,10,10,808695,2744452.39494258,1600,2500,3000
KS,muni,0600000US2005916900,,,3,4,1.33333333333333,1,173.333333333333,300.222139978605,0,0,260,0,1,0,0,0,1,1,,,,,,600,0,600,600,600
KS,muni,0600000US2005924375,,,606,1414,2.33333333333333,0.332179930795848,184.894308943089,469.631021486327,0,0,85.5,0.456565656565657,1,0,0,0,1,0.561258278145695,8.29277566539924,3.38409857751017,6,7,10,443775.693215339,2059211.52683983,600,1000,1800
KS,muni,0600000US2005930925,,,8,19,2.375,0.75,540,852.274268396875,0,150,677.5,0.5,1,0,0,0,1,0.875,10,,10,10,10,2071.42857142857,731.9250547114,1750,2500,2500
KS,muni,1600000US2053550,,,9843,27494,2.79325408920045,0.678266651889615,335.587081589958,617.26012781128,0,0,480,0.23610937695093,0.955298181448745,0.0444986284669308,0.000203190084323885,0,1,0.465759343270685,16.0629166666667,46.0076662645336,8,11,15,122804.03432282,1091394.22806515,1000,1800,3000
KS,muni,0600000US2005957025,,,196,552,2.81632653061225,0.779005524861879,446.430555555556,481.002381370606,89.5,240,705,0.20952380952381,1,0,0,0,1,0.530612244897959,6.82222222222222,3.29990731152697,5,6,8,1066.73076923077,1200.84957167888,400,900,1500
KS,muni,0600000US2005957225,,,83,171,2.06024096385542,1,187.46875,359.89001709517,0,0,232.5,0.348484848484849,1,0,0,0,1,0.602409638554217,30.5151515151515,95.3326810477791,5,7,10,711.6,357.504730951999,400,700,1000
KS,muni,0600000US2005959700,,,47,132,2.80851063829787,1,149.571428571429,343.413597808334,0,0,0,0.027027027027027,1,0,0,0,1,0.340425531914894,9.67741935483871,3.81564408520321,8,8,14,1719.5,981.263267426229,1375,2250,2500
KS,muni,0600000US2005979325,,,5,9,1.8,0.6,652.5,922.774349448444,326.25,652.5,978.75,0.4,1,0,0,0,1,0.6,5,0,5,5,5,1000,0,1000,1000,1000
KS,muni,1600000US2035750,,,6673,17605,2.63824366851491,0.652130325814536,362.534703196347,593.920163001255,0,0,572,0.345374449339207,0.924921324741496,0.0738798141765323,0.000749288176232579,0.000449572905739547,1,0.471445746919146,17.4785836664763,7.5646672966907,12,16,20,101274.086069493,989075.11889296,1200,2200,3500
KS,muni,0600000US2006166000,,,154,408,2.64935064935065,0.835820895522388,346.261261261261,486.097291266447,0,56,644,0.2,0.844155844155844,0.149350649350649,0,0.00649350649350649,1,0.168831168831169,17.4453125,6.26427012640223,13.5,15.5,24,813.076923076923,1028.48925801204,80,290,1275
KS,muni,0600000US2006146550,,,273,689,2.52380952380952,0.448598130841121,230.739336492891,470.157484575557,0,0,355,0.276381909547739,1,0,0,0,1,0.523809523809524,10.1846153846154,5.9033358266265,6,9,13.75,210987.048951049,1438001.53528164,700,1000,1500
KS,muni,0600000US2007909600,,,750,1945,2.59333333333333,0.658646616541353,315.421933085502,596.706833465678,0,0,310.5,0.368715083798883,1,0,0,0,1,0.532,13.0982658959538,4.6565082892587,10,13,16,1581.60401002506,974.996293555104,850,1500,2200
KS,muni,0600000US2007921025,,,363,973,2.68044077134986,0.513513513513514,239.992307692308,453.082450006957,0,0,300,0.360153256704981,1,0,0,0,1,0.59504132231405,38.1034482758621,176.82311171125,10,12,15,1991.89814814815,959.119804237341,1500,2000,2700
KS,muni,1600000US2029600,,,1171,2979,2.54397950469684,0.530044843049327,290.567567567568,634.027121952682,0,0,300,0.359001040582726,0.999146029035013,0.00085397096498719,0,0,1,0.618274978650726,17.0380313199105,16.0210311237472,11,15,20,43839.5220994475,642668.799745582,1000,2000,3500
KS,muni,1600000US2050475,,,8805,23270,2.64281658148779,0.603598090808959,430.140862173649,750.809951527396,0,0,624,0.224083769633508,0.967518455423055,0.0321408290743896,0.000340715502555366,0,1,0.574598839194264,37.066170388751,244.549799745856,13,16,23,228632.197860963,1485277.85985663,1500,2500,3750
KS,muni,0600000US2007950500,,,2,3,1.5,1,510,,510,510,510,1,1,0,0,0,1,1,,,,,,1000,0,1000,1000,1000
KS,muni,0600000US2017373275,,,191,510,2.67015706806283,0.647727272727273,212.305555555556,428.692944015458,0,0,244,0.291666666666667,1,0,0,0,1,0.534031413612565,8.96052631578947,3.62745379744961,6,8,12,589238.31372549,2364308.31889669,500,1000,1600
KS,muni,0600000US2007963825,,,512,1341,2.619140625,0.525,268.159420289855,549.483524789561,0,0,234,0.313106796116505,1,0,0,0,1,0.604696673189824,10.4554455445545,3.84662351771909,8,10,12,1477.57281553398,1027.14248624561,600,1400,2000
KS,muni,0600000US2017319250,,,19,35,1.84210526315789,0.882352941176471,270.3125,570.738202535395,0,0,306.25,0.25,1,0,0,0,1,0.214285714285714,9.81818181818182,1.66241882918727,8,10,11,1333.33333333333,288.675134594813,1250,1500,1500
KS,muni,0600000US2008540750,,,419,1181,2.81861575178998,0.640957446808511,166.140186915888,356.521776559602,0,0,156,0.277777777777778,0.978520286396181,0,0.0214797136038186,0,1,0.551312649164678,10.9770114942529,37.3641592081148,8,8,10,260580.593073593,1593894.10737508,300,700,1400
KS,muni,0600000US2008518350,,,4,10,2.5,0,117,234,0,0,117,0.5,1,0,0,0,1,0,11,0,11,11,11,,,,,
KS,muni,1600000US2032825,,,2873,7118,2.47754959972155,0.634956587391469,240.491780821918,501.894856914284,0,0,242.25,0.367924528301887,0.987817612252001,0.00800556909154194,0.00417681865645667,0,1,0.454099509460407,27.8385308385308,212.960847882213,8,10,15,456817.844907407,2084980.42032898,700,1500,2500
KS,muni,0600000US2008535225,,,16,37,2.3125,0.285714285714286,706.666666666667,349.475797922164,560,800,900,0.357142857142857,1,0,0,0,1,0.3125,7.90909090909091,2.77324883321153,7,10,10,1000,458.257569495584,700,700,1500
KS,muni,0600000US2008549975,,,2,2,1,1,75,106.066017177982,37.5,75,112.5,0,1,0,0,0,1,,,,,,,,,,,
KS,muni,0600000US2008578125,,,7,28,4,1,343.285714285714,333.894551361012,111.5,360,410,0.285714285714286,1,0,0,0,1,,,,,,,,,,,
KS,muni,0600000US2008736575,,,388,921,2.37371134020619,0.665738161559889,250.513043478261,456.043163346615,0,0,325,0.206395348837209,0.989690721649485,0.0103092783505155,0,0,1,0.530927835051546,10.2947976878613,4.07342872968321,6,10,15,1660.94660194175,1381.28402690699,712.5,1000,2500
KS,muni,0600000US2000511550,,,555,1471,2.65045045045045,0.348697394789579,212.784688995215,465.328724275124,0,0,217.5,0.398148148148148,1,0,0,0,1,0.585585585585586,585.017391304348,526.484816215012,300,500,600,31583.3784615385,554655.240427221,400,600,1000
KS,muni,0600000US2008717425,,,1237,3192,2.58043654001617,0.648908296943232,197.207877461707,418.750559664542,0,0,180,0.302094818081588,0.950687146321746,0.0493128536782538,0,0,1,0.454018227009114,12.8885496183206,47.0687710822784,6,8,12,1591.69708029197,898.9906199527,1000,1500,2000
KS,muni,1600000US2025425,,,468,1082,2.31196581196581,1,257.602564102564,473.40306961121,0,0,330,0.358974358974359,1,0,0,0,1,0.61822125813449,11.3409090909091,3.78836222023295,8,10,15,1809.85964912281,1335.62257254383,750,1500,2500
KS,muni,1600000US2017850,,,376,886,2.3563829787234,0.6,585.355371900826,682.584156710171,120,420,824,0.254237288135593,1,0,0,0,1,0.539893617021277,84.7251461988304,699.946351229323,7,8,10,1591.87192118227,1368.81586585038,600,1200,2000
KS,muni,1600000US2019825,,,179,413,2.3072625698324,1,296.366013071895,479.332427110241,0,45,429,0.183006535947712,1,0,0,0,1,0.670391061452514,8.49152542372881,3.03072132847846,8,8,10,167680.883333333,1285425.92643256,600,1000,1200
KS,muni,1600000US2052575,,,2688,6562,2.44122023809524,0.686484344034879,288.302887139108,557.276865054206,0,0,350,0.277691107644306,0.946056547619048,0.0539434523809524,0,0,1,0.532525252525253,22.2375444839858,104.316746467712,10,13,18.25,305214.817905918,1715803.95582453,510,1500,2500
KS,muni,1600000US2039350,,,19,45,2.36842105263158,0.842105263157895,690.769230769231,1179.37456262816,0,90,800,0.0769230769230769,1,0,0,0,1,0.631578947368421,80,0,80,80,80,2041.66666666667,864.931246172816,1750,2000,3000
KS,muni,1600000US2067625,,,124,264,2.12903225806452,0.504273504273504,274.785046728972,525.839239872211,0,0,305,0.289719626168224,1,0,0,0,1,0.617886178861789,7.8936170212766,2.33344345804176,5,7,10,264254.815789474,1611181.70755958,500,1000,1400
KS,muni,0600000US2009317250,,,123,424,3.44715447154472,0.858490566037736,219.294871794872,403.90763728095,0,0,300,0.189873417721519,1,0,0,0,1,0.357723577235772,4.84,2.70155110600899,3,4,6,541.704545454546,840.862612994743,72.5,225,300
KS,muni,0600000US2009338200,,,606,1639,2.7046204620462,0.659300184162063,277.584382871537,492.374924955756,0,0,405,0.369346733668342,1,0,0,0,1,0.443894389438944,9.85220125786164,5.86548839652032,6,8,10,335855.646840149,1801385.94631235,500,1000,1500
KS,muni,0600000US2009572850,,,180,441,2.45,0.598802395209581,142.719178082192,316.63736994148,0,0,92,0.386206896551724,1,0,0,0,1,0.594444444444445,43.4307692307692,207.697569288765,5,6,10,808.03738317757,557.438023041764,425,700,1000
KS,muni,1600000US2036950,,,3014,7920,2.62773722627737,0.648775216138329,267.005813953488,536.877548403363,0,0,300,0.31763660595291,0.995686794956868,0.00431320504313205,0,0,1,0.542570951585977,139.576134699854,445.623163771107,10,15,23,112892.808615385,1046722.65919991,1000,2000,3000
KS,muni,0600000US2009540150,,,212,552,2.60377358490566,0.597989949748744,226.411764705882,454.945338913626,0,0,220,0.364705882352941,1,0,0,0,1,0.59433962264151,14.1162790697674,18.3209417974277,8,9,10,1299.20634920635,802.056958750041,750,1200,1800
KS,muni,0600000US2009920750,,,83,180,2.16867469879518,0.72,133.560606060606,364.113005653164,0,0,0,0.424242424242424,1,0,0,0,1,0.530120481927711,6.94871794871795,2.08943102238407,5,7,8,650.909090909091,301.822512004394,400,700,925
KS,muni,0600000US2009929350,,,161,359,2.22981366459627,0.653333333333333,154.203125,313.894469436646,0,0,252,0.109375,1,0,0,0,1,0.440993788819876,5.62222222222222,2.27135448268593,4,6,7,418.169014084507,232.399347547369,300,400,600
KS,muni,0600000US2009948950,,,22,41,1.86363636363636,0.5,318.235294117647,719.845775966263,0,0,0,0.352941176470588,1,0,0,0,1,0.636363636363636,12,5.01426536422407,9.5,10,12.5,2228.57142857143,886.157280213126,1650,1900,2375
KS,muni,1600000US2053450,,,1352,3612,2.6715976331361,0.546474358974359,219.71002979146,467.353403864864,0,0,245,0.265774378585086,0.909763313609468,0.0902366863905326,0,0,1,0.528963414634146,11.6530278232406,22.7860484312735,7,10,13,44277.3112391931,656459.447754475,400,900,1500
KS,muni,0600000US2009940175,,,4,10,2.5,1,0,0,0,0,0,0.25,1,0,0,0,1,0,5,0,5,5,5,,,,,
KS,muni,1600000US2054675,,,13074,33069,2.52937127122533,0.640369282417121,406.284860173578,762.181660148765,0,0,485.75,0.216546416546417,0.911427260211106,0.088572739788894,0,0,1,0.477944590620647,14.9899685581674,44.2673483773198,8,13,18,102304.375809585,996788.04220782,1000,1600,2500
KS,muni,0600000US2009950975,,,5,15,3,1,0,0,0,0,0,0.75,1,0,0,0,1,1,,,,,,300,0,300,300,300
KS,muni,0600000US2010319625,,,75,251,3.34666666666667,0.603448275862069,195.30612244898,458.810155187744,0,0,168,0.46,1,0,0,0,1,0.506666666666667,9.21212121212121,5.49293623527968,8,8,8,1842958.31578947,3928182.81380363,500,1500,2000
KS,muni,1600000US2039000,,,12949,34111,2.63425747161943,0.575509169272374,363.649932679361,660.639172295611,0,0,520,0.291172349369454,0.887713336937215,0.112209437022164,0,7.72260406208974e-05,1,0.535775127768314,35.7332988980716,271.410835992715,10,16,25,193171.213759214,1367755.67474544,1000,2000,3200
KS,muni,1600000US2038650,,,139,339,2.43884892086331,0.346456692913386,457.633027522936,942.683410394187,0,0,624,0.36697247706422,0.913669064748201,0.0863309352517986,0,0,1,0.58273381294964,25.051724137931,16.7974751797344,8,23.5,30,127180.962962963,1110695.5076564,2500,3000,4000
KS,muni,0600000US2010370825,,,484,1287,2.65909090909091,0.496551724137931,325.572538860104,512.114816846318,0,60,500,0.194300518134715,0.917355371900826,0.0826446280991736,0,0,1,0.534188034188034,10.8461538461538,4.49211704772036,6,10,15,161824.228,1257035.73518452,1000,1500,2500
KS,muni,0600000US2010707625,,,446,960,2.152466367713,0.5,176.497326203209,375.811449135258,0,0,200,0.268617021276596,1,0,0,0,1,0.643497757847534,72.9677419354839,167.217387842342,4,6,10,35520.9407665505,590241.386506201,300,500,750
KS,muni,0600000US2010757175,,,1158,2890,2.49568221070812,1,276.042025862069,599.043143314661,0,0,289.75,0.284789644012945,0.987046632124352,0.0129533678756477,0,0,1,0.490008688097307,40.0810344827586,222.472249696312,7,10,15,231855.629432624,1501735.30144132,487.5,1000,2000
KS,muni,0600000US2011100525,,,273,662,2.42490842490842,0.532786885245902,124.674876847291,300.25662738147,0,0,58.5,0.299019607843137,1,0,0,0,1,0.58974358974359,6.5625,2.67716822962804,4.75,5,9,373501.043478261,1899901.33219144,300,600,1100
KS,muni,0600000US2011101700,,,1,1,1,1,0,,0,0,0,0,1,0,0,0,1,0,1,,1,1,1,,,,,
KS,muni,0600000US2011111800,,,38,108,2.84210526315789,0.882352941176471,259.862068965517,440.009961262074,0,98,270,0.275862068965517,1,0,0,0,1,0.394736842105263,9.13333333333333,6.84383629538983,5,7,10,869.333333333333,910.066454925657,80,80,2000
KS,muni,0600000US2011120687,,,8,24,3,1,206,291.327993848858,103,206,309,0.5,1,0,0,0,1,0.25,12,0,12,12,12,4000,0,4000,4000,4000
KS,muni,1600000US2021275,,,12961,33585,2.59123524419412,0.619687552494541,404.597434581837,744.379966728122,0,0,520,0.252268602540835,0.964277447727799,0.0354910886505671,0,0.000231463621634133,1,0.499687792694349,64.6623169955443,339.953110546369,10,15,25,418117.418306779,1995184.38035494,1300,2500,4000
KS,muni,0600000US2011121300,,,4,6,1.5,0,0,0,0,0,0,0.5,1,0,0,0,1,1,,,,,,3700,808.290376865476,3000,3700,4400
KS,muni,0600000US2011134700,,,268,734,2.73880597014925,0.711462450592885,186.339901477833,358.776713889981,0,0,220,0.247572815533981,1,0,0,0,1,0.42910447761194,7.49019607843137,3.43572111303631,5,6,8,522523.617391304,2233322.84965156,270,500,1500
KS,muni,0600000US2011310500,,,508,1210,2.38188976377953,0.585903083700441,201.611528822055,437.752048822917,0,0,116,0.368020304568528,1,0,0,0,1,0.616141732283465,11.2769230769231,4.53227040453519,8,10,14,1412.9552715655,1168.64414558864,500,1200,2000
KS,muni,0600000US2011310950,,,186,439,2.36021505376344,0.611764705882353,278.463235294118,646.824595928142,0,0,277.5,0.37410071942446,1,0,0,0,1,0.5,8.60674157303371,3.19665299936757,6,10,10,323652.860215054,1776226.45429961,450,980,1500
KS,muni,0600000US2011321200,,,244,670,2.74590163934426,0.612612612612613,754.392857142857,633.70169863836,236.25,587.5,1058.75,0.345588235294118,1,0,0,0,1,0.618852459016393,10.9310344827586,4.22008790674526,8,10,13,332877.350993378,1794934.70141629,1000,1500,3000
KS,muni,0600000US2016966125,,,11,21,1.90909090909091,0.454545454545455,369.636363636364,633.597233694604,0,0,580,0.363636363636364,1,0,0,0,1,0.272727272727273,14,3.70328039909021,15,15,15,3000,0,3000,3000,3000
KS,muni,0600000US2011366025,,,333,775,2.32732732732733,0.567398119122257,299.442508710801,574.025653045684,0,0,331,0.343971631205674,1,0,0,0,1,0.492492492492493,17.4496644295302,12.6247484543368,10,15,20,429583.664634146,2027021.1502937,1500,2500,4000
KS,muni,1600000US2041375,,,1529,4368,2.85676913015043,0.464924346629986,233.88533988534,467.050895836094,0,0,220,0.333609271523179,0.999345977763244,0,0.00065402223675605,0,1,0.596985583224115,77.2120717781403,726.817652094745,10,14,18,463524.406147091,2097689.38963537,1800,2500,3500
KS,muni,1600000US2043950,,,7011,18249,2.60290971330766,0.708827199001872,506.070685579196,740.647162558056,0,0,900,0.236997635933806,0.997432605905006,0.00256739409499358,0,0,1,0.478789633704937,31.8529246344207,187.22433581434,16,20,25,99979.6555790747,978750.799119043,2000,3000,4000
KS,muni,0600000US2011330950,,,2,3,1.5,1,1130,240.416305603426,1045,1130,1215,0,1,0,0,0,1,0,27,0,27,27,27,,,,,
KS,muni,0600000US2011344950,,,590,1415,2.39830508474576,0.542253521126761,212.912955465587,490.229803415051,0,0,71.25,0.363821138211382,1,0,0,0,1,0.58135593220339,20.4574898785425,61.8839493369937,9.5,12,15,30881.8309037901,539856.701837562,1000,1500,2000
KS,muni,0600000US2001540500,,,2,3,1.5,1,352,497.80317395533,176,352,528,0,1,0,0,0,1,0,7,0,7,7,7,,,,,
KS,muni,0600000US2012145100,,,106,201,1.89622641509434,0.606060606060606,157.386363636364,352.901745689594,0,0,117.5,0.386363636363636,0.867924528301887,0.132075471698113,0,0,1,0.481132075471698,4.90909090909091,2.25481154072244,3.5,5,5,740.78431372549,938.419614324541,100,500,900
KS,muni,0600000US2012153175,,,174,450,2.58620689655172,0.559748427672956,130.218390804598,339.844215425376,0,0,0,0.419540229885057,1,0,0,0,1,0.574712643678161,6.66216216216216,1.31666897085891,6,6,7,652.8,486.967694363328,300,500,1000
KS,muni,1600000US2053225,,,3604,9262,2.56992230854606,0.658197932053176,447.891335227273,822.402712748172,0,0,520,0.239730878186969,0.948945615982242,0.0504994450610433,0.000554938956714761,0,1,0.533259114945728,18.6213124623721,81.1930200778413,8,12,17,54038.0041753654,720608.591891423,900,1500,2500
KS,muni,0600000US2012153250,,,491,1268,2.58248472505092,0.668903803131991,404.665722379603,942.322301423036,0,0,431,0.304225352112676,0.84928716904277,0.15071283095723,0,0,1,0.40295358649789,10.929889298893,7.33526941530489,5,10,16,420310.539267016,2008217.5605712,550,1200,2500.5
KS,muni,1600000US2054250,,,3331,7980,2.39567697388172,0.652243079860006,287.66526877621,567.279132416758,0,0,300,0.348041080258654,0.933053137196037,0.0663464425097568,0.000600420294205944,0,1,0.401358443964187,24.4973903966597,179.028937064661,10,13,16,25065.0707692308,479922.741767885,757.5,1500,2750
KS,muni,1600000US2042875,,,119,356,2.99159663865546,0.637931034482759,211.448979591837,427.926049166967,0,0,173.5,0.23,1,0,0,0,1,0.369747899159664,10.3733333333333,3.13124331291656,8,10,12,854.886363636364,612.472579961809,400,900,1275
KS,muni,0600000US2012146225,,,472,1162,2.46186440677966,0.404017857142857,259.302083333333,515.703572632511,0,0,303,0.322115384615385,1,0,0,0,1,0.653927813163482,9.37423312883435,5.66784942947429,6.5,8,10,1112.04545454545,947.473601711511,500,1000,1500
KS,muni,1600000US2010375,,,2495,6071,2.43326653306613,0.606986899563319,298.01248049922,639.443257329903,0,0,300,0.297199170124481,0.999599198396794,0,0.000400801603206413,0,1,0.543030303030303,12.9270462633452,48.3142541847614,6,8,12.25,75176.4389880952,859620.104345895,320,600,1000
KS,muni,0600000US2012510400,,,351,935,2.66381766381766,0.732203389830509,161.925196850394,362.442055222942,0,0,157.5,0.296442687747036,1,0,0,0,1,0.381766381766382,6.61751152073733,3.24697398743786,5,6,8,590.074626865672,779.847195625076,250,400,700
KS,muni,1600000US2012925,,,3072,8193,2.6669921875,0.551662495530926,209.090480274443,468.464333075259,0,0,172.75,0.230538922155689,0.977864583333333,0.0221354166666667,0,0,1,0.49688013136289,7.83300198807157,11.1654995249908,5,6,10,33740.6133509584,574064.033887465,250,500,1000
KS,muni,0600000US2012512875,,,4,10,2.5,0,50,100,0,0,50,0.5,1,0,0,0,1,1,,,,,,1200,0,1200,1200,1200
KS,muni,1600000US2014600,,,16101,42387,2.63256940562698,0.657373240399071,411.254263565891,728.125214192744,0,0,624,0.211842319596025,0.890255263648221,0.10757095832557,0.00198745419539159,0.000186323830817962,1,0.488256092941028,21.4327449030333,105.976764204054,10,15,20,46213.4051467736,661524.470064184,760,1800,3000
KS,muni,0600000US2009933300,,,233,552,2.36909871244635,0.653333333333333,530.832432432433,874.752262461522,0,0,1040,0.206349206349206,0.982832618025751,0.0171673819742489,0,0,1,0.587719298245614,20.0744680851064,5.45999992457782,15.25,20,25,2694.77611940299,1374.37981443,1850,2500,3000
KS,muni,0600000US2012523325,,,321,774,2.41121495327103,0.63758389261745,308.274509803922,510.106383779784,0,0,502,0.223529411764706,0.981308411214953,0.0186915887850467,0,0,1,0.510903426791277,9,4.23810552741888,6,8,10,183919.719512195,1344045.30319781,400,900,1250
KS,muni,0600000US2012512850,,,72,176,2.44444444444444,0.560606060606061,389.385964912281,727.455883649752,0,0,595,0.280701754385965,1,0,0,0,1,0.444444444444444,18.8,4.48473193321747,15.75,20,23,2487.5,857.885622874917,2000,2500,3000
KS,muni,0600000US2009910325,,,7,10,1.42857142857143,1,1033.33333333333,1032.79555898864,175,850,1750,0,1,0,0,0,1,0.142857142857143,25,0,25,25,25,2500,,2500,2500,2500
KS,muni,0600000US2012554525,,,16,52,3.25,0.538461538461538,255.6,647.60605309092,0,0,0,0.1,1,0,0,0,1,0.375,5,0,5,5,5,3500,0,3500,3500,3500
KS,muni,1600000US2033875,,,11048,30631,2.77253801593049,0.650563449289564,357.407956136258,715.676449975649,0,0,413,0.261031551985097,0.895003620564808,0.103910209992759,0.00108616944243302,0,1,0.441926345609065,14.5097127677237,39.9070931622033,8,10,17,41277.6972704715,625518.175602546,700,1500,2500
KS,muni,0600000US2012533900,,,32,100,3.125,0.1875,369.954545454545,689.624637533086,0,0,384.75,0.0454545454545455,0.6875,0.3125,0,0,1,0.59375,8.07692307692308,4.57277338277947,5,5,13,563.157894736842,236.197954445441,400,500,500
KS,muni,0600000US2012540275,,,243,576,2.37037037037037,0.291666666666667,240.30198019802,521.03519509091,0,0,200,0.183333333333333,1,0,0,0,1,0.650205761316872,42.3529411764706,227.625983216535,6,7,8,1230.3164556962,852.999519034277,400,1200,1500
KS,muni,0600000US2012542900,,,680,1680,2.47058823529412,0.632686084142395,113.593186372746,335.539673247381,0,0,0,0.32064128256513,1,0,0,0,1,0.469719350073855,6.35310734463277,6.09296756705196,5,5,7,32332.5094339623,560723.825683118,400,500,1000
KS,muni,0600000US2013900450,,,507,1369,2.70019723865878,0.639830508474576,152.509641873278,380.235187165406,0,0,0,0.293150684931507,1,0,0,0,1,0.489151873767258,6.83720930232558,6.10197480016582,5,6,7,686359.245967742,2531717.63183523,250,600,1250
KS,muni,0600000US2013909375,,,742,1740,2.34501347708895,0.455604075691412,273.731107205624,476.279059701574,0,0,400,0.203180212014134,0.995956873315364,0.00404312668463612,0,0,1,0.606469002695418,55.0491228070176,240.397377246308,6,8,11,245362.662222222,1545817.70817807,350,600,1500
KS,muni,1600000US2053200,,,1752,4334,2.47374429223744,0.555487431023912,226.151619572709,503.703312130091,0,0,200,0.253028263795424,0.998287671232877,0.00171232876712329,0,0,1,0.544622425629291,17.0129032258065,56.3232855468355,7,10,15,232318.525210084,1503105.99532139,400,1000,2000
KS,muni,0600000US2013959825,,,42,89,2.11904761904762,0.641025641025641,187.157894736842,418.118535263128,0,0,0,0.305555555555556,1,0,0,0,1,0.833333333333333,8.71428571428571,1.60356745147455,7,10,10,1944.28571428571,1768.25651205841,1000,1400,1750
KS,muni,0600000US2013963700,,,500,1150,2.3,0.553911205073996,151.138888888889,303.835020860906,0,0,200,0.405,1,0,0,0,1,0.602,6.1608040201005,2.86819398298375,4,6,8,442.146179401993,383.749751652933,200,300,500
KS,muni,0600000US2013973200,,,62,139,2.24193548387097,0.557692307692308,317.170212765957,554.637300959078,0,0,576,0.127659574468085,1,0,0,0,1,0.467741935483871,10.1666666666667,7.70617009098971,6,9,11,2268.96551724138,1106.34644802349,1500,1750,3500
KS,muni,1600000US2047075,,,2035,5351,2.62948402948403,0.57111477210324,262.000636537237,519.764021051104,0,0,330,0.265436028007638,0.98968058968059,0.0103194103194103,0,0,1,0.626352015732547,17.8624338624339,65.8403617541913,8,11,15,64297.4795918367,790128.362590505,600,1200,2000
KS,muni,0600000US2014311975,,,5,15,3,1,87.5,123.743686707646,43.75,87.5,131.25,0,1,0,0,0,1,0,5,0,5,5,5,,,,,
KS,muni,0600000US2014364725,,,25,60,2.4,0.48,130.8,267.574210070285,0,0,132.5,0.35,1,0,0,0,1,0.6,1000,0,1000,1000,1000,892,693.801124242387,400,500,1200
KS,muni,0600000US2014905950,,,8,36,4.5,0,160,320,0,0,160,0,1,0,0,0,1,1,,,,,,100,0,100,100,100
KS,muni,0600000US2014907725,,,94,253,2.69148936170213,0.431818181818182,439.6,514.644322758319,88.75,220,603,0.418918918918919,1,0,0,0,1,0.787234042553192,5.7,1.71985311490316,4.75,6,7,640.067567567568,405.087081153287,400,460,1000
KS,muni,0600000US2014921125,,,186,538,2.89247311827957,0.534883720930233,207.041958041958,443.01552883675,0,0,120,0.41958041958042,1,0,0,0,1,0.602150537634409,7.77027027027027,2.0907316494622,6,8,9.75,1039.73214285714,665.952491097503,575,1000,1500
KS,muni,0600000US2014946700,,,874,2014,2.30434782608696,0.544319600499376,249,484.082457941781,0,0,318.75,0.338815789473684,0.998855835240274,0.0011441647597254,0,0,1,0.443935926773455,13.2351694915254,46.1183950428679,6,8,10,53087.6443298969,716919.435611352,700,1500,2000
KS,muni,0600000US2014975350,,,1939,4975,2.56575554409489,0.54997239094423,224.493653974616,447.51261908963,0,0,250,0.401201602136182,0.987106756059825,0.00825167612171222,0.00464156781846313,0,1,0.569400630914827,14.7347188264059,44.4099550241295,7,10,17,76448.9556786704,856464.399880431,1000,2500,3500
KS,muni,0600000US2014962225,,,201,564,2.80597014925373,0.407608695652174,214.549295774648,410.115475477884,0,0,205.75,0.443661971830986,1,0,0,0,1,0.696517412935323,7.09836065573771,4.43360244057729,3,6,10,918.357142857143,840.970543042477,300,700,1300
KS,muni,0600000US2014962425,,,981,2787,2.84097859327217,0.51978021978022,235.95652173913,540.508177129414,0,0,285,0.331412103746398,0.985728848114169,0.0142711518858308,0,0,1,0.528147389969294,9.39035087719298,4.08172489498899,6,8,12,98187.6550387597,980416.479746545,600,1000,2000
KS,muni,0600000US2014942950,,,2,3,1.5,0,0,0,0,0,0,0.5,1,0,0,0,1,1,,,,,,2500,0,2500,2500,2500
KS,muni,1600000US2033625,,,24371,64935,2.66443724098314,0.734215246636771,413.395764501977,726.373107126512,0,0,646.5,0.22139554658022,0.979442780353699,0.0203930901481269,0.000164129498174059,0,1,0.482772054367587,47.1896478574459,235.318547216405,12,18,25,116570.469470098,1060770.23941681,1200,2200,3500
KS,muni,0600000US2015558975,,,195,507,2.6,0.773480662983426,353.686390532544,502.897700822196,0,0,624,0.217647058823529,0.98974358974359,0.0102564102564103,0,0,1,0.23121387283237,73.2255639097744,319.296898421415,15,17,21,752537.35,2666736.02341318,1500,2500,4625
KS,muni,0600000US2015511000,,,2,3,1.5,0.5,1347.5,45.9619407771256,1331.25,1347.5,1363.75,1,1,0,0,0,1,1,,,,,,4000,0,4000,4000,4000
KS,muni,0600000US2015513600,,,7,28,4,0.285714285714286,200.142857142857,285.629380241499,0,0,328.5,0.142857142857143,1,0,0,0,1,1,,,,,,3000,0,3000,3000,3000
KS,muni,0600000US2015541550,,,557,1335,2.3967684021544,0.788461538461538,273.756944444444,590.592630672022,0,0,154.5,0.350230414746544,1,0,0,0,1,0.690647482014389,12.4736842105263,4.77901760699055,10,12,15,106455.942708333,1016381.68995311,1200,2000,3000
KS,muni,0600000US2016103825,,,275,668,2.42909090909091,0.346846846846847,370.827586206897,521.381480630205,0,144,520,0.122549019607843,1,0,0,0,1,0.461818181818182,7.58108108108108,5.38328669996884,5,7,8,1076.81102362205,1186.99545159185,437.5,750,1300
KS,muni,0600000US2016144125,,,392,893,2.2780612244898,0.188202247191011,292.869706840391,481.804006433397,0,0,520,0.168831168831169,1,0,0,0,1,0.64030612244898,52.5602836879433,248.268010964946,7,10,13,320194.876494024,1759848.91182197,600,1200,2000
KS,muni,1600000US2044250,,,9054,23681,2.61552904793461,0.700933460986118,571.982347475999,905.027646731609,0,104,888,0.270169115608539,0.965981886459024,0.0340181135409764,0,0,1,0.455913499052503,27.5341498858211,40.0139059931527,18,25,35,91874.633007335,933804.330537028,2000,3500,5000
KS,muni,0600000US2016144275,,,40,99,2.475,0.916666666666667,476.935483870968,774.956340081335,0,75,752,0.258064516129032,1,0,0,0,1,0.35,28.2,8.64580823289529,25,25,40,2145,1589.40966302684,510,2500,2500
KS,muni,0600000US2016152300,,,495,1371,2.76969696969697,0.615023474178404,251.716417910448,441.040767120886,0,0,471.5,0.208333333333333,1,0,0,0,1,0.521384928716904,8.78723404255319,3.24192731937891,6,9,10,1097.0703125,1033.73281854394,350,500,2000
KS,muni,0600000US2016929275,,,593,1633,2.75379426644182,0.443060498220641,247.035714285714,565.218394227875,0,0,300,0.222943722943723,1,0,0,0,1,0.58445945945946,35.6585365853659,127.675182845314,6,7.5,10,1362.91907514451,1108.32940184649,500,1000,2000
KS,muni,1600000US2062700,,,16279,42724,2.62448553350943,0.687397484964461,446.734824806712,762.789215924581,0,0,725,0.232309086415685,0.978131334848578,0.0218686651514221,0,0,1,0.47995800135878,22.1131205243355,32.781636026247,15,20,25,158965.973619869,1237751.54699468,1500,3000,4000
KS,muni,0600000US2016952425,,,5,11,2.2,1,1333.33333333333,1594.78316185409,450,900,2000,0,1,0,0,0,1,0.2,15,0,15,15,15,3200,,3200,3200,3200
KS,muni,0600000US2016967500,,,221,486,2.19909502262443,0.466981132075472,167.728323699422,402.839617165716,0,0,0,0.0862068965517242,1,0,0,0,1,0.542986425339367,8.48913043478261,3.62983535853247,7,8,10,334286.85,1802403.45125162,300,550,1700
KS,muni,0600000US2017303125,,,241,639,2.65145228215768,0.426229508196721,227.075949367089,492.909683388745,0,0,90,0.329113924050633,1,0,0,0,1,0.560165975103734,449.980198019802,1022.61825702652,50,150,500,714.666666666667,624.081175355286,300,500,1000
KS,muni,0600000US2017300425,,,4,10,2.5,1,0,0,0,0,0,0.666666666666667,1,0,0,0,1,0,4,0,4,4,4,,,,,
KS,muni,0600000US2017347125,,,312,873,2.79807692307692,0.902097902097902,642.428,1491.05379193972,0,0,364,0.220883534136546,0.974358974358974,0.0256410256410256,0,0,1,0.92948717948718,30.0454545454546,33.8743859866718,12,14.5,19,18577.5862068966,8566.14893918218,15000,17000,20000
KS,muni,1600000US2079000,,,81713,215823,2.64123211728856,0.718418156991158,475.147933633062,811.543370071674,0,0,780,0.253540356893377,0.956126932067113,0.0431755045096863,0.000256997050652895,0.00044056637254782,1,0.487660857324381,39.6343075595018,260.897982879051,14,20,26,119735.242195882,1072653.56207329,1500,2500,4000
KS,muni,0600000US2017328125,,,40,112,2.8,0.263157894736842,163.914285714286,495.29025188615,0,0,13.5,0.171428571428571,1,0,0,0,1,0.8,17.625,5.92663479556485,17,17,19,3031.25,906.406410306746,2500,2750,3125
KS,muni,0600000US2017365100,,,322,797,2.47515527950311,0.635451505016722,252.027888446215,537.32700957529,0,0,200,0.390438247011952,1,0,0,0,1,0.584375,15.1654135338346,32.8986461108384,7,9,13,1785.95721925134,1270.15782538462,900,1500,2550
KS,muni,0600000US2017348550,,,45,155,3.44444444444444,0.82051282051282,290.666666666667,442.461645447724,0,0,600,0.269230769230769,1,0,0,0,1,0.177777777777778,5.5945945945946,2.36243118017882,5,5,6,600,866.849797501604,100,100,725
KS,muni,0600000US2017350725,,,502,1393,2.77490039840637,0.55939524838013,256.114427860697,560.379388622399,0,0,209.5,0.354114713216958,0.99402390438247,0.00597609561752988,0,0,1,0.585062240663901,49.74,200.642616855175,8,10,15,391661.872340426,1939239.07581485,1000,1450,2400
KS,muni,0600000US2017360675,,,395,972,2.46075949367089,0.655172413793103,241.022222222222,515.516786176203,0,0,317.5,0.35126582278481,1,0,0,0,1,0.487046632124352,11.0382165605096,39.6198094311805,5,7,8,1117872.47340426,3158104.22352857,483,900,1850
KS,muni,1600000US2039825,,,3379,9170,2.71382065699911,0.78281068524971,393.549274637319,640.275487699141,0,0,600,0.230989370400654,0.986386504883102,0.0109499852027227,0.00266350991417579,0,1,0.389925925925926,39.3926441351889,307.423619546973,10,13,18,298359.618541033,1696083.52516303,900,1800,3000
KS,muni,0600000US2017761425,,,562,1373,2.44306049822064,0.631782945736434,193.257777777778,460.097627138406,0,0,200,0.298701298701299,1,0,0,0,1,0.443060498220641,9.13268608414239,2.84191714977791,8,10,10,41863.7871485944,633618.920365985,600,1250,2000
KS,muni,1600000US2071000,,,45907,122446,2.66726207332215,0.655324482406462,535.74604214123,857.493426443093,0,0,900,0.178767389015131,0.92334502363474,0.0761539634478402,0.000326747554839131,0.00017426536258087,1,0.517649903288201,68.6579941448673,389.313319133592,12,20,30,148049.649526559,1194206.81231212,1500,2500,4000
KS,muni,0600000US2017718475,,,15,31,2.06666666666667,0.8,261,571.495406805689,0,0,125.5,0.363636363636364,1,0,0,0,1,0.4,385,441.141983946212,15,15,850,2250,273.861278752583,2000,2250,2500
KS,muni,0600000US2017747275,,,6,8,1.33333333333333,1,645,415.198747589633,450,670,905,0.2,1,0,0,0,1,0,18.6666666666667,8.06639117986889,12,18,25.5,,,,,
KS,muni,0600000US2008736125,,,3,6,2,0,2266.66666666667,3925.98183048946,0,0,3400,0,1,0,0,0,1,1,,,,,,6000,0,6000,6000,6000
KS,muni,1600000US2009900,,,1878,4850,2.58253461128861,0.588439306358382,274.297406807131,644.7550040824,0,0,225,0.339635854341737,0.986687965921193,0.0133120340788072,0,0,1,0.5296,13.8667452830189,47.5757265281737,7,10,15,172884.029204431,1297611.28672368,750,1500,2500
KS,muni,0600000US2019115300,,,698,1821,2.60888252148997,0.489329268292683,264.128731343284,492.199283623143,0,0,375,0.1996336996337,1,0,0,0,1,0.657593123209169,9.10407239819004,7.5488127708455,6,8,12,109869.063180828,1039041.23301592,400,700,1200
KS,muni,0600000US2019153335,,,150,494,3.29333333333333,0.524390243902439,290.387387387387,558.631219567829,0,0,425,0.45945945945946,1,0,0,0,1,0.613333333333333,7.06896551724138,2.23105725048248,5,7,8,1785.86956521739,667.46716949993,1000,2000,2000
KS,muni,0600000US2019166675,,,388,921,2.37371134020619,0.623626373626374,408.365217391304,572.181441754562,0,200,560,0.25974025974026,1,0,0,0,1,0.481958762886598,9.9364161849711,10.6072322239918,5,10,12,54375.0962566845,731206.784624518,290,500,1000
KS,muni,1600000US2076475,,,6861,18275,2.66360588835447,0.636707663197729,412.921855670103,758.651073217225,0,0,574.25,0.229149463253509,0.967643200699607,0.0323567993003935,0,0,1,0.506217995610827,155.552752999077,576.888987508492,10,15,20,259437.966184971,1582933.59124464,1000,2000,3000
KS,muni,0600000US2019725850,,,452,1096,2.42477876106195,0.450236966824645,171.618784530387,399.364576294041,0,0,90,0.336111111111111,1,0,0,0,1,0.565701559020045,8.2974358974359,2.83820467243331,6,8,10,40940.3070866142,627357.553833802,1000,1500,2000
KS,muni,0600000US2019750275,,,137,439,3.2043795620438,0.426356589147287,177.019607843137,413.962689771212,0,0,88.5,0.242718446601942,0.948905109489051,0.0510948905109489,0,0,1,0.569343065693431,13.4444444444444,32.9840823054787,6,10,10,1488.07692307692,738.170883838054,1000,1500,1500
KS,muni,1600000US2007975,,,1723,4735,2.74811375507835,0.461309523809524,292.146816479401,626.934381780461,0,0,395,0.208053691275168,0.881021474172954,0.118978525827046,0,0,1,0.526346604215457,74.3042912873862,304.02051739082,7,10,20,157277.300333704,1238652.48166488,600,1250,2000
KS,muni,1600000US2036000,,,85461,235130,2.75131346462129,0.563182013823835,481.472076140824,746.246579562086,0,0,850,0.135403074615673,0.858204327119973,0.141549946759341,0.000140414926106645,0.000105311194579984,1,0.533399447474676,20.9724823137745,79.1602979301489,10,15,23,188783.850066401,1352878.56119122,1000,2000,3000
KS,muni,1600000US2020000,,,336,1154,3.43452380952381,0.396666666666667,352.292372881356,515.537112295852,0,0,735,0.0759493670886076,0.806547619047619,0.193452380952381,0,0,1,0.474474474474475,12.79375,3.69786080434376,10,13,15,949.050632911393,592.223262228391,500,1000,1500
KS,muni,0600000US2017374300,,,4,10,2.5,1,547.75,164.252600182361,470,501.5,579.25,0,1,0,0,0,1,0,30,0,30,30,30,,,,,
KS,muni,0600000US2017336250,,,194,627,3.2319587628866,0.765060240963855,266.850877192982,433.810146322468,0,0,425.25,0.188034188034188,0.969072164948454,0.0309278350515464,0,0,1,0.288659793814433,10.9407407407407,2.76643788140743,9,10,13,1034.46428571429,448.378572364742,687.5,1000,1350
KS,muni,0600000US2017329300,,,117,239,2.04273504273504,0.876404494382023,440.217948717949,599.815678342396,0,0,1035,0.217948717948718,1,0,0,0,1,0.245614035087719,24.4117647058824,8.10980317658975,18,24,30,5359891.78571429,5075735.94653714,5000,9999998,9999998
KS,muni,0600000US2017333775,,,4,7,1.75,1,700,964.365076099295,150,300,1050,0,1,0,0,0,1,0.25,30,0,30,30,30,9999998,,9999998,9999998,9999998
KS,muni,0600000US2017355075,,,7,28,4,1,760,808.084154033477,0,600,1500,0,1,0,0,0,1,0,30,0,30,30,30,,,,,
KY,muni,0500000US21003,,,1630,4315,2.64723926380368,0.614023144996596,244.932432432432,432.507959980973,0,0,360.75,0.273301737756714,0.973619631901841,0.0263803680981595,0,0,1,0.4,9.77894736842105,5.44670306086764,6,8,13,268171.18125,1608847.08106729,1200,2000,3050
KY,muni,0500000US21005,,,2010,5439,2.70597014925373,0.563090605892162,431.56017699115,659.061337238547,0,96,700,0.192273924495171,0.869651741293532,0.130348258706468,0,0,1,0.507800704579768,57.3797071129707,248.886056829431,8,12,18,350141.762140733,1830169.26429369,1200,3000,4700
KY,muni,0500000US21145,,,22176,61204,2.75992063492064,0.664833803933224,423.386655902197,727.981499238607,0,0,623,0.150809429139449,0.845643939393939,0.154310966810967,0,4.50937950937951e-05,1,0.348327460760536,29.0859829182516,172.269988998147,8,12,20,137600.95677877,1155153.0314522,650,1600,3300
KY,muni,0500000US21007,,,1694,4506,2.65997638724911,0.667746113989637,176.88402270884,417.419910678154,0,0,184,0.262166405023548,0.957497048406139,0.0425029515938607,0,0,1,0.523022432113341,8.16859716859717,15.2226988074762,5,6,8,46168.8713318284,670705.44424325,200,500,1500
KY,muni,0500000US21009,,,5100,14059,2.75666666666667,0.661856963613551,239.357869822485,501.230436050995,0,0,270,0.23386716910033,0.834705882352941,0.165294117647059,0,0,1,0.427075098814229,18.4218640504555,143.330164144265,6,9,15,12054.3771402129,304075.427698362,900,2000,4000
KY,muni,0500000US21011,,,1379,3812,2.7643219724438,0.593312597200622,232.389513108614,482.132600420793,0,0,250,0.267822736030829,0.802755620014503,0.197244379985497,0,0,1,0.574746008708273,8.52869565217391,6.07635454303372,4,6,12.5,2138.76893939394,2304.6525374175,500,1000,3200
KY,muni,0500000US21013,,,12723,38894,3.05698341586104,0.695511982570806,326.330111342224,677.681702307679,0,0,400,0.102040816326531,0.910084099662029,0.0899159003379706,0,0,1,0.439421481071683,17.5128465669909,155.954424084609,6,10,15,318663.195863309,1750566.61576067,500,1200,3000
KY,muni,0500000US21015,,,1488,3882,2.60887096774194,0.609713790112749,304.145922746781,571.058752636866,0,0,400,0.242349048800662,0.976478494623656,0.0235215053763441,0,0,1,0.441970310391363,13.9238578680203,8.77528522848529,8,12,17,353960.479389313,1841562.56322827,1200,2500,4000
KY,muni,0500000US21017,,,6057,16036,2.64751527158659,0.638819765375045,288.867911791179,539.984326650491,0,0,390,0.289985664550481,0.786032689450223,0.213802212316328,0.000165098233448902,0,1,0.47523604439291,109.552229299363,555.129764909634,7,11,18,79013.5224817009,872267.07927812,600,2000,3500
KY,muni,0500000US21019,,,26571,80347,3.02386059990215,0.678782755705833,518.247229994404,845.593776026946,0,0,840,0.161541413144768,0.977795340785067,0.0217530390275112,3.76350156185315e-05,0.000413985171803846,1,0.433850589976097,25.6349484466608,146.552309519541,10,15,25,110041.644774814,1027086.51589798,1500,2600,4500
KY,muni,0500000US21021,,,4950,13408,2.70868686868687,0.646019582801192,362.7968229567,696.519033986462,0,0,480,0.215309779825909,0.835757575757576,0.164242424242424,0,0,1,0.415059874162777,18.6122807017544,13.2304223354984,10,15,25,86263.2004889976,907896.726818544,1000,2200,4000
KY,muni,0500000US21137,,,3028,8571,2.83058124174373,0.621785714285714,226.715619694397,508.87906015288,0,0,175,0.2570944515036,0.829920739762219,0.170079260237781,0,0,1,0.476948590381426,11.632951653944,10.2461497978834,5,8,15,2804.40194714882,4874.71446164644,700,2000,3500
KY,muni,0500000US21023,,,2412,6569,2.72346600331675,0.522662889518414,244.039035591274,450.366564176805,0,0,397.5,0.355172413793103,0.960199004975124,0.0398009950248756,0,0,1,0.506024096385542,37.4303797468354,330.355523749355,8,10,12,150009.29228243,1206873.01255001,900,1650,3000
KY,muni,0500000US21031,,,1101,3028,2.75022706630336,0.632251720747296,133.627729257642,396.675071852461,0,0,0,0.262702702702703,0.967302452316076,0.0326975476839237,0,0,1,0.564545454545455,27.4633620689655,99.7905731117755,5,7,10,130000.552334944,1128449.18870425,400,1000,1500
KY,muni,0500000US21035,,,3687,9887,2.68158394358557,0.702434625788999,293.653675213675,605.037250035543,0,0,321,0.227611940298507,0.833740168158394,0.166259831841606,0,0,1,0.4140516523188,13.4537654909438,16.1618249353862,6,11,17,90075.7531857814,929720.474775904,1000,2500,4000
KY,muni,0500000US21037,,,48083,128956,2.68194580205062,0.548325292583274,528.453224803572,783.98091549628,0,0,950,0.144322036126522,0.98329971091654,0.0167002890834599,0,0,1,0.477711132939037,46.0402641066148,280.189724323,15,20,27,100365.068334937,971457.139119579,3000,4200,6000
KY,muni,0500000US21047,,,9882,26462,2.67779801659583,0.657370953630796,270.437925615506,520.610400088826,0,0,350,0.178602350030921,0.677292046144505,0.322707953855495,0,0,1,0.387645023407287,136.797602970966,677.07911853642,8,10,18,193437.91388816,1370983.20887639,500,1200,2600
KY,muni,0500000US21049,,,6675,18856,2.82486891385768,0.730934564559783,334.673791242996,620.467488558926,0,0,432,0.295673569817511,0.843595505617978,0.156404494382022,0,0,1,0.414196686426509,16.1129330864851,81.1780210720722,7,12,18,182755.026788991,1328695.93447577,700,2000,4000
KY,muni,0500000US21059,,,18949,53159,2.80537231516175,0.731035291358893,499.530132702223,703.440579059644,0,250,775.5,0.194208465686637,0.904955406617763,0.0950445933822365,0,0,1,0.359071303051281,27.4254603548306,189.397712603413,10,13,20,175310.074892481,1299938.11361016,1500,2800,4500
KY,muni,0500000US21061,,,203,553,2.72413793103448,0.573770491803279,389.148936170213,649.979581395449,0,0,500,0,0.866995073891626,0.133004926108374,0,0,1,0.660098522167488,30.1159420289855,135.603068704636,5,6,8,2469.4776119403,6482.99363658304,462.5,1000,1500
KY,muni,0500000US21067,,,28987,82200,2.83575395867113,0.715985130111524,413.714272589462,712.439774393453,0,0,600,0.197928955302137,0.716286611239521,0.283678890537137,0,3.44982233414979e-05,1,0.300720330093014,88.0156623442665,469.489956790186,12,17,27,156339.77872093,1224345.30656935,1250,3000,6000
KY,muni,0500000US21209,,,4857,12346,2.54189829112621,0.604125083166999,340.265970515971,635.631162231087,0,0,500,0.243470935130581,0.780317068149063,0.219682931850937,0,0,1,0.438455183808344,25.0362264150943,191.742112144799,8,11,20,234024.998586905,1501460.73428516,1000,2700,5000
KY,muni,0500000US21073,,,5114,13329,2.60637465780211,0.827287619939153,831.221099887767,887.339523808509,129,600,1250,0.183538858617723,0.894603050449746,0.105396949550254,0,0,1,0.358538993089832,162.192221868027,648.991969810303,16,25,36,153465.216960352,1209989.43987329,2000,4000,7000
KY,muni,0500000US21075,,,5004,12653,2.52857713828937,0.70693367786391,386.293940224842,687.668538937832,0,0,500,0.217544744139148,0.876298960831335,0.123701039168665,0,0,1,0.399312575818843,41.3275391956374,300.70339872435,6,10,20,124024.477468354,1095647.28621661,500,2000,3500
KY,muni,0500000US21083,,,8991,23082,2.56723390056723,0.62414047151277,365.44568165596,630.312965896643,0,0,600,0.203726880823251,0.879991102213324,0.120008897786676,0,0,1,0.437077892841063,42.5167142274766,428.833673463636,7,10,15,213315.956734484,1437640.60559136,700,1500,3000
KY,muni,0500000US21077,,,407,1138,2.7960687960688,0.554644808743169,270.137931034483,586.0003164268,0,0,300,0.368421052631579,0.886977886977887,0.113022113022113,0,0,1,0.619164619164619,8.47096774193548,5.32734879290725,5,6,10,279732.722222222,1646295.1788897,475,1875,3500
KY,muni,0500000US21081,,,1618,3951,2.44190358467244,0.607190412782956,764.675213675214,908.616135295603,160,520,1000,0.165014164305949,0.980840543881335,0.019159456118665,0,0,1,0.500309214594929,71.4413619167718,452.772061640494,6,10,20,114127.761433869,1049205.76092242,1500,2500,4000
KY,muni,0500000US21089,,,3164,9600,3.03413400758534,0.605934409161895,803.353333333334,939.150653403781,0,457.5,1355,0.210499227997941,0.964285714285714,0.0357142857142857,0,0,1,0.424618320610687,58.9690489589195,281.942586978811,10,15,20,385468.360299626,1916877.02700423,1800,3000,5000
KY,muni,0500000US21091,,,858,2353,2.74242424242424,0.535087719298246,182.836923076923,402.387257442376,0,0,228.5,0.26,0.833333333333333,0.166666666666667,0,0,1,0.549065420560748,7.96327683615819,4.20727906893967,5,7,10,320177.69787234,1759421.21989793,400,700,1500
KY,muni,0500000US21093,,,3865,10232,2.64734799482536,0.65986013986014,362.149344096872,683.229900399965,0,0,500,0.264960106382979,0.911254851228978,0.088745148771022,0,0,1,0.453645833333333,222.170696324952,633.154394327112,8,15,30,83030.024684271,892888.295869362,1000,2500,3600
KY,muni,0500000US21163,,,1431,3703,2.58770090845563,0.648031496062992,293.837360594796,602.442410670913,0,0,400,0.270142180094787,0.934311670160727,0.0656883298392732,0,0,1,0.495104895104895,22.6894586894587,131.556187190147,6,10,15,157234.403954802,1237383.12954693,1000,1600,3000
KY,muni,0500000US21101,,,10280,28408,2.76342412451362,0.668204742998176,336.469660837308,576.95302785396,0,0,500,0.157780334995525,0.802821011673152,0.197178988326848,0,0,1,0.397946210268949,19.8880842659645,82.1216921938035,8,10,16,124798.939297125,1101605.70603211,500,1190,2500
KY,muni,0500000US21103,,,1856,4958,2.67133620689655,0.580588235294118,210.384829505915,455.720435937098,0,0,200,0.258442453480358,0.78125,0.21875,0,0,1,0.498086386003281,26.6586433260394,285.859606578639,5,7,10,188728.729967069,1353692.21251444,400,1500,3500
KY,muni,0500000US21107,,,13775,35343,2.56573502722323,0.556096794468887,366.595560571859,589.035536916504,0,52,520,0.153722117710293,0.787078039927405,0.212921960072595,0,0,1,0.419491216560974,17.8600673749676,160.135536441661,6,8,13,161666.749435274,1254095.51328526,400,1000,2500
KY,muni,0500000US21111,,,221335,638554,2.88501140804663,0.636241028852175,495.83799412722,835.344538622233,0,0,800,0.171772145946963,0.872225359748797,0.127593918720492,4.51803826778413e-06,0.000176203492443581,1,0.427177799896778,42.4981217190936,274.304898396847,12,17,25,99377.627749431,972034.398041217,2000,3000,5000
KY,muni,0500000US21113,,,3571,9433,2.64155698683842,0.72878876535986,248.872037914692,488.952918252295,0,0,318.5,0.251822157434402,0.891626995239429,0.108373004760571,0,0,1,0.431213224992995,61.1117262204328,305.819574065429,6,10,15,282012.604938272,1648110.27668313,1000,2500,3500
KY,muni,0500000US21117,,,63614,173765,2.73155280284214,0.5869237064654,609.653109585066,800.660928916216,0,228,1040,0.144839510551516,0.967507152513598,0.0324456880560883,1.57198101046939e-05,3.14396202093879e-05,1,0.472849424030676,160.458294112289,655.74124658433,15,20,28,147065.170933584,1185734.09238486,2500,4000,5500
KY,muni,0500000US21121,,,3003,9155,3.04861804861805,0.654901960784314,396.401463669629,745.3366035223,0,0,500,0.158374792703151,0.960705960705961,0.0392940392940393,0,0,1,0.515757370382921,29.4625706214689,294.80335904833,5,10,18,140450.05978975,1166593.93426579,1000,2000,3500
KY,muni,0500000US21235,,,7318,22475,3.07119431538672,0.668134872417983,397.822530544626,715.284672402737,0,0,500,0.134581280788177,0.982508882208254,0.0174911177917464,0,0,1,0.500694251596779,35.8007911839503,370.861915490335,6,10,15,131998.61869107,1134161.59274765,500,1000,2500
KY,muni,0500000US21125,,,1691,4619,2.73151981076286,0.804568527918782,274.504138449962,578.761073059674,0,0,289,0.114179104477612,0.934358367829687,0.0656416321703134,0,0,1,0.463630987581313,22.3013245033113,201.567122029677,8,12,16.75,206893.785714286,1414416.81036066,1200,2500,4000
KY,muni,0500000US21123,,,1304,3419,2.62193251533742,0.60418410041841,215.149377593361,465.728911484292,0,0,250,0.289855072463768,0.819018404907976,0.180981595092025,0,0,1,0.531441717791411,10.7152209492635,6.68745442088612,5,8,15,103179.292929293,1000453.68918836,500,1800,3500
KY,muni,0500000US21139,,,863,2283,2.64542294322132,0.744040150564617,241.700154559505,467.446342726253,0,0,309.5,0.282576866764275,0.911935110081112,0.0880648899188876,0,0,1,0.578512396694215,34,145.589004365338,4,6,12,21456.4326530612,451707.96929329,250,600,1500
KY,muni,0500000US21149,,,242,515,2.12809917355372,0.594594594594595,201.431472081218,511.407433346452,0,0,200,0.387096774193548,1,0,0,0,1,0.557851239669422,34.1,85.938771307211,10,11,15,149365.97037037,1212461.41116183,600,1000,1800
KY,muni,0500000US21151,,,6558,17777,2.71073498017688,0.697882197220384,350.115973218556,628.064298202906,0,0,500,0.242938968990717,0.800243976822202,0.198688624580665,0.00106739859713327,0,1,0.430759803921569,28.2739354488744,173.222771053954,8,12,20,209267.102062589,1421101.97137284,1000,2500,5000
KY,muni,0500000US21161,,,6637,18196,2.74160012053639,0.658684598983107,436.366607995977,636.479330773907,0,160,720,0.270905041506378,0.861985836974537,0.138014163025463,0,0,1,0.366595679951323,20.7817470026915,52.9428975035007,10,15,20,289773.318257261,1667417.4958672,1200,3000,5000
KY,muni,0500000US21165,,,153,421,2.7516339869281,0.496402877697842,303.297520661157,476.982435816179,0,30,504,0.393617021276596,1,0,0,0,1,0.69281045751634,8.34042553191489,3.637226581654,5,8,9,1373.58490566038,391.164777553607,1000,1500,1500
KY,muni,0500000US21169,,,401,1110,2.76807980049875,0.780487804878049,178.933098591549,440.039902338105,0,0,182,0.215547703180212,1,0,0,0,1,0.399002493765586,7.36929460580913,5.09825655660957,3,5,10,2127.5,1409.52286855557,1200,1800,2500
KY,muni,0500000US21173,,,4710,12825,2.72292993630573,0.725381721619827,212.31799045748,470.294656795314,0,0,234,0.255,0.806581740976646,0.193418259023355,0,0,1,0.429513076759515,26.4494296577947,184.229652248619,7,11,18,42361.7346534653,628058.196810779,600,2000,4000
KY,muni,0500000US21179,,,3665,11379,3.10477489768076,0.629281600484996,294.573986116186,563.999649170592,0,0,364,0.261981981981982,0.802455661664393,0.197544338335607,0,0,1,0.486591097594692,24.4883215643672,150.678797444795,8,12,20,42432.1710227273,629416.85366696,1000,2000,3625
KY,muni,0500000US21185,,,1636,5577,3.40892420537897,0.617456896551724,673.665534804754,796.893023990222,0,420,1080,0.264127764127764,0.907701711491443,0.0922982885085574,0,0,1,0.504364089775561,26.7971014492754,141.792635175471,9,14,16,226495.690976514,1475260.06369791,1500,3000,5000
KY,muni,0500000US21191,,,2097,5685,2.71101573676681,0.617142857142857,270.384053156146,580.498882117051,0,0,300,0.197094125078964,0.959465903671912,0.0405340963280877,0,0,1,0.474162679425837,28.4470260223048,150.575787857217,7,10,15,224294.287588295,1473726.89097973,1000,2000,3500
KY,muni,0500000US21199,,,6644,19303,2.90532811559302,0.554638828085536,302.914187411455,616.838493487286,0,0,350,0.176786780808282,0.962372065021072,0.0376279349789284,0,0,1,0.481068034394328,14.5168473483739,31.7352502468318,5,10,15,80270.3994982753,881902.584752984,500,1400,3000
KY,muni,0500000US21203,,,1571,4600,2.92807129217059,0.635181382614648,192.385140905209,449.014871645145,0,0,127,0.115089514066496,0.994271164863144,0.00572883513685551,0,0,1,0.431067961165049,8.82548794489093,7.75660446563757,5,6,10,1365.74324324324,1248.97600589449,500,1000,2000
KY,muni,0500000US21211,,,3001,8125,2.70743085638121,0.746151092015754,334.716043539991,586.215837679009,0,0,500,0.325143325143325,0.771742752415861,0.228257247584139,0,0,1,0.368614357262104,29.738120950324,187.493985480572,8,12,20,311562.692028986,1727821.03208858,1200,3000,5500
KY,muni,0500000US21215,,,897,2559,2.85284280936455,0.706033376123235,179.209119496855,360.591424049167,0,0,250,0.213500784929356,0.853957636566332,0.146042363433668,0,0,1,0.392178770949721,31.9908088235294,221.003549691267,6,8,12,2483.1339031339,2085.25281283764,960,2000,3500
KY,muni,0500000US21217,,,2035,5504,2.7046683046683,0.565907887771308,285.800979791794,563.522516338618,0,0,360,0.142246642246642,0.929238329238329,0.0707616707616708,0,0,1,0.51206302314131,25.0385005065856,219.682299964814,8,12,16,108684.589423077,1023180.74153001,1650,2700,4000
KY,muni,0500000US21221,,,677,1807,2.66912850812408,0.555379746835443,325.325842696629,574.008421964891,0,0,499,0.368224299065421,0.949778434268833,0.0502215657311669,0,0,1,0.465288035450517,10.0612813370474,5.75103872342049,6,10,14,319455.898412698,1755659.60735809,1006,2000,3000
KY,muni,0500000US21223,,,199,446,2.24120603015075,0.682795698924731,275.095238095238,474.190229875021,0,0,400,0.470238095238095,1,0,0,0,1,0.42713567839196,10.9210526315789,5.3466468473689,7,10,14.25,2381.17647058824,1245.8592481121,1500,2500,3000
KY,muni,0500000US21227,,,9907,25878,2.61209245987686,0.720618668990306,348.628164969982,654.115828418484,0,0,500,0.228538725677222,0.881195114565459,0.118199253053397,0,0.000605632381144645,1,0.427231960864248,68.7535236718468,240.369091531746,10,15,25,91615.3513835878,935140.625214231,1500,2500,4000
KY,muni,0500000US21239,,,2372,6002,2.53035413153457,0.570661896243292,277.499738630423,656.252856638481,0,0,300,0.308208569953536,0.829679595278246,0.170320404721754,0,0,1,0.527209403569874,79.3711627906977,550.662018119371,8,13,23,242876.106523534,1528946.67671736,1200,3000,5000
KY,muni,0500000US21029,,,205,541,2.6390243902439,0.61025641025641,684.114285714286,1062.82360241586,0,0,1000,0.177142857142857,0.921951219512195,0.0780487804878049,0,0,1,0.561576354679803,30.8876404494382,15.4297809757677,18,27,42,5765.78947368421,1724.06593653391,4550,5000,7000
LA,muni,0500000US22001,,,13987,40989,2.9305068992636,0.682003646149839,304.692298213185,583.000225418598,0,10,360,0.206317752651824,0.776220776435261,0.223779223564739,0,0,1,0.585500394011032,20.768777103209,136.361471332493,4,6,12,123905.882662425,1099247.09769671,250,600,2000
LA,muni,0500000US22005,,,4335,13444,3.10126874279123,0.455714632370784,306.934855859229,584.984327926352,0,60,390,0.175410363694883,0.726182237600923,0.273817762399077,0,0,1,0.514484356894554,26.7566265060241,192.633370117256,5,8,14,51284.7576576577,702208.174373975,500,1000,2000
LA,muni,0500000US22011,,,3712,10238,2.75808189655172,0.591860465116279,295.420689655172,550.811726613186,0,0,381,0.225431489961254,0.625,0.370150862068966,0.00484913793103448,0,1,0.475854584915898,8.09450897571278,6.75658129955918,3,5,10,201089.859179019,1398614.07641948,400,1000,2500
LA,muni,0500000US22069,,,4280,11979,2.79883177570093,0.626865671641791,287.970614965162,585.845505580597,0,0,308,0.211992731677771,0.598831775700935,0.401168224299065,0,0,1,0.493301997649824,12.3285046728972,46.4229899700887,5,6,15,92142.5669366365,947172.545128672,300,860,2500
LA,muni,0500000US22015,,,956,2490,2.60460251046025,0.664785553047404,274.388461538462,619.732414922328,0,0,240,0.240359897172237,0.679916317991632,0.320083682008368,0,0,1,0.514675052410902,6.02417582417582,4.33984055055713,4,4,7,1404.15478615071,1245.85363263569,375,1000,2000
LA,muni,0500000US22017,,,74813,217451,2.90659377380936,0.740247958875114,485.660392423342,834.016692437399,0,32,625,0.157111084701448,0.668720676887707,0.330731290016441,8.01999652466817e-05,0.000467833130605643,1,0.416647256285538,37.7581203471004,299.235640539717,10,16,28,71464.1225952843,817989.480802168,1500,3000,5000
LA,muni,0500000US22019,,,18103,52161,2.88134563332044,0.684923225728449,416.770110617804,755.953651151138,0,0,520,0.231682419659735,0.688891343976137,0.311108656023863,0,0,1,0.505713968711861,23.2559792418773,117.238903175591,8,12,22,45283.275120667,652567.771639491,600,1500,3000
LA,muni,0500000US22023,,,5,15,3,0,26,52,0,0,26,0.5,0,1,0,0,1,1,,,,,,400,0,400,400,400
LA,muni,0500000US22029,,,3040,8459,2.78256578947368,0.710470085470086,216.283164300203,488.013977451502,0,0,210,0.146085552865214,0.324671052631579,0.673684210526316,0,0.00164473684210526,1,0.393849206349206,12.8219026548673,74.2985893763642,4,5,8,9887.43828715365,289727.011722779,300,700,1750
LA,muni,0500000US22031,,,4754,12748,2.68153134202777,0.642990218910107,320.022166105499,620.029443781514,0,0,350.25,0.259207197076188,0.840134623474969,0.159865376525032,0,0,1,0.472474161569289,13.9409638554217,126.006336167647,4,6,14,135742.610267857,1149545.98515311,500,1500,3000
LA,muni,0500000US22033,,,21854,63567,2.90871236386931,0.642962308598351,532.452848554251,861.749811221591,0,52,786,0.202707333790267,0.690445685000458,0.309554314999542,0,0,1,0.353597139227403,39.9879959010394,285.570783054991,11,20,30,38535.8600133067,587001.219002034,1700,3000,5000
LA,muni,0500000US22037,,,2301,6086,2.64493698392003,0.737612081170363,293.344188658057,540.766489934568,0,30,420,0.28490990990991,0.658409387222947,0.341590612777053,0,0,1,0.425022999080037,25.1544,198.866739664419,4,5,12,45147.6536796537,656760.732256055,500,1500,3000
LA,muni,0500000US22043,,,1182,3359,2.84179357021997,0.629876308277831,264.598101265823,540.734765350726,0,0,350,0.170833333333333,0.819796954314721,0.180203045685279,0,0,1,0.417089678510998,16.4190193164933,92.2273800870832,5,8,10,204414.555780933,1410907.56264135,350,1000,2000
LA,muni,0500000US22045,,,13323,40231,3.01966524056144,0.595985461754502,298.604192229039,588.408994130329,0,0,342.5,0.166683657865226,0.665765968625685,0.334234031374315,0,0,1,0.499924744130042,38.4622425629291,391.177051626771,6,10,20,57543.7043504441,744150.317520106,400,1000,2500
LA,muni,0500000US22047,,,2512,7859,3.12858280254777,0.410934744268078,208.506856829402,489.20051921942,0,0,180,0.25891387822271,0.582802547770701,0.417197452229299,0,0,1,0.462339743589744,12.6297681376215,50.920300935152,4,6,12,27502.4904679376,509370.362842442,300,600,1500
LA,muni,0500000US22073,,,23571,67414,2.86003987951296,0.765464271019065,408.813285948606,719.97456620634,0,0,551.5,0.197303051809794,0.663018115480888,0.336939459505324,4.24250137881295e-05,0,1,0.338638716356108,21.6131808923057,119.965207696603,8,13,20,50813.8072856961,684680.175485651,1200,2800,4500
LA,muni,0500000US22051,,,12333,37340,3.02764939592962,0.508608321377332,355.985592375042,605.006466997083,0,0,600,0.130199115044248,0.81269764047677,0.186086110435417,0,0.00121624908781318,1,0.393892508143323,19.1073743922204,144.455460028699,8,10,14,10176.9381848253,287431.667655412,500,1300,2500
LA,muni,0500000US22055,,,12335,36178,2.93295500608026,0.54970659302727,340.193690227548,676.367890076276,0,0,370,0.144344585708023,0.704418321848399,0.295257397648966,0,0.000324280502634779,1,0.573231295286168,16.0274290129419,63.6142106344529,5,8,16,70341.4216730578,822726.486992433,600,1500,3000
LA,muni,0500000US22057,,,5308,16640,3.13489073097212,0.520924422236103,297.513071895425,605.113424888028,0,0,312,0.141657638136511,0.791070082893745,0.208929917106255,0,0,1,0.471487915407855,40.0730643402399,220.606028364073,6,10,18,146696.412094513,1191989.95160208,500,1200,3000
LA,muni,0500000US22061,,,3414,8951,2.62185120093732,0.625623960066556,402.558252427184,783.013807344784,0,0,500,0.213646532438479,0.896309314586995,0.103690685413005,0,0,1,0.418289085545723,19.1107325383305,54.628255088968,6,15,25,60647.6614950635,748951.737745216,2000,3500,5000
LA,muni,0500000US22063,,,1213,3612,2.97774113767519,0.536007292616226,272.168934240363,528.105144903504,0,0,320,0.297052154195011,0.779884583676834,0.220115416323166,0,0,1,0.494214876033058,8.9281045751634,10.4136097372579,4,5,10,1390.83612040134,1310.32111599975,500,1000,2000
LA,muni,0500000US22067,,,5187,13756,2.65201465201465,0.711203319502075,350.958835341365,614.375174830415,0,0,506.25,0.205211726384365,0.694621168305379,0.305378831694621,0,0,1,0.409293320425944,12.4626816380449,28.3515776179654,5,10,15,120210.464049196,1081064.91230056,500,1500,3000
LA,muni,0500000US22071,,,352907,1050043,2.97540995219704,0.621537432631506,417.459398005845,722.359105168486,0,0,624,0.171877815497942,0.71519125435313,0.283519454133809,5.95057621413007e-05,0.00122978575092021,1,0.26149627073779,35.2736825490776,265.79557412767,12,16,22,85611.7711238811,898429.543124227,1800,3000,5000
LA,muni,0500000US22077,,,2800,8703,3.10821428571429,0.589837398373984,280.656852248394,585.243431532787,0,0,269,0.28624143384291,0.643214285714286,0.356785714285714,0,0,1,0.446907400786557,28.6548257372654,213.204563598292,5,7,15,10440.0344,282784.158397288,600,1500,3500
LA,muni,0500000US22079,,,21269,61294,2.8818468193145,0.63262599469496,409.710664663913,741.847331710877,0,0,520,0.152666999002991,0.68903098406131,0.31054586487376,0,0.00042315106493018,1,0.398914905768133,32.0798295682933,251.528080499428,8,13,23,225199.465521355,1472622.85474981,1000,2375,4200
LA,muni,0500000US22091,,,316,917,2.90189873417722,0.726315789473684,313.219730941704,554.150019664009,0,0,360,0.210762331838565,0.778481012658228,0.221518987341772,0,0,1,0.294303797468354,6.65022421524664,4.26525745069067,4,5,10,2114.1935483871,2110.65326925135,300,1200,3500
LA,muni,0500000US22093,,,1971,6332,3.21258244545916,0.319422977846471,152.282217422606,327.199847464314,0,0,170,0.151471643933956,0.562151192288179,0.437848807711821,0,0,1,0.619217081850534,9.23274695534506,53.6049229163908,2,3,5,33526.6724137931,572322.987501162,200,400,650
LA,muni,0500000US22097,,,14352,43702,3.04501114827202,0.620532260560111,353.54821664465,628.944961150457,0,80,426.75,0.178579826005173,0.668547937569677,0.331243032329989,6.96767001114827e-05,0.000139353400222965,1,0.509001058948112,35.3695266272189,178.690346177147,4,6,15,197029.158391123,1384582.04464492,300,1000,2000
LA,muni,0500000US22099,,,3666,11800,3.21876704855428,0.398139813981398,186.589490320032,457.610523801897,0,0,166,0.200314218381775,0.63911620294599,0.36088379705401,0,0,1,0.611565739225314,48.297238372093,438.944349696576,4,5,8,10112.2279214987,298576.296429094,300,600,1500
LA,muni,0500000US22101,,,11999,37159,3.09684140345029,0.576518958428506,298.315183009489,572.485594803907,0,0,364,0.164861205145565,0.660805067088924,0.339194932911076,0,0,1,0.46964586846543,17.2008712487899,99.2566797790664,5,8,15,57286.7856373429,743893.062593238,400,1000,2000
LA,muni,0500000US22103,,,5943,17446,2.93555443378765,0.591200733272227,242.154878326131,515.098931178067,0,0,280,0.194172547234236,0.703011946828201,0.296988053171799,0,0,1,0.445103354794985,14.0558949297495,90.6721426304621,5,6,10,35988.7902550438,584327.364907704,500,1000,2200
LA,muni,0500000US22105,,,11470,33081,2.88413251961639,0.681680257917694,267.39632576644,520.087307637092,0,0,360,0.216045038705137,0.658500435919791,0.341499564080209,0,0,1,0.382995456134219,19.4711015736767,145.478704504732,5,6,12,127312.816335843,1113072.06984224,400,1200,3000
LA,muni,0500000US22109,,,6501,20229,3.11167512690355,0.71255750553757,380.180626527438,759.900781557206,0,0,500,0.193483597411292,0.829410859867713,0.170281495154592,0.000307644977695739,0,1,0.475382003395586,53.0593939393939,347.344020466367,7,12,22,138537.891233766,1159694.56169074,700,1500,2700
LA,muni,0500000US22111,,,1792,4625,2.58091517857143,0.711046511627907,310.014548238897,538.89519643283,0,0,480,0.134328358208955,0.61328125,0.38671875,0,0,1,0.505888951205833,9.45319634703196,40.9530892754168,4,5,9,1289.80044345898,1235.04704043914,400,1000,2000
LA,muni,0500000US22113,,,3636,10616,2.91969196919692,0.610154125113327,245.039347749025,533.563147948178,0,0,260,0.155123674911661,0.817381738173818,0.182618261826183,0,0,1,0.541839270919636,68.5274056029233,343.633984370507,5,7,14,83046.6697247707,899452.518549153,400,1000,2000
LA,muni,0500000US22115,,,1265,3264,2.5802371541502,0.638618246235607,403.465517241379,741.104033968958,0,0,600,0.177009155645982,0.874308300395257,0.125691699604743,0,0,1,0.502001601281025,78.4469453376206,312.353529601351,5,10,15,1788.10845295056,1850.67850204503,500,1300,2500
LA,muni,0500000US22117,,,10528,29572,2.8088905775076,0.681557115507339,370.968985206333,663.698292282063,0,0,520,0.171945701357466,0.781155015197568,0.218844984802432,0,0,1,0.438067910090866,17.5238340192044,81.8987737306362,6,8,15,100000.731659389,986282.981394676,500,1000,2500
LA,muni,0500000US22119,,,5281,14989,2.83828820299186,0.744711737868105,413.209776467698,718.689011017951,0,0,600,0.186023622047244,0.769551221359591,0.230448778640409,0,0,1,0.369615384615385,32.1887960383782,203.980830485861,5,12,20,163882.696149844,1259716.43685568,700,2000,3500
LA,muni,0500000US22121,,,2317,7114,3.07034958998705,0.423680456490728,365.150065530799,652.676392907704,0,0,438,0.199870214146658,0.659041864479931,0.340958135520069,0,0,1,0.520500647388865,29.1452205882353,154.534833517057,5,10,16,126015.764510779,1108570.11896778,500,1000,2400
LA,muni,0500000US22125,,,794,2044,2.57430730478589,0.582995951417004,244.892156862745,498.705530375155,0,0,282,0.443349753694581,0.537783375314861,0.462216624685139,0,0,1,0.320610687022901,7.65225563909775,6.0264119385872,4,5,12,1944.10714285714,1578.63306913314,550,1500,2500
MA,muni,1600000US2546225,,,21575,63310,2.93441483198146,0.482926096535149,712.535674896072,894.763055592489,0,650,1000,0.183585741683751,0.993603707995365,0.0062108922363847,0,0.00018539976825029,1,0.3675209670618,45.655525030525,240.286794580029,16,20,25,415523.456782254,1986371.45698635,2000,3500,5000
MA,muni,0600000US2500314010,,,217,695,3.20276497695853,0.397196261682243,718.121495327103,567.469286182087,325,700,935,0.11038961038961,0.995391705069124,0.00460829493087558,0,0,1,0.353488372093023,20.8273381294964,4.19614740065555,18,20,25,5046.05263157895,2108.99285849739,3000,5000,6500
MA,muni,0600000US2500324120,,,33,75,2.27272727272727,0.703703703703704,1260.42857142857,1410.93322713322,68.75,1142.5,1587.5,0.642857142857143,1,0,0,0,1,0.727272727272727,41.6666666666667,7.90569415042095,35,35,50,838783.166666667,2821621.39684143,3600,6000,8250
MA,muni,1600000US2553960,,,43729,126482,2.89240549749594,0.483926579454416,629.759076014664,871.362343509821,0,160,1056,0.190474725409962,0.99176747696037,0.00706624894234947,2.2868119554529e-05,0.00114340597772645,1,0.421387577524762,45.8775684583147,341.891295684638,19,25,30,230587.875226536,1484624.8272697,3000,4500,6000
MA,muni,0600000US2500328180,,,25,51,2.04,0.785714285714286,530.857142857143,814.353434623761,0,264,681,0.526315789473684,1,0,0,0,1,0.521739130434783,16.2727272727273,1.00904995821903,15,17,17,1676666.33333333,3887823.29938918,12000,12000,14000
MA,muni,0600000US2500334340,,,26,64,2.46153846153846,0.782608695652174,490.909090909091,762.670178298457,0,0,715,0.181818181818182,1,0,0,0,1,0.24,45.0625,7.03769611923296,35,50,50,7500,3563.70593624109,8000,8000,8000
MA,muni,0600000US2500356795,,,4,10,2.5,1,960,1357.64501987817,480,960,1440,0,1,0,0,0,1,0,35,0,35,35,35,,,,,
MA,muni,0600000US2500334970,,,9,19,2.11111111111111,0.777777777777778,897.857142857143,1458.20625296646,0,0,1442.5,0.285714285714286,1,0,0,0,1,0.222222222222222,47.8571428571429,2.67261241912424,45,50,50,8000,0,8000,8000,8000
MA,muni,1600000US2502690,,,21874,62585,2.86115936728536,0.429650473933649,575.613389518666,837.507005173299,0,190,950,0.202500288051619,0.996205540824723,0.0031544299167962,0,0.000640029258480388,1,0.432808069539348,39.4338805099575,271.231136945377,17,22,26,189682.186231339,1349913.04646704,2200,3000,4800
MA,muni,1600000US2569170,,,35141,102549,2.91821519023363,0.384142069511712,523.566371281309,729.786762442122,0,240,875,0.173251390108282,0.992857346119917,0.00674425884294699,0,0.000398395037136109,1,0.45246240979789,33.6744477774748,197.741147334942,14,18,24,166284.362879654,1267066.8242953,1800,2500,4000
MA,muni,0600000US2500516950,,,12,25,2.08333333333333,0.181818181818182,299.2,488.450793609528,0,0,600,0,1,0,0,0,1,0.166666666666667,22.1,2.18326971917504,20,22,24.25,2000,0,2000,2000,2000
MA,muni,1600000US2505595,,,25231,71744,2.84348618762633,0.45074361255879,550.437890703771,840.078883978971,0,0,1000,0.245073396340237,0.997423804050573,0.00190242162419246,0,0.00067377432523483,1,0.457300608551969,53.8645088445615,320.157945028425,20,25,30,163486.51758174,1248910.3901901,3000,4000,5500
MA,muni,0600000US2500916250,,,150,381,2.54,0.56551724137931,510.495867768595,658.365629469002,0,0,950,0.231404958677686,1,0,0,0,1,0.326666666666667,25.4444444444444,7.04826251888701,20,25,30,3391.83673469388,1342.70199205028,2500,3500,4000
MA,muni,0600000US2500974595,,,9,19,2.11111111111111,0.75,337.571428571429,371.700532302936,0,400,481.5,0,1,0,0,0,1,0,18.6666666666667,2.78388218141501,16,19,22,,,,,
MA,muni,1600000US2526150,,,19086,55450,2.90527087917846,0.470512026136428,511.547480198451,749.555723701932,0,100,840,0.277801328246432,0.999476055747668,0.000419155401865242,0,0.00010478885046631,1,0.440090827480594,101.105743740795,384.581349938529,16,20,28,270858.378089753,1613305.06503368,2000,3000,4000
MA,muni,0600000US2500957880,,,288,798,2.77083333333333,0.523985239852399,522.375722543353,702.640545313752,0,270,800,0.276190476190476,1,0,0,0,1,0.309027777777778,64.7448979591837,400.679558934811,20,22,30,3790.44943820225,1443.65532756293,2500,3600,5000
MA,muni,0600000US2500937995,,,45,117,2.6,0.386363636363636,561.407407407407,650.477118338133,0,225,1090,0.423076923076923,1,0,0,0,1,0.466666666666667,21.75,5.81788845604284,15,19,27,3276.19047619048,930.540037776324,2500,3000,4000
MA,muni,1600000US2529405,,,42549,119548,2.80965475099297,0.50575434717057,426.784727620642,675.624309705341,0,0,700,0.225030226180296,0.996333638863428,0.00359585419163788,0,7.0506944934076e-05,1,0.398194679305499,41.1644533600802,266.859488111005,16,21,27,198158.304503858,1382299.6817525,1750,2600,4000
MA,muni,0600000US2500927620,,,468,1403,2.99786324786325,0.521444695259594,397.824324324324,605.835331364239,0,0,624,0.282722513089005,0.980769230769231,0.014957264957265,0,0.00427350427350427,1,0.359908883826879,23.4244604316547,10.0421339205835,16,22,28,3325.3164556962,2495.62513284278,1800,2850,4000
MA,muni,0600000US2500925625,,,245,694,2.83265306122449,0.493506493506494,316.589622641509,421.035404491033,0,0,552.25,0.207547169811321,1,0,0,0,1,0.411522633744856,19.1428571428571,6.63061509410761,16,18,20,3316.8,8428.45839217866,1000,1500,2100
MA,muni,0600000US2500907420,,,5,15,3,1,140,194.935886896179,0,0,300,0,1,0,0,0,1,0,20,0,20,20,20,,,,,
MA,muni,1600000US2540710,,,2609,8071,3.09352242238406,0.510848126232742,516.631291691935,579.031509480868,0,416,800,0.123804164321891,1,0,0,0,1,0.22295719844358,41.9693313222725,182.401817708116,16,20,26,265762.994764398,1597387.65034859,2000,4000,5500
MA,muni,1600000US2534550,,,71140,209614,2.94649985943211,0.502669774027966,575.124840516403,650.384493253,0,465,900,0.126193424679423,0.998355355636773,0.00143379252178802,0,0.000210851841439415,1,0.22359511545807,93.6052016198027,453.931319801813,16,22,26,277825.533195289,1631004.85095964,2300,3500,5000
MA,muni,0600000US2500946365,,,278,870,3.1294964028777,0.414448669201521,416.543352601156,453.755561980489,0,320,700,0.0949720670391061,1,0,0,0,1,0.122302158273381,157.918032786885,538.792890879193,18,21,22,298355.823529412,1714244.11115919,2400,2500,5000
MA,muni,0600000US2500901465,,,1,1,1,1,0,,0,0,0,0,1,0,0,0,1,,,,,,,,,,,
MA,muni,1600000US2545245,,,11689,33194,2.83976388057148,0.400036235166229,575.375176703421,1046.85889318593,0,338,900,0.21456556810325,0.994268115322098,0.0057318846779023,0,0,1,0.481194595059816,137.179746835443,652.429138541987,16,20,25,142420.639778215,1172635.64512103,1800,2500,3500
MA,muni,0600000US2500945175,,,573,1799,3.13961605584642,0.398886827458256,510.243670886076,652.149545215585,0,360,757.5,0.250639386189258,1,0,0,0,1,0.4,64.609375,323.734576117385,15,20,22,183150.63963964,1332768.66897927,1500,2500,4000
MA,muni,0600000US2500959245,,,260,653,2.51153846153846,0.492,565.704918032787,880.384881072951,0,250,842.5,0.154228855721393,0.969230769230769,0.0307692307692308,0,0,1,0.418604651162791,229.38,603.991351442593,14,18,25,372767.055555556,1896857.96354905,1500,2100,3500
MA,muni,1600000US2552490,,,19396,57654,2.97246855021654,0.332732634338139,479.457590781187,708.830939988104,0,0,850,0.176128385155466,0.998504846360074,0.000979583419261703,0,0.000515570220664054,1,0.497909261969475,73.9302935010482,469.692879723261,19,23,30,82598.8911400378,883515.284470569,2200,3500,5000
MA,muni,1600000US2537490,,,79767,227931,2.85745985181842,0.530109549924609,624.45820166091,842.905063041626,0,250,1040,0.183457526080477,0.992728822696102,0.00634347537202101,1.25365125929269e-05,0.000915165419283664,1,0.327682820735889,70.6767348352219,381.959715810714,22,28,35,206791.221098661,1408425.2451294,2500,3600,5000
MA,muni,1600000US2559105,,,36352,109873,3.02247469190141,0.369449327147509,594.367147689804,769.056044595695,0,360,988,0.192010545201567,0.996286311619718,0.00264084507042254,0,0.00107284330985916,1,0.367090735862803,179.673253573509,742.771867173565,20,26,34,243053.03648855,1526579.43184732,2400,4000,6000
MA,muni,1600000US2513660,,,37262,113372,3.04256346948634,0.404005485400834,493.234162614899,826.732250518414,0,18,900,0.124225133840518,0.999436423165692,0.000483065857978638,0,8.0510976329773e-05,1,0.358601057340382,43.5221189670678,242.262682599094,16,20,24,171471.895289937,1284198.70767346,2100,3000,4500
MA,muni,1600000US2567000,,,123291,347841,2.82130082487773,0.586850456691252,608.832418796693,1224.02326092848,0,0,1040,0.175359516991119,0.98100429066193,0.0181602874500166,7.29980290532156e-05,0.000762423859000251,1,0.328386787936812,41.7055236103851,271.011371378351,20,25,33,195693.813511612,1368188.77812704,3000,4000,5800
MA,muni,1600000US2530840,,,47584,133147,2.79814643577673,0.546172077631697,523.244634824217,890.59612921177,0,60,880,0.141667582719578,0.998192669804977,0.00170225285810356,0,0.000105077336919973,1,0.221389166968413,55.0752040419744,344.804489224637,17,22,30,295602.832210891,1675967.54179741,3500,5000,7500
MA,muni,1600000US2576030,,,17186,50537,2.94059117886652,0.440428961071163,458.574647063126,696.330217658501,0,0,800,0.174406008521701,0.998894448970092,0.00110555102990806,0,0,1,0.464079952968842,26.7224006200864,174.369136916512,15,18,25,89774.8202432227,923846.964592797,2000,3000,4500
MA,muni,1600000US2546330,,,17452,53765,3.08073573229429,0.469414809671107,604.015372657397,826.009338087455,0,300,1000,0.245404483052819,0.9974214989686,0.00171900068760027,0,0.000859500343800137,1,0.484206832007487,135.384810710988,719.985214028623,16,22,30,111930.763227833,1030908.79502321,2500,4000,5000
MA,muni,1600000US2521990,,,46633,137224,2.94263718825724,0.452719665271967,539.233526749096,754.429548715427,0,0,1000,0.16876789984942,0.981129243239766,0.0160186992044261,0.000107220208864967,0.00274483734694315,1,0.374857019531672,39.1930248860848,211.339279530951,22,27,30,215371.604064713,1439606.627737,2500,3300,4500
MA,muni,1600000US2537875,,,56931,165336,2.90414712546767,0.476844040871263,535.595133412427,802.61409478137,0,0,960,0.206326089429969,0.991428220126117,0.00829073791080431,0,0.000281041963078112,1,0.383595014136098,62.535449238802,376.346014244799,24,28,35,181429.205441988,1320058.73748382,2500,3500,5000
MA,muni,0600000US2500960015,,,828,2620,3.16425120772947,0.444162436548223,587.455429497569,883.570822156741,0,0,1000,0.122834645669291,1,0,0,0,1,0.441888619854722,190.173535791757,652.598125417261,22,28,35,3946.61917808219,1772.57910599043,3000,3350,5000
MA,muni,1600000US2538715,,,15072,45093,2.99183917197452,0.401643480141282,591.440995946728,1250.46049061079,0,400,900,0.17176073504594,0.998938428874735,0.00066348195329087,0,0.000398089171974522,1,0.471331127169582,95.3102269619907,418.601804441484,20,22,26,685162.433013326,2520304.73563488,2000,3000,4500
MA,muni,1600000US2539835,,,56774,165936,2.9227463275443,0.45037185079847,701.105537343397,1799.66784208148,0,100,1200,0.147643069199392,0.989660760207137,0.0101454891323493,0,0.000193750660513615,1,0.438550616361599,93.771786105915,491.806971204113,27,30,37,269196.425083151,1603829.46493394,3200,4500,6500
MA,muni,1600000US2562535,,,89601,265329,2.9612281112934,0.506610329547931,537.505476589248,796.129120140477,0,0,1000,0.154865503426618,0.997075925491903,0.00272318389303691,0,0.0002008906150601,1,0.288141115667659,55.7150142993327,332.17178035399,22,28,32,108139.978242221,1016552.73445353,2400,3250,4400
MA,muni,1600000US2540115,,,25283,70180,2.77577819087925,0.454051091813506,671.244163568773,1101.39344065407,0,0,1080,0.217410604192355,0.997587311632322,0.00217537475774236,0,0.00023731360993553,1,0.584813056143011,66.0685388845247,403.39236555155,25,35,42,261419.661299127,1578147.69120519,4000,5000,7000
MA,muni,1600000US2545560,,,57640,172739,2.99685981956974,0.467546322290848,815.210600687872,1354.11911373675,0,0,1144,0.226098992888168,0.991134628730049,0.00836224843858432,5.20471894517696e-05,0.000451075641915337,1,0.585028980145517,90.502618953299,561.887917359919,25,38,55,429270.287942664,2005695.45982525,4800,7500,12000
MA,muni,0600000US2502109175,,,152,1271,8.36184210526316,0.6875,770.931623931624,990.61713372485,0,420,1100,0.213235294117647,0.973684210526316,0.0263157894736842,0,0,1,0.789473684210526,39.3225806451613,21.9793647114351,20,45,50,4092592.51666667,4928163.69670676,10000,18900,9999998
MA,muni,1600000US2572600,,,33587,102207,3.04305237145324,0.567241764199381,584.6317437173,828.021292446434,0,180,1000,0.15990990990991,0.999672492333343,8.93202727245661e-05,0,0.000238187393932176,1,0.338976401714044,58.8216685330347,393.786842573529,22,29,35,400035.790705956,1947558.11716367,3200,5000,6000
MA,muni,1600000US2581035,,,17950,58481,3.25799442896936,0.350613588745884,476.694895857176,727.541425684073,0,0,884,0.130856709628506,0.984233983286908,0.0157660167130919,0,0,1,0.539804626094768,35.8019985196151,176.760782525608,18,24,30,154387.443161726,1218358.85862375,2100,3100,4500
MA,muni,0600000US2501780510,,,3,6,2,0,433.333333333333,750.555349946514,0,0,650,0,1,0,0,0,1,0,25,0,25,25,25,,,,,
MA,muni,0600000US2501709840,,,3,6,2,0,133.333333333333,230.94010767585,0,0,200,0.666666666666667,1,0,0,0,1,1,,,,,,3500,0,3500,3500,3500
MA,muni,1600000US2555745,,,66225,185252,2.79731219328048,0.495414073719483,824.93832407631,1163.48752100555,0,400,1496.75,0.167340884573894,0.999486598716497,0.000181200453001133,0,0.000332200830502076,1,0.469789689469289,44.2676433383344,212.148249775812,25,30,40,269230.426336544,1602625.03224885,3800,5000,6160
MA,muni,0600000US2502141690,,,19,53,2.78947368421053,0.6,611.111111111111,1219.06156986065,0,0,0,0.111111111111111,1,0,0,0,1,0.526315789473684,50,0,50,50,50,5002759,5267552.42044485,5400,5002999,9999998
MA,muni,1600000US2507740,,,12,26,2.16666666666667,0.916666666666667,466.666666666667,617.481296490146,0,260,733.5,0.0833333333333333,1,0,0,0,1,0,12.6666666666667,1.72328087371066,12,12,13.5,,,,,
MA,muni,1600000US2509000,,,55847,150805,2.70032409977259,0.453021656147247,466.119459613571,718.412038068288,0,0,780,0.215474082333137,0.992372016401955,0.00596271957311942,3.58121295682848e-05,0.00162945189535696,1,0.41220116908265,39.3859063543064,221.797506147459,17,20,25,53489.4519032357,705467.059561263,2000,3000,4200
MA,muni,0500000US25025,,,685799,2105004,3.06941829894765,0.554262848756441,557.868190617776,879.767844717627,0,20,950,0.174594278001024,0.974186314065783,0.0237022801141442,0.000435987804006713,0.00167541801606593,1,0.261356808664108,45.0517752708181,261.588892031092,20,26,35,213730.986725052,1429809.03119132,2500,4000,6000
MA,muni,1600000US2523875,,,41552,126350,3.04076819407008,0.481480470562546,675.532744947557,838.283618163302,0,500,1065,0.1520819895363,0.999927801309203,2.40662302656912e-05,0,4.81324605313824e-05,1,0.386250244570534,33.6289464060786,225.747787436893,15,18,22,323553.870955487,1758755.75143594,2200,3100,4700
MA,muni,1600000US2525485,,,18637,52435,2.81348929548747,0.49522652317306,704.650850727943,832.26432800982,0,600,1100,0.172190362702018,0.99989268659119,0,0,0.000107313408810431,1,0.46787739965096,30.1747707400299,191.388805301646,15,20,25,454564.193612309,2074826.66125759,2000,3000,4800
MA,muni,1600000US2535075,,,22132,68228,3.08277607084764,0.528600464576074,578.834520079749,788.404587410836,0,389.5,900,0.16189877397045,0.996882342309778,0.00298210735586481,0,0.000135550334357491,1,0.448479845921035,101.225296780255,454.556053356351,16,20,25,352525.474846626,1833797.01932757,2000,3160,5000
MA,muni,1600000US2511000,,,92995,283945,3.05333620087102,0.57882159925815,613.24699015514,873.208130176486,0,200,1020,0.185610285915576,0.969310177966557,0.029603742136674,5.37663315232002e-05,0.00103231356524544,1,0.23134910605378,47.1491211408366,295.988234777457,20,25,35,276392.212036289,1622118.31971507,2400,4000,7000
MA,muni,1600000US2523000,,,101634,304253,2.99361434165732,0.474234181144703,427.136220788123,630.480225944669,0,156,700,0.115219468688284,0.996339807544719,0.00271562666036956,4.91961351516225e-05,0.000895369659759529,1,0.222609182979064,55.4222692110689,311.099606491108,12,16,22,348616.546349577,1825176.14809513,1800,2800,4500
MA,muni,1600000US2537000,,,87741,278945,3.1791864692675,0.498739374729866,444.027436801619,712.96028898314,0,0,740,0.124871982443307,0.998905870687592,0.000786405443293329,0,0.000307723869114781,1,0.318478948478246,48.9382593904048,286.065904370979,15,20,25,178513.05782388,1311150.25313707,2000,3000,4500
MA,muni,0600000US2500968645,,,1091,4932,4.52062328139322,0.704523580365736,542.6,788.688935862648,0,253,800,0.264441591784339,0.980751604032997,0.0164986251145738,0,0.00274977085242896,1,0.246040126715945,60.2132768361582,288.282287386739,20,28,35,1549476.66094421,3620228.09000297,2500,4500,8500
MA,muni,1600000US2545000,,,94005,265732,2.82678580926546,0.510180495598083,420.820091805461,630.141363440641,0,112,704,0.157364081249581,0.965501835008776,0.0339237274613053,0.00020211690867507,0.000372320621243551,1,0.261390732744732,27.695058872073,179.579436247022,14,17,20,202711.413091716,1398586.35511593,1550,2500,4000
MA,muni,0600000US2500500520,,,161,443,2.75155279503106,0.454545454545455,381.434108527132,641.759018793285,0,0,650,0.24031007751938,0.993788819875776,0.0062111801242236,0,0,1,0.354430379746835,14.5588235294118,4.46454354859068,10,14,18,2903.57142857143,2633.62189497929,1500,1800,3000
MA,muni,0600000US2500516425,,,160,436,2.725,0.326923076923077,408.577777777778,565.629163187999,0,160,660,0.195652173913043,1,0,0,0,1,0.4625,19.0581395348837,25.3661908620685,8,14,20,2700.27027027027,1554.96374707595,1500,2500,3500
MA,muni,0600000US2501336300,,,1144,3036,2.65384615384615,0.80093023255814,450.225290697674,723.943470574864,0,0,800,0.111908177905308,0.957167832167832,0.0332167832167832,0,0.00961538461538462,1,0.298769771528998,22.1323529411765,19.9736972931186,18,20,25,3061119.97647059,4613064.8277821,2600,4000,9999998
MA,muni,0600000US2501319645,,,2,3,1.5,0,725,1025.30483272049,362.5,725,1087.5,0,1,0,0,0,1,0,2500,0,2500,2500,2500,,,,,
MA,muni,1600000US2582000,,,160600,483945,3.01335616438356,0.535369263134585,766.906798281573,946.472917853266,0,509,1225,0.152395240656344,0.995485678704857,0.00431506849315069,3.11332503113325e-05,0.000168119551681196,1,0.329565289668357,45.9027320267827,246.142097524143,20,25,30,333014.125967601,1779314.15872071,3300,5000,7000
MA,muni,0600000US2502775155,,,10,34,3.4,0.777777777777778,680,638.944442029196,400,400,950,0.166666666666667,1,0,0,0,1,1,,,,,,7001798.6,4827559.67395546,2504499.5,9999998,9999998
MA,muni,0600000US2502761800,,,3,6,2,0,1800,,1800,1800,1800,,1,0,0,0,1,1,,,,,,2000,0,2000,2000,2000
MA,muni,0600000US2502752420,,,279,852,3.05376344086022,0.717131474103586,455.377622377622,646.132402646111,0,182,700,0.157635467980296,0.942652329749104,0.0465949820788531,0,0.010752688172043,1,0.221818181818182,19.4086538461538,18.2365382053543,15,18,20,822173.606557377,2765159.44646213,1200,2100,4500
MA,muni,0600000US2502702760,,,8,17,2.125,0.857142857142857,663,831.178199906615,65.5,339,1004,0.142857142857143,1,0,0,0,1,0.125,25.8571428571429,1.0690449676497,25,25,27,1900,,1900,1900,1900
MA,muni,0600000US2502734795,,,6,13,2.16666666666667,0,556.833333333333,867.877967612191,0,0,1140,0.166666666666667,1,0,0,0,1,1,,,,,,3200,154.919333848297,3075,3300,3300
MD,muni,0500000US24001,,,36832,107623,2.92199717636838,0.498190910428004,543.010761196392,851.453348104833,0,89,980,0.164497770689093,0.981863596872285,0.018136403127715,0,0,1,0.405123443303474,51.3535602850091,306.097426315387,14,20,28,178322.930969395,1309324.22894702,2000,3000,5000
MD,muni,0500000US24003,,,6768,19990,2.95360520094563,0.62873767577178,535.59242250287,913.093658429463,0,0,780,0.223903177004539,0.647458628841608,0.350768321513002,0.000147754137115839,0.00162529550827423,1,0.33952496954933,57.3848528015195,376.646722459135,16,23,35,301323.737219731,1694160.55411144,3000,5000,7500
MD,muni,0500000US24510,,,539914,1563088,2.89506847386806,0.517611517807763,611.747631032076,879.474075964933,0,246,1000,0.166545843773567,0.862020618098438,0.137575613894065,1.85214682338298e-05,0.000385246539263661,1,0.487567498265408,119.598551962609,552.387310187575,18,25,32,133278.972285169,1131234.59664597,2000,2800,4000
MD,muni,0500000US24005,,,11594,34886,3.00897015697775,0.628059032318326,535.018750732451,771.25980432744,0,200,884,0.173014848289219,0.66586165257892,0.33353458685527,0,0.000603760565809902,1,0.262256879089361,91.7135403726708,437.663002369629,16,24,30,348963.069719754,1825160.91129132,2000,3000,4300
MD,muni,0500000US24009,,,715,1974,2.76083916083916,0.518110236220473,200.18320610687,431.120959660879,0,0,159,0.322033898305085,0.868531468531469,0.131468531468531,0,0,1,0.485915492957747,13.25,7.04066308234661,7,13,15,437388.898550725,2041718.54512359,1000,2000,3500
MD,muni,0500000US24013,,,6415,16235,2.53078721745908,0.572187188848324,492.249548852797,662.590906008601,0,300,750,0.259408331656269,0.957287607170694,0.0425565081839439,0,0.000155884645362432,1,0.455512118842846,106.514949201742,515.017403966075,12,17,25,123729.91246138,1089324.68588433,2000,3500,4500
MD,muni,0500000US24021,,,17654,50777,2.87623201540727,0.432537082266039,511.182131544625,699.579863997902,0,260,800,0.220683066634822,0.952645292851478,0.0471847739888977,0,0.000169933159623881,1,0.439702517162471,109.667503661854,535.040662715742,12,18,25,160125.906713505,1239302.1166315,2000,3000,5000
MD,muni,0500000US24015,,,6909,20571,2.97742075553626,0.444622023333866,461.986283474853,738.523587514509,0,100,750,0.169881001231022,0.891590678824722,0.108409321175279,0,0,1,0.390379008746356,49.824295010846,397.771144069979,10,15,20,107672.898805078,1017041.68135894,1200,2500,4000
MD,muni,0500000US24017,,,920,2933,3.18804347826087,0.905764966740577,472.211988304094,748.086394527695,0,0,852.5,0.183284457478006,0.685869565217391,0.314130434782609,0,0,1,0.691629955947137,702.567857142857,1071.76166021686,15,111,1000,2184.84872611465,2261.07033504363,1000,1500,2500
MD,muni,0500000US24019,,,10269,29175,2.84107508033888,0.607830754657404,381.807840616967,580.178543885105,0,192,550,0.167106089139987,0.719836400817996,0.279871457785568,9.7380465478625e-05,0.00019476093095725,1,0.332678325800747,24.376692960262,118.179145571744,8,12,16,76540.8765505021,855982.031698424,1200,2200,3500
MD,muni,0500000US24025,,,6017,17968,2.98620575037394,0.675118569865013,571.839796412991,827.554097926689,0,112.5,1000,0.180714452486575,0.861392720624896,0.138274887817849,0.000332391557254446,0,1,0.452697025709965,46.43,313.808706770764,12,20,25,453343.338530067,2070643.90592078,2100,3500,6000
MD,muni,0500000US24035,,,2371,5892,2.485027414593,0.815206929740135,356.729487179487,569.505583172501,0,150,500,0.169042769857434,0.806410797132012,0.193589202867988,0,0,1,0.499787685774947,559.466483011938,900.327877891327,10,100,1000,1047389.93542906,3059613.21650485,1250,2500,4000
MD,muni,0500000US24031,,,5537,15057,2.71934260429836,0.601986097318769,921.909482758621,1131.04979337453,0,500,1560,0.195983935742972,0.971103485642044,0.0288965143579556,0,0,1,0.498728659644025,71.3886639676113,309.525325200809,25,35,46,57251.1154406409,711890.89368575,4000,6000,8000
MD,muni,0500000US24033,,,20348,62242,3.05887556516611,0.594233473980309,700.485124381676,930.896926961607,0,60,1320,0.153724018475751,0.859789659917437,0.139817181049735,0,0.000393159032828779,1,0.531632348552671,51.0459150679026,283.871792566042,25,34,40,179653.775283001,1310489.0200975,3000,4500,6000
MD,muni,0500000US24027,,,6,12,2,1,692,950.747074673385,0,0,1620,0.2,1,0,0,0,1,0,34,4.38178046004133,30,34,38,,,,,
MD,muni,0500000US24039,,,4584,12636,2.7565445026178,0.712011238585811,409.620292887029,559.11655680032,0,208,572,0.149812734082397,0.740619546247818,0.259380453752182,0,0,1,0.368306010928962,22.3795309168443,207.119245927956,6,10,13,887099.576261128,2839124.75933299,1500,2200,4500
MD,muni,0500000US24041,,,6618,18021,2.72302810516772,0.63150218765192,476.97795318454,665.254304563134,0,280,658.5,0.192832099727308,0.749773345421578,0.250226654578422,0,0,1,0.46011330577247,34.6627064618951,223.84813523764,9,13,20,229019.990349418,1487010.29557224,900,1800,4000
MD,muni,0500000US24043,,,28728,80775,2.81171679197995,0.565414604888289,541.38986409966,760.344028642851,0,260,840,0.174792784007801,0.969019771651351,0.0304928989139515,0.000278473962684489,0.000208855472013367,1,0.313179324083459,39.7324502628595,262.789365683664,12,17,24,244038.635978127,1529713.57889262,2000,3000,5500
MD,muni,0500000US24045,,,8734,22653,2.59365697275017,0.542769981696156,468.635764633773,700.034369513387,0,202,676,0.205091533180778,0.898213876803298,0.101786123196703,0,0,1,0.469658514074758,60.9058666071827,505.467764920206,9,14,22,202094.411201179,1396187.90861554,1200,2250,4000
MD,muni,0500000US24047,,,4108,10106,2.46007789678676,0.484922327139811,364.244959244959,574.144858845895,0,100,500,0.132561505065123,0.792112950340798,0.207887049659202,0,0,1,0.439571150097466,28.9021113243762,236.104129316541,8,12,18,1826044.09368071,3861487.58519515,1500,3000,5025
ME,muni,1600000US2302060,,,14241,40285,2.82880415701145,0.537116144112195,620.361031518625,741.713517068331,0,500,900,0.190203826955075,0.999578681272382,0.000421318727617443,0,0,1,0.446669969566141,41.2287729571467,274.310458854538,18,22,27,335032.798288702,1788849.61857107,2000,3500,5000
ME,muni,1600000US2338740,,,33514,112473,3.35600047741242,0.59698495882393,537.89833341527,734.841775213878,0,435,800,0.133743101978554,0.999343557916095,8.9514829623441e-05,0,0.000566927254281793,1,0.325777888632537,88.1555744761364,523.134848659957,16,22,28,232354.208919514,1491312.85151603,2000,3500,6000
ME,muni,0600000US2300508430,,,8718,26289,3.01548520302822,0.475778766687858,453.853433168711,703.027736262144,0,75,756,0.244320889594917,0.998164716678137,0.00183528332186281,0,0,1,0.504837393635622,40.8270927736704,209.572926353723,12,16,22,171420.947587162,1287064.23057484,1500,2500,3500
ME,muni,0600000US2302376960,,,45,109,2.42222222222222,0.581395348837209,660.870967741936,894.907918612691,0,0,997,0.181818181818182,1,0,0,0,1,0.302325581395349,16.7666666666667,8.95846097209257,7,16.5,25,7615.38461538462,6278.77989127481,3000,6000,15000
ME,muni,0600000US2300531390,,,8,19,2.375,0,258.75,392.152940281504,0,0,512.5,0.375,1,0,0,0,1,1,,,,,,8333665,4081665.59156112,9999998,9999998,9999998
ME,muni,1600000US2360545,,,60169,182612,3.03498479283352,0.599950122911397,483.746997631935,765.915317880333,0,0,800,0.227082022236207,0.994997423922618,0.00455384001728465,0.000182818394854493,0.000265917665242899,1,0.324413040098129,52.9631280283989,297.70160602623,16,22,30,118260.229470657,1061009.5541085,2000,3500,5500
ME,muni,1600000US2371990,,,14275,40168,2.8138704028021,0.487893462469734,528.604005880191,832.513701203125,0,0,905.25,0.205200729927007,0.999509632224168,0.000490367775831874,0,0,1,0.532579314269455,36.2861085556578,198.198260708015,18,23,30,57194.8003205556,728751.560309576,2500,3500,5000
ME,muni,0600000US2300524495,,,467,1235,2.64453961456103,0.67420814479638,581.468671679198,1019.14524408383,0,0,930.5,0.130541871921182,1,0,0,0,1,0.322510822510823,29.223642172524,10.6530880691943,24,30,35,877258.348993289,2830022.94435447,4000,5500,8000
ME,muni,0600000US2300510180,,,248,825,3.32661290322581,0.634782608695652,380.734104046243,644.623794057461,0,0,542,0.218390804597701,1,0,0,0,1,0.221774193548387,59.5440414507772,236.482357909278,16,20,25,2688.18181818182,731.497932730658,1800,3000,3000
ME,muni,0600000US2300515430,,,9,21,2.33333333333333,0.777777777777778,300,501.426536422407,0,0,400,0,1,0,0,0,1,0.222222222222222,863.714285714286,574.317192930212,611.5,1200,1200,2000,0,2000,2000,2000
ME,muni,0600000US2300586025,,,20,42,2.1,0.375,314.266666666667,500.529357875478,0,0,660,0.4,1,0,0,0,1,0.35,18.3846153846154,3.59486813709167,16,16,20,3000,1000,2500,2500,4000
ME,muni,1600000US2382105,,,9099,26385,2.89976920540719,0.454739843193158,461.693749105994,658.985618721646,0,0,850,0.180728051391863,0.999890097812946,0.000109902187053522,0,0,1,0.421925074593878,74.4659857390634,330.457463476038,14,17,22,87272.9041382923,911458.456578611,2000,3000,4400
ME,muni,0600000US2300566145,,,36,90,2.5,0.382352941176471,379.758620689655,629.072086215223,0,0,721,0.172413793103448,1,0,0,0,1,0.416666666666667,26.0476190476191,6.16016388155535,25,25,25,3166.66666666667,1036.24781003847,2500,2500,3800
ME,muni,1600000US2302100,,,14151,39326,2.77902621722846,0.583506423571044,523.476826722338,759.594249401842,0,180,850,0.200061149612719,0.998869337855982,0.00105999576001696,0,7.06663840011307e-05,1,0.418775510204082,28.464768683274,103.066630323287,16,21,30,173913.27797271,1290743.23242862,2000,4000,5500
ME,muni,0600000US2301168385,,,211,634,3.00473933649289,0.803191489361702,403.303448275862,469.795793760703,0,280,765,0.137931034482759,1,0,0,0,1,0.293838862559242,18.9731543624161,4.01508356872545,16,20,24,649249.870967742,2475674.22101011,3000,3500,7500
ME,muni,0600000US2301112350,,,14,48,3.42857142857143,0.857142857142857,454.357142857143,562.250232704109,0,282.5,712.5,0.0714285714285714,1,0,0,0,1,0.785714285714286,13,0,13,13,13,5909.09090909091,1868.39746598766,5000,7000,7000
ME,muni,1600000US2327085,,,5901,17489,2.96373496017624,0.58702175543886,405.096975294389,606.451936539616,0,0,700,0.246006389776358,0.997288595153364,0.00186409083206236,0.000847314014573801,0,1,0.526506024096386,24.6209677419355,93.3605376050364,12,16,20,61154.4174566852,764779.383434884,1200,2000,3000
ME,muni,0600000US2301124670,,,15,33,2.2,0.266666666666667,680.083333333333,674.829333081987,0,688,1218.75,0,1,0,0,0,1,0.666666666666667,17.6,2.19089023002066,16,16,20,1400,459.468291736341,1000,1250,1875
ME,muni,0600000US2301161700,,,3,6,2,1,357.666666666667,312.256838729488,248.5,497,536.5,0,1,0,0,0,1,0,22,0,22,22,22,,,,,
ME,muni,1600000US2330550,,,2537,7251,2.8581001182499,0.481704692208351,388.089400428266,614.27032151141,0,0,660.5,0.27562400424854,0.999211667323611,0,0.000788332676389436,0,1,0.436457505957109,23.0984419263456,100.598990307389,10,15,20,75177.0245677889,850263.791541888,1500,2000,3000
ME,muni,1600000US2380740,,,10155,29905,2.94485475135401,0.531110615521856,490.04768247203,752.710148813631,0,0,832,0.201511006903738,0.999310684391925,0.00068931560807484,0,0,1,0.427511867088608,30.9159384830479,232.350854353255,15,20,25,140652.618320611,1159892.06122804,2000,3500,5000
ME,muni,0600000US2301186515,,,1702,4803,2.8219741480611,0.682269503546099,436.486201298701,649.727056213211,0,0,800,0.163052208835341,1,0,0,0,1,0.420677361853832,20.828349944629,9.56587582566243,15.5,20,25,976655.129943503,2967211.8470379,1500,2000,3000
ME,muni,0600000US2301154560,,,9,19,2.11111111111111,0,333.333333333333,516.397779494322,0,0,750,0,1,0,0,0,1,0.222222222222222,20,0,20,20,20,4000,0,4000,4000,4000
ME,muni,1600000US2302795,,,23841,72474,3.03988926638983,0.553890724729528,635.620287629154,862.37373767558,0,300,1004,0.239486813970064,0.992449981124953,0.0066272387903192,4.19445493058177e-05,0.000880835535422172,1,0.450845575674752,56.2867945554406,296.163768890525,15,20,27,327597.822203277,1769901.99673671,2000,3000,5000
ME,muni,1600000US2355225,,,7185,23106,3.21586638830898,0.486945962355798,555.036599423631,660.144998868176,0,400,900,0.168850380388842,0.954906054279749,0,0.0450939457202505,0,1,0.498529617700602,67.3461868037704,300.779116116601,10,12,16,43978.0769662921,647717.464065396,1000,1500,2500
ME,muni,0600000US2301927645,,,12,33,2.75,0.5,1002.85714285714,1329.93376132942,400,500,700,0.25,1,0,0,0,1,0,14.9090909090909,3.38982434514078,12,12,18,,,,,
ME,muni,0600000US2301932510,,,9,37,4.11111111111111,0,0,0,0,0,0,0.75,1,0,0,0,1,1,,,,,,3444.44444444444,166.666666666667,3500,3500,3500
ME,muni,1600000US2306925,,,6443,18389,2.85410523048269,0.450941196068632,509.255650994575,724.108768381151,0,0,936,0.171240395170143,1,0,0,0,1,0.470065481758653,87.7983218459695,561.218036981309,15,18,23,59137.2908789387,748696.764745718,1500,2500,3500
ME,muni,0500000US23019,,,29,78,2.68965517241379,0.655172413793103,1331.1,1604.70394985077,382.5,607.5,1150,0.294117647058824,1,0,0,0,1,0.689655172413793,16.3333333333333,5.19615242270663,15,15,15,4595,3382.8476014649,2375,4000,5500
ME,muni,1600000US2303355,,,10026,30319,3.02403750249352,0.580680095299978,580.826034872887,829.190877220855,0,0,1073,0.204441541476159,0.997406742469579,0.00159585078795133,9.97406742469579e-05,0.000897666068222621,1,0.599140137168595,99.6610303830911,579.095205839703,13,18,25,183396.934905177,1333310.4980219,1000,2000,3000
ME,muni,0600000US2302381930,,,34,97,2.85294117647059,0.806451612903226,686,823.923871152272,0,0,1326,0.173913043478261,1,0,0,0,1,0.647058823529412,21.0833333333333,6.28791529744786,13,25,25,1295.45454545455,893.083088294366,900,900,1425
ME,muni,1600000US2304860,,,16817,54849,3.26152107985967,0.562799361362427,417.968993468167,537.894515514731,0,160,765,0.153834078957696,0.999405363620146,0,0,0.00059463637985372,1,0.345752965137175,33.9157546215396,259.769420884021,17,20,24,140054.167359667,1161603.58826374,1750,2500,4000
ME,muni,0600000US2303116725,,,16,136,8.5,0.75,221.538461538462,126.296354780212,288,288,288,0,1,0,0,0,1,0,12,0,12,12,12,,,,,
ME,muni,1600000US2364675,,,8557,25037,2.9259086128316,0.556641108088054,418.066123054114,647.502744891877,0,0,750,0.2,0.999649409839897,0.000233726773401893,0,0.000116863386700947,1,0.53021327014218,59.4827763496144,360.952089250614,15,20,25,329064.411620112,1776233.9085146,1500,2500,3500
MI,muni,1600000US2601260,,,4324,11240,2.59944495837188,0.633203631647211,381.395207764635,715.148102754009,0,0,525,0.341852074564041,0.983348751156337,0.0141073080481036,0.00254394079555967,0,1,0.575458392101552,34.3604060913706,311.541395367252,10,15,22,275968.470588235,1631522.39179228,1000,2000,3000
MI,muni,0600000US2600501280,,,18,64,3.55555555555556,0.5625,151.111111111111,227.019517026865,0,13,324,0.555555555555556,1,0,0,0,1,0.388888888888889,12.2727272727273,2.61116483933547,10,10,15,1000,0,1000,1000,1000
MI,muni,0600000US2600581580,,,1,1,1,1,1000,,1000,1000,1000,1,1,0,0,0,1,0,20,,20,20,20,,,,,
MI,muni,1600000US2627740,,,442,1095,2.47737556561086,0.515815085158151,392.566878980892,633.848590318709,0,33.5,524.75,0.330459770114943,1,0,0,0,1,0.639455782312925,75.6415094339623,390.732228602394,8,12,18,215350.262411348,1445237.44884995,1500,2200,3000
MI,muni,0600000US2600531360,,,156,345,2.21153846153846,0.6,483.241935483871,774.892925946806,0,200,557.5,0.364963503649635,1,0,0,0,1,0.696774193548387,15.3095238095238,5.43470373118542,10.5,15,20,280493.555555556,1650556.10776395,1500,2500,4000
MI,muni,0600000US2600516720,,,7,28,4,1,97.6666666666667,124.697500643223,0,65,140.5,0.166666666666667,1,0,0,0,1,0,10,0,10,10,10,,,,,
MI,muni,0600000US2600539200,,,443,1146,2.58690744920993,0.531645569620253,221.979661016949,482.401425826397,0,0,0,0.184563758389262,1,0,0,0,1,0.724604966139955,11.3770491803279,4.10266567013047,9,10,15,157153.102803738,1240051.56799921,700,1200,2000
MI,muni,1600000US2661620,,,3276,8551,2.61019536019536,0.581529093369418,438.202342487884,689.380825286937,0,0,924.25,0.306720977596741,1,0,0,0,1,0.57055402509948,37.0769794721408,322.751733572352,10,13,18,23304.3873390558,462783.586208167,1100,1600,2500
MI,muni,1600000US2664740,,,1466,3884,2.6493860845839,0.537890044576523,404.846222222222,687.38834382622,0,0,746,0.260481712756467,1,0,0,0,1,0.676671214188267,17.168776371308,6.39940831869456,12,18,20,2297.38407258065,1443.08442951363,1500,2000,3000
MI,muni,0600000US2600535720,,,842,2342,2.78147268408551,0.59462915601023,430.501592356688,675.915851002929,0,0,780,0.264331210191083,0.997624703087886,0,0.00237529691211401,0,1,0.61433868974042,15.5663430420712,7.08297069885942,10,15,20,2781.3078470825,2218.57462955248,1500,2500,3400
MI,muni,1600000US2622740,,,39,97,2.48717948717949,1,241.307692307692,440.388534749103,0,0,267.5,0.451612903225806,1,0,0,0,1,0.794871794871795,2000,0,2000,2000,2000,3020.96774193548,2388.29695925599,1500,2200,4600
MI,muni,1600000US2684880,,,675,1824,2.70222222222222,0.503205128205128,279.965973534972,541.112149825239,0,0,300,0.351606805293006,1,0,0,0,1,0.574814814814815,12.7230215827338,5.55954724472412,9,10.5,15,2585.02577319588,1942.15023737961,1500,2100,3000
MI,muni,0600000US2600584900,,,267,626,2.34456928838951,0.516129032258065,295.681415929204,520.011397575719,0,0,300,0.367256637168142,1,0,0,0,1,0.561068702290076,15.2521739130435,5.69216679099502,11,15,20,2348.43537414966,1115.89923237822,1500,2500,3000
MI,muni,1600000US2601740,,,12528,36927,2.94755747126437,0.504251029888684,431.788165038002,664.032396447954,0,0,780,0.220515574650913,1,0,0,0,1,0.676104916980829,16.4194756554307,10.1105685610697,10,15,20,110340.978407878,1033231.86217184,1400,2000,3000
MI,muni,0600000US2600701760,,,39,111,2.84615384615385,0.189189189189189,654.428571428571,873.272450319356,0,168,1260,0.142857142857143,1,0,0,0,1,0.923076923076923,15,0,15,15,15,3041.66666666667,1115.69965236425,2200,2500,4500
MI,muni,0600000US2601550960,,,800,1932,2.415,0.732142857142857,715.426900584795,628.247243556872,188.5,520,1100,0.535353535353535,1,0,0,0,1,0.699248120300752,81.3291666666667,273.394935537485,7,10,12,825630.302867384,2752387.64267803,900,1300,2000
MI,muni,1600000US2637120,,,4891,11842,2.42118176242077,0.565294378043382,563.210947930574,785.640065220987,0,150,1000,0.292722812755519,1,0,0,0,1,0.608434980359727,40.7314161692892,258.77307400096,12,15,20,243979.554536188,1534206.36679263,1600,2500,3500
MI,muni,0500000US26015,,,4,10,2.5,1,162.5,235.849528301415,0,75,237.5,0,1,0,0,0,1,0,12,0,12,12,12,,,,,
MI,muni,0600000US2601579620,,,99,240,2.42424242424242,0.538461538461538,208.354430379747,496.007600178917,0,0,100,0.402439024390244,1,0,0,0,1,0.909090909090909,17.7777777777778,17.1593835683117,8,10,10,667737.266666667,2508124.70121362,600,1100,1500
MI,muni,0600000US2601588440,,,10,27,2.7,0.777777777777778,424,519.499759383967,0,220,700,0,1,0,0,0,1,0.8,9,0,9,9,9,1425,138.873014965883,1425,1500,1500
MI,muni,1600000US2606020,,,29590,85358,2.88469077391011,0.52724518822269,554.586308144027,799.060216815281,0,100,1000,0.152665163364199,0.99766813112538,0.0023318688746198,0,0,1,0.673319935965122,71.9116962774958,372.347983137305,15,20,28,74258.2393767705,844314.929601021,1200,2000,3000
MI,muni,0500000US26017,,,2094,5928,2.83094555873926,0.540399652476108,522.041018387553,739.591384870947,0,0,1000,0.166781529979325,0.999522445081184,0.000477554918815664,0,0,1,0.682752030578118,63.4161392405063,392.751869494078,12,18,25,590467.932120364,2352334.16344134,1300,2500,4000
MI,muni,1600000US2626420,,,1133,3185,2.81112091791703,0.469101123595506,555.294117647059,830.558204099683,0,0,1056,0.202614379084967,1,0,0,0,1,0.76081200353045,43.6605166051661,272.862404393834,12,20,25,26375.3317865429,481253.337614881,1800,3000,4500
MI,muni,0600000US2601764180,,,133,420,3.15789473684211,0.32,914.142857142857,397.222140082132,600,900,1100,0.148514851485149,1,0,0,0,1,0.669172932330827,8.61363636363636,4.85231140841438,4.75,7,10,1580.44943820225,1094.85772229708,750,1500,2000
MI,muni,1600000US2679600,,,261,680,2.60536398467433,0.23728813559322,180.010695187166,441.451223444558,0,0,0,0.347593582887701,0.919540229885057,0.0804597701149425,0,0,1,0.651340996168582,6.03296703296703,2.80258035646735,5,5,6,755.111764705882,1157.38352865641,300,500,600
MI,muni,1600000US2630260,,,590,1584,2.68474576271186,0.616731517509728,356.720657276995,696.926792945439,0,0,341.25,0.296983758700696,0.998305084745763,0,0.00169491525423729,0,1,0.632478632478633,64.3333333333333,299.842610705965,12,15,23,4254.91891891892,3227.8493631245,2000,3500,5000
MI,muni,0600000US2601919180,,,795,2071,2.60503144654088,0.587392550143267,389.791590493602,729.602410973024,0,0,549,0.250453720508167,0.99748427672956,0.00251572327044025,0,0,1,0.665359477124183,47.8192771084337,187.461897929371,11,15,20,237788.001964637,1518405.78355348,1000,1600,2800
MI,muni,1600000US2625180,,,612,1702,2.78104575163399,0.447565543071161,367.541561712846,691.608969050642,0,0,450,0.235588972431078,0.995098039215686,0,0.00490196078431373,0,1,0.663398692810458,11.0547263681592,5.55895584168027,10,10,13,75634.5295566503,857328.485657868,600,1500,2000
MI,muni,1600000US2605500,,,41,102,2.48780487804878,0.428571428571429,244.230769230769,460.72267647185,0,0,150,0.275862068965517,1,0,0,0,1,0.829268292682927,18,0,18,18,18,1766367.29411765,3868748.3695488,2000,2000,2500
MI,muni,1600000US2607520,,,6231,16452,2.64034665382764,0.635362014690451,463.084874136779,655.763645117838,0,60,832,0.227143792275802,0.965655593002728,0.0340234312309421,0.000320975766329642,0,1,0.487059958206076,23.5483259633607,78.8574214930141,15,20,25,65522.0874587459,789295.435866963,1800,2500,3500
MI,muni,0500000US26021,,,6306,16459,2.61005391690454,0.554413024850043,586.213540459077,833.19469033705,0,300,990,0.170203997527303,0.960672375515382,0.038534728829686,0,0.000792895654931811,1,0.453005375468317,35.4385857970131,266.048504354411,15,20,26,186385.601222582,1341565.35906136,1500,2500,4000
MI,muni,0600000US2602104840,,,40,148,3.7,0.75,319.782608695652,415.534918839204,0,50,685,0.217391304347826,0.875,0.125,0,0,1,0.325,21.6666666666667,4.47213595499958,17,25,25,2861.53846153846,1252.68941451214,1200,2800,4000
MI,muni,0600000US2602164480,,,243,601,2.47325102880658,0.841628959276018,586.6875,581.538944027872,100,500,900,0.338461538461539,1,0,0,0,1,0.522633744855967,127.087719298246,406.731708258303,10,12,16,395280.236220472,1952119.24131311,1000,1200,2500
MI,muni,0600000US2602111420,,,2139,5737,2.68209443665264,0.641548927263213,576.854628921194,829.383899448403,0,72,1040,0.196248196248196,1,0,0,0,1,0.577193805725012,65.0625,370.298077878413,10,15,20,165537.62195122,1264882.46883076,1500,2500,4000
MI,muni,1600000US2611400,,,1895,5054,2.66701846965699,0.610189573459716,546.681047765794,833.264622178008,0,0,1000,0.212143928035982,0.992612137203166,0.00211081794195251,0.00527704485488127,0,1,0.580148619957537,25.0355329949239,82.3552675631338,12,16,20,30223.8600182983,523280.290998674,1500,2500,3500
MI,muni,1600000US2617320,,,296,759,2.56418918918919,0.536231884057971,335.745833333333,527.303988035806,0,0,533,0.216666666666667,1,0,0,0,1,0.641891891891892,388.765306122449,622.883762402215,15,20,925,2309.05263157895,1324.95388653646,1300,2500,3000
MI,muni,1600000US2610580,,,473,1220,2.57928118393235,0.41409691629956,301.3598820059,522.428750257721,0,0,505,0.135294117647059,1,0,0,0,1,0.650423728813559,14.3636363636364,7.10212172788484,10,14,18,199174.879478827,1386002.82747485,2500,3500,4500
MI,muni,1600000US2657220,,,829,2086,2.51628468033776,0.579634464751958,319.558599695586,641.82874681228,0,0,320,0.271623672230652,1,0,0,0,1,0.605326876513317,16.1764705882353,7.43521526345296,12,15,20,222959.086,1467859.48549485,2000,2800,4000
MI,muni,1600000US2657760,,,11089,29324,2.64442240057715,0.605077874973331,516.216976633286,784.705919820433,0,0,920,0.20145438018407,0.981152493461989,0.0183966092524123,0.000450897285598341,0,1,0.588479971064292,28.5847627533972,163.692837104406,15,20,25,142859.386447449,1173923.75540327,1800,2500,4000
MI,muni,0600000US2602157780,,,13,37,2.84615384615385,1,223.2,452.273466930008,0,0,287.5,0.1,1,0,0,0,1,0,25.0769230769231,9.90337937660287,18,23,23,,,,,
MI,muni,1600000US2607860,,,740,1841,2.48783783783784,0.602322206095791,358.917448405253,610.294866437112,0,0,656,0.414814814814815,1,0,0,0,1,0.581967213114754,15.2196721311475,6.54897590608365,10,15,20,237426.361502347,1515402.89396621,1500,2800,3500
MI,muni,1600000US2670960,,,4506,12127,2.69130048823791,0.438212706539446,633.215440448697,862.5298870447,0,250,1040,0.175897748021911,0.997336884154461,0.00266311584553928,0,0,1,0.590380313199105,65.4474408365438,497.117441534335,20,25,30,113363.443349754,1042344.37896082,2000,3000,4200
MI,muni,1600000US2679720,,,1033,2516,2.43562439496612,0.436734693877551,431.360103626943,679.093880044099,0,0,728,0.32470892626132,1,0,0,0,1,0.701668302257115,14.5907473309609,5.47785670516845,10,14,20,44434.7328671329,646683.615577928,1500,2000,3000
MI,muni,0600000US2602179740,,,307,775,2.52442996742671,0.415770609318996,388.2,529.290313074043,0,50,731.5,0.311627906976744,1,0,0,0,1,0.774410774410774,16.1666666666667,5.423151215455,13,15,19.5,176489.095652174,1309752.02452921,1300,2000,3500
MI,muni,1600000US2684500,,,1144,2918,2.5506993006993,0.795640326975477,511.085983510012,744.14884955014,0,0,1000,0.270808909730363,1,0,0,0,1,0.574300699300699,1147.32842105263,1103.02139595247,20,1200,2000,78423.7108066971,869507.191268574,1500,2200,3000
MI,muni,1600000US2610860,,,1012,2452,2.42292490118577,0.561158798283262,416.295424836601,662.571323073727,0,0,704,0.25832223701731,1,0,0,0,1,0.600790513833992,17.3867684478371,6.84284431774983,12,15,20,84668.2565789474,903631.972601009,1500,2100,3000
MI,muni,0600000US2602310880,,,824,2075,2.51820388349515,0.655440414507772,392.816855753647,654.712639335024,0,0,600,0.231647634584013,1,0,0,0,1,0.549330085261876,17.5139664804469,7.58544791540385,12,15,21.5,113245.141906874,1047981.57768731,1500,2000,3000
MI,muni,0600000US2602332120,,,8,36,4.5,0,146,185.062151722063,0,54,260,0,1,0,0,0,1,1,,,,,,1500,0,1500,1500,1500
MI,muni,1600000US2617020,,,5229,13186,2.52170587110346,0.58662486938349,354.26171875,637.819853430734,0,0,550,0.273212121212121,0.997513864983745,0.0024861350162555,0,0,1,0.593295019157088,50.0695569318723,300.305132275911,13,18,25,96033.8033580885,963055.308081654,1200,2000,3200
MI,muni,0600000US2602317040,,,2087,5303,2.54096789650216,0.589451913133402,392.59595959596,629.172612650336,0,0,642.75,0.266499057196732,1,0,0,0,1,0.556949806949807,77.3975084937712,436.021324909801,12,16,24,487420.223570191,2149212.83091271,1100,2000,3200
MI,muni,0600000US2602305800,,,8,17,2.125,1,1139,1389.85035165661,117,778,1800,0.5,1,0,0,0,1,0,35,10,30,30,35,,,,,
MI,muni,0600000US2602366660,,,259,562,2.16988416988417,0.593220338983051,215.420792079208,383.16948195785,0,0,209.5,0.495049504950495,1,0,0,0,1,0.62992125984252,12.1808510638298,14.96660279649,7,8.5,10,251123.04375,1565970.91598469,550,1000,1600
MI,muni,0600000US2602308060,,,3,6,2,1,260,367.695526217005,130,260,390,0,1,0,0,0,1,0,8,0,8,8,8,,,,,
MI,muni,1600000US2666640,,,1047,2452,2.34192932187202,0.56301652892562,288.775757575758,550.763097622611,0,0,360,0.489671931956258,1,0,0,0,1,0.635148042024833,60.6923076923077,254.628496109718,8,10,15,76984.2496240602,864338.306312538,1000,1500,2500
MI,muni,1600000US2673420,,,146,342,2.34246575342466,0.454545454545455,209.48275862069,406.925342640095,0,0,162.5,0.336206896551724,1,0,0,0,1,0.773972602739726,6.66666666666667,2.11640418320005,5,6,8,89144.5840707965,940659.162711321,400,600,1000
MI,muni,0600000US2602373440,,,135,325,2.40740740740741,0.635593220338983,179.699029126214,366.808836117603,0,0,186,0.41747572815534,1,0,0,0,1,0.740740740740741,7.48571428571429,2.38094677870489,5,8,10,420.9,312.161234562584,200,400,600
MI,muni,1600000US2681360,,,1310,3150,2.40458015267176,0.615577889447236,216.459825750242,471.723179753376,0,0,160,0.299418604651163,0.986259541984733,0.0122137404580153,0.00152671755725191,0,1,0.609097918272938,25.8997912317328,257.632986295566,6,8,11,89889.8493670886,937609.449543739,562.5,1000,1800
MI,muni,1600000US2600980,,,8248,22462,2.7233268671193,0.576782573400081,568.500977198697,756.472295809892,0,270,964,0.224171164225135,0.890518913676043,0.109481086323957,0,0,1,0.549352553139507,26.6595041322314,145.79684899145,10,15,20,1251663.77362686,3306507.48104512,1200,2000,3500
MI,muni,0600000US2607517760,,,45,127,2.82222222222222,0.545454545454545,270.363636363636,506.858820221532,0,0,308,0.205882352941176,1,0,0,0,1,0.822222222222222,10.75,1.03509833901353,10,10,12,940.540540540541,475.195550074715,600,600,1500
MI,muni,1600000US2603880,,,271,658,2.4280442804428,0.592741935483871,190.364864864865,384.618253743732,0,0,159,0.45945945945946,1,0,0,0,1,0.782287822878229,8.74576271186441,2.69477924589434,6.5,8,11,1387.21698113208,761.561933324187,1000,1200,2000
MI,muni,0600000US2602503900,,,362,899,2.48342541436464,0.573619631901841,235.263513513514,486.306032703569,0,0,200,0.476351351351351,1,0,0,0,1,0.659090909090909,10.5,5.12039914410566,7,10,14.25,1277.56465517241,951.015859296143,700,1000,1500
MI,muni,1600000US2605920,,,29021,75950,2.61707039729851,0.632208104653785,667.586953028761,854.44754772588,0,312,1200,0.209922759797185,0.964198339133731,0.0348713000930361,0.000310120257744392,0.000620240515488784,1,0.503870587010102,96.5858730727859,440.806616972693,16,22,30,220336.075921461,1456634.42027344,2100,3000,4000
MI,muni,0500000US26025,,,2226,5574,2.50404312668464,0.697256857855362,607.319322033898,783.666546111796,0,300,1000,0.197850821744627,0.972596585804133,0.027403414195867,0,0,1,0.366255144032922,49.041761579347,287.734678506313,14,20,30,252571.937578028,1560814.86805219,1600,2500,3900
MI,muni,1600000US2675700,,,161,382,2.37267080745342,0.635658914728682,549.632653061225,704.51794424851,0,130.5,1050,0.19811320754717,0.987577639751553,0.0124223602484472,0,0,1,0.39873417721519,201.730769230769,641.455602680178,12,18,25,319777.714285714,1766891.73711332,1200,2000,4000
MI,muni,1600000US2638920,,,1120,2770,2.47321428571429,0.555,249.082725060827,471.670148341417,0,0,300,0.40632603406326,1,0,0,0,1,0.666365280289331,13.4929178470255,52.7847858238844,8,10,14,245594.686567164,1544427.11574044,900,1500,2000
MI,muni,0600000US2602538940,,,2,3,1.5,1,261,369.109739779378,130.5,261,391.5,0,1,0,0,0,1,1,,,,,,700,0,700,700,700
MI,muni,1600000US2651940,,,5102,14043,2.75245001960016,0.501186111710157,474.399492707673,730.9024974075,0,25,800,0.328322147651007,0.995491963935712,0.00450803606428852,0,0,1,0.594924060751399,79.6825557809331,455.872502848475,11,15,23,200836.805508902,1393624.68022185,1500,2500,3500
MI,muni,0600000US2602551960,,,2,3,1.5,1,404,277.185858225127,306,404,502,0,1,0,0,0,1,0,10,0,10,10,10,,,,,
MI,muni,0600000US2602551520,,,4,10,2.5,0,413.333333333333,392.08842540087,230,460,620,0,1,0,0,0,1,1,,,,,,2500,0,2500,2500,2500
MI,muni,1600000US2679160,,,341,978,2.86803519061584,0.354098360655738,243.522900763359,456.606579496028,0,0,322.5,0.282442748091603,1,0,0,0,1,0.639296187683284,12.5130434782609,17.6726397800764,6,8,12,459337.669724771,2096742.78817405,300,500,1000
MI,muni,0600000US2602579180,,,242,562,2.32231404958678,0.515695067264574,220.156097560976,389.469479566895,0,0,300,0.338164251207729,1,0,0,0,1,0.586776859504132,54.26,147.2893544673,6,10,16.5,916272.154929578,2893846.35905006,200,900,1300
MI,muni,0600000US2602773940,,,2555,6406,2.50724070450098,0.642458100558659,656.748134328358,746.795868421097,0,500,1000,0.273001508295626,0.953033268101761,0.0434442270058708,0.00352250489236791,0,1,0.633082110273701,55.420591456736,307.554193079513,10,15,20,227814.102756892,1484967.70904199,1200,2000,3000
MI,muni,1600000US2622880,,,2381,6114,2.56782864342713,0.611470860314524,521.836666666667,703.734288122386,0,200,900,0.26016884113584,0.967660646787064,0.0302393952120958,0.00209995800083998,0,1,0.641803624104509,26.5828367103695,134.677773284104,10,15,20,219192.932370322,1456067.30990502,1500,2200,3000
MI,muni,0600000US2602712620,,,1116,2805,2.51344086021505,0.504477611940299,290.953086419753,528.722590329234,0,0,450,0.408986175115207,0.93010752688172,0.0698924731182796,0,0,1,0.618279569892473,35.88995215311,128.358637803611,10,15,20,364669.028985507,1869566.08236521,1400,2000,3500
MI,muni,1600000US2651460,,,120,308,2.56666666666667,0.5,190.552631578947,429.241544890111,0,0,90,0.282051282051282,1,0,0,0,1,0.705882352941177,10.3666666666667,4.47586118342977,6,10.5,15,477424.904761905,2142101.04283778,600,1200,2000
MI,muni,1600000US2671740,,,9114,28087,3.0817423743691,0.533373786407767,527.247050777911,788.002903934608,0,0,1000,0.173315226616873,0.999890278692122,0,0,0.00010972130787799,1,0.558394160583942,45.0146649810367,417.331778251369,13,20,25,123304.315508021,1092338.81939758,1100,2000,3500
MI,muni,0500000US26033,,,3,6,2,1,450,636.396103067893,225,450,675,0,1,0,0,0,1,0,25,0,25,25,25,,,,,
MI,muni,0600000US2603374620,,,12,51,4.25,0.916666666666667,267.428571428571,707.549493473273,0,0,0,0,1,0,0,0,1,1,,,,,,2750,452.267016866646,2750,3000,3000
MI,muni,1600000US2615920,,,18,40,2.22222222222222,0.666666666666667,88.6666666666667,249.93904018685,0,0,0,0.466666666666667,1,0,0,0,1,0.777777777777778,25,5.77350269189626,20,25,30,842.857142857143,668.309331550415,80,1000,1000
MI,muni,1600000US2630040,,,549,1632,2.97267759562842,0.549295774647887,242.55672823219,450.848070733929,0,0,300,0.318537859007833,1,0,0,0,1,0.675229357798165,77.3398692810458,398.270672364627,10,12,15,491526.885869565,2159255.53641608,1500,2000,3500
MI,muni,1600000US2622120,,,41,135,3.29268292682927,0.731707317073171,491.666666666667,725.130672881532,0,0,1010,0.172413793103448,1,0,0,0,1,0.75609756097561,15.5,3.68932393686311,15,15,18.75,1698.70967741935,1758.87036083862,500,1000,2500
MI,muni,1600000US2625780,,,591,1520,2.57191201353638,0.528650646950093,229.864444444444,483.364513900936,0,0,198.75,0.463414634146342,1,0,0,0,1,0.756345177664975,86.25,318.385250651106,8,10,12,113340.771812081,1052712.60217251,1000,1500,2000
MI,muni,0600000US2603723460,,,131,278,2.12213740458015,0.672131147540984,268.990476190476,518.515122827418,0,0,260,0.428571428571429,1,0,0,0,1,0.635593220338983,19.5348837209302,18.8368292211084,10,13,20,401358.586666667,1972508.36234031,1000,1300,2000
MI,muni,0600000US2603723580,,,85,246,2.89411764705882,0.8875,329.833333333333,545.795925314944,0,0,462.5,0.183333333333333,1,0,0,0,1,0.835294117647059,12.6428571428571,1.98483259736443,12,12,15,1243.46478873239,560.839672302316,1000,1002,1500
MI,muni,1600000US2651200,,,581,1663,2.86230636833046,0.581854043392505,188.674937965261,362.933379358966,0,0,185,0.341207349081365,0.994836488812392,0,0.00516351118760757,0,1,0.697754749568221,6.39766081871345,2.2712513580267,5,5,8,396722.334158416,1952547.95755791,300,500,1000
MI,muni,1600000US2639660,,,337,973,2.88724035608309,0.474522292993631,171.309917355372,337.84056587543,0,0,206,0.365853658536585,1,0,0,0,1,0.72700296735905,6.2027027027027,1.82058044130993,5,6,8,1388671.63265306,3463828.85718601,500,1000,2000
MI,muni,1600000US2661860,,,1212,3018,2.49009900990099,0.570657065706571,351.566901408451,654.270933924473,0,0,468,0.399527186761229,1,0,0,0,1,0.688073394495413,13.2783783783784,22.1649597134223,8,10,15,50112.9721212121,694929.095628,1000,1500,2000
MI,muni,0600000US2603761880,,,2,3,1.5,0,0,0,0,0,0,0.5,1,0,0,0,1,1,,,,,,550,0,550,550,550
MI,muni,1600000US2670940,,,4376,12002,2.7426873857404,0.7325492201483,350.795462019073,610.810328573902,0,0,520,0.439568094740508,0.998857404021938,0,0,0.00114259597806216,1,0.612888270746407,51.3216232586311,368.230981708122,12,15,20,93111.5707261725,948365.444861687,1069,2000,3000
MI,muni,0600000US2603708400,,,6,13,2.16666666666667,0,78,174.413302244984,0,0,0,0.4,1,0,0,0,1,1,,,,,,1200,1394.27400463467,300,300,2325
MI,muni,1600000US2626360,,,14515,41881,2.8853599724423,0.48542899408284,426.715791403171,725.038975131716,0,0,700,0.181544633901705,0.999517740268688,0.000482259731312435,0,0,1,0.531389198218263,40.351826587843,298.37999234498,10,15,22,163667.746037983,1258742.10490569,1500,2300,3500
MI,muni,0600000US2604126380,,,3,6,2,1,800,1131.37084989848,400,800,1200,0,1,0,0,0,1,0,28,0,28,28,28,,,,,
MI,muni,0600000US2604126960,,,416,1242,2.98557692307692,0.423280423280423,169.776699029126,317.013189492874,0,0,240,0.213592233009709,1,0,0,0,1,0.694711538461538,32.364406779661,193.563067098341,5,7,8,658104.435986159,2482461.46892065,450,600,1000
MI,muni,1600000US2632300,,,4746,13761,2.89949431099874,0.417500581801257,456.904033379694,743.431057243482,0,34.5,720,0.14,1,0,0,0,1,0.611899216599619,61.3679297089511,229.756466250937,7,10,17,168215.178892734,1277957.4485,1000,1800,3000
MI,muni,1600000US2643300,,,4317,13053,3.02362751911049,0.397496871088861,377.011088011088,603.528105868915,0,0,600,0.119696447050707,1,0,0,0,1,0.729949003245248,44.0398936170213,282.059498975915,5,8,10,64917.5550968562,794425.353066011,500,1000,2000
MI,muni,1600000US2640960,,,6985,18929,2.70994989262706,0.394985737877196,363.618925362186,629.324914029889,0,0,536,0.204670834865759,0.999713672154617,0,0.000286327845382964,0,1,0.601262191623637,85.5792528110265,344.449187953368,8,12,20,51883.3365935115,705967.572215228,500,1200,2500
MI,muni,0500000US26043,,,37,119,3.21621621621622,0.378378378378378,294,430.459125613024,0,39,497,0.0357142857142857,1,0,0,0,1,0.72972972972973,9.4,6.94742158406028,5,5,10,1074.07407407407,494.269151679522,1000,1000,1000
MI,muni,1600000US2659220,,,3610,9820,2.7202216066482,0.274294205052006,314.072535211268,526.487909180037,0,0,484,0.212548466690166,1,0,0,0,1,0.717059639389737,21.2195845697329,115.065014993571,5,8,12,28426.1199226306,519704.814254855,400,1000,2000
MI,muni,1600000US2607060,,,657,1697,2.58295281582953,0.499142367066895,293.382066276803,558.177491083932,0,0,340,0.270428015564202,1,0,0,0,1,0.627092846270928,12.5020408163265,8.45655458742687,10,10,15,50176.3495145631,695771.286791149,1000,1500,2000
MI,muni,0600000US2604507080,,,344,874,2.5406976744186,0.609677419354839,334.343511450382,565.528603922285,0,0,542.5,0.232209737827715,1,0,0,0,1,0.596439169139466,12.9242424242424,5.54319775999655,10,12,15,1836.81592039801,1329.50096312311,1000,1500,2000
MI,muni,1600000US2666100,,,539,1448,2.68645640074212,0.791322314049587,321.75,575.742341677247,0,0,462.5,0.406417112299465,1,0,0,0,1,0.616387337057728,13.0631067961165,8.75637178779544,10,12,15,1531.72205438067,1350.24601398031,1000,1200,1700
MI,muni,1600000US2614820,,,5444,13484,2.47685525349008,0.585485854858549,466.000627155848,680.765113603238,0,36,832,0.400482509047045,1,0,0,0,1,0.613530181274528,26.1338308457711,183.678903989497,12,15,20,541144.390191898,2258347.16705633,1000,2000,3000
MI,muni,0600000US2604513380,,,1,1,1,1,,,,,,1,1,0,0,0,1,1,,,,,,30,,30,30,30
MI,muni,0600000US2604524520,,,2,3,1.5,1,230,,230,230,230,0,1,0,0,0,1,1,,,,,,625,0,625,625,625
MI,muni,1600000US2624540,,,2965,7483,2.52377740303541,0.602373887240356,423.064941176471,677.259795792745,0,0,720,0.323764705882353,1,0,0,0,1,0.559362279511533,15.0039032006245,13.6164818695257,10,13,18,93010.6416009703,949496.775817717,1050,1800,2800
MI,muni,1600000US2633420,,,3763,10117,2.68854637257507,0.61983961983962,514.777890466531,679.622909558205,0,72,1000,0.363678588016721,0.998937018336434,0.0010629816635663,0,0,1,0.574172892209178,48.9192938209332,366.452108817149,12.25,17,20,100055.237453532,982996.638317922,1500,2300,3500
MI,muni,0600000US2604570020,,,327,865,2.64525993883792,0.58445945945946,267.456066945607,479.637473781036,0,0,382,0.443983402489627,1,0,0,0,1,0.606811145510836,55.256,213.016616949885,5,8,10,1177.98469387755,873.491898760612,600,1000,1500
MI,muni,1600000US2681960,,,425,991,2.33176470588235,0.592592592592593,221.096096096096,441.310353478279,0,0,225,0.444444444444444,1,0,0,0,1,0.616470588235294,7.69325153374233,2.63717789758308,6,8,10,1238.54961832061,789.957680749629,700,1000,1800
MI,muni,1600000US2660580,,,421,1077,2.55819477434679,0.450928381962865,862.575,963.697801937474,69.75,632,1200,0.420792079207921,1,0,0,0,1,0.633734939759036,14.9736842105263,7.67549413248178,9,13,25,78132.5133079848,870194.24576518,700,1500,3250
MI,muni,0600000US2604583180,,,173,453,2.61849710982659,0.564935064935065,965.797297297297,752.224080934532,381.25,950,1318.75,0.564705882352941,1,0,0,0,1,0.614906832298137,14,5.93576729103604,10,12,18,1662.32323232323,1179.40042557331,1000,1500,2000
MI,muni,1600000US2622380,,,599,1541,2.57262103505843,0.523020257826888,355.326086956522,619.903427518115,0,0,500,0.315217391304348,1,0,0,0,1,0.684474123539232,16.7883597883598,28.5468571873353,10,15,20,26626.5073170732,493755.267834664,1500,2500,3000
MI,muni,1600000US2616620,,,1698,4613,2.71672555948174,0.597249508840864,465.03885003885,725.008207202701,0,0,800.5,0.28416149068323,1,0,0,0,1,0.62202380952381,16.8897893030794,6.48781396064979,12,15,20,31291.6210526316,535148.871943929,1600,2500,3500
MI,muni,0600000US2604979460,,,1,1,1,1,260,,260,260,260,1,1,0,0,0,1,0,8,,8,8,8,,,,,
MI,muni,0600000US2604919900,,,376,887,2.35904255319149,0.777456647398844,461.78275862069,706.934806863401,0,0,831.25,0.290657439446367,0.997340425531915,0.00265957446808511,0,0,1,0.398373983739837,16.7442922374429,7.63492709640482,10,15,22.5,206550.979591837,1418395.58450754,1800,2500,3000
MI,muni,1600000US2619880,,,983,2570,2.61444557477111,0.564885496183206,425.147625160462,718.791836625793,0,0,700,0.297817715019256,1,0,0,0,1,0.660223804679553,56.5089820359281,301.764587527177,15,20,25,3350.35747303544,1706.99018701311,2000,3000,4000
MI,muni,0600000US2604968180,,,11,34,3.09090909090909,0,250,612.372435695795,0,0,0,0.833333333333333,1,0,0,0,1,1,,,,,,2672.72727272727,591.761622768677,2700,3000,3000
MI,muni,1600000US2627760,,,3260,8532,2.61717791411043,0.561461794019934,405.665056360709,759.057939175216,0,0,520,0.301204819277108,0.999386503067485,0.000613496932515337,0,0,1,0.661429451632779,39.8691244239631,286.176675965832,12,17,25,63903.7605961807,775700.210835451,2000,3000,4000
MI,muni,0600000US2612569580,,,13,51,3.92307692307692,0.153846153846154,110,204.799553570942,0,0,100,0.625,1,0,0,0,1,0.846153846153846,20,0,20,20,20,2090.90909090909,202.259958738973,2000,2000,2000
MI,muni,1600000US2647820,,,553,1423,2.57323688969259,0.468330134357006,288.645308924485,561.425001369352,0,0,200,0.306636155606407,1,0,0,0,1,0.683636363636364,14.3563218390805,4.54388240580522,12,15,15,2532.55319148936,1148.26796981212,1800,2500,3000
MI,muni,0500000US26049,,,1845,4434,2.40325203252033,0.735011990407674,520.101501072194,709.60579214667,0,0,1057,0.224647887323944,0.984281842818428,0.0146341463414634,0.0010840108401084,0,1,0.325150027277687,22.341824157765,16.252980525,15,22,28,304024.822147651,1712491.79718602,1300,2000,2800
MI,muni,1600000US2629200,,,1746,4744,2.71706758304696,0.684810126582279,325.081395348837,672.675704855989,0,0,150,0.128973105134474,0.998854524627721,0.0011454753722795,0,0,1,0.612607449856734,51.5886736214605,294.853093889142,15,20,25,264938.441534144,1597334.58962669,1800,2900,4000
MI,muni,1600000US2661600,,,102,268,2.62745098039216,0.67816091954023,609.617021276596,552.373280891743,50,450,1029.5,0.283950617283951,1,0,0,0,1,0.612244897959184,14.8684210526316,5.04129462475651,10,13,20,2392,2155.81892890783,900,1500,3500
MI,muni,1600000US2633280,,,400,1075,2.6875,0.545454545454545,548.24115755627,859.605211172422,0,0,1185,0.245161290322581,0.9925,0,0.0075,0,1,0.6125,19.7297297297297,6.93075036390211,15,20,25,126419.485714286,1101581.96520267,2500,3500,5000
MI,muni,1600000US2655280,,,437,1175,2.68878718535469,0.515151515151515,348.660714285714,649.464232286267,0,0,300,0.294642857142857,1,0,0,0,1,0.697940503432494,46.8863636363636,222.490059739439,10,12,15,1747.27868852459,1000.19379916745,1000,1600,2500
MI,muni,1600000US2655960,,,2236,6640,2.9695885509839,0.521824423737126,513.612612612613,812.751645231984,0,0,1150,0.195763799743261,1,0,0,0,1,0.662639821029083,19.6891891891892,7.42618283462321,15,20,25,116845.267386901,1065360.38846834,1000,1800,3000
MI,muni,0600000US2607975720,,,46,137,2.97826086956522,0.195121951219512,410,715.420217044865,0,0,495,0.285714285714286,1,0,0,0,1,0.782608695652174,9.6,4.6475800154489,6,6,15,905.555555555556,794.604823416537,500,550,775
MI,muni,1600000US2680340,,,7417,20130,2.71403532425509,0.560563793862869,420.03090623363,688.275144643822,0,0,728,0.256749695175057,0.998516920587839,0.000269650802211137,0.00121342860995011,0,1,0.657088641908376,25.5250903251706,123.113379001221,12,18,25,68435.974009901,809646.379194898,1200,2000,3000
MI,muni,0500000US26055,,,265,668,2.52075471698113,0.618257261410788,314.899521531101,504.926941068782,0,0,540,0.252380952380952,1,0,0,0,1,0.496153846153846,15.793893129771,7.95247185302195,8,15,22,622144.403100775,2420726.23429376,1500,2300,3000
MI,muni,0600000US2605523800,,,6,9,1.5,0,0,0,0,0,0,0,1,0,0,0,1,1,,,,,,2233.33333333333,413.118223595458,1900,2500,2500
MI,muni,1600000US2601540,,,6821,18941,2.77686556223428,0.821093226022803,513.859137055838,741.986887320004,0,57.5,900,0.247259973695748,1,0,0,0,1,0.603495440729483,32.9996131528046,306.993932156086,12,18,25,123171.924452279,1092658.32082821,1000,2000,3000
MI,muni,0600000US2605764360,,,25,60,2.4,0.708333333333333,411.052631578947,471.096766856545,0,150,750,0.210526315789474,1,0,0,0,1,0.84,25,0,25,25,25,1742.85714285714,742.678549960499,1000,1200,2500
MI,muni,0600000US2605784080,,,414,1184,2.85990338164251,0.466898954703833,184.765690376569,429.237690899217,0,0,67.5,0.40084388185654,1,0,0,0,1,0.630434782608696,7.36363636363636,2.82480325762737,5,7,10,1150328.81226054,3195326.71384071,400,1000,2000
MI,muni,1600000US2641340,,,1889,4867,2.57649550026469,0.572090330052114,268.101600556715,526.887232155326,0,0,300,0.414804469273743,1,0,0,0,1,0.616199047114876,17.0305555555556,51.4795195078497,10,12,15,62298.4003436426,773313.600270838,1000,2000,3000
MI,muni,1600000US2671000,,,1690,4757,2.81479289940828,0.553054662379421,321.879392971246,564.341902754091,0,0,480,0.301675977653631,0.997633136094674,0.00236686390532544,0,0,1,0.64890467732386,14.5548060708263,7.02799287053861,10,15,20,1712.42518248175,1263.30427715588,1000,1500,2200
MI,muni,0600000US2605708020,,,1088,3072,2.82352941176471,0.661899897854954,302.459810874705,516.115665369428,0,0,500,0.30414201183432,1,0,0,0,1,0.571698113207547,17.1205357142857,32.3875266359067,9,15,20,166443.031353135,1274812.19303843,700,1200,2000
MI,muni,1600000US2610160,,,489,1340,2.74028629856851,0.949367088607595,946.730994152047,918.026001252082,260,760,1499,0.0571428571428571,1,0,0,0,1,0.566462167689162,29.7352941176471,82.4215276151202,10,15,15,146294.267148014,1194906.47216817,1000,1500,2500
MI,muni,0600000US2605786620,,,375,988,2.63466666666667,0.863128491620112,1010.07633587786,809.613778940975,310,936,1560,0.0359712230215827,1,0,0,0,1,0.626666666666667,11.7622950819672,3.70626737156973,10,10,13,300054.280851064,1703244.35088776,1100,2000,3500
MI,muni,1600000US2657920,,,385,966,2.50909090909091,0.605633802816901,256.053571428571,534.496112141154,0,0,300,0.275618374558304,1,0,0,0,1,0.658854166666667,131.576,444.162500486826,8,10,10,238244.300395257,1524456.54031473,590,1000,1500
MI,muni,0600000US2605900300,,,97,229,2.36082474226804,0.460674157303371,200.797297297297,361.253107479823,0,0,230,0.243243243243243,1,0,0,0,1,0.821052631578947,7.29411764705882,0.985184366143778,6,8,8,1539184.82051282,3631053.97097967,500,1000,1500
MI,muni,0600000US2605986540,,,8,21,2.625,0.142857142857143,100,173.205080756888,0,0,100,0.2,1,0,0,0,1,1,,,,,,600,0,600,600,600
MI,muni,0600000US2605988300,,,207,519,2.50724637681159,0.486631016042781,234.822429906542,453.143315517082,0,0,270,0.487179487179487,1,0,0,0,1,0.661835748792271,6.56716417910448,2.6527508912106,4,6,9,147703.474452555,1203585.7386306,520,1500,2000
MI,muni,1600000US2612760,,,95,220,2.31578947368421,0.574712643678161,413.89552238806,841.119908835984,0,0,550,0.40625,1,0,0,0,1,0.715789473684211,9.37037037037037,1.90441083455767,8,8,10.5,148583.5,1212490.61284744,1000,1500,2000
MI,muni,0600000US2602312560,,,245,571,2.33061224489796,0.506437768240343,284.990909090909,487.166785588691,0,0,520,0.49618320610687,1,0,0,0,1,0.746938775510204,7.37037037037037,1.71888836715133,6,8,8,1470.65573770492,1135.57198955841,550,1200,2000
MI,muni,1600000US2655220,,,64,175,2.734375,0.525423728813559,344.978260869565,764.403834199653,0,0,384.5,0.319148936170213,1,0,0,0,1,0.71875,7.94444444444445,1.30484266449445,7,8,8,901.739130434783,653.609820230273,500,700,1000
MI,muni,1600000US2641920,,,843,2131,2.52787663107948,0.491573033707865,302.809309309309,571.229836395469,0,0,375,0.349397590361446,1,0,0,0,1,0.670225385527877,24.2805755395684,138.756807685569,9,11,15,214177.461946903,1442813.29933878,900,1500,2600
MI,muni,0600000US2605971980,,,357,851,2.38375350140056,0.460481099656357,288.294339622642,503.03444005804,0,0,432,0.31203007518797,1,0,0,0,1,0.539130434782609,360.635714285714,1673.64485807041,10,10,18,270195,1621513.26925636,600,1100,1875
MI,muni,0600000US2605927580,,,13,47,3.61538461538462,0.25,263.2,389.364382323579,0,86,270,0.2,1,0,0,0,1,0.692307692307692,13,0,13,13,13,1844.44444444444,1183.33333333333,1450,1450,1450
MI,muni,1600000US2638460,,,4289,11049,2.57612497085568,0.578665237201823,539.801785714286,2016.35220981082,0,0,900,0.200884396715098,1,0,0,0,1,0.544158878504673,24.9128827877508,107.569907798325,13,18,25,264436.172606269,1596974.27257869,1500,2500,3500
MI,muni,0600000US2605938480,,,1992,4923,2.47138554216867,0.579365079365079,510.593048515568,780.457646908728,0,0,900,0.224785761371127,1,0,0,0,1,0.560766515380736,21.3827319587629,15.445526697992,15,20,25,785166.214928058,2685845.04844442,1500,2500,4000
MI,muni,0600000US2605912700,,,8,17,2.125,0.75,490,396.274315762873,275,400,640,0.142857142857143,1,0,0,0,1,0.875,8,,8,8,8,857.142857142857,427.617987059879,400,1200,1200
MI,muni,1600000US2647980,,,714,1872,2.6218487394958,0.488584474885845,331.473684210526,583.054257090266,0,0,450,0.36078431372549,1,0,0,0,1,0.683473389355742,74.7212389380531,291.125199779927,8,10,15,1151.65983606557,752.366499898815,600,1000,1600
MI,muni,1600000US2667500,,,806,1998,2.47890818858561,0.554803788903924,245.301282051282,464.465455641978,0,0,392.5,0.321086261980831,1,0,0,0,1,0.672456575682382,38.7372549019608,172.92337518493,7,10,12,112086.158671587,1047126.10362733,700,1250,1900
MI,muni,0600000US2605967520,,,239,601,2.51464435146444,0.673076923076923,315,603.75623467513,0,0,476,0.305084745762712,1,0,0,0,1,0.554112554112554,11.960396039604,8.32216413209834,7,10,14,938847.2734375,2925823.55508132,1000,1500,2500
MI,muni,0600000US2605912780,,,2,3,1.5,1,375,530.330085889911,187.5,375,562.5,1,1,0,0,0,1,1,,,,,,2615,0,2615,2615,2615
MI,muni,0600000US2605988780,,,137,321,2.34306569343066,0.520661157024794,279.545454545455,395.261595239569,0,11.5,457.5,0.415094339622642,1,0,0,0,1,0.569343065693431,8.43103448275862,2.51390567008556,6,8,10,1287.05128205128,1486.99217805466,500,1000,1800
MI,muni,1600000US2682880,,,258,639,2.47674418604651,0.397540983606557,367.443181818182,557.642572006386,0,98,509.25,0.398963730569948,1,0,0,0,1,0.689922480620155,62.7323943661972,179.714373202629,6,8,10.5,1293167.61797753,3363423.40992824,650,1200,2000
MI,muni,1600000US2675220,,,921,2594,2.81650380021716,0.516801853997683,281.334210526316,421.931466237062,0,0,496.25,0.340789473684211,1,0,0,0,1,0.73449401523395,98.9958333333333,200.203400710893,6,8,15,60246.077037037,768009.385872978,500,750,1200
MI,muni,1600000US2612580,,,783,2019,2.57854406130268,0.404054054054054,256.573619631902,504.174450257304,0,0,360,0.381316998468606,1,0,0,0,1,0.399744572158365,18.2564102564103,41.7052785460844,8,12,18,633.993610223642,597.220882094993,200,400,900
MI,muni,0500000US26061,,,1389,3388,2.43916486681066,0.355932203389831,313.753818508536,580.48509897459,0,0,454,0.259623992837959,0.999280057595392,0.000719942404607631,0,0,1,0.438226744186047,13.9280104712042,36.1256189084002,6,8,15,83686.0862354892,907497.111834475,300,500,1000
MI,muni,0600000US2608334300,,,6,10,1.66666666666667,0,25.5,62.4619884409711,0,0,0,0.666666666666667,1,0,0,0,1,0.833333333333333,4,,4,4,4,580,383.405790253616,300,300,1000
MI,muni,1600000US2618080,,,481,1491,3.0997920997921,0.274418604651163,283.559420289855,408.537632520811,0,0,440,0.0106837606837607,1,0,0,0,1,0.723492723492724,5.06766917293233,1.50350846619037,4,5,5,589.727011494253,385.875064019386,400,600,700
MI,muni,0600000US2608301520,,,1,1,1,0,0,,0,0,0,1,1,0,0,0,1,1,,,,,,200,,200,200,200
MI,muni,1600000US2646360,,,2933,8022,2.73508353221957,0.321548195013026,302.649561403509,575.234601205176,0,0,440,0.24945295404814,1,0,0,0,1,0.593760713061364,26.2544378698225,181.981229425219,6,8,12,58671.9099307159,757798.230663213,350,600,1100
MI,muni,0600000US2606161260,,,6,12,2,0.166666666666667,420,939.148550549912,0,0,0,0.4,1,0,0,0,1,0.5,20,0,20,20,20,1000,0,1000,1000,1000
MI,muni,1600000US2636300,,,3768,10393,2.75822717622081,0.41830985915493,356.08142903122,627.22719777597,0,0,558.5,0.179365079365079,1,0,0,0,1,0.629312650441294,69.5127087872186,463.889700348933,8,12,18,65348.1937951551,795919.379899477,600,1200,2000
MI,muni,0600000US2606166680,,,1775,6053,3.41014084507042,0.462056303549572,357.067961165049,593.799535624478,0,0,599,0.200274348422497,1,0,0,0,1,0.528256989886972,41.5877763328999,157.573206883248,7,10,15,440950.79954955,2049926.22562551,500,1200,2000
MI,muni,1600000US2639360,,,1917,5131,2.67657798643714,0.331242873432155,463.345719973457,1131.817228897,0,0,637,0.174029451137885,1,0,0,0,1,0.643192488262911,75.8852459016394,443.844019535595,12.5,18,25,148582.164639092,1199568.19430498,1000,1500,3500
MI,muni,0600000US2606180120,,,1408,3997,2.83877840909091,0.339970501474926,292.01865008881,497.16741880229,0,0,480,0.188948306595365,1,0,0,0,1,0.639652677279305,22.4414784394251,93.06858484943,6,10,10,35200.1809954751,581818.748328444,500,1000,1800
MI,muni,1600000US2644780,,,134,339,2.52985074626866,0.328125,244.463636363636,560.978857428752,0,0,218,0.318181818181818,1,0,0,0,1,0.671641791044776,70.4772727272727,170.696451460557,5,7,20,1967.55555555556,2725.66590610632,700,1500,2000
MI,muni,1600000US2624120,,,4089,10171,2.48740523355344,0.703887294547352,923.191793596519,1421.57075515002,0,0,1623,0.290970933828077,1,0,0,0,1,0.64334637964775,52.3022130013831,32.9826937205655,40,50,60,69760.4098859316,777076.481425526,6000,8000,10000
MI,muni,0600000US2606540640,,,61,204,3.34426229508197,0.46551724137931,274.761904761905,546.372686597434,0,0,400,0.285714285714286,1,0,0,0,1,0.655737704918033,9.71428571428571,1.58564993434418,8,10,10,990,393.146413647769,1000,1000,1200
MI,muni,1600000US2646000,,,48970,129941,2.65348172350419,0.657271727172717,594.863311706014,858.605268172294,0,0,1100,0.239224894070656,0.983622626097611,0.0162752705738207,0.000102103328568511,0,1,0.539285122597747,59.7276137955974,326.228214123358,20,27,35,41530.1235359625,612079.911062346,2500,3500,4500
MI,muni,0500000US26065,,,67,172,2.56716417910448,0.59375,732.563636363636,1078.91112398937,0,0,1645,0.285714285714286,1,0,0,0,1,0.656716417910448,31.695652173913,10.546153036701,25,25,45,3540.90909090909,2121.62927540158,2150,3200,4500
MI,muni,0500000US26045,,,72,149,2.06944444444444,0.882352941176471,666.827586206897,825.494028327642,0,457.5,1130,0.163934426229508,1,0,0,0,1,0.291666666666667,29.0816326530612,6.59177750020773,25,30,34,4304.7619047619,2038.00789755,2500,3500,5500
MI,muni,0500000US26037,,,88,244,2.77272727272727,0.607142857142857,556.940298507463,761.910793326744,0,0,1010,0.328571428571429,0.943181818181818,0.0568181818181818,0,0,1,0.632183908045977,21.5625,5.599179087296,18.75,23,25,2760.90909090909,988.905629185285,2000,2250,4000
MI,muni,1600000US2685080,,,414,1071,2.58695652173913,0.405263157894737,319.540298507463,556.254920467964,0,0,442.5,0.355421686746988,1,0,0,0,1,0.685990338164251,14.9076923076923,14.4192195994818,8,10,15,670512.528169014,2502519.8461223,1100,1500,2200
MI,muni,0600000US2606547080,,,76,168,2.21052631578947,0.625,310.25,510.527896447244,0,47.5,373.75,0.258064516129032,1,0,0,0,1,0.586666666666667,11.6774193548387,3.6367301868042,8,12,15,1375,743.928916334175,1000,1475,1850
MI,muni,1600000US2647180,,,820,2153,2.62560975609756,0.822192513368984,239.024590163934,490.060799537428,0,0,260,0.230273752012882,1,0,0,0,1,0.664634146341463,55.543795620438,300.071871576707,9,12,20,1450.18348623853,984.037705192997,600,1300,2000
MI,muni,0600000US2606547200,,,456,1184,2.59649122807018,0.924479166666667,235.802547770701,485.715623547714,0,0,247.5,0.241486068111455,1,0,0,0,1,0.61123595505618,12.3173652694611,5.36172268257233,10,12,15,184952.830882353,1345617.30782515,500,1000,1700
MI,muni,1600000US2652180,,,2746,8447,3.07611070648216,0.611903791275989,417.882579403272,692.104349847751,0,0,697.5,0.343090211132438,0.990895848506919,0.00837581937363438,0.000728332119446468,0,1,0.611027756939235,43.0558276199804,304.500658130307,13,20,25,70168.8170656845,818998.927019244,1250,2500,3500
MI,muni,0600000US2606504240,,,2,3,1.5,1,685,268.700576850888,590,685,780,0.5,1,0,0,0,1,0,8,0,8,8,8,,,,,
MI,muni,0600000US2606582220,,,8,24,3,1,209.333333333333,374.876868673791,8.75,40,176.25,0.333333333333333,1,0,0,0,1,0,21.25,2.31455024943138,20,20,21.25,,,,,
MI,muni,0600000US2606500800,,,3,6,2,1,1165,1647.55880016466,582.5,1165,1747.5,0,1,0,0,0,1,0,35,0,35,35,35,,,,,
MI,muni,0600000US2606576580,,,345,917,2.65797101449275,0.735483870967742,463.341666666667,739.380652224712,0,100,752,0.182186234817814,1,0,0,0,1,0.688046647230321,11.2056074766355,5.8579704092945,5,10,15.5,1886.16949152542,1290.31833317891,1000,1600,2200
MI,muni,1600000US2676560,,,484,1268,2.6198347107438,0.753456221198157,436.42942942943,787.04820199517,0,0,700,0.178885630498534,1,0,0,0,1,0.628099173553719,14.7333333333333,11.0173048240753,10,13,17,35195.9144736842,573408.305391121,1600,2100,3000
MI,muni,0600000US2606587440,,,753,1952,2.59229747675963,0.44039270687237,335.051724137931,614.066277228682,0,0,500,0.257679180887372,1,0,0,0,1,0.686170212765958,18.5131578947368,7.02887704051866,12,20,25,893082.011627907,2851823.0696751,1200,1700,2500
MI,muni,1600000US2687420,,,897,2322,2.58862876254181,0.455180442374855,296.071847507331,591.901951289644,0,0,320,0.251101321585903,1,0,0,0,1,0.709030100334448,15.9080459770115,7.18540002190561,10,15,20,1711.97327044025,960.946546601911,1000,1500,2000
MI,muni,1600000US2606900,,,2831,8576,3.0293182620982,0.660343270099368,437.179029559398,605.560503315785,0,164,704,0.260543580131209,1,0,0,0,1,0.58273381294964,23.8149435273675,111.849967767274,10,12,15,2101.85185185185,1467.60035416094,1000,2000,2925
MI,muni,1600000US2671660,,,731,1737,2.37619699042408,0.637724550898204,195.858885017422,393.653623778935,0,0,254.5,0.416523235800344,0.998632010943912,0,0.00136798905608755,0,1,0.642954856361149,8.61475409836066,3.18418603100138,6,8,10,256578.012765957,1578817.2754687,900,1200,1800
MI,muni,1600000US2616140,,,258,564,2.18604651162791,0.523206751054852,158.748815165877,363.440292385891,0,0,0,0.374407582938389,1,0,0,0,1,0.72093023255814,9.59722222222222,3.89170197830588,6.75,8,10.5,377264.14516129,1908058.18547363,881.25,1000,1200
MI,muni,1600000US2640860,,,6062,15784,2.60376113493896,0.625350009333582,595.270479134467,759.853326652159,0,300,1000,0.24762726488352,0.999835037941273,0.000164962058726493,0,0,1,0.503561371542157,16.859986273164,54.8605161808853,10,15,20,492395.164144737,2158796.4381583,1400,2000,3000
MI,muni,0600000US2606724220,,,12,31,2.58333333333333,1,894.5,739.685293441294,261,899,1532.5,0,1,0,0,0,1,0.666666666666667,13,0,13,13,13,2300,1656.15734242165,300,3500,3500
MI,muni,0600000US2606740880,,,4,6,1.5,0.5,740,142.565774293833,667.5,735,810,0.25,1,0,0,0,1,1,,,,,,2140,69.2820323027551,2080,2140,2200
MI,muni,0600000US2606749920,,,517,1598,3.09090909090909,0.857142857142857,305.421787709497,501.191670425954,0,10,495,0.299191374663073,1,0,0,0,1,0.704061895551257,135.820689655172,332.696551533524,7,8,15,385702.725274725,1925506.11781385,600,1000,1500
MI,muni,1600000US2644880,,,1341,3422,2.55182699478002,0.559131134352373,256.918426103647,512.269580418655,0,0,300,0.390549662487946,1,0,0,0,1,0.707554225878833,12.8637532133676,17.1789984256362,8,10,15,160051.781183932,1249664.17269179,900,1300,2000
MI,muni,0600000US2606760200,,,6,12,2,0.5,238.333333333333,468.120354894622,0,0,195,0.666666666666667,1,0,0,0,1,1,,,,,,1700,328.6335345031,1400,1700,2000
MI,muni,1600000US2665860,,,2252,6016,2.67140319715808,0.930022573363431,380.078175895765,649.060931632692,0,0,641,0.381664499349805,1,0,0,0,1,0.671847246891652,45.2742155525239,261.894917719207,10,12,18,22051.4897554527,444897.8110215,1200,2000,3000
MI,muni,0600000US2607316880,,,569,1461,2.5676625659051,0.584139264990329,291.881818181818,553.015835645822,0,0,300,0.303854875283447,1,0,0,0,1,0.662565905096661,13.7486033519553,6.49186489663552,8,15,20,107466.901856764,1025793.73448818,500,1000,1800
MI,muni,1600000US2656020,,,5620,15272,2.71743772241993,0.638390215032551,526.867443012884,858.08741652267,0,0,900,0.300023906287354,0.996975088967971,0.00177935943060498,0.00106761565836299,0.000177935943060498,1,0.554090180003565,160.910344827586,684.992011395914,20,25,35,112673.718237375,1039840.83554102,1500,3000,4500
MI,muni,0500000US26073,,,12,31,2.58333333333333,0.454545454545455,437.909090909091,781.637314173966,0,0,578,0.0909090909090909,1,0,0,0,1,1,,,,,,435,740.816502859575,80,80,310
MI,muni,0600000US2607321140,,,19,87,4.57894736842105,0.153846153846154,340,674.83331275212,0,0,0,0.333333333333333,1,0,0,0,1,0.842105263157895,20,0,20,20,20,836.25,1158.48680038517,80,80,2500
MI,muni,1600000US2641420,,,32049,89454,2.7911635308434,0.599521939559502,683.95188264526,1475.78711760958,0,210.5,1117.25,0.211663157894737,0.975755873818216,0.023869699522606,6.24044431963556e-05,0.000312022215981778,1,0.492803376271614,109.034936422007,566.811871059597,16,22,30,221995.526043331,1461710.42272088,2000,3000,4000
MI,muni,1600000US2611000,,,415,956,2.30361445783133,0.660377358490566,348.188741721854,605.501621325366,0,0,477,0.353312302839117,1,0,0,0,1,0.542168674698795,57.9736842105263,407.852998133989,10,15,18,47189.0133333333,666487.357450609,1500,2400,3000
MI,muni,0600000US2607517400,,,287,633,2.20557491289199,0.603921568627451,462.123287671233,728.188117365087,0,0,815,0.382882882882883,1,0,0,0,1,0.496376811594203,76.6640625,336.560890054199,12,15,20,440080.861313869,2053454.09484945,1800,2400,3000
MI,muni,1600000US2617740,,,580,1379,2.37758620689655,0.511669658886894,269.590308370044,525.39613100536,0,0,296.5,0.34878587196468,1,0,0,0,1,0.701724137931035,11.6428571428571,6.2992117312057,8,10,12,75740.4226044226,856256.17095048,1000,1600,2500
MI,muni,0500000US26075,,,434,1008,2.32258064516129,0.440944881889764,441.731343283582,686.103252340052,0,0,785,0.405750798722045,1,0,0,0,1,0.684579439252337,62.9140625,259.492600818268,10,15,20,275378.300341297,1632066.1501217,1500,2200,3000
MI,muni,1600000US2634480,,,453,1205,2.66004415011038,0.493827160493827,422.588235294118,655.958239274476,0,0,700,0.318339100346021,1,0,0,0,1,0.764966740576497,13.9056603773585,9.00849155163831,10,12.5,15,2005.30434782609,1365.92735455334,1100,1800,2500
MI,muni,1600000US2636380,,,290,874,3.01379310344828,0.528957528957529,703.0625,528.371768918889,282.5,600,1100,0.264705882352941,1,0,0,0,1,0.693103448275862,1439.05617977528,2348.62419281602,600,1000,1200,1296.12935323383,1222.41310659862,500,1000,1600
MI,muni,0600000US2607536400,,,112,304,2.71428571428571,0.504854368932039,869.444444444445,787.040638925501,225,950,1184.75,0.382352941176471,1,0,0,0,1,0.758928571428571,911.555555555556,577.292708939643,700,700,900,1713.82352941176,1320.252646966,900,1100,2500
MI,muni,0600000US2607577200,,,241,642,2.66390041493776,0.657657657657658,646.82119205298,927.690459051169,0,150,1100,0.23125,1,0,0,0,1,0.539419087136929,28.9636363636364,10.384292365874,20,27,35,773964.223076923,2673637.59962124,2800,4200,6400
MI,muni,0600000US2607571500,,,365,902,2.47123287671233,0.522388059701493,330.426116838488,612.053426678311,0,0,372,0.265993265993266,1,0,0,0,1,0.641095890410959,11.4045801526718,7.5922821398841,8,10,12,2048.20512820513,1458.68811386664,1000,1600,3000
MI,muni,0600000US2607546980,,,34,70,2.05882352941176,0.606060606060606,638.78125,694.668346691543,0,510,897.5,0.161290322580645,1,0,0,0,1,0.382352941176471,21.047619047619,5.18146881179642,20,20,25,3788.46153846154,1205.87171895028,4000,4000,4500
MI,muni,1600000US2662740,,,142,338,2.38028169014085,0.575757575757576,265.285714285714,548.286423706905,0,0,230,0.361344537815126,1,0,0,0,1,0.725352112676056,11.3076923076923,4.69127884121077,10,10,10,1719.32038834951,930.59253960921,1000,1500,2350
MI,muni,1600000US2675860,,,308,748,2.42857142857143,0.599315068493151,241.511811023622,474.267229521805,0,0,300,0.30952380952381,1,0,0,0,1,0.555194805194805,28.6496350364964,143.151687917196,8,10,15,1344.44444444444,957.105385500598,900,1200,1800
MI,muni,0600000US2607575880,,,69,144,2.08695652173913,0.564516129032258,234.842105263158,455.340680522118,0,0,60,0.315789473684211,1,0,0,0,1,0.536231884057971,12.4827586206897,4.64158754903637,8,12,15,1892394.75675676,3970365.58164852,80,600,1800
MI,muni,0600000US2602515960,,,116,271,2.33620689655172,0.467289719626168,189.521276595745,385.360820411248,0,0,187,0.297872340425532,1,0,0,0,1,0.53448275862069,10.1296296296296,4.66235949779215,5,10,14,1387.09677419355,845.447572022419,925,1200,1700
MI,muni,1600000US2682300,,,849,2400,2.82685512367491,0.571062740076825,779.398576512456,740.593708162171,98,700,1200,0.203994293865906,1,0,0,0,1,0.630153121319199,109.048231511254,342.892855815695,10,14,20,57933.9439252337,747288.443238488,1000,1500,2500
MI,muni,0600000US2607709920,,,802,2130,2.65586034912718,0.480716253443526,808.748,670.561968733425,300,845,1138.5,0.176811594202899,0.997506234413965,0.00249376558603491,0,0,1,0.626716604244694,238.277966101695,454.350486572767,10,15,80,180419.814741036,1328078.50358377,325,1000,1800
MI,muni,1600000US2604160,,,132,292,2.21212121212121,0.701298701298701,373.358490566038,609.373451664815,0,0,575,0.207547169811321,1,0,0,0,1,0.522727272727273,14.3333333333333,6.35431809799966,10,12,16,1532.17391304348,1215.05128137387,900,1300,2000
MI,muni,0600000US2607769820,,,617,1553,2.51701782820097,0.681547619047619,413.523148148148,680.09796238633,0,0,705,0.215419501133787,1,0,0,0,1,0.522094926350246,42.3321917808219,187.833559223152,12,15,18,158598.322884013,1243824.23008329,1200,1500,2500
MI,muni,1600000US2616440,,,460,1169,2.54130434782609,0.343529411764706,308.683923705722,535.99208698371,0,0,430.5,0.267029972752044,1,0,0,0,1,0.619565217391304,27.6342857142857,158.797250082695,10,10,12,71549.3894736842,836116.11368565,900,1400,2000
MI,muni,1600000US2631260,,,979,2464,2.51685393258427,0.501694915254237,353.865905848787,572.614813683871,0,0,600,0.325551232166018,1,0,0,0,1,0.582304526748971,46.6947890818859,240.762137003661,12,15,20,55240.9204946997,726583.718229231,1200,2000,2800
MI,muni,1600000US2642160,,,32381,86581,2.67382106791019,0.550724144964983,605.851827475758,885.221595296044,0,64,1022.5,0.204242825241915,0.987369136221858,0.0122293937803033,3.08823075260183e-05,0.00037058769031222,1,0.524025469793446,85.8324266949715,387.908971169451,19,25,31,84661.9057554383,893881.287087351,2500,3500,5000
MI,muni,0500000US26077,,,622,1707,2.7443729903537,0.655493482309125,519.029545454545,714.461758981983,0,235,900,0.148706896551724,0.930868167202572,0.0691318327974277,0,0,1,0.449275362318841,22.6422287390029,11.829717303837,15,20,26,396702.268817204,1949077.99488398,1200,2000,3150
MI,muni,1600000US2662340,,,986,2445,2.47971602434077,0.644943820224719,833.012145748988,1132.78097098718,0,200,1440,0.162853297442799,0.997971602434077,0.00202839756592292,0,0,1,0.547400611620795,29.1768707482993,24.2732645705682,22,25,30,154608.387337058,1211873.24239483,3600,4550,6500
MI,muni,1600000US2668240,,,323,839,2.59752321981424,0.433224755700326,332.049242424242,605.922538812717,0,0,500,0.249056603773585,1,0,0,0,1,0.695652173913044,16.1034482758621,6.61048230791247,12,15,18,3501.16071428571,2461.19889322101,2000,3000,4000
MI,muni,1600000US2671860,,,431,1041,2.415313225058,0.521410579345088,306.32361516035,546.922830115467,0,0,357,0.325581395348837,1,0,0,0,1,0.668213457076566,95.2463768115942,361.028029556519,10,12,19.25,1536.80555555556,911.490453640104,1000,1500,2000
MI,muni,0600000US2607766200,,,338,834,2.46745562130178,0.565495207667732,304.150735294118,536.863533134622,0,0,350,0.360294117647059,1,0,0,0,1,0.708708708708709,33.6701030927835,141.690443224061,7,10,15,170696.406779661,1293393.99411964,600,1200,1525
MI,muni,0600000US2607771880,,,6,10,1.66666666666667,0,281.333333333333,310.175864094334,39,180,501,0.166666666666667,1,0,0,0,1,1,,,,,,1133.33333333333,688.960569747403,600,800,1750
MI,muni,0600000US2607942280,,,1029,2703,2.6268221574344,0.614444444444445,292.203883495146,515.532905282817,0,0,400,0.296853625170999,1,0,0,0,1,0.765792031098154,33.1701244813278,178.06775425027,5,8,15,38896.3121827411,616182.413575251,200,600,1000
MI,muni,1600000US2623980,,,3735,9517,2.54805890227577,0.637221269296741,901.877589453861,1507.95234998753,0,0,1200,0.387732342007435,0.998929049531459,0.00107095046854083,0,0,1,0.663526244952894,64.6878565607172,238.555822532509,26,45,60,186227.616227181,1307930.28982298,6000,9500,15000
MI,muni,0500000US26081,,,84,198,2.35714285714286,0.705128205128205,369.701492537313,632.603303695312,0,0,580,0.338235294117647,1,0,0,0,1,0.573170731707317,276.942857142857,845.969681797763,16,21,30,4555.31914893617,5059.37822742119,2000,2600,3000
MI,muni,1600000US2634000,,,120004,329635,2.74686677110763,0.564562591145599,573.363209576595,809.388657855999,0,146,1000,0.21298086500041,0.990100329989,0.00977467417752742,9.99966667777741e-05,2.49991666944435e-05,1,0.531450761892702,82.9227657092871,439.380777956224,15,20,26,109870.965021524,1025794.07167965,2000,3000,4500
MI,muni,1600000US2634160,,,12,29,2.41666666666667,0.4,566.555555555556,774.739812955148,0,79,800,0.222222222222222,1,0,0,0,1,0.416666666666667,20,0,20,20,20,480,44.7213595499958,500,500,500
MI,muni,1600000US2649540,,,1890,4681,2.47671957671958,0.506795016987543,426.719696969697,698.289475950879,0,0,747.75,0.291235334713596,1,0,0,0,1,0.669329073482428,13.8389694041868,6.80368696777813,10,12,17,9784.68416865553,282004.86166,1000,1500,2500
MI,muni,1600000US2614200,,,814,2164,2.65847665847666,0.579889807162535,400.448979591837,602.515777567501,0,55,720,0.368595041322314,1,0,0,0,1,0.577395577395577,39.9099378881988,287.542874431159,9,11,15,831257.557446809,2760996.7924207,662.5,1200,2500
MI,muni,1600000US2671360,,,349,884,2.53295128939828,0.603030303030303,172.442857142857,391.955327558949,0,0,100,0.387096774193548,1,0,0,0,1,0.553314121037464,20.0714285714286,101.323664860145,6,8.5,10,1123.55208333333,762.448870414035,600,1000,1500
MI,muni,1600000US2669080,,,582,1415,2.43127147766323,0.52962962962963,979.188340807175,874.791275207273,300,900,1333,0.603846153846154,1,0,0,0,1,0.661512027491409,16.5888324873096,6.06415338551234,12,15,20,2900.64935064935,1072.93568469674,2000,3000,3500
MI,muni,0600000US2608118500,,,49,127,2.59183673469388,0.595744680851064,917.666666666667,940.600623715152,0,780,1664,0.416666666666667,1,0,0,0,1,0.551020408163265,15.9545454545455,5.4639709328453,10,18,20,3351.85185185185,769.800358919501,3000,3000,3500
MI,muni,1600000US2675420,,,916,2311,2.52292576419214,0.700834326579261,450.872077028886,787.351659125911,0,0,757.5,0.196428571428571,1,0,0,0,1,0.676855895196507,13.0371621621622,5.216203963016,10,13,16,34501.4290322581,567377.861184756,1000,2000,3000
MI,muni,0600000US2608175440,,,785,1972,2.51210191082803,0.847241867043847,485.296740994854,828.653662812843,0,0,800,0.183533447684391,1,0,0,0,1,0.603359173126615,11.3660130718954,4.33098123737763,8,10,15,87514.1156316917,922334.603524283,1000,1500,2350
MI,muni,0600000US2612113840,,,211,557,2.63981042654028,0.43298969072165,229.403973509934,417.71585523827,0,0,357.5,0.258278145695364,1,0,0,0,1,0.672985781990521,7.10144927536232,2.97610546706021,5,7,10,1241.72535211268,713.917631822097,700,1200,1500
MI,muni,0600000US2608181140,,,84,216,2.57142857142857,0.544117647058824,300.327586206897,806.443554499676,0,0,78,0.0508474576271187,1,0,0,0,1,0.380952380952381,10.4,4.1057451037714,8,10,13,1293.75,464.853428165717,900,1100,1800
MI,muni,1600000US2600620,,,477,1341,2.81132075471698,0.223476297968397,228.629427792916,366.588114793149,0,0,414,0.198910081743869,1,0,0,0,1,0.683438155136268,25.9266666666667,80.3961747951992,3,5,6,556.042944785276,274.081377016013,500,550,600
MI,muni,1600000US2601660,,,926,2321,2.50647948164147,0.503008423586041,356.97084548105,623.082536526226,0,0,592.5,0.341678939617084,1,0,0,0,1,0.537622682660851,37.3554502369668,267.984492241367,10,15,18,104066.359026369,1002705.41489379,1500,2500,3500
MI,muni,0600000US2608723160,,,55,137,2.49090909090909,0.543478260869565,427.857142857143,408.132304555738,30,325,862.5,0.25,1,0,0,0,1,0.727272727272727,12.7333333333333,4.36653943835008,9.5,10,15,251319.95,1580924.61641982,1000,1400,1500
MI,muni,1600000US2623140,,,255,682,2.67450980392157,0.575757575757576,679.455696202532,555.051505983058,300,570,995,0.0759493670886076,1,0,0,0,1,0.63921568627451,10.3913043478261,3.29487287933388,10,10,12,1021.53374233129,725.539886526473,350,1000,1500
MI,muni,0600000US2608740300,,,574,1432,2.49477351916376,0.483101391650099,596.412844036697,584.318835555917,42.5,400,1047.5,0.2225,1,0,0,0,1,0.564685314685315,35.4227642276423,223.692956769421,10,15,20,187891.046439629,1352015.78012887,1100,2000,3000
MI,muni,1600000US2640320,,,882,2268,2.57142857142857,0.497368421052632,646.48064516129,711.524911912034,0,445.5,1100,0.219931271477663,1,0,0,0,1,0.595913734392736,15.6685878962536,9.07210798965282,10,13,20,268904.860952381,1612239.09364037,1200,2000,3000
MI,muni,1600000US2646040,,,3937,10638,2.70205740411481,0.640098603122432,482.90027810886,727.1844143572,0,0,900,0.249025720966485,1,0,0,0,1,0.587815447361713,20.4520976831559,8.3446133733897,15,20,25,98425.3495229835,971991.960017465,2000,2900,4000
MI,muni,0600000US2608725160,,,4,10,2.5,0,0,0,0,0,0,0.666666666666667,1,0,0,0,1,1,,,,,,2500,0,2500,2500,2500
MI,muni,1600000US2617460,,,134,353,2.63432835820896,0.661290322580645,330.04347826087,616.344379136586,0,0,562.5,0.33695652173913,1,0,0,0,1,0.514925373134328,13.0166666666667,5.05056354186298,10,13,15,291444.579710145,1689671.58246664,1000,1500,2000
MI,muni,0600000US2608751420,,,178,485,2.7247191011236,0.745341614906832,318.174603174603,643.99296989163,0,0,489,0.32824427480916,1,0,0,0,1,0.533707865168539,11.6265060240964,4.26474727862895,10,10,12,1585.68421052632,892.681416845944,1000,1500,2000
MI,muni,1600000US2653340,,,155,416,2.68387096774194,0.496503496503497,540.918367346939,575.394496437542,0,325,900,0.224489795918367,1,0,0,0,1,0.741935483870968,9.4,3.63600231305108,6.75,10,12,175479.530434783,1312754.78082944,1000,1500,2000
MI,muni,0600000US2608753360,,,129,294,2.27906976744186,0.601694915254237,863.705882352941,659.473459819858,213,832.5,1475,0.142857142857143,1,0,0,0,1,0.6796875,10,2.98328677803526,8,10,12,116153.195402299,1071981.37619472,650,1100,1500
MI,muni,0600000US2608758090,,,43,126,2.93023255813954,0.375,958.636363636364,569.192809639629,550,1080,1350,0.181818181818182,1,0,0,0,1,1,,,,,,3024154.97674419,4646407.89544791,1500,1600,9999998
MI,muni,0600000US2608926000,,,260,650,2.5,0.381742738589212,204.532019704434,390.094825625211,0,0,270,0.326829268292683,1,0,0,0,1,0.803846153846154,5.37254901960784,2.23571719422404,3.5,5,6,1406.6028708134,1477.0502179472,500,1000,1500
MI,muni,1600000US2658740,,,570,1528,2.68070175438597,0.415686274509804,252.059585492228,437.223232321781,0,0,393.75,0.234536082474227,0.964912280701754,0,0.0350877192982456,0,1,0.659649122807018,10.5,5.8568855894827,6,10,12,2072.34042553192,1304.3407943484,1200,1800,2500
MI,muni,1600000US2600440,,,14038,37494,2.6708932896424,0.617752152022089,606.941877459247,812.865465639574,0,300,1000,0.2126953125,0.995725886878473,0.00427411312152728,0,0,1,0.589928576581776,86.5801649928264,411.335333107921,15,20,28,146919.59850801,1192339.18039538,1400,2200,3300
MI,muni,0600000US2609100460,,,4,10,2.5,1,800,1065.87991818966,195,390,1200,0.666666666666667,1,0,0,0,1,1,,,,,,4500,0,4500,4500,4500
MI,muni,0600000US2609127020,,,105,255,2.42857142857143,0.63265306122449,448.827160493827,679.429223505353,0,0,825,0.241379310344828,1,0,0,0,1,0.53921568627451,21.7234042553192,4.95940971092842,17,25,25,729161.818181818,2620283.65228129,1800,2000,2650
MI,muni,1600000US2609000,,,2063,4973,2.41056713523994,0.506914893617021,334.672478206725,595.988347814935,0,0,457.5,0.266375545851528,1,0,0,0,1,0.625,26.6034712950601,103.281125819294,10,15,20,197225.226459144,1381347.76051904,1800,2500,3500
MI,muni,0600000US2609112720,,,191,526,2.75392670157068,0.674418604651163,278.772357723577,515.831619067348,0,0,325,0.330708661417323,1,0,0,0,1,0.722513089005236,273.77358490566,592.110067779418,8,12,42,73876.0724637681,851135.526805072,1000,1500,2000
MI,muni,1600000US2660840,,,216,470,2.17592592592593,0.65979381443299,233.771241830065,523.807097085368,0,0,63,0.412903225806452,1,0,0,0,1,0.574074074074074,412.314606741573,581.439526197805,12,50,600,1240.88709677419,604.736066996555,1000,1200,1600
MI,muni,1600000US2616480,,,98,272,2.77551020408163,0.544444444444444,397.168831168831,491.876974418492,0,107,780,0.046875,1,0,0,0,1,0.785714285714286,15.0952380952381,2.58659548257477,15,15,18,1630.12987012987,1117.34941703745,900,1200,2000
MI,muni,0600000US2609121200,,,535,1400,2.61682242990654,0.521186440677966,391.658792650919,603.470920336865,0,0,780,0.216710182767624,1,0,0,0,1,0.723364485981309,15.4413793103448,5.40431394308309,12,15,18,105460.005167959,1012484.12918077,1400,2000,2800
MI,muni,0600000US2609122820,,,272,730,2.68382352941176,0.368888888888889,273.217105263158,544.392168705481,0,0,350,0.382352941176471,1,0,0,0,1,0.727941176470588,10.4189189189189,8.66263707002864,7,8.5,12,949.570707070707,602.195806520915,600,1000,1200
MI,muni,1600000US2639720,,,2384,6512,2.73154362416107,0.516186252771619,402.938745387454,657.183427625008,0,0,675,0.232064421669107,0.997902684563758,0.00209731543624161,0,0,1,0.668485102811582,32.2519893899204,196.474410682771,10,12,16,152323.436283741,1218328.65738227,700,1500,2400
MI,muni,1600000US2655500,,,1796,4667,2.59855233853007,0.48877245508982,324.804755043228,509.775561744149,0,0,520,0.340974212034384,1,0,0,0,1,0.555493273542601,15.01269035533,50.7530567941203,8,10,15,82494.9545913219,895138.725817922,900,1500,2500
MI,muni,0600000US2609172440,,,3,6,2,,300,424.264068711929,150,300,450,0.5,1,0,0,0,1,1,,,,,,5000,0,5000,5000,5000
MI,muni,1600000US2610760,,,4,10,2.5,1,1200,1697.05627484771,600,1200,1800,0,1,0,0,0,1,0,12,0,12,12,12,,,,,
MI,muni,0600000US2609188640,,,238,578,2.42857142857143,0.411764705882353,963.936507936508,769.779877900083,490,800,1200,0.243478260869565,1,0,0,0,1,0.710084033613445,55.3283582089552,156.098103191522,7,10,12,237716.047337278,1524502.47254968,500,1000,1500
MI,muni,1600000US2679120,,,2832,7460,2.63418079096045,0.869938650306749,398.840340606706,655.860579007417,0,0,720,0.300108342361864,1,0,0,0,1,0.574724884629038,17.3021885521886,6.94232554706896,12,16,20,174956.424953675,1303805.62318901,1000,1800,3000
MI,muni,1600000US2610620,,,924,2365,2.55952380952381,0.704957678355502,487.053811659193,743.17345923623,0,0,920,0.240469208211144,1,0,0,0,1,0.538961038961039,43.3522458628842,214.513516158335,10,20,25,243737.883534137,1534591.20912247,1500,2500,4000
MI,muni,0600000US2609310640,,,22,55,2.5,0.363636363636364,613.111111111111,904.753517873556,0,0,1262.5,0.157894736842105,1,0,0,0,1,0.545454545454545,27,16.431676725155,15,15,45,3775,3753.81623999316,1700,1700,3775
MI,muni,1600000US2630060,,,1009,2542,2.5193260654113,0.538882803943045,294.923381770145,566.770424156555,0,0,400,0.334200260078023,1,0,0,0,1,0.662324649298597,98.623417721519,348.106589162175,8,12,16.5,652283.099848714,2467597.2949751,1000,1700,2500
MI,muni,1600000US2639540,,,2725,7117,2.61174311926606,0.557357594936709,502.523010546501,804.868986581908,0,0,919.5,0.265617548879351,0.994495412844037,0.00256880733944954,0.00293577981651376,0,1,0.597037037037037,79.830223880597,491.671750532275,15,20,27.25,90492.7741935484,927820.913515863,2000,3000,5000
MI,muni,0600000US2609366540,,,151,410,2.71523178807947,0.453237410071943,247.288461538462,523.033787786738,0,0,168.75,0.419047619047619,1,0,0,0,1,0.56953642384106,12.9032258064516,4.42685425600542,8,14,15,1373.51162790698,856.006703439751,1000,1050,1575
MI,muni,1600000US2664140,,,291,820,2.81786941580756,0.423913043478261,213.478260869565,468.16600619961,0,0,0,0.453125,1,0,0,0,1,0.642611683848797,184.182692307692,668.189043136326,10,12,15,1893.04812834225,1376.45516854148,1200,1500,2000
MI,muni,0600000US2609336100,,,3,6,2,1,1000,1414.2135623731,500,1000,1500,0,1,0,0,0,1,0,25,0,25,25,25,,,,,
MI,muni,0600000US2609903540,,,858,2166,2.52447552447552,0.538944723618091,296.749593495935,541.040690151556,0,0,392,0.292332268370607,0.995337995337995,0.00466200466200466,0,0,1,0.667057444314185,13.4137931034483,5.52592155378337,10,13,18,212653.989455185,1437838.13846134,1000,1600,2500
MI,muni,1600000US2669400,,,2053,5719,2.78567949342426,0.72584997301673,409.10441426146,661.629893279795,0,0,608.75,0.458474576271186,0.946419873356064,0.0526059425231369,0.000974184120798831,0,1,0.530443253774964,27.6705141657922,172.091247969127,10,15,20,140682.340679523,1165709.02597839,2000,3000,4000
MI,muni,0600000US2609911300,,,539,1468,2.72356215213358,0.742203742203742,415.304195804196,695.941847073913,0,0,643.5,0.480836236933798,0.920222634508349,0.0797773654916512,0,0,1,0.543893129770992,16.343347639485,7.31157920487381,10,16,20,72841.3192982456,836008.712388543,1200,2600,3800
MI,muni,1600000US2614320,,,3172,10090,3.18095838587642,0.541899441340782,544.049929345266,806.607389049657,0,0,1120,0.0978520286396181,1,0,0,0,1,0.725546058879392,31.4177671068427,88.8808530005442,20,25,31,42501.7779232112,625337.691229021,2000,3000,4000
MI,muni,1600000US2630420,,,747,1967,2.63319946452477,0.459940652818991,810.324561403509,848.318549028984,0,800,1300,0.0893371757925072,1,0,0,0,1,0.764784946236559,459.860465116279,1137.03355361818,15,20,30,125854.702987698,1102967.85794275,1800,2500,4000
MI,muni,1600000US2624290,,,8547,24237,2.83573183573184,0.582326680672269,618.131853346788,859.543585991917,0,0,1200,0.0995292535305985,0.996957996957997,0.00304200304200304,0,0,1,0.771384688090737,97.921875,484.208929901523,19,25,33,61422.9231122684,760491.947472679,2000,3000,4400
MI,muni,1600000US2669800,,,8962,26943,3.00636018745816,0.663001852995676,787.55223136375,821.185846484045,0,600,1400,0.134035229803604,0.962062039723276,0.0379379602767239,0,0,1,0.763322884012539,143.535177098496,583.609503663902,15,20,30,159046.498386624,1242703.87865035,1000,1800,3000
MI,muni,1600000US2670760,,,7761,21610,2.78443499549027,0.672932330827068,763.172067039106,973.420195244885,0,264,1440,0.131009867730422,0.99755186187347,0.00244813812653009,0,0,1,0.744683593246552,37.4221996958946,170.683608387677,20,25,30,30974.3520249221,525373.121244758,2000,3000,4000
MI,muni,0500000US26099,,,10,22,2.2,0.7,614.285714285714,874.50666364637,0,300,850,0.5,1,0,0,0,1,0.7,35,0,35,35,35,2714.28571428571,2138.0899352994,1000,1000,5000
MI,muni,1600000US2657380,,,5,9,1.8,0.6,0,0,0,0,0,0.5,1,0,0,0,1,1,,,,,,6000798.8,5476129.03449154,2000,9999998,9999998
MI,muni,0600000US2609968400,,,1707,4462,2.61394258933802,0.576605212968849,385.682250396197,684.378003048483,0,0,600,0.289889415481833,1,0,0,0,1,0.698943661971831,16.1963562753036,6.01788299175259,10,15,20,229198.663308144,1488737.49366811,1500,2300,3400
MI,muni,1600000US2655820,,,11021,31546,2.86235368841303,0.580972638499468,582.759464517058,820.302673124299,0,100,1000,0.226662900720237,0.963705652844569,0.0362943471554305,0,0,1,0.524399192808659,42.9670372537546,204.263887520734,18,25,30,122225.649816337,1083845.0031424,2000,3000,4000
MI,muni,0600000US2609915340,,,24,57,2.375,0.95,386.571428571429,616.34627059367,0,60,665.5,0.142857142857143,1,0,0,0,1,0.0416666666666667,17.5909090909091,6.26143974702526,13,15,24.5,2400,,2400,2400,2400
MI,muni,0600000US2614768620,,,627,1639,2.6140350877193,0.517730496453901,499.064308681672,759.875398771078,0,13,883.5,0.273291925465839,0.982456140350877,0.0175438596491228,0,0,1,0.620578778135048,207.666666666667,614.227521258026,10,13,17.25,209065.28238342,1426220.39385123,1000,1500,2500
MI,muni,1600000US2681540,,,46,123,2.67391304347826,0.304347826086957,547.268292682927,1047.00952775966,0,0,420,0.24390243902439,1,0,0,0,1,0.847826086956522,20.5714285714286,11.7594946441467,8,30,30,3841.02564102564,2170.58298604896,3000,3500,3500
MI,muni,1600000US2684000,,,283,737,2.60424028268551,0.687258687258687,763.481481481482,912.252064315275,0,407.5,1300,0.12962962962963,1,0,0,0,1,0.561837455830389,28.4146341463415,43.9912299063862,15,20,25,380479.987421384,1910967.92997195,2000,2950,4200
MI,muni,1600000US2641220,,,6445,17968,2.78789759503491,0.352189781021898,471.112576264515,726.836278341324,0,0,900,0.157203553495558,1,0,0,0,1,0.602390933084925,33.4986160537762,303.065376979223,10,12,18,46048.7907216495,660412.101302937,1000,2000,3000
MI,muni,0600000US2610379780,,,865,2247,2.59768786127168,0.519546027742749,458.20996978852,647.1504696977,0,96,859.75,0.165217391304348,1,0,0,0,1,0.292941176470588,13.3865979381443,9.88627375282846,8,11,15,203051.257028112,1405254.29001971,1200,2000,3500
MI,muni,1600000US2651900,,,14734,43703,2.96613275417402,0.539864166543629,483.898464631694,787.277569656319,0,0,828,0.196555494805905,0.999660648839419,0.000271480928464775,6.78702321161938e-05,0,1,0.545002799552072,33.7982799061767,199.011792970105,14,20,30,114147.661872351,1044767.82879295,2000,3000,5000
MI,muni,1600000US2656860,,,6750,19435,2.87925925925926,0.364951768488746,441.221897525813,668.312371870309,0,0,945,0.142196531791908,1,0,0,0,1,0.482568533969011,36.709584295612,316.734188715736,9,12,16,64522.4121642482,783270.568198414,1500,2170,3500
MI,muni,0600000US2610368420,,,32,115,3.59375,0,405.434782608696,625.770276327646,0,0,1200,0.217391304347826,1,0,0,0,1,0.6875,10,0,10,10,10,2090.90909090909,717.740562565273,1500,1750,3000
MI,muni,0600000US2610519440,,,42,116,2.76190476190476,0.238095238095238,263.037037037037,330.091069191691,0,160,525,0.16,1,0,0,0,1,0.928571428571429,2000,0,2000,2000,2000,1741.02564102564,904.220498469014,900,1400,2650
MI,muni,1600000US2649640,,,8628,22599,2.6192628650904,0.541978183600932,371.749840561225,607.810825111664,0,0,576.25,0.212326656394453,0.998029670839128,0.000347705146036161,0.00162262401483542,0,1,0.578335876070884,19.3645684990031,102.901860905765,10,13,18,127816.630478896,1114467.74453007,1000,1800,2500
MI,muni,0500000US26105,,,4,10,2.5,0,147,220.061355080805,20.5,41,220.5,0,1,0,0,0,1,1,,,,,,1000,0,1000,1000,1000
MI,muni,1600000US2672080,,,1124,2889,2.5702846975089,0.570183930300097,321.509386733417,553.653694228017,0,1,474,0.338669950738916,1,0,0,0,1,0.668458781362007,14.0382513661202,11.4141782153234,9,12,15,28697.3914209115,517336.889144857,925,1500,2500
MI,muni,0600000US2610573060,,,228,590,2.58771929824561,0.513274336283186,218.299401197605,444.377248218874,0,0,257,0.239520958083832,0.982456140350877,0,0.0175438596491228,0,1,0.649122807017544,6.775,4.34865030712644,5,5,8,757.837837837838,543.11214629809,500,600,1100
MI,muni,0600000US2610721240,,,194,493,2.54123711340206,0.469613259668508,289.205479452055,501.977976131914,0,0,447.75,0.404109589041096,1,0,0,0,1,0.556701030927835,7.32558139534884,2.37854063247944,5,8,10,1306.11111111111,1081.87258334998,500,900,1800
MI,muni,1600000US2608300,,,4805,12829,2.66992715920916,0.629604209563029,352.526598602902,659.484683522513,0,0,520,0.169509315140383,1,0,0,0,1,0.62727844123193,17.4157955865273,37.836894906033,9,12,20,165453.127922512,1268770.15369713,700,1400,2500
MI,muni,0500000US26107,,,2,3,1.5,0,30,42.4264068711929,15,30,45,1,1,0,0,0,1,0,6,0,6,6,6,,,,,
MI,muni,0600000US2610729680,,,123,266,2.16260162601626,0.444444444444444,343.072289156627,530.091910648465,0,0,530,0.369565217391304,1,0,0,0,1,0.691056910569106,15.2631578947368,25.2754385750987,5.5,7,10,853.529411764706,651.35336376025,500,750,1000
MI,muni,0600000US2610704380,,,37,80,2.16216216216216,0.454545454545455,765.777777777778,310.588867225541,600,892,900,0.103448275862069,1,0,0,0,1,0.513513513513514,8.5,2.95555309843133,8,8,12,1096.84210526316,1679.16994253305,80,600,1000
MI,muni,0600000US2610755600,,,1,1,1,1,,,,,,1,1,0,0,0,1,0,12,,12,12,12,,,,,
MI,muni,0600000US2610919580,,,199,609,3.06030150753769,0.577777777777778,264.360759493671,504.265957256513,0,0,347.5,0.39622641509434,1,0,0,0,1,0.472361809045226,8.12380952380952,3.38746342045319,6,8,10,2511.70212765957,1110.15414825989,2000,2500,3000
MI,muni,1600000US2653020,,,10261,28667,2.79378228242861,0.407883730656629,449.402533714753,707.608671573648,0,0,800,0.223219140837412,0.99922034889387,0,0.000779651106130007,0,1,0.607300127214013,294.025258903764,744.252205570288,10,15,30,124947.2244602,1099644.71191831,1200,2000,3000
MI,muni,0600000US2610975350,,,204,555,2.72058823529412,0.355932203389831,952.777777777778,731.744301120427,500,660,1239,0.0232558139534884,1,0,0,0,1,0.5,233.62,716.348890506081,6,8,12,589582.62745098,2364221.94917457,600,1150,2375
MI,muni,0600000US2610976400,,,159,449,2.82389937106918,0.816901408450704,406.954954954955,594.20159400336,0,0,702.5,0.216981132075472,1,0,0,0,1,0.611464968152866,78.3166666666667,359.932455606424,8,10,15,522840,2233142.24318659,825,1800,2500
MI,muni,0600000US2611184020,,,14,40,2.85714285714286,0.230769230769231,332.272727272727,757.797346380824,0,0,87.5,0.363636363636364,1,0,0,0,1,0.357142857142857,11.3333333333333,1.58113883008419,10,10,13,1800,0,1800,1800,1800
MI,muni,1600000US2653780,,,5080,14471,2.84862204724409,0.5258078994614,903.261037705446,1157.64486911636,0,308,1664.5,0.233323450933887,1,0,0,0,1,0.644893111638955,105.307867730901,453.105140083412,20,25,38,115031.555248619,1045046.05460756,2000,3550,6000
MI,muni,0600000US2611138980,,,47,128,2.72340425531915,0.604651162790698,1061.33333333333,849.922604319554,500,900,1250,0.172413793103448,1,0,0,0,1,0.638297872340426,301.352941176471,513.892612952413,25,35,35,1890.66666666667,1836.59154570283,80,1500,3000
MI,muni,0600000US2611147680,,,48,132,2.75,0.692307692307692,426.0625,681.177677427708,0,61.5,494.5,0.34375,1,0,0,0,1,0.5625,17.952380952381,8.53508166613648,13,15,30,1827.77777777778,1207.1966359913,600,2000,3000
MI,muni,0500000US26111,,,90,302,3.35555555555556,0.493975903614458,1209.71428571429,1424.40783946231,247.5,700,1800,0.0540540540540541,1,0,0,0,1,0.833333333333333,22.6666666666667,4.57737708217064,20,20,25,537669.226666667,2261071.08337701,1000,3500,8750
MI,muni,0600000US2611140620,,,5,15,3,1,0,0,0,0,0,0,1,0,0,0,1,1,,,,,,5000,0,5000,5000,5000
MI,muni,0600000US2611329440,,,428,1133,2.64719626168224,0.549763033175355,365.846394984326,682.473012974301,0,0,521,0.203761755485893,1,0,0,0,1,0.684579439252337,307.984126984127,1410.63632157478,10,12.5,20,275122.812286689,1632109.22186736,1200,2000,3000
MI,muni,1600000US2644480,,,125,366,2.928,0.32520325203252,252.81914893617,491.979695419073,0,0,165,0.195652173913043,1,0,0,0,1,0.792,136.076923076923,416.351286591208,12,20,25,506534.242424243,2200646.93467194,1000,1200,3000
MI,muni,0600000US2611359280,,,5,15,3,0,866.666666666667,1501.11069989303,0,0,1300,0,1,0,0,0,1,1,,,,,,2500,0,2500,2500,2500
MI,muni,1600000US2649980,,,285,786,2.75789473684211,0.40377358490566,271.655660377359,508.258815022796,0,0,353.5,0.232227488151659,1,0,0,0,1,0.694736842105263,8.71264367816092,3.9234181999321,6,8,10,1570.90909090909,962.630797661955,1000,1500,2000
MI,muni,0600000US2611368820,,,181,444,2.45303867403315,0.406060606060606,152.760563380282,303.608835909355,0,0,146.25,0.267605633802817,1,0,0,0,1,0.694915254237288,8.40740740740741,5.17073958623168,5,6,8,1527.56097560976,1092.2051250502,800,1200,2000
MI,muni,1600000US2613220,,,833,2535,3.04321728691477,0.583776595744681,1058.77922077922,687.789122574328,415,1036,1500,0.136752136752137,1,0,0,0,1,0.529339853300734,45.7034120734908,253.438456588184,12,15,25,118321.639722864,1069292.65696891,1500,2500,4000
MI,muni,0600000US2611503680,,,26,98,3.76923076923077,0.166666666666667,854.5,292.898446564675,696.5,837.5,1043.75,0.142857142857143,1,0,0,0,1,0.538461538461538,10,0,10,10,10,1100,103.774904332554,1000,1100,1200
MI,muni,1600000US2623380,,,1703,4396,2.58132706987669,0.643944407677035,386.147310989868,674.75541484171,0,0,600,0.26661514683153,1,0,0,0,1,0.521764705882353,17.182382133995,7.85902099274148,12,15,20,182702.066516347,1331336.87519111,1500,2000,3000
MI,muni,0600000US2611523400,,,3,6,2,0.666666666666667,210,296.98484809835,105,210,315,1,1,0,0,0,1,1,,,,,,2200,0,2200,2200,2200
MI,muni,0600000US2611549180,,,295,851,2.88474576271186,0.446153846153846,780.469696969697,591.110928537808,306.25,660,1143.5,0.0662020905923345,1,0,0,0,1,0.738983050847458,13.3506493506494,4.01892311370201,10,14,15,644711.798165138,2456430.24533524,2000,2500,3500
MI,muni,1600000US2652440,,,14,33,2.35714285714286,0.142857142857143,591.666666666667,502.4108544475,300,425,1037.5,0.0714285714285714,1,0,0,0,1,1,,,,,,2271.42857142857,735.295410470745,1525,2500,2875
MI,muni,0600000US2611526880,,,83,345,4.1566265060241,0.420289855072464,636.5,488.764955595409,153,602,1144,0.0602409638554217,1,0,0,0,1,0.927710843373494,15,0,15,15,15,2370.12987012987,1333.28491595846,1800,2000,2000
MI,muni,0600000US2611530820,,,650,1398,2.15076923076923,0.692982456140351,654.24269005848,881.139153477465,0,377,1100,0.107212475633528,1,0,0,0,1,0.211970074812968,108.367549668874,315.603973011569,19,27,39.5,1416765.6,3500660.29587185,4000,6000,10000
MI,muni,1600000US2653920,,,2338,6114,2.61505560307956,0.723171889838557,672.733924611973,774.992535854904,0,360,1200,0.22373123659757,0.997861420017109,0.00213857998289136,0,0,1,0.540051679586563,40.0503802281369,206.311170509318,15,20,25,433606.145135566,2030149.18538703,2000,3000,4000
MI,muni,1600000US2655020,,,14011,40699,2.90478909428306,0.562731740967492,652.114775051125,826.506252281841,0,390,1051.5,0.123710382005763,0.974377274998216,0.0256227250017843,0,0,1,0.526989146841084,157.017333946924,689.470561122805,18,25,30,88568.3405619204,915370.742386076,2500,3500,5000
MI,muni,0500000US26115,,,738,1867,2.52981029810298,0.715789473684211,603.540880503145,710.653703167213,0,450,1000,0.144347826086957,0.997289972899729,0.002710027100271,0,0,1,0.253077975376197,138.928571428571,535.765531508601,20,25,32,598527.513513514,2370255.2386224,2000,3600,6000
MI,muni,1600000US2663800,,,401,1135,2.83042394014963,0.895,301.533783783784,504.246710071071,0,0,440,0.205298013245033,1,0,0,0,1,0.613466334164589,30.7225806451613,168.58592689351,10,10,12,1940.40650406504,1024.17225781204,1400,2000,2500
MI,muni,0600000US2611577140,,,387,1012,2.61498708010336,0.861618798955614,289.684745762712,503.207364788515,0,0,400,0.244224422442244,1,0,0,0,1,0.713178294573643,164.697247706422,549.55398589973,10,15,20,291880.376811594,1680354.65996341,1100,2000,2850
MI,muni,1600000US2613600,,,905,2500,2.76243093922652,0.606837606837607,584.439393939394,740.404151707629,0,320,1000,0.237676056338028,1,0,0,0,1,0.631874298540965,188.411949685535,520.583835782071,10.5,15,20.75,1795424.27886323,3839562.80537674,1200,2000,3000
MI,muni,0600000US2611726720,,,278,761,2.73741007194245,0.506072874493927,219.058823529412,435.016625272098,0,0,170,0.304812834224599,1,0,0,0,1,0.665467625899281,8.19354838709677,3.67499797254049,6,8,10,1135.56756756757,1077.67706455327,500,1000,1400
MI,muni,1600000US2673100,,,188,514,2.73404255319149,0.517241379310345,309.719696969697,573.782751589207,0,0,370,0.242424242424242,1,0,0,0,1,0.601063829787234,9.68,3.53423411941128,8,10,12,1263.09734513274,836.142374716448,750,1000,1500
MI,muni,0600000US2611714000,,,43,95,2.2093023255814,0.41025641025641,738.9375,706.004765682688,226,502.5,1318.75,0.272727272727273,1,0,0,0,1,0.558139534883721,9.31578947368421,3.91652668656167,6,10,10,1345.83333333333,686.97773311593,850,1400,1800
MI,muni,1600000US2650000,,,180,428,2.37777777777778,0.536585365853659,198.937984496124,378.316578574124,0,0,180,0.234848484848485,1,0,0,0,1,0.75,5.97777777777778,1.71210780364822,5,6,8,149306.385185185,1212468.69953487,500,1000,1550
MI,muni,1600000US2635100,,,5012,13107,2.61512370311253,0.678173476076032,465.555115884681,707.278131312706,0,75,800,0.257769145394007,0.998603351955307,0.00139664804469274,0,0,1,0.588685323132676,30.5844411619892,157.269442270547,10,13,20,104618.064295486,1007671.30974096,1000,1560,2500
MI,muni,0600000US2611755140,,,34,87,2.55882352941176,0.724137931034483,375.625,594.166044169034,0,40,662.5,0.125,1,0,0,0,1,0.235294117647059,10.8846153846154,6.61106298912315,7,9.5,12,1725,236.038737740833,1500,1650,2000
MI,muni,0600000US2611738840,,,767,2137,2.78617992177314,0.603719599427754,298.217948717949,546.697281453651,0,0,364,0.313186813186813,0.998696219035202,0.00130378096479791,0,0,1,0.538563829787234,49.5918367346939,176.708476161166,6,10,15,1699.67901234568,1508.94767629007,900,1400,2000
MI,muni,0600000US2611768120,,,812,2220,2.73399014778325,0.539385847797063,171.049180327869,384.676727616114,0,0,127.5,0.319148936170213,1,0,0,0,1,0.642768850432633,14.2937062937063,58.0629219693489,5,6,9,116235.996153846,1068893.52484127,400,625,1000
MI,muni,0600000US2611722760,,,26,66,2.53846153846154,0.666666666666667,479.173913043478,879.628157605345,0,0,500,0.217391304347826,1,0,0,0,1,0.76,36.6666666666667,2.58198889747161,35,35,38.75,1857.89473684211,1091.66834069779,650,2750,2750
MI,muni,0500000US26121,,,1924,5202,2.7037422037422,0.63536866359447,418.2201215395,582.315959930212,0,0,787,0.232996632996633,0.98024948024948,0.0197505197505198,0,0,1,0.409353652128219,49.9901785714286,482.031585492012,13,15,22,117949.810012837,1069060.58594531,1500,2000,3100
MI,muni,1600000US2631000,,,219,576,2.63013698630137,0.646766169154229,406.72049689441,640.681231299741,0,14,650,0.2625,1,0,0,0,1,0.561643835616438,12.71875,3.61489062220786,10,12,15,2356.09756097561,905.008499322775,1800,2000,3000
MI,muni,0600000US2612155120,,,460,1387,3.01521739130435,0.490430622009569,307.12962962963,505.203182482014,0,0,600,0.18348623853211,1,0,0,0,1,0.728070175438597,12.9122807017544,8.56269063195456,10,10,15,1529.68373493976,1571.73316481077,600,1000,2000
MI,muni,1600000US2656320,,,31789,89418,2.81285979426846,0.532031997812115,500.470162898936,736.001975861908,0,0,912,0.197032322063321,0.988706785366007,0.0101292900059769,0.00113246720563717,3.14574223788103e-05,1,0.59466751309316,55.4763702131006,332.158363626439,15,20,25,14725.3112890312,342388.150999815,1800,2700,3600
MI,muni,0600000US2612145160,,,666,1720,2.58258258258258,0.552763819095477,684.046875,1274.46805516268,0,0,852.75,0.374509803921569,0.992492492492492,0.00750750750750751,0,0,1,0.627871362940276,24.5020746887967,22.2094432770777,12,16,25,11656.243902439,10789.3158706881,2800,7500,20000
MI,muni,0600000US2612119660,,,16,43,2.6875,0.9375,215.714285714286,430.254205463098,0,0,0,0.142857142857143,1,0,0,0,1,0.75,5,0,5,5,5,241.666666666667,66.8557923421522,200,250,300
MI,muni,1600000US2659140,,,13220,37651,2.84803328290469,0.612676056338028,499.04118852459,718.004418837412,0,57.5,900,0.119954927269002,0.956354009077156,0.0421331316187595,0.00113464447806354,0.00037821482602118,1,0.60260336906585,56.8477588871716,380.905583045164,14,20,25,31763.8707750953,539710.872580218,1500,2300,3200
MI,muni,1600000US2669520,,,890,2324,2.61123595505618,0.668742216687422,538.697012802276,700.73627178697,0,190,1000,0.208510638297872,0.99438202247191,0.00561797752808989,0,0,1,0.460674157303371,36.6310272536688,176.456930855809,16,20,28,198042.96097561,1384443.72518724,2000,2500,4000
MI,muni,0600000US2612125080,,,39,115,2.94871794871795,0.631578947368421,557.777777777778,544.703122869231,0,510,1008,0.305555555555556,1,0,0,0,1,0.615384615384615,32.6,6.66333249958307,26,35,40,6395.83333333333,3936.94641841228,3500,6000,6500
MI,muni,1600000US2656360,,,1138,3283,2.88488576449912,0.629446640316206,466.694235588973,648.568491620635,0,0,900,0.113892365456821,0.982425307557118,0.0175746924428823,0,0,1,0.586994727592267,30.5744680851064,150.338317076097,15,18,22,47279.2125748503,668988.75730879,1500,2200,2925
MI,muni,1600000US2658640,,,1067,2772,2.5979381443299,0.504040404040404,541.434939759036,1029.64938344019,0,0,708.75,0.275903614457831,0.999062792877226,0.000937207122774133,0,0,1,0.694183864915572,44.7361963190184,120.751611715741,15,25,40,5693.07432432432,5611.20111785313,3000,4000,7000
MI,muni,0600000US2612155440,,,417,1124,2.69544364508393,0.476190476190476,303.100977198697,538.779575472896,0,0,497.5,0.320261437908497,1,0,0,0,1,0.614077669902913,9.98051948051948,5.32409835162612,5,10,13,159551.233201581,1249698.39708099,1000,1500,2000
MI,muni,1600000US2686780,,,1246,3155,2.53210272873194,0.429571303587052,355.220675944334,579.65995265018,0,0,600,0.264039408866995,0.990369181380417,0.00802568218298555,0.00160513643659711,0,1,0.634831460674157,15.6065934065934,5.63277465054595,12,15,20,14977.4361567636,355480.719233626,1400,2000,3000
MI,muni,0600000US2612500400,,,255,651,2.55294117647059,0.493775933609959,325.424242424242,620.932156489436,0,0,404.75,0.257918552036199,1,0,0,0,1,0.670588235294118,94.4390243902439,259.09848918948,6.25,10,15,918.947368421053,501.467320654308,500,900,1200
MI,muni,1600000US2669020,,,2411,6593,2.73454997926172,0.557458314556106,490.25,782.834092267776,0,0,932.75,0.187743732590529,0.996267109083368,0.0037328909166321,0,0,1,0.496672212978369,56.5186721991701,301.863573437298,15,20,25,53221.5309882747,707185.161606818,1800,2600,4000
MI,muni,1600000US2669035,,,127,353,2.77952755905512,0.794871794871795,442.383720930233,790.184165705612,0,0,700,0.244186046511628,1,0,0,0,1,0.30952380952381,19.9080459770115,9.22916532786277,12,20,27,2056.41025641026,1689.56470130387,1000,1200,3000
MI,muni,1600000US2607660,,,6404,18173,2.83775765146783,0.622055487698482,663.461367178802,913.342372819876,0,50,1272.5,0.173051806704397,1,0,0,0,1,0.719674440444514,106.975267003935,542.970080045282,17,25,30,12246.7398869074,294754.831427812,2100,3400,4500
MI,muni,1600000US2608640,,,8131,22073,2.71467224203665,0.691578806886427,865.781053649106,1454.88404581366,0,0,1300,0.21685393258427,0.994957569794613,0.00455048579510515,0.000245972205140819,0.000245972205140819,1,0.625956081914631,151.376494023904,825.388754164819,30,45,65,65113.9292471423,753366.891583511,3000,6000,10500
MI,muni,1600000US2680700,,,8,16,2,0.5,857.142857142857,1128.20970695042,0,0,1650,0,1,0,0,0,1,1,,,,,,3875,231.455024943138,3875,4000,4000
MI,muni,0500000US26125,,,535,1907,3.56448598130841,0.681541582150102,494.828644501279,860.831865889754,0,0,720,0.329326923076923,0.996261682242991,0.00373831775700935,0,0,1,0.636726546906188,27.6568047337278,55.4869190222943,10,15,25,755565.962382445,2640936.76345112,1500,2000,3500
MI,muni,1600000US2609180,,,373,1369,3.67024128686327,1,971.290849673203,1483.62804661508,0,480,1200,0.657657657657658,0.959785522788204,0.0402144772117962,0,0,1,0.642253521126761,75.8910891089109,49.1599229027262,35,75,85,2043413.63157895,4008991.55142791,18000,25000,1e+05
MI,muni,1600000US2661220,,,246,627,2.54878048780488,0.495689655172414,290.869565217391,548.543590178113,0,0,243.75,0.308510638297872,1,0,0,0,1,0.752032520325203,15.9056603773585,4.17991604140652,15,15,20,488576.172972973,2156688.28413333,1500,2000,3000
MI,muni,0600000US2612535640,,,4,10,2.5,1,800,1131.37084989848,400,800,1200,0.5,1,0,0,0,1,1,,,,,,3000,0,3000,3000,3000
MI,muni,1600000US2627380,,,1150,3010,2.61739130434783,0.627213420316869,530.366890380313,900.572668160792,0,0,987.5,0.281075027995521,1,0,0,0,1,0.655052264808362,29.9336734693878,24.8717567773637,20,25,35,45484.3470744681,630423.920159789,3500,5000,7000
MI,muni,1600000US2627440,,,53,133,2.50943396226415,0.714285714285714,526.292682926829,655.255264912173,0,250,1140,0.317073170731707,1,0,0,0,1,0.46,26.962962962963,10.7720488783257,18,25,32.5,4978.26086956522,2050.37835128037,2500,6000,7000
MI,muni,1600000US2627880,,,23780,66087,2.77910008410429,0.637333086053412,734.55842315984,977.659651322383,0,100,1400,0.147172688878461,0.956307821698907,0.0431455004205214,0.000504625735912532,4.20521446593776e-05,1,0.643331500359545,127.780531609195,503.60890404943,25,30,40,64180.7793411796,775140.954140588,2500,3500,4600
MI,muni,1600000US2664900,,,3398,8860,2.60741612713361,0.494084682440847,1106.42557326079,1656.44440113228,0,0,1960,0.127576818358615,0.996762801648028,0.00294290759270159,0.000294290759270159,0,1,0.77613703484938,53.7255936675462,26.1499315750082,35,50,65,65146.4022070015,752886.88681305,5000,7000,10000
MI,muni,1600000US2638700,,,2312,6308,2.72837370242215,0.573475046210721,399.903043968433,685.382218806772,0,0,642,0.257158899494666,0.9969723183391,0.00302768166089965,0,0,1,0.642237640936687,17.615671641791,28.5154093610854,10,15,20,2202.53072248481,2014.8365520947,1200,2000,2800
MI,muni,0600000US2612538720,,,13,37,2.84615384615385,0.5,791.428571428572,1097.50366091156,0,0,1420,0.142857142857143,1,0,0,0,1,0,14.8461538461538,7.76580274715321,13,13,25,,,,,
MI,muni,1600000US2640000,,,1708,4356,2.55035128805621,0.788498402555911,1121.07196969697,1677.07376253272,0,0,2000,0.18745275888133,0.992974238875878,0.00702576112412178,0,0,1,0.857479387514723,74.3319327731093,23.4762450464442,55,80,90,58112.1881868132,691258.466739066,6500,10000,13000
MI,muni,1600000US2682450,,,444,1209,2.72297297297297,0.592682926829268,543.700906344411,895.341643595757,0,0,975,0.247838616714697,1,0,0,0,1,0.677927927927928,22.9312977099237,9.10214754008395,15,20,30,203369.893687708,1399476.04297501,2500,3500,4500
MI,muni,1600000US2653960,,,833,2255,2.70708283313325,0.580231065468549,416.499234303216,745.587211706417,0,0,780,0.239263803680982,1,0,0,0,1,0.605042016806723,22.8328267477204,8.24987166772408,15,25,30,3603.76984126984,2224.81166683516,2000,3350,5000
MI,muni,1600000US2658980,,,2305,5898,2.5587852494577,0.806976744186047,588.438387279955,842.237413747744,0,0,1200,0.208404315729699,1,0,0,0,1,0.572470373746582,414.940923737916,925.039464285031,20,30,40,75248.8535031847,843494.821228161,2500,3500,4500
MI,muni,1600000US2644940,,,1244,3619,2.90916398713826,0.66130473637176,466.485148514852,735.614242610332,0,0,900,0.308030803080308,1,0,0,0,1,0.50241935483871,21.2887438825449,8.27764652037781,15,20,25,2816.25842696629,1482.77535108654,2000,2500,3500
MI,muni,1600000US2662020,,,1292,3431,2.65557275541796,0.602891156462585,357.513742071882,621.38113475207,0,0,500,0.31335436382755,0.996130030959752,0,0.00386996904024768,0,1,0.541149068322981,20.5188356164384,34.2212504773518,12,20,25,30975.5208034433,535165.81553595,1500,2000,3000
MI,muni,1600000US2659920,,,1384,3787,2.73627167630058,0.532270916334661,601.71996124031,844.091376717638,0,0,1200,0.25953488372093,0.947254335260116,0.0527456647398844,0,0,1,0.645953757225434,39.160751565762,159.320764196123,15,20,30,115035.308724832,1051944.3620712,2000,3000,4000
MI,muni,1600000US2665440,,,40864,114219,2.79510082223962,0.711836800085445,622.607961569708,828.043064989197,0,100,1200,0.17335108059827,0.958398590446359,0.0414301096319499,4.89428347689898e-05,0.000122357086922475,1,0.456932663106084,67.2010832438763,359.41119077847,20,25,30,63397.0001718902,773076.408564136,2000,3000,4000
MI,muni,1600000US2604105,,,81,235,2.90123456790123,0.605263157894737,1656.6,1863.55287994831,250,780,2500,0.666666666666667,0.987654320987654,0.0123456790123457,0,0,1,0.6125,26.4516129032258,8.96228657459475,20,30,30,55287.5510204082,48486.6927740923,10000,35000,1e+05
MI,muni,1600000US2644440,,,48,131,2.72916666666667,0.6,1128.10714285714,1276.73548811559,0,750,1525,0.655172413793103,0.958333333333333,0.0416666666666667,0,0,1,0.708333333333333,32.5,2.59437260831385,30,32.5,35,43529.4117647059,45325.9142508323,5000,10000,75000
MI,muni,1600000US2670040,,,16870,47040,2.78838174273859,0.648835423598669,706.557453909727,1018.97943656632,0,0,1302.5,0.142599277978339,0.999585062240664,0.0003556609365738,0,5.92768227622999e-05,1,0.632080528917744,70.3079293011189,403.553628827657,25,35,40,34449.9183000377,548096.97403793,3000,4000,5000
MI,muni,1600000US2616160,,,3976,11146,2.8033199195171,0.570834488494594,565.957791065776,837.705424497092,0,0,1100,0.16156914893617,1,0,0,0,1,0.661526794742164,20.2797307404637,9.41219192397141,12,20,25,52526.3683607184,702987.888496391,2000,2500,3500
MI,muni,1600000US2675100,,,934,2452,2.62526766595289,0.529620853080569,404.445054945055,627.728629417277,0,0,811.25,0.266483516483516,1,0,0,0,1,0.583065380493033,17.4959349593496,6.25331301374976,15,16,20,21561.2279411765,428614.021215102,2000,3000,4000
MI,muni,1600000US2677860,,,724,1842,2.54419889502762,0.62874251497006,885.250474383302,1144.93444358578,0,175,1655,0.178236397748593,1,0,0,0,1,0.714088397790055,83.8861386138614,420.6679383246,25,30,40,4448.80077369439,2000.53803638875,3000,5000,6000
MI,muni,1600000US2642460,,,317,795,2.50788643533123,0.630872483221476,998.23275862069,1192.53487416862,0,510,1800,0.163179916317992,1,0,0,0,1,0.712025316455696,34.7252747252747,7.90929963757985,30,35,40,315761.493333333,1739217.45959763,3500,4500,6000
MI,muni,1600000US2661020,,,68,176,2.58823529411765,0.725806451612903,947.851063829787,1364.2993579876,0,314,1698.5,0.388888888888889,0.955882352941176,0.0441176470588235,0,0,1,0.897058823529412,21,11.2782977438973,12,16,31.25,10844.262295082,9615.3267337476,3500,6500,20000
MI,muni,1600000US2639800,,,740,2188,2.95675675675676,0.453689167974882,406.253164556962,629.516525819303,0,0,800,0.259493670886076,1,0,0,0,1,0.689189189189189,414.234782608696,946.002929641177,14.25,18,22.75,2686.1568627451,1103.37530681253,2000,2500,3000
MI,muni,1600000US2633340,,,8680,22966,2.64585253456221,0.56544108420128,521.534512176206,764.934165600291,0,0,960,0.225614296351452,0.999193548387097,0.000806451612903226,0,0,1,0.617411491584446,28.6359117738428,152.662096643484,14,18,24,138541.419815755,1155296.26695671,2000,3000,4000
MI,muni,1600000US2638640,,,11160,29930,2.68189964157706,0.545375805985949,505.526568170036,745.422416187775,0,0,900,0.216401990993126,0.997849462365591,0,0.0021505376344086,0,1,0.65197486535009,52.4167533818939,313.642906997482,15,20,25,67950.7542337877,801626.062970197,2000,3000,3700
MI,muni,0500000US26139,,,103,289,2.80582524271845,0.443298969072165,431.904109589041,524.015509852724,0,215,780,0.177215189873418,1,0,0,0,1,0.465346534653465,17.8518518518519,8.83903735774435,13,15,18,2151.91489361702,1491.74924792554,1000,2000,3000
MI,muni,0600000US2613962460,,,9,18,2,1,600,763.762615825973,0,0,1300,0.428571428571429,1,0,0,0,1,1,,,,,,2700,998.749217771909,1800,2300,4000
MI,muni,1600000US2618020,,,1064,3007,2.82612781954887,0.552693208430913,341.060975609756,639.342550888283,0,0,500,0.281173594132029,1,0,0,0,1,0.6111645813282,50.3775510204082,231.60748236751,10,12.5,16,380213.656692913,1908062.96742949,1200,2000,3000
MI,muni,1600000US2627960,,,1253,3081,2.45889864325619,0.58281665190434,530.087353324641,827.838166683829,0,0,1003,0.24113475177305,1,0,0,0,1,0.681854516386891,49.379746835443,244.940213558758,15,20,25,120515.654161782,1076654.94559583,2000,3000,4000
MI,muni,1600000US2675820,,,71,151,2.12676056338028,0.515625,369.298245614035,700.749521301306,0,0,416,0.368421052631579,1,0,0,0,1,0.925373134328358,31,5.47722557505166,25,35,35,6099.35483870968,4473.51179429145,3000,5000,7800
MI,muni,1600000US2689260,,,2844,7837,2.7556258790436,0.410276073619632,377.80338664158,628.503711745553,0,0,700,0.305203938115331,0.99789029535865,0.00070323488045007,0,0.00140646976090014,1,0.700812433768986,24.3256097560976,110.543700507311,12,15,20,58473.7162298387,742499.976007358,2000,2800,3500
MI,muni,0600000US2614509940,,,103,242,2.3495145631068,0.494949494949495,231.536585365854,431.685218967034,0,0,265,0.421686746987952,1,0,0,0,1,0.725490196078431,182.857142857143,465.60774416731,6,8,80,136870.918918919,1162273.12282795,1200,1325,2000
MI,muni,1600000US2659860,,,167,423,2.53293413173653,0.45,219.245901639344,508.134414954105,0,0,135,0.434426229508197,1,0,0,0,1,0.724550898203593,357.608695652174,494.892288090645,6,10,750,1563.38842975207,1676.84453350085,750,1200,1500
MI,muni,1600000US2615140,,,1766,4905,2.77746319365798,0.532410320956577,436.305910543131,749.297238475987,0,0,763.75,0.2104,0.997734994337486,0.00226500566251416,0,0,1,0.640430351075878,49.6740157480315,312.0646406418,11,15,20,2536.18921308577,2755.90941505517,1000,2000,3000
MI,muni,1600000US2630200,,,903,2459,2.72314507198228,0.235367372353674,542.416282642089,772.81854192938,0,0,1000,0.346811819595645,1,0,0,0,1,0.781354051054384,80.8388888888889,319.674680374442,10,16,22,387497.703125,1921024.17948537,2775,4000,5000
MI,muni,1600000US2653180,,,542,1704,3.14391143911439,0.837320574162679,247.975342465753,509.627079715498,0,0,225,0.239669421487603,1,0,0,0,1,0.708487084870849,73.5796178343949,280.811601397343,5,10,12,288915.645833333,1669844.07972466,1800,2500,3500
MI,muni,1600000US2670520,,,53215,152190,2.85990792069905,0.573734649257239,544.868890550719,894.059511958471,0,0,1000,0.188696050488599,0.955538851827492,0.043972564126656,0.00037583388142441,0.000112750164427323,1,0.580680654095686,98.160440064176,483.76770336183,15,20,30,125168.672296635,1096798.29266513,2000,2800,4000
MI,muni,1600000US2689320,,,141,849,6.02127659574468,0.818181818181818,499.94,700.204989032974,0,0,958.25,0.106796116504854,1,0,0,0,1,0.54,790.217391304348,1386.85980887349,16,25,50,3154641.03703704,4683596.87862851,3100,9000,9999998
MI,muni,0500000US26145,,,301,793,2.63455149501661,0.642105263157895,702.093922651934,924.442797350908,0,416,1100,0.144796380090498,0.98671096345515,0.0132890365448505,0,0,1,0.706666666666667,176.421686746988,629.159972686809,15,20,32,474146.698113208,2124491.24602952,1800,2500,3300
MI,muni,0600000US2614509400,,,4,6,1.5,1,993.75,1195.89140393265,0,787.5,1781.25,0,1,0,0,0,1,0,37.5,2.88675134594813,35,37.5,40,,,,,
MI,muni,0600000US2614579520,,,106,1102,10.3962264150943,0.777777777777778,284.254545454545,613.506503879976,0,0,364,0.293103448275862,0.943396226415094,0.0566037735849057,0,0,1,0.704081632653061,34.4137931034483,13.3189372199868,25,40,50,6522915.50724638,4796073.20668259,6300,9999998,9999998
MI,muni,0600000US2614513540,,,59,153,2.59322033898305,0.456140350877193,397.595238095238,566.74612802851,0,0,701.25,0.3,1,0,0,0,1,0.661016949152542,16.4,5.725290155828,13.25,18,20,2085.53846153846,1197.15755121419,1000,2400,2800
MI,muni,0600000US2614589340,,,2,3,1.5,0,487.5,583.363094478902,281.25,487.5,693.75,0,1,0,0,0,1,1,,,,,,4000,0,4000,4000,4000
MI,muni,0600000US2614530220,,,5,15,3,1,850,1202.08152801713,425,850,1275,0.5,1,0,0,0,1,1,,,,,,3500,0,3500,3500,3500
MI,muni,1600000US2670640,,,1245,3363,2.70120481927711,0.469642857142857,360.938005390836,527.421463025779,0,46.5,618,0.309576837416481,0.995983935742972,0,0.00401606425702811,0,1,0.676090468497577,676.585365853659,604.437102404808,20,700,1000,84754.8936678614,911115.036423234,500,1000,1500
MI,muni,0600000US2614716180,,,1205,3103,2.57510373443983,0.998171846435101,881.411764705882,963.255494895394,122,750,1200,0.207547169811321,0.997510373443983,0,0.0024896265560166,0,1,0.618887015177066,73.9216152019002,366.1599195684,15,20,25,111803.363760218,1038702.25213111,1000,2000,4000
MI,muni,1600000US2601180,,,702,1813,2.58262108262108,1,747.607476635514,610.626719642991,120.5,800,1200,0.170316301703163,0.997150997150997,0,0.00284900284900285,0,1,0.717948717948718,40.3440860215054,181.549903473734,12,15,20,398316.021825397,1953759.05359246,700,1300,2000
MI,muni,0600000US2614725960,,,169,541,3.20118343195266,0.354838709677419,268.644628099174,601.263902950889,0,0,270,0.336065573770492,1,0,0,0,1,0.804733727810651,13.3333333333333,5.45817429793761,10,10,15,517147.25,2217154.49401788,1000,1500,4000
MI,muni,1600000US2651600,,,3629,9806,2.70212179663819,0.514172508381591,541.253595397891,816.816815888656,0,15,900,0.228609625668449,1,0,0,0,1,0.651098137336669,52.5113821138211,440.720553708431,12,16,22,130086.043125534,1124535.68216696,1000,1500,2800
MI,muni,0600000US2614718400,,,26,140,5.38461538461539,0.7,539.555555555556,812.257211588655,0,0,800,0.111111111111111,1,0,0,0,1,0.769230769230769,25,0,25,25,25,174.5,132.12733093099,80,80,350
MI,muni,1600000US2652080,,,1763,5261,2.98411798071469,0.615483045425464,701.236380424746,967.450601740641,0,150,1300,0.196994991652755,1,0,0,0,1,0.554923164484918,56.6179487179487,253.156225768472,15,18,25,2881.22564102564,2604.80852976847,1500,2500,3500
MI,muni,0600000US2614756380,,,346,956,2.76300578034682,0.448844884488449,462.177631578947,638.555044140286,0,50,937,0.496732026143791,1,0,0,0,1,0.589595375722543,55.7605633802817,297.012284044683,10,12,15,2256.97058823529,1294.52364486362,1500,2100,3000
MI,muni,1600000US2613140,,,20,37,1.85,0.5,871.428571428572,849.929969103898,0,1200,1450,0.7,1,0,0,0,1,0.55,276.111111111111,417.633045999848,15,20,200,1304,725.657770577839,1000,1800,1800
MI,muni,1600000US2665820,,,23789,65768,2.76463911892051,0.597664936990363,680.462567963195,907.470493579023,0,240,1200,0.177445458665113,0.972970700744041,0.0264407919626718,0.000252217411408634,0.000336289881878179,1,0.542467138523761,83.493834133484,518.560684147103,15,22,30,139602.163637776,1160826.23820663,1600,2500,3500
MI,muni,0500000US26147,,,45,127,2.82222222222222,0.886363636363636,710.962962962963,769.64229860778,0,432,1306,0.0869565217391304,1,0,0,0,1,0.555555555555556,16.35,8.1516869419771,12,12,15,2665,1553.55774487679,2000,2000,4200
MI,muni,1600000US2670680,,,2049,5565,2.71595900439239,0.48,528.930055401662,1511.29680146932,0,0,921.25,0.173684210526316,0.999511957052221,0.000488042947779405,0,0,1,0.679060665362035,20.6376146788991,12.0354959115105,15,18,25,38597.9380403458,599177.851576113,1000,2000,3000
MI,muni,0600000US2614770700,,,1367,3600,2.63350402340893,0.460815047021944,551.036998972251,855.192959880791,0,0,1000,0.210321324245375,0.998536942209217,0.00146305779078274,0,0,1,0.634743875278397,33.7405063291139,157.493777066087,15,20,25,142940.031578947,1176738.2064282,1000,1800,3500
MI,muni,1600000US2689000,,,711,1827,2.56962025316456,0.614664586583463,414.620626151013,624.467823392051,0,0,800,0.23992673992674,1,0,0,0,1,0.540084388185654,17.8256880733945,24.779832006998,10,15,20,1550.10416666667,1186.08555540254,1000,1200,1800
MI,muni,0600000US2614710820,,,754,1841,2.44164456233422,0.507204610951009,480.681895093063,733.171062653413,0,0,850,0.219224283305228,1,0,0,0,1,0.637466307277628,30.9516728624535,86.9162483252548,12,15,20,1587.6955602537,1518.30775849067,1000,1200,2000
MI,muni,1600000US2611920,,,670,1657,2.47313432835821,0.530179445350734,761.306358381503,673.444973507901,240,600,1000,0.324055666003976,1,0,0,0,1,0.704477611940298,15.0606060606061,48.0000672972917,7,8,10,192053.781779661,1368892.72103082,600,1200,2000
MI,muni,1600000US2617360,,,891,2195,2.4635241301908,0.5,347.46677471637,583.353178716217,0,20,528,0.307210031347962,1,0,0,0,1,0.661781285231116,11.3433333333333,6.6225611821202,8,10,13.25,120824.388415673,1086240.85571914,900,1400,2000
MI,muni,1600000US2617840,,,1322,3276,2.47806354009077,0.506950122649223,322.067055393586,632.138749955813,0,0,468,0.328793774319066,0.994704992435704,0.00529500756429652,0,0,1,0.626047220106626,22.6659836065574,107.352272358577,9,11,15,62684.1119221411,777871.330602257,1200,1700,2425
MI,muni,1600000US2614460,,,787,1968,2.50063532401525,0.448951048951049,337.720198675497,528.321955891709,0,0,600,0.271074380165289,1,0,0,0,1,0.643222506393862,72.3003663003663,293.128694445321,9,10,15,121129.996023857,1086518.18812626,1000,1500,2800
MI,muni,1600000US2652980,,,626,1501,2.39776357827476,0.447236180904523,190.180360721443,434.739320330743,0,0,107.5,0.427145708582834,1,0,0,0,1,0.690705128205128,56.5393258426966,276.797303152165,7,10,11.75,256636.366589327,1578647.00685011,600,1350,2000
MI,muni,0600000US2614953000,,,8,20,2.5,0,91.25,220.482425603493,0,0,25,0.25,1,0,0,0,1,1,,,,,,1300,106.90449676497,1200,1300,1400
MI,muni,1600000US2676960,,,7010,18084,2.57974322396576,0.59562423500612,591.197099381836,727.540509694981,0,332,1000,0.250353273669336,0.998573466476462,0.0014265335235378,0,0,1,0.626079447322971,54.2722695584818,335.106458414828,15,20,25,37483.7374712644,586103.149712532,1500,2500,3900
MI,muni,0600000US2614976980,,,22,67,3.04545454545455,0.526315789473684,748.692307692308,573.778613609724,240,780,1000,0.0769230769230769,1,0,0,0,1,0.454545454545455,14.6666666666667,4.20677663977655,15,15,15.75,2040,704.27267446636,1800,1800,2700
MI,muni,1600000US2679760,,,6623,17213,2.59897327495093,0.586445139003126,396.845833333333,681.52291120199,0,0,720,0.238128986534373,0.998188132266345,0.00181186773365544,0,0,1,0.597849136625265,18.2897727272727,89.7133266950108,10,15,20,96199.1211046364,963540.678317901,1500,2000,3000
MI,muni,0600000US2614949060,,,2,3,1.5,1,0,0,0,0,0,0.5,1,0,0,0,1,0,2,0,2,2,2,,,,,
MI,muni,0600000US2614955780,,,839,2198,2.61978545887962,0.675675675675676,735.402298850575,714.217388096003,18,735,1193.75,0.363636363636364,1,0,0,0,1,0.486842105263158,14.2044334975369,5.86094671063892,10,13,18,198477.552825553,1389588.94787188,1200,1800,2500
MI,muni,0600000US2615511880,,,177,455,2.57062146892655,0.934523809523809,378.6875,528.969232266122,0,60,575,0.382165605095541,1,0,0,0,1,0.587570621468927,12.078125,4.58189912625481,8,12,15,289919.75,1681592.60475002,1000,1200,2000
MI,muni,0500000US26155,,,1599,4444,2.77923702313946,0.566222845129643,720.127041742287,757.313744406778,153,528,1067,0.281381634372367,1,0,0,0,1,0.62941554271034,13.7517605633803,6.25445142916486,10,12,16,165279.559183673,1267668.91969257,700,1500,3000
MI,muni,1600000US2618300,,,367,1014,2.76294277929155,0.572784810126582,834.107438016529,755.504520190017,320,700,1200,0.244186046511628,1,0,0,0,1,0.498637602179837,14.9945652173913,6.61138055290993,10,15,20,1748.63387978142,1348.53982585713,1000,1200,2500
MI,muni,1600000US2623500,,,3027,8301,2.74231912784936,0.609245214879018,520.471673254282,826.865014342298,0,0,936,0.304309969525468,1,0,0,0,1,0.680822826808228,16.5905263157895,6.70103044282136,12,15,20,45906.3557504873,660838.185175485,1200,2000,2800
MI,muni,0600000US2615582040,,,17,47,2.76470588235294,0.5,835.75,1211.47634389541,0,32.5,1338,0.25,1,0,0,0,1,0.411764705882353,24.2,13.9427400463467,8,35,35,3585.71428571429,1763.924196622,1700,5000,5000
MI,muni,1600000US2682020,,,526,1434,2.72623574144487,0.528784648187633,878.932584269663,892.986752456166,200,745,1400,0.281862745098039,1,0,0,0,1,0.621673003802281,20.3165829145729,69.0135784939992,8,10,14,31930.3302752294,552927.429429169,450,1000,2000
MI,muni,1600000US2661940,,,9189,25059,2.72706496898466,0.665618195015727,528.018661403194,747.031073165504,0,175,884,0.233735298496353,1,0,0,0,1,0.605028297779713,36.7648215790953,173.335545686519,12,18,25,90629.2365533369,934563.940696889,1200,2000,3000
MI,muni,0600000US2615570260,,,18,37,2.05555555555556,1,605.222222222222,614.275544397174,100,600,947,0.307692307692308,1,0,0,0,1,0.388888888888889,18.2727272727273,7.68232919225555,13.5,23,23.5,3042.85714285714,427.617987059879,2700,2700,3500
MI,muni,0600000US2615573520,,,544,1306,2.40073529411765,0.5,209.051330798479,503.049253697732,0,0,100,0.241573033707865,1,0,0,0,1,0.664179104477612,10.0355029585799,4.01617783696713,7,10,12,169811.342696629,1288885.85773781,400,1000,2000
MI,muni,0600000US2615553680,,,1,1,1,0,0,,0,0,0,1,1,0,0,0,1,1,,,,,,5000,,5000,5000,5000
MI,muni,0600000US2615563720,,,451,1232,2.73170731707317,0.584269662921348,286.986111111111,519.466001424246,0,0,376,0.259493670886076,1,0,0,0,1,0.660714285714286,40.1854304635762,128.804886241349,6,8,10,136198.148648649,1156425.74868502,600,1000,1300
MI,muni,1600000US2663700,,,435,1074,2.46896551724138,0.527227722772277,415.416666666667,692.572955351888,0,0,601.25,0.271186440677966,1,0,0,0,1,0.818390804597701,12.4683544303797,5.10614371787951,8.5,12,15,142227.483146067,1178206.05094263,1200,1600,2200
MI,muni,1600000US2644200,,,6,13,2.16666666666667,1,450,574.456264653803,0,300,750,0,1,0,0,0,1,0,13.3333333333333,5.16397779494322,10,10,17.5,,,,,
MI,muni,0600000US2615965760,,,450,1126,2.50222222222222,0.491712707182321,323.383720930233,561.163200899041,0,0,500,0.573275862068966,1,0,0,0,1,0.62,28.6666666666667,146.766492066864,8,12,15,252423.390681004,1566538.05413457,700,1200,2160
MI,muni,1600000US2646500,,,643,1675,2.6049766718507,0.507843137254902,272.962151394422,505.247340232612,0,0,439,0.496932515337423,1,0,0,0,1,0.581648522550544,19.7946768060837,73.3587574853864,8,10,12,215241.374331551,1448558.97292066,600,1000,1690
MI,muni,0600000US2615903140,,,10,31,3.1,0.5,209.75,396.463563449224,0,0,172.5,0,1,0,0,0,1,1,,,,,,1240,1084.43533693808,400,400,2500
MI,muni,1600000US2605140,,,1036,2537,2.4488416988417,0.515995872033024,338.808423913044,602.947813072977,0,0,512.5,0.307795698924731,0.998069498069498,0.00193050193050193,0,0,1,0.657281553398058,12.895652173913,5.73094503912365,8,12,15,267452.059084195,1609685.65385575,1000,1500,2500
MI,muni,0600000US2615909240,,,442,1214,2.74660633484163,0.610169491525424,300.39226519337,562.374709464983,0,0,330,0.360881542699725,1,0,0,0,1,0.658371040723982,14.3708609271523,4.71114408474167,10,15,15,1768.12714776632,1114.85619034789,1000,1500,2500
MI,muni,0600000US2615964280,,,456,1087,2.38377192982456,0.773809523809524,282.504451038576,528.780133227039,0,0,400,0.334302325581395,0.989035087719298,0.0109649122807018,0,0,1,0.638157894736842,12.6060606060606,4.72370380943083,9,12,15,1357.73195876289,728.487102796359,1000,1200,1600
MI,muni,1600000US2610180,,,3,6,2,1,240,339.411254969543,120,240,360,0.5,1,0,0,0,1,0,6,0,6,6,6,,,,,
MI,muni,1600000US2621040,,,648,1696,2.61728395061728,0.548013245033113,232,498.394067687996,0,0,200,0.404761904761905,0.996913580246914,0,0,0.00308641975308642,1,0.597523219814242,12.6511627906977,6.05056663621768,8,10,16,1752.94300518135,1063.91550385383,962.5,1600,2500
MI,muni,0600000US2615921060,,,951,2568,2.70031545741325,0.571095571095571,188.560332871013,405.683832192153,0,0,182,0.420249653259362,0.980021030494217,0.0199789695057834,0,0,1,0.604210526315789,10.5940860215054,6.9188026536169,6,10,12,36072.4146341463,589694.130734799,500,1000,1800
MI,muni,1600000US2636960,,,1674,4331,2.58721624850657,0.541612483745124,234.882930513595,460.980250415393,0,0,300,0.442684766214178,0.995221027479092,0.000597371565113501,0.0041816009557945,0,1,0.63016157989228,13.8973063973064,6.73576641702195,10,12,18,201801.890788224,1398371.28504229,1500,2400,3200
MI,muni,1600000US2646440,,,40,78,1.95,0.375,313.103448275862,417.92944934587,0,60,600,0.421052631578947,1,0,0,0,1,0.85,1000,0,1000,1000,1000,1078.82352941176,612.549390492903,625,1200,1500
MI,muni,0600000US2615963000,,,1749,4530,2.59005145797599,0.691421254801537,379.207518796992,681.852197257624,0,0,594,0.217125382262997,0.986849628359062,0.00857632933104631,0.00457404230989137,0,1,0.566609491137793,21.6221264367816,57.9704417270812,12,18,23,1092398.52573158,3116818.93388142,1500,2500,4500
MI,muni,1600000US2662980,,,7,13,1.85714285714286,0.285714285714286,546.142857142857,939.861767951619,0,0,811.5,0.285714285714286,1,0,0,0,1,1,,,,,,80,0,80,80,80
MI,muni,1600000US2674980,,,2324,5775,2.48493975903614,0.604136604136604,400.202266288952,679.153836442784,0,0,720,0.316355404640634,0.975903614457831,0.0236660929432014,0.000430292598967298,0,1,0.634913793103448,103.296341463415,393.20178931084,15,18,25,349016.862864902,1828329.49161593,1500,2500,4000
MI,muni,0500000US26159,,,2179,5369,2.46397430013768,0.665146909827761,437.234657039711,717.417605555397,0,0,720,0.294856459330144,0.989444699403396,0.00826067003212483,0,0.00229463056447912,1,0.556127221702526,76.4504405286344,366.159882132324,12,15,23,835424.158957107,2763118.33602569,1800,3000,4000
MI,muni,1600000US2603000,,,20611,51680,2.50739896171947,0.572561829211386,880.894021739131,1108.55670422554,0,560,1300,0.292564919157276,0.958323225462132,0.0392994032312843,0.000533695599437194,0.00184367570714667,1,0.530211184982401,90.6219616204691,511.971076468802,28,35,50,181820.559561129,1311104.27878421,3800,5500,8000
MI,muni,0600000US2616171940,,,9,27,3,0.25,757.5,493.853892023407,672.5,890,975,0.428571428571429,1,0,0,0,1,0,36.3333333333333,2,35,35,39,,,,,
MI,muni,0500000US26161,,,559,1376,2.46153846153846,0.772,729.818666666667,878.042675666926,0,390,1212.5,0.269662921348315,0.980322003577817,0.0196779964221825,0,0,1,0.399641577060932,34.1503067484663,42.6457910257661,22.5,28,35,49065.1748878924,669370.282156203,2000,4000,6000
MI,muni,1600000US2615020,,,2143,5418,2.52823145123658,0.475152129817444,399.596153846154,671.327525774799,0,0,661.5,0.29882932840419,0.986934204386374,0.0130657956136258,0,0,1,0.60865475070555,69.0762607626076,398.907413717777,14,18,23,736588.430448223,2608501.05750221,1800,2500,4000
MI,muni,1600000US2650660,,,1091,2680,2.45646196150321,0.458624127617149,470.332838038633,680.261836236387,0,100,840,0.265160523186683,1,0,0,0,1,0.645279560036664,81.6806282722513,334.547545893923,10,12,20,129992.0625,1123971.22097137,1400,2000,3000
MI,muni,1600000US2671140,,,1168,3088,2.64383561643836,0.459061637534499,426.642781875659,692.358331335348,0,0,800,0.340694006309148,0.985445205479452,0.0136986301369863,0,0.000856164383561644,1,0.619210977701544,21.5214446952596,7.12184617432573,20,20,25,155013.473684211,1225400.32772757,1500,2500,3500
MI,muni,1600000US2622160,,,1088,2945,2.70680147058824,0.595656670113754,675.186770428016,730.804574200648,0,500,1132.25,0.209476309226933,0.995404411764706,0.00459558823529412,0,0,1,0.507892293407614,19.9754716981132,10.0106447250468,15,20,25,477761.1023766,2129140.01637296,1700,2500,3500
MI,muni,1600000US2689140,,,9034,24339,2.69415541288466,0.66704176044011,817.594627594628,893.547424765434,0,612,1363.75,0.245304043298313,0.871374806287359,0.128625193712641,0,0,1,0.497384529771842,59.7506818181818,302.345325667788,20,25,35,178192.455806668,1309201.65683667,1800,3500,5000
MI,muni,1600000US2628360,,,1469,4096,2.78829135466304,0.662904439428142,561.500904159132,818.814463870495,0,0,1200,0.212669683257919,1,0,0,0,1,0.597527472527473,24.784588441331,9.17954480183624,18,25,30,210851.303448276,1423679.55808358,2500,3500,4800
MI,muni,0500000US26163,,,2146,5557,2.58946877912395,0.703629032258065,569.865500603136,837.963520207732,0,0,1067.5,0.221683827983041,0.977632805219012,0.0223671947809879,0,0,1,0.460727969348659,30.1384615384615,32.5936751358738,20,30,35,76148.2390852391,850070.713606958,1950,2800,4500
MI,muni,1600000US2669180,,,462,1322,2.86147186147186,0.475961538461538,451.970326409496,686.251324275034,0,0,850,0.218934911242604,1,0,0,0,1,0.664502164502165,19.2185430463576,13.0802110277243,12,15,25,2630.94462540717,1335.72827319012,1800,2400,3500
MI,muni,1600000US2632020,,,13,31,2.38461538461538,0.230769230769231,387.333333333333,700.974559690531,0,0,375,0.416666666666667,1,0,0,0,1,1,,,,,,2961.53846153846,923.34397846312,2500,2500,3000
MI,muni,1600000US2621000,,,45600,132191,2.89892543859649,0.658824647703239,730.604475033116,961.870728102261,0,80,1460.75,0.146839826839827,0.999407894736842,0.000175438596491228,0,0.000416666666666667,1,0.598428193990417,125.277749705238,592.180143775798,28,35,40,71381.0641299061,812997.129753488,3000,4500,6000
MI,muni,1600000US2640680,,,7039,21710,3.08424492115357,0.62669864108713,536.357232968881,716.306793864268,0,0,1200,0.1208237024585,0.618837903111237,0.381162096888763,0,0,1,0.677153024911032,18.5123456790123,7.18777862683858,15,17,22,37998.3573680891,596662.878445502,1500,2000,3000
MI,muni,1600000US2686000,,,10,30,3,0.1,411.428571428572,710.291690585133,0,0,630,0,0.5,0.5,0,0,1,0.5,20,0,20,20,20,3500,0,3500,3500,3500
MI,muni,1600000US2601380,,,3461,9445,2.72898006356544,0.778292521508934,820.717427385892,1059.57674698894,0,0,1700,0.120050020842018,1,0,0,0,1,0.808849045691151,33.8573619631902,11.403891772617,25,35,40,36897.8805863425,566175.090893383,3500,5000,5800
MI,muni,1600000US2674960,,,12,30,2.5,1,607.142857142857,839.85542973606,0,0,1125,0.142857142857143,1,0,0,0,1,1,,,,,,3000,1128.15214963553,2000,2500,4500
MI,muni,1600000US2624740,,,14806,44525,3.00722679994597,0.608856366928183,589.158283341024,790.133319214265,0,0,1200,0.136422136422136,0.872686748615426,0.125422126165068,0.00189112521950561,0,1,0.456685947601225,36.8810783572688,150.825074395453,20,25,32,46105.5914170765,655803.915591465,1800,2600,3500
MI,muni,1600000US2668760,,,14470,43207,2.98597097442986,0.557550158394931,568.642272642738,833.428015002553,0,0,1100,0.14135687732342,0.86496199032481,0.134208707671044,0,0.00082930200414651,1,0.461393859221611,33.969783797864,157.676567979704,20,25,32,48270.0546250189,671151.399273829,2000,3000,3800
MI,muni,1600000US2622000,,,1118073,3230083,2.88897326024329,0.634810451164068,641.228027664779,935.567636927464,0,0,1200,0.16123640799015,0.939192700297744,0.0601794337221273,0.000127898625581693,0.000499967354546617,1,0.478153156220071,71.70821148067,392.203705274818,25,30,40,56949.4215168821,723761.679862228,2500,3500,5000
MI,muni,1600000US2631420,,,2823,8312,2.94438540559688,0.596045197740113,631.004926108374,822.617189857533,0,0,1440,0.136710239651416,0.99964576691463,0.000354233085370174,0,0,1,0.848034006376196,22.9417249417249,10.1239448652413,15,20,30,22890.7744360902,456535.176665253,1200,1650,2500
MI,muni,1600000US2635480,,,5801,15921,2.74452680572315,0.618267831149927,895.331913987652,1494.87818978282,0,0,1130,0.256627783669141,0.974314773314946,0.0255128426133425,0,0.000172384071711774,1,0.614436925212563,86.2226294090701,290.578289532162,38,60,100,165807.306410619,1224049.4816226,7500,10000,15000
MI,muni,1600000US2635540,,,12282,34421,2.8025565868751,0.600865800865801,807.349651761381,1372.02398026544,0,0,1100,0.247908898518593,0.989496824621397,0.00960755577267546,8.14199641752158e-05,0.000814199641752158,1,0.600669770481091,98.7626094205919,576.632051619032,35,45,60,103598.838591243,941988.019938812,5900,10000,18000
MI,muni,1600000US2635520,,,4115,12981,3.15455650060753,0.610484927916121,971.828782524896,1524.67534195788,0,70,1196,0.378343949044586,0.977642770352369,0.0221142162818955,0,0.000243013365735115,1,0.799064269884265,68.4681647940075,61.4685431562585,35,48,80,150213.815716487,1115043.80534155,9000,12000,25000
MI,muni,1600000US2635580,,,2734,7481,2.73628383321141,0.832794830371567,835.214392803598,1146.06407085849,0,80,1500,0.127118644067797,0.908558888076079,0.0910753474762253,0.000365764447695684,0,1,0.676481835564054,35.7591687041565,56.3816722853051,20,30,40,66330.1300169587,750133.684067486,5000,6000,8000
MI,muni,1600000US2682453,,,517,1521,2.94197292069633,0.574596774193548,857.022935779817,1418.85916433181,0,0,1020,0.547945205479452,0.970986460348163,0.0290135396518375,0,0,1,0.631782945736434,66.8473684210526,68.0249943826754,30,40,58.75,666488.779141104,2329056.38245603,14000,20000,125000
MI,muni,1600000US2636700,,,380,760,2,0.846796657381616,748.923076923077,883.536278358556,0,520,1325,0.129230769230769,0.984210526315789,0.0157894736842105,0,0,1,0.0526315789473684,27.6883852691218,14.2413971619316,20,30,38,2535,1180.63876555738,1500,2500,3125
MI,muni,1600000US2636280,,,42686,131298,3.07590310640491,0.495414890453058,440.492559567315,609.572903566022,0,0,850,0.165493883033081,0.940964250573959,0.0589888956566556,0,4.68537693857471e-05,1,0.50108567382582,30.5471617381383,135.81150496088,20,24,27,29926.3596156564,521835.077842601,1750,2300,3000
MI,muni,1600000US2638180,,,29814,84482,2.83363520493728,0.62060691601976,656.604660490114,929.155697852116,0,0,1200,0.167595748947263,0.975380693633863,0.0241161870262293,0,0.000503119339907426,1,0.420079577416478,41.8169852897386,149.087704699025,28,35,42,44923.4753000735,630993.254913723,3200,4500,6000
MI,muni,1600000US2647800,,,15101,43260,2.86471094629495,0.663119781275401,655.004210123433,866.947388668491,0,0,1400,0.14823282842717,0.999735116879677,0,0.000264883120323157,0,1,0.64759877610749,32.8830453768749,116.070819918717,20,28,35,37059.6353738702,581052.407009522,2000,3000,4000
MI,muni,1600000US2652940,,,4678,13453,2.87580162462591,0.616487455197133,617.275415896488,815.064567716225,0,0,1200,0.0948275862068965,0.998503634031638,0,0.00149636596836255,0,1,0.615269140038602,34.4194272880404,173.546483246096,20,25,30,222084.76124085,1465374.48723664,1500,2500,3500
MI,muni,1600000US2668880,,,552,1663,3.01268115942029,0.476861167002012,498.923395445135,706.462815643684,0,0,1200,0.0495867768595041,1,0,0,0,1,0.557971014492754,128.139344262295,492.026385514402,20,25,30,3355.68181818182,1523.53155318312,2500,3500,3500
MI,muni,1600000US2680420,,,5250,15812,3.01180952380952,0.629151681827798,701.835705045278,976.813794485669,0,0,1400,0.172936259143156,0.998857142857143,0.000952380952380952,0,0.000190476190476191,1,0.49711093990755,33.0445639646562,166.083215427696,20,25,35,11729.789228981,278214.263676219,2200,3500,5000
MI,muni,1600000US2684940,,,4165,12083,2.90108043217287,0.628952181865691,628.37507788162,871.065522811887,0,0,1260,0.197503900156006,0.999759903961585,0.000240096038415366,0,0,1,0.527866437515345,74.6313052522101,354.988765629147,20,25,35,73696.6093023256,832217.15511019,2500,4000,5000
MI,muni,1600000US2669420,,,15,44,2.93333333333333,1,829,878.53982392503,0,710,1545,0.6,1,0,0,0,1,0.866666666666667,40,0,40,40,40,2984.61538461538,233.973480855395,3000,3000,3200
MI,muni,0600000US2616359000,,,6,12,2,0.5,233.333333333333,382.970843102535,0,0,375,0.333333333333333,1,0,0,0,1,1,,,,,,2150,383.405790253616,1800,2150,2500
MI,muni,1600000US2665060,,,4330,11547,2.66674364896074,0.617026557458426,601.471849865952,897.337161995045,0,0,1137,0.217933491686461,0.999538106235566,0.00046189376443418,0,0,1,0.611380985426787,37.2340298507463,145.088326948331,20,30,35,34308.3321982596,549224.995583546,2500,3500,5000
MI,muni,1600000US2607020,,,1188,3248,2.73400673400673,0.745353159851301,492.565621370499,792.887856481779,0,0,1000,0.270207852193995,1,0,0,0,1,0.635214827295703,56.4665127020785,413.449327822565,18,20,25,56903.3050397878,726626.787164456,2500,3500,4575
MI,muni,1600000US2688900,,,23748,71550,3.01288529560384,0.547529036665908,625.493208589303,853.98436913338,0,0,1279,0.160574486060265,0.999957891190837,4.21088091628769e-05,0,0,1,0.587151689675616,30.3610480709717,83.6928058172503,20,25,35,38165.1213847818,587180.958000681,2200,3000,4400
MI,muni,0600000US2616574220,,,85,254,2.98823529411765,0.25974025974026,257.927272727273,430.151129968055,0,0,374,0.145454545454545,1,0,0,0,1,0.858823529411765,5.91666666666667,1.88092498199125,4,5,8,369.86301369863,221.851383880472,250,300,500
MI,muni,1600000US2612320,,,9751,26935,2.76228079171367,0.551774157554117,392.10332153553,650.306010658703,0,0,625,0.210302142952216,0.999794892831505,0,0.000205107168495539,0,1,0.603599875866349,27.526980784417,156.46497974092,10,14,20,142282.285175664,1176992.42755581,750,1500,2500
MI,muni,0500000US26165,,,11,21,1.90909090909091,0.727272727272727,543.2,990.037126127657,0,0,624,0.3,1,0,0,0,1,0.272727272727273,30,9.25820099772552,20,30,40,3000,0,3000,3000,3000
MI,muni,0600000US2605552480,,,54,140,2.59259259259259,0.54,167.173913043478,427.763761612402,0,0,18.75,0.25531914893617,1,0,0,0,1,0.648148148148148,10.1052631578947,5.3113582364391,5,15,15,746.285714285714,399.728479274191,500,700,1200
MI,muni,1600000US2650880,,,10,30,3,0.5,125,353.553390593274,0,0,0,0.125,1,0,0,0,1,0.5,7,0,7,7,7,6,0,6,6,6
MI,muni,1600000US2674900,,,8,16,2,0.571428571428571,264.166666666667,483.636399236727,0,0,288.75,0.333333333333333,0,1,0,0,1,0.5,12.5,2.88675134594813,10,12.5,15,1000,0,1000,1000,1000
MI,muni,1600000US2629000,,,97584,273280,2.80045909165437,0.629901083161758,653.307441998056,878.449030397649,0,0,1350,0.180063550208828,0.978613297261846,0.0210075422200361,0.000174208886702738,0.000204951631414986,1,0.569211214335169,37.7592485129842,181.340381376503,20,25,30,54292.0558258596,710932.425104824,2000,3000,4000
MI,muni,1600000US2612060,,,67,153,2.28358208955224,0.46031746031746,564.897959183674,703.140314496864,0,0,1000,0.207547169811321,0.985074626865672,0.0149253731343284,0,0,1,0.611940298507463,17.7307692307692,4.7712278697014,15,18,20,2543.90243902439,862.858267761225,2000,2500,3000
MI,muni,0600000US2604955980,,,73,260,3.56164383561644,0.774193548387097,499.363636363636,774.965388301658,0,0,764.5,0.25,1,0,0,0,1,0.465753424657534,63.5384615384615,236.127178728779,23,25,30,2756.17647058824,693.445568010371,2275,2650,3000
MI,muni,0600000US2604956160,,,82,227,2.76829268292683,0.894736842105263,376.982456140351,709.039075369618,0,0,468,0.315789473684211,0.939024390243902,0.0609756097560976,0,0,1,0.426829268292683,17.4468085106383,3.82672814407055,15,15,20,1574.28571428571,796.718585324631,1000,1500,1750
MI,muni,1600000US2682960,,,187,485,2.59358288770054,0.430232558139535,709.339805825243,925.155488292432,0,400,1200,0.169642857142857,1,0,0,0,1,0.663101604278075,32.8064516129032,39.6707096432113,14,25,40,4435.8064516129,4995.12756036803,3000,3750,5000
MI,muni,1600000US2642820,,,150,357,2.38,0.71969696969697,495.336206896552,788.742906743719,0,150,781.5,0.233333333333333,1,0,0,0,1,0.378378378378378,22.0769230769231,9.69447811813024,15.5,24,25,2899.10714285714,1366.86406424702,2000,2700,4000
MI,muni,1600000US2688940,,,105,291,2.77142857142857,0.68421052631579,558.58,634.722632336362,0,475,1000,0.228571428571429,0.952380952380952,0.0476190476190476,0,0,1,0.19047619047619,17.2235294117647,8.33577555249808,12,15,20,2580,1296.79767524711,1500,2000,4000
MI,muni,0600000US2608112240,,,1,1,1,1,0,,0,0,0,0,1,0,0,0,1,0,20,,20,20,20,,,,,
MN,muni,1600000US2701720,,,3948,11063,2.80217831813577,0.634214186369958,423.156810631229,646.088986435523,0,0,778.75,0.293280370738166,0.998480243161094,0,0.00151975683890578,0,1,0.578233034571063,18.8169014084507,21.9574322682416,12,15,22,42902.0101860053,630028.479345588,1500,2500,3800
MN,muni,1600000US2753026,,,253,645,2.54940711462451,0.663461538461538,399.431818181818,547.05620072644,0,22.5,760.5,0.280898876404494,1,0,0,0,1,0.464,15.7238805970149,6.68337831713847,10,15,19,347240.103448276,1832114.95643377,1000,1900,4000
MN,muni,1600000US2730392,,,183,537,2.9344262295082,0.239520958083832,168.348484848485,399.034999801257,0,0,0,0.360902255639098,1,0,0,0,1,0.644808743169399,16.1129032258065,11.7181445947974,8,12,20,510388.033898305,2205784.54974531,1000,2000,2500
MN,muni,1600000US2712700,,,6726,19939,2.96446625037169,0.520195439739414,509.433717870876,704.136948336524,0,0,960,0.153127538586515,0.999702646446625,0.000297353553374963,0,0,1,0.706375336725531,47.6199071686436,243.80718970976,15,22,28,40766.0133474576,616265.256655898,1800,2500,3500
MN,muni,0500000US27053,,,378194,1036599,2.7409186819463,0.581380125671173,596.34248739799,914.361202175079,0,0,1000,0.223646296765865,0.993825920030461,0.00530415606804973,0.000182446046209088,0.000687477855280623,1,0.550585406535325,47.7443815920916,271.704617584668,20,28,38,77993.5873020557,854492.751821024,2600,4000,5000
MN,muni,1600000US2705068,,,6654,18943,2.84685903216111,0.639078221356702,378.772039757995,650.379145378308,0,0,566.25,0.310715763342987,0.993387436128644,0.00240456868049294,0.00420799519086264,0,1,0.605644431029279,30.6431649040345,179.526047833718,10,15,25,348564.691004236,1828411.26246804,600,1500,3500
MN,muni,1600000US2765794,,,13,28,2.15384615384615,1,473.384615384615,792.524504191252,0,0,656,0.230769230769231,1,0,0,0,1,0,24.7692307692308,8.95501578403454,22,25,25,,,,,
MN,muni,0600000US2700746906,,,43,117,2.72093023255814,0.5,534.53125,820.270765067361,0,0,956.25,0.375,1,0,0,0,1,0.86046511627907,12,0,12,12,12,4740.54054054054,2074.77702409191,3500,5000,7000
MN,muni,1600000US2770708,,,5,7,1.4,1,120,268.328157299975,0,0,0,0.6,1,0,0,0,1,1,,,,,,332,181.989010657237,300,300,500
MN,muni,0600000US2700705086,,,8,21,2.625,0.625,71.4285714285714,188.982236504614,0,0,0,0.285714285714286,1,0,0,0,1,1,,,,,,1812.5,258.774584753383,1500,2000,2000
MN,muni,0600000US2700763328,,,160,471,2.94375,0.58041958041958,218.213675213675,466.706007088784,0,0,170,0.273504273504274,0.99375,0,0.00625,0,1,0.64375,11.9824561403509,4.62713745230313,10,10,14,1087.55339805825,990.447222497022,400,750,1550
MN,muni,0600000US2700771590,,,296,941,3.17905405405405,0.647286821705426,248.929292929293,445.256140337365,0,5,336.25,0.338383838383838,1,0,0,0,1,0.628378378378378,10.6272727272727,12.7616534913464,5.25,10,10,1188.19892473118,798.019073265881,600,1000,1500
MN,muni,0600000US2700935522,,,290,994,3.42758620689655,0.593023255813954,236.637755102041,489.516272381436,0,0,272.5,0.316831683168317,1,0,0,0,1,0.53448275862069,88.712962962963,377.058463721524,6,10,13,323943.677419355,1772324.53011396,500,1200,2000
MN,muni,1600000US2756896,,,18242,55793,3.05849139348756,0.542729898892634,461.507704918033,743.245506024801,0,0,750,0.211621724268895,0.999232540291635,0,0.000328911303585133,0.000438548404780178,1,0.527154236060826,34.9944040957257,190.174259447845,15,20,30,111157.211538462,1032251.68280581,2000,3000,4500
MN,muni,1600000US2758684,,,2701,8579,3.17623102554609,0.504128819157721,327.081194342588,551.268346203205,0,0,540,0.151181102362205,1,0,0,0,1,0.571003717472119,13.5530776092774,5.73609279990744,10,12,15,203751.951822917,1406416.18771989,1100,1800,2800
MN,muni,0600000US2701359458,,,4,10,2.5,0,341,574.250816281527,45,82,378,0,1,0,0,0,1,1,,,,,,3000,0,3000,3000,3000
MN,muni,0600000US2701336584,,,207,535,2.58454106280193,0.585106382978723,377,480.170571544923,0,225,483.75,0.436893203883495,1,0,0,0,1,0.560386473429952,6.9875,2.27531469516314,5,6.5,8,173927.293103448,1307141.51756019,1000,1500,2000
MN,muni,0600000US2701353206,,,359,885,2.46518105849582,0.583081570996979,154.308771929825,339.633609690256,0,0,125,0.4,0.997214484679666,0.00278551532033426,0,0,1,0.479108635097493,9.95108695652174,4.03303285423343,8,9,10,1926.74418604651,1084.3301129387,1000,1800,2500
MN,muni,0600000US2701331688,,,319,889,2.78683385579937,0.472027972027972,738.465753424658,591.843144624199,300,500,1000,0.0433070866141732,1,0,0,0,1,0.529780564263323,271.31884057971,805.373205283381,10,10,20,712629.49112426,2575268.35951859,1300,2000,3500
MN,muni,1600000US2739878,,,11952,33222,2.77961847389558,0.654576545765458,604.074650756694,826.205053470664,0,216,1000,0.238292682926829,0.999581659973226,0,0,0.000418340026773762,1,0.5,64.1232774674116,472.691220384624,15,25,35,213342.464050076,1432702.01324009,2000,3500,5000
MN,muni,1600000US2747068,,,3169,8375,2.64278952350899,0.640579710144928,684.093253968254,868.394077531768,0,316,1200,0.348940914158306,1,0,0,0,1,0.572514249525016,27.6233082706767,15.0524609939412,20,27,35,174770.612831858,1298075.97386153,2500,3300,4500
MN,muni,0600000US2701361240,,,6,21,3.5,1,,,,,,1,1,0,0,0,1,1,,,,,,2000,0,2000,2000,2000
MN,muni,0600000US2701340328,,,95,207,2.17894736842105,0.65625,326,735.471853613466,0,0,420,0.397260273972603,1,0,0,0,1,0.273684210526316,12.2307692307692,5.79538941414108,10,10,18,1540522.76923077,3678567.82835134,2000,3000,4000
MN,muni,1600000US2756824,,,242,618,2.55371900826446,0.830357142857143,219.225274725275,465.088667146314,0,0,142.5,0.441988950276243,1,0,0,0,1,0.603305785123967,49.4651162790698,181.854156023247,10,14,20,2163.49315068493,1040.95618673957,1500,2150,3000
MN,muni,0600000US2701366928,,,81,194,2.39506172839506,0.428571428571429,541.764705882353,427.306027545213,250,600,900,0.62962962962963,1,0,0,0,1,0.530864197530864,190.861111111111,461.174410935372,8,13.5,18.5,700999.860465116,2576775.27413262,2000,3000,4000
MN,muni,0600000US2701534442,,,401,1101,2.74563591022444,0.583783783783784,254.108626198083,497.177760305122,0,0,387,0.233974358974359,1,0,0,0,1,0.551122194513716,12.5254237288136,5.29586866920614,8,13,15,183636.162895928,1335782.49786468,1500,2500,4000
MN,muni,1600000US2746042,,,8425,23804,2.82540059347181,0.500512557662737,375.018443702793,616.371280155556,0,0,624,0.271963824289406,1,0,0,0,1,0.596142326584402,37.353310323188,260.556587222796,12,17,25,230947.82857717,1489306.4548698,2300,3500,5000
MN,muni,1600000US2760844,,,2692,7523,2.7945765230312,0.591497227356747,438.693425076453,633.118986572004,0,160,642.5,0.233256351039261,0.99962852897474,0,0,0.00037147102526003,1,0.608532934131737,17.5336538461538,14.8076802288134,10,15,20,33878.6734317343,553676.276952068,1800,3000,4000
MN,muni,1600000US2712394,,,6,13,2.16666666666667,0,390,581.412074178031,0,210,420,0,1,0,0,0,1,1,,,,,,3333.33333333333,1290.99444873581,2500,2500,4375
MN,muni,1600000US2761816,,,2090,6131,2.93349282296651,0.534607438016529,358.176885130374,558.620727766804,0,0,660,0.343441466854725,1,0,0,0,1,0.666182170542636,58.8365243004418,281.443232811301,13,16,25,279724.296,1639316.90046856,2000,3000,4500
MN,muni,0600000US2701765902,,,645,1753,2.71782945736434,0.589225589225589,461.938775510204,747.701251763074,0,0,835.75,0.344689378757515,1,0,0,0,1,0.52093023255814,21.1346801346801,17.550565247944,15,18,25,62212.2797619048,770157.862964823,1500,2000,3500
MN,muni,1600000US2712160,,,7535,20742,2.75275381552754,0.440930364487307,505.568563592732,725.337298539508,0,0,1000,0.193963384463137,0.987790311877903,0,0.0120769741207697,0.00013271400132714,1,0.733521657250471,78.7625570776256,606.370692471764,12,17,25,107479.18466899,1016831.8214294,1700,3000,4000
MN,muni,1600000US2713780,,,1,1,1,1,1124,,1124,1124,1124,0,1,0,0,0,1,0,,,,,,,,,,
MN,muni,1600000US2732966,,,26,62,2.38461538461538,0.653846153846154,109.409090909091,313.546633440691,0,0,0,0.5,1,0,0,0,1,0.615384615384615,5.8,1.68654808542314,5,5,5,2501543.25,4471214.74757578,900,3000,2502999.5
MN,muni,0600000US2701732264,,,91,267,2.93406593406593,0.506172839506173,157.109375,321.79230791696,0,0,58.5,0.328125,1,0,0,0,1,0.831460674157303,53.2,100.40005691518,10,12,25,567.567567567568,562.262578961869,100,450,1000
MN,muni,1600000US2743954,,,665,1980,2.97744360902256,0.67741935483871,308.077405857741,556.689473671275,0,0,476,0.309623430962343,1,0,0,0,1,0.663157894736842,20.8258928571429,9.36078304891836,15,20,30,2881.5873015873,2052.8942367971,1000,2500,4500
MN,muni,0600000US2701760268,,,90,255,2.83333333333333,0.376470588235294,243.094594594595,417.163585039143,0,0,434.75,0.445945945945946,1,0,0,0,1,0.477777777777778,6.02127659574468,1.75064412620448,5,5,7,931.093023255814,860.26127852596,400,1000,1000
MN,muni,0600000US2701914482,,,483,1326,2.74534161490683,0.503401360544218,193.014409221902,380.071992450053,0,0,153.5,0.330459770114943,1,0,0,0,1,0.488612836438923,8.86666666666667,3.95462407870902,6,8,11,298221,1699827.10990021,600,1500,2500
MN,muni,1600000US2710972,,,22,77,3.5,0.142857142857143,306.363636363636,373.544447884659,50,180,362.5,0.133333333333333,1,0,0,0,1,0.75,14,2.23606797749979,15,15,15,3433.33333333333,1015.35825251602,3500,4000,4000
MN,muni,1600000US2712664,,,393,1283,3.264631043257,,708.479041916168,693.520509319854,200,550,955,0.0717703349282297,1,0,0,0,1,0.597964376590331,421.683544303798,924.205943138531,10,11,17,216088.29787234,1445638.65914062,2500,3500,4500
MN,muni,0600000US2701972130,,,11,36,3.27272727272727,0.545454545454545,464,354.265437207753,324,460,600,0,1,0,0,0,1,1,,,,,,1818.18181818182,783.34945180064,1000,2500,2500
MN,muni,0600000US2701929726,,,99,224,2.26262626262626,0.488888888888889,120,324.487450085759,0,0,0,0.41025641025641,1,0,0,0,1,0.484848484848485,13.3725490196078,4.81647499449016,9,15,17,2539.58333333333,1386.21474240348,1425,2000,3500
MN,muni,1600000US2745556,,,119,301,2.52941176470588,0.371428571428571,202.362637362637,391.428538007004,0,0,227.5,0.318681318681319,1,0,0,0,1,0.46218487394958,13.859375,4.12066872173507,11.75,12,18,3227.27272727273,1517.85113033922,1750,3000,4000
MN,muni,1600000US2767036,,,43,145,3.37209302325581,0.361111111111111,924.888888888889,893.504399044074,320,500,1440,0.307692307692308,1,0,0,0,1,0.953488372093023,15,0,15,15,15,3943.90243902439,976.165657172953,3200,3850,5000
MN,muni,1600000US2767432,,,104,317,3.04807692307692,0.32183908045977,443.575757575758,551.559098731894,48,400,525,0.327868852459016,1,0,0,0,1,0.663461538461538,96.0571428571429,350.709947430766,7,8,15,438314.405797101,2053492.63231213,3500,3500,4000
MN,muni,1600000US2768548,,,600,1593,2.655,0.540901502504174,403.785454545455,577.770508395504,0,150,650,0.102189781021898,1,0,0,0,1,0.536666666666667,82.108527131783,379.8066626805,10,15,20,1492350.57142857,3566401.73046466,1200,2000,3500
MN,muni,0500000US27021,,,5,9,1.8,1,335,293.65512652316,180,320,475,0,0.6,0,0.4,0,1,0.4,6,0,6,6,6,150,0,150,150,150
MN,muni,0600000US2702106040,,,241,696,2.88796680497925,0.810185185185185,169.584269662921,308.601375957211,0,0,237.5,0.375,1,0,0,0,1,0.676991150442478,9.125,3.59944244508687,6,8,10,1317.45098039216,980.109103360011,400,1000,2000
MN,muni,0600000US2702153800,,,450,1213,2.69555555555556,0.683698296836983,253.296072507553,493.903477826154,0,0,325,0.336363636363636,1,0,0,0,1,0.584444444444444,11.7540106951872,7.36990556393977,6,10,15,152818.63878327,1226081.43915129,200,400,1000
MN,muni,0600000US2702124686,,,253,769,3.03952569169961,0.491150442477876,239.149425287356,467.733658432747,0,0,314.25,0.312138728323699,0.873517786561265,0.0197628458498024,0.106719367588933,0,1,0.765873015873016,5.55932203389831,2.99004778211548,3,5,10,405,313.664496981515,150,350,500
MN,muni,0600000US2702163958,,,37,87,2.35135135135135,0.540540540540541,207.925925925926,511.6012514213,0,0,66,0.461538461538462,1,0,0,0,1,0.594594594594595,9.53333333333333,4.05086704416768,6.5,7,15,1490.90909090909,644.322524169003,1000,1500,1800
MN,muni,0600000US2702152252,,,254,625,2.46062992125984,0.61864406779661,206.650246305419,375.91152692711,0,0,272.5,0.293532338308458,1,0,0,0,1,0.665354330708662,8.7051282051282,4.17509304464008,5.25,8,10,1146.89940828402,907.337494599882,500,1000,1500
MN,muni,0600000US2702165776,,,828,2584,3.1207729468599,0.832098765432099,408.555555555556,700.162232233335,0,0,700,0,0.985507246376812,0.00483091787439614,0.00966183574879227,0,1,0.66256157635468,16.7088122605364,8.46346667738662,10,15,20,504192.544609666,2184778.38312882,1000,2100,4000
MN,muni,0600000US2702511368,,,7,28,4,1,930,,930,930,930,0,1,0,0,0,1,0,12,0,12,12,12,,,,,
MN,muni,1600000US2737304,,,617,1675,2.71474878444084,0.611486486486487,216.742063492064,448.983775157167,0,0,200,0.241584158415842,1,0,0,0,1,0.53322528363047,14.4185185185185,5.9294825740793,10,15,20,428568.060790274,2020910.46689553,1500,2500,3500
MN,muni,1600000US2756266,,,1003,2571,2.56331006979063,0.502197802197802,294.877734877735,564.976891901334,0,0,400,0.372750642673522,1,0,0,0,1,0.559322033898305,13.3492063492064,6.49898982049277,8,13,16,2381.19429590018,1516.82298372862,1000,2000,3500
MN,muni,0600000US2700337376,,,4,10,2.5,0,0,0,0,0,0,0.666666666666667,1,0,0,0,1,1,,,,,,2000,0,2000,2000,2000
MN,muni,0600000US2702559332,,,143,345,2.41258741258741,0.512,238.558139534884,464.244753010386,0,0,138,0.369047619047619,1,0,0,0,1,0.524475524475525,11.3650793650794,4.97186142626549,8,12,15,268861.813333333,1621556.70759089,1050,2000,3000
MN,muni,1600000US2764318,,,7,16,2.28571428571429,0.5,710,14.142135623731,705,710,715,0.666666666666667,1,0,0,0,1,0.428571428571429,5,0,5,5,5,2000,0,2000,2000,2000
MN,muni,1600000US2703574,,,1093,3018,2.7612076852699,0.537055837563452,233.387484957882,518.769848486404,0,0,180,0.336144578313253,1,0,0,0,1,0.544373284537969,24.2762886597938,113.595583385578,8,12,17,321143.156302521,1759360.82616698,850,1700,3000
MN,muni,1600000US2715976,,,936,2874,3.07051282051282,0.430698739977091,581.426724137931,921.363658012609,0,0,991,0.234104046242775,1,0,0,0,1,0.738247863247863,21.0622406639004,14.1229816242359,12,15,25,2603.22720694645,1267.20810510173,1500,2800,3500
MN,muni,0600000US2702727764,,,973,2808,2.88591983556012,0.560488346281909,280.488095238095,495.150579669287,0,0,400,0.216931216931217,1,0,0,0,1,0.525179856115108,16.0552995391705,40.8048550526589,8,12,15,451820.790606654,2074913.0757919,1000,1800,2500
MN,muni,0600000US2702724542,,,263,750,2.85171102661597,0.536170212765958,231.569948186529,483.031191332939,0,0,275,0.507772020725389,1,0,0,0,1,0.479087452471483,9.36496350364964,4.49325624164369,5,8,10,318690.571428571,1760007.03867482,1000,1200,1500
MN,muni,1600000US2743864,,,5905,17336,2.93581710414903,0.642314990512334,428.59711620017,721.301644279605,0,0,722.75,0.341587301587302,0.998983911939035,0.000338696020321761,0.000508044030482642,0.000169348010160881,1,0.50535590877678,40.0142348754448,235.739923000009,18,25,35,157200.835555556,1230562.29877973,2000,3000,4500
MN,muni,1600000US2724182,,,279,893,3.20071684587814,0.561752988047809,267.655,425.438982244299,0,0,470.5,0.32,0.974910394265233,0.00716845878136201,0.017921146953405,0,1,0.437275985663082,17.5741935483871,11.6752309619229,10,15,20,1455.24590163934,1126.73683238185,600,1200,2875
MN,muni,0600000US2702733812,,,3,6,2,0.333333333333333,133.333333333333,230.94010767585,0,0,200,0.333333333333333,1,0,0,0,1,1,,,,,,7000,0,7000,7000,7000
MN,muni,0600000US2702719052,,,42,116,2.76190476190476,0.25,956,1444.64558184451,201.25,334,975,0.0555555555555556,1,0,0,0,1,0.690476190476191,392.769230769231,935.225654930951,8,14,14,2026.20689655172,1064.75823477547,1500,1500,3000
MN,muni,0600000US2702766154,,,69,185,2.68115942028986,0.636363636363636,230.454545454545,549.219592400465,0,9.5,255,0.333333333333333,1,0,0,0,1,0.608695652173913,8.92592592592593,4.14103225635205,5,7,12,1076.19047619048,817.919586902522,700,700,1500
MN,muni,0600000US2700709082,,,226,601,2.65929203539823,0.525252525252525,207.70987654321,424.347781341174,0,0,183.75,0.422360248447205,1,0,0,0,1,0.786666666666667,7.32608695652174,2.12972974629894,6.25,7,8,648.022598870057,580.591674645966,150,450,1000
MN,muni,1600000US2707300,,,10048,29870,2.97273089171975,0.541382667964947,420.6894881529,687.90555497223,0,0,720,0.194239873750658,0.999701433121019,0.000199044585987261,9.95222929936306e-05,0,1,0.60583720460513,81.3428496595076,378.015071582698,12,16,25,150662.770628438,1208773.38590681,1200,2000,3000
MN,muni,0600000US2703540148,,,14,41,2.92857142857143,0.714285714285714,154.615384615385,385.716117211769,0,0,0,0.153846153846154,1,0,0,0,1,0.571428571428571,15,0,15,15,15,11500.5,9087.41674750626,3000,11500.5,20001
MN,muni,1600000US2704042,,,3,6,2,1,1250,1767.76695296637,625,1250,1875,0,1,0,0,0,1,0,9,0,9,9,9,,,,,
MN,muni,0600000US2703571374,,,1316,3975,3.02051671732523,0.483009708737864,310.029381965552,571.315556109814,0,0,457,0.242669362992922,1,0,0,0,1,0.626153846153846,49.2929936305733,174.487880252646,8,12,16,62856.9545454546,781699.866991918,400,1000,2000
MN,muni,1600000US2713924,,,1746,5147,2.94788087056128,0.626498422712934,350.068992248062,609.937183337816,0,0,548.5,0.231962761830877,1,0,0,0,1,0.567786790266512,25.480109739369,106.814219183441,10,13,18,2012.77040816327,3127.74840992256,700,1450,2500
MN,muni,0600000US2703531202,,,363,1102,3.03581267217631,0.534743202416918,374.759541984733,598.879118573516,0,0,563.75,0.190839694656489,0.988980716253444,0,0,0.0110192837465565,1,0.497109826589595,13.393063583815,6.24558992144568,10,10,15,1808.60465116279,1346.27201338115,1000,1500,2500
MN,muni,0600000US2703515364,,,709,2184,3.08039492242595,0.350724637681159,250.30823117338,496.998012194326,0,0,300,0.1239092495637,1,0,0,0,1,0.643159379407616,51.0434782608696,264.875476296711,5,7,15,198687.921052632,1392285.97668979,500,1500,2000
MN,muni,1600000US2731274,,,455,1292,2.83956043956044,0.380841121495327,355.595041322314,576.500098161105,0,0,569,0.228650137741047,1,0,0,0,1,0.767032967032967,14.43,7.85764120156458,10,10,18.5,2064.51289398281,1473.49432910615,1000,1800,3000
MN,muni,1600000US2720618,,,1414,3837,2.71357850070721,0.517241379310345,275.940520446097,565.527338342171,0,0,300,0.363382899628253,1,0,0,0,1,0.546486870120653,17.8913385826772,9.57532830994453,12,18,25,54801.3948051948,719140.716451925,1600,2500,4000
MN,muni,1600000US2727530,,,4394,13267,3.01934456076468,0.605309734513274,501.994778067885,701.821159790517,0,83,906.75,0.27027027027027,0.997724169321802,0.000227583067819754,0,0.00204824761037779,1,0.58760045924225,113.92992533027,437.945077023384,13,18,25,366013.289957014,1871268.1114694,1500,2500,3500
MN,muni,1600000US2731076,,,275,783,2.84727272727273,0.692857142857143,966.174311926605,789.105492689838,300,900,1508,0.177966101694915,1,0,0,0,1,0.581818181818182,26.0956521739131,13.5504087547873,15,20,35,127427.1,1114238.99218539,1600,2500,3125
MN,muni,1600000US2735180,,,234,705,3.01282051282051,1,795.428571428572,727.563060417914,240,600,1200,0.162162162162162,1,0,0,0,1,0.504273504273504,297.810810810811,763.09348305569,15,20,28,595347.338983051,2371801.39077855,1500,2000,3000
MN,muni,0600000US2703753116,,,228,621,2.72368421052632,0.599033816425121,367.041666666667,604.015360019694,0,0,555,0.351190476190476,1,0,0,0,1,0.548245614035088,14.1650485436893,4.98841223389442,10,15,20,322759.696,1766578.94936993,2000,3000,4000
MN,muni,1600000US2761492,,,9582,27487,2.86860780630349,0.577560065313739,795.219160104987,830.543189289199,0,695.5,1390,0.120156356220258,0.999895637653934,0.00010436234606554,0,0,1,0.652265321139493,45.6442663378545,269.379576049114,16,23,30,171316.135535858,1283357.83515981,2500,3500,4500
MN,muni,1600000US2769700,,,4039,11033,2.73161673681604,0.456839690278176,639.791177516898,844.569391096819,0,15,1200,0.136731937879811,0.999752413963852,0.000247586036147561,0,0,1,0.731695209729462,30.5895032802249,107.589433117795,18,25,35,41272.5637720488,609570.164721721,2800,4000,5000
MN,muni,1600000US2758000,,,196383,550544,2.80341984795018,0.52691168499833,592.162482090012,893.907156160903,0,0,1000,0.207314449623521,0.992667389743511,0.00681830912044322,6.61971759266332e-05,0.000448103960118748,1,0.580637144499154,88.2952046139796,462.716780894431,20,26,38,90409.4276568045,924192.246622571,2500,3600,5000
MN,muni,1600000US2741696,,,172,471,2.73837209302326,0.56875,602.96,838.846619837562,0,0,1200,0.16,1,0,0,0,1,0.593023255813954,26.8115942028986,8.36005094678897,20,26,35,493334.215686275,2169036.01218251,2500,3150,4000
MN,muni,0600000US2703927890,,,4,10,2.5,1,,,,,,0,1,0,0,0,1,0,5,0,5,5,5,,,,,
MN,muni,0600000US2703940004,,,477,1307,2.74004192872117,0.645739910313901,210.134831460674,467.578736393149,0,0,140,0.476056338028169,1,0,0,0,1,0.450733752620545,10.4440154440154,5.01159052873113,7,10,12,1231.76279069767,1003.61365975571,375,1000,2000
MN,muni,0600000US2703912934,,,734,1971,2.68528610354223,0.326454033771107,572.33023255814,539.452091163952,125,480,836,0.311418685121107,1,0,0,0,1,0.581743869209809,153.173333333333,927.605146410753,10,15,19,95689.5128805621,964258.515221719,1000,2000,3000
MN,muni,1600000US2700928,,,4618,12576,2.72325682113469,0.645355570998379,333.44065838868,599.563989363286,0,0,500,0.283737024221453,0.998917280207882,0.00021654395842356,0.00086617583369424,0,1,0.508519583978757,66.5539305301645,370.607046993574,12,18,30,98480.6422976501,973693.600484717,1500,2500,4000
MN,muni,0600000US2704100946,,,10,31,3.1,0.5,258.75,507.780534708226,0,0,222.5,0.125,1,0,0,0,1,0.4,15,0,15,15,15,2000,0,2000,2000,2000
MN,muni,0600000US2704130374,,,6,21,3.5,0,0,0,0,0,0,0,1,0,0,0,1,1,,,,,,1800,0,1800,1800,1800
MN,muni,0600000US2704133992,,,1,1,1,0,0,,0,0,0,1,1,0,0,0,1,1,,,,,,4500,,4500,4500,4500
MN,muni,0600000US2704107354,,,86,241,2.80232558139535,0.746835443037975,293.123287671233,461.167146885832,0,0,400,0.26027397260274,1,0,0,0,1,0.406976744186047,192.529411764706,708.958993255355,10,15,20,1716034.65714286,3823044.67884395,2000,2500,3000
MN,muni,0600000US2704104924,,,40,95,2.375,0.358974358974359,175.75,453.903428694524,0,0,0,0.375,1,0,0,0,1,0.775,9.11111111111111,1.05409255338946,8,10,10,1710.32258064516,1362.52580127489,1200,1500,1750
MN,muni,0600000US2704138510,,,409,1036,2.53300733496333,0.446524064171123,268.349845201238,569.670122119539,0,0,250,0.347826086956522,1,0,0,0,1,0.506112469437653,11.6980198019802,4.52333870876732,8,10,15,1841.27536231884,1279.08063028058,1000,1500,2500
MN,muni,0600000US2704545466,,,9,25,2.77777777777778,1,0,0,0,0,0,0.428571428571429,1,0,0,0,1,0.555555555555556,20,0,20,20,20,4500,0,4500,4500,4500
MN,muni,1600000US2762104,,,2068,5284,2.55512572533849,0.609375,370.732615083252,599.061481675604,0,0,580,0.651531151003168,1,0,0,0,1,0.546426835196889,22.6341991341991,180.552385711872,10,15,20,46906.6459074733,665614.4959314,1200,2000,3500
MN,muni,0600000US2704521068,,,486,1250,2.57201646090535,0.432367149758454,141.277258566978,396.568863518634,0,0,42,0.25,1,0,0,0,1,0.487654320987654,46.5826446280992,309.161044170851,8,12,16,1479.6835443038,1356.36431606926,600,1200,1800
MN,muni,1600000US2700694,,,11836,32284,2.72761067928354,0.642656218605586,659.980012690355,771.072707349503,0,425,1170,0.257061446977205,0.998310239945928,0.000506928016221697,0,0.00118283203785063,1,0.532193244976486,59.9406572769953,307.345420043282,16,24,30,212401.381105399,1429657.35403205,2500,3500,4500
MN,muni,0600000US2704700712,,,11,26,2.36363636363636,0.625,284.166666666667,396.237512947306,0,125,403.75,0.166666666666667,1,0,0,0,1,0.363636363636364,26.7142857142857,5.34522483824849,21,31,31,4000,0,4000,4000,4000
MN,muni,0600000US2704744404,,,19,37,1.94736842105263,0.882352941176471,852.888888888889,854.570132353753,0,936,1500,0,1,0,0,0,1,0.294117647058824,24.6,10.112698288126,15,30,31.5,5700,273.861278752583,5500,5500,6000
MN,muni,1600000US2739716,,,8,12,1.5,0.75,440,629.466894624786,0,0,940,0.25,1,0,0,0,1,0.5,39,1.15470053837925,38,39,40,2000,0,2000,2000,2000
MN,muni,0600000US2704700856,,,2,3,1.5,,,,,,,,1,0,0,0,1,1,,,,,,5000,0,5000,5000,5000
MN,muni,0600000US2704703934,,,14,31,2.21428571428571,1,900,516.913919332803,700,720,800,0.555555555555556,1,0,0,0,1,0.857142857142857,12,0,12,12,12,2383.33333333333,748.128979319054,2175,2500,3000
MN,muni,1600000US2727404,,,4,10,2.5,0,0,0,0,0,0,0.25,1,0,0,0,1,1,,,,,,3000,0,3000,3000,3000
MN,muni,1600000US2709730,,,12,46,3.83333333333333,1,270,289.309522829789,105,150,375,0,1,0,0,0,1,1,,,,,,6666732,4923560.1812486,200,9999998,9999998
MN,muni,0600000US2704932858,,,1181,2967,2.51227773073666,0.558096980786825,270.867535287731,533.242965912254,0,0,280,0.401081081081081,1,0,0,0,1,0.592183517417162,20.2776617954071,79.9448563999852,10,15,20,103668.530846485,997495.894757046,2000,3000,4000
MN,muni,1600000US2732840,,,8,20,2.5,0,171.428571428571,453.557367611073,0,0,0,0.142857142857143,1,0,0,0,1,1,,,,,,4250,267.261241912424,4000,4250,4500
MN,muni,0600000US2710945610,,,948,2383,2.51371308016878,0.580941446613088,843.185483870968,1598.43089996867,180,522.5,1005,0.37444279346211,1,0,0,0,1,0.540084388185654,30.4326923076923,175.898794254548,10,12,18,256838.763671875,1574150.17610717,2000,3000,4000
MN,muni,1600000US2753620,,,8945,22546,2.52051425377306,0.52089552238806,592.700456447318,750.003132986786,0,350,1000,0.224067690379191,0.999664617104528,0.000111794298490777,0.000111794298490777,0.000111794298490777,1,0.578876555667676,60.9961811238407,400.626138160629,14,18.5,25,214337.694363742,1437236.34417947,2000,3000,4000
MN,muni,1600000US2772328,,,1245,3094,2.485140562249,0.531858407079646,235.40101010101,484.046446516476,0,0,200,0.346346346346346,1,0,0,0,1,0.54317998385795,24.1702508960574,89.2655331862065,12,18,25,166328.303120357,1268545.84006827,2000,3000,4000
MN,muni,0600000US2711117396,,,1,1,1,1,0,,0,0,0,0,1,0,0,0,1,,,,,,,,,,,
MN,muni,1600000US2709226,,,1826,5017,2.74753559693319,0.523780854906683,244.319942611191,522.565623439639,0,0,279.25,0.339702760084926,1,0,0,0,1,0.577704557935201,16.3368841544607,7.2575265124257,10,15,22,230748.406844107,1493403.06301007,1500,2500,3500
MN,muni,0600000US2705529528,,,519,1343,2.58766859344894,0.474468085106383,218.815789473684,459.405883124327,0,0,181.25,0.280839895013123,1,0,0,0,1,0.601156069364162,11.4019607843137,4.59547818857905,8,12,14,1522.1217948718,1238.54991107521,700,1200,2000
MN,muni,0600000US2705530248,,,748,1881,2.51470588235294,0.340751043115438,251.919491525424,465.874204931946,0,0,350,0.425887265135699,1,0,0,0,1,0.664864864864865,19.4475806451613,54.8849853198142,8,12,16.25,43347.7418699187,636758.720819414,1800,2500,3300
MN,muni,0600000US2705533884,,,9,21,2.33333333333333,0.571428571428571,315.6,478.034308392191,0,0,500,0,1,0,0,0,1,0.777777777777778,10,0,10,10,10,3142.85714285714,243.975018237133,3000,3000,3250
MN,muni,0600000US2706734694,,,249,708,2.8433734939759,0.515837104072398,326.497076023392,538.037691378904,0,0,510,0.339181286549708,1,0,0,0,1,0.614457831325301,10.75,4.22772801993297,8.75,10,15,1642.67973856209,971.624390373334,1000,1500,2650
MN,muni,0600000US2706745700,,,25,54,2.16,0.869565217391304,560,662.799905164232,0,378.5,895,0.363636363636364,1,0,0,0,1,0.68421052631579,12.5,2.73861278752583,10,12.5,15,3080768.61538462,4801175.42135961,7000,7000,9999998
MN,muni,0600000US2706718242,,,6,21,3.5,0,241,340.825468531916,120.5,241,361.5,0,1,0,0,0,1,1,,,,,,500,0,500,500,500
MN,muni,1600000US2770420,,,7055,18718,2.65315379163714,0.632776230269267,464.786274867677,771.943924248851,0,0,720,0.282069970845481,0.999858256555634,0.000141743444365698,0,0,1,0.490701001430615,50.3213578500707,328.892918816988,15,23,30,18070.7889212828,381450.632634429,2000,3300,4500
MN,muni,0600000US2707911890,,,7,28,4,1,1400,,1400,1400,1400,0,1,0,0,0,1,1,,,,,,1000,0,1000,1000,1000
MN,muni,0600000US2707919178,,,366,991,2.70765027322404,0.527377521613833,541.177215189874,490.85385467946,150,378,790,0.29940119760479,1,0,0,0,1,0.704918032786885,105.647619047619,425.636197603802,8,10,13,427801.290697674,2023964.27116126,700,1245,2500
MN,muni,0600000US2707932480,,,24,72,3,0.409090909090909,282.631578947368,455.165929515614,0,0,600,0.2,1,0,0,0,1,0.333333333333333,203.125,165.246028696607,103.75,135,400,1750,267.261241912424,1500,1750,2000
MN,muni,0600000US2707933128,,,81,191,2.35802469135802,0.2375,769.894736842105,741.078635408989,209,495,990,0.106060606060606,1,0,0,0,1,0.506172839506173,15.75,15.697051821837,9.5,10,15,1921.9512195122,621.897176035537,1500,2000,2000
MN,muni,1600000US2736134,,,1168,3131,2.68065068493151,0.457070707070707,563.395789473684,567.402192526166,125,500,790,0.0897703549060543,1,0,0,0,1,0.674657534246575,17.8105263157895,6.02421627934359,15,17,20.5,357898.19035533,1851909.16007023,1660,3000,3500
MN,muni,1600000US2736746,,,2246,5932,2.64113980409617,0.539892315222712,489.432409739715,754.732339615397,0,140,800,0.357979051139864,1,0,0,0,1,0.586714222024075,167.009814612868,991.162659721319,12,18,25,10655.2492401216,275583.385263521,1600,3000,3800
MN,muni,0600000US2707943756,,,799,2197,2.74968710888611,0.421555252387449,238.656987295826,501.199474298859,0,0,265,0.243682310469314,1,0,0,0,1,0.668335419274093,13.4236641221374,6.67125511132029,10,12,15,2861.90074906367,1713.81274344273,1500,2800,3500
MN,muni,1600000US2743738,,,841,2100,2.49702734839477,0.320924261874198,208.247097844113,410.731577644639,0,0,300,0.238853503184713,1,0,0,0,1,0.751486325802616,18.1553398058252,58.09231631851,8,10,15,2654.79430379747,1439.21332032253,1500,2500,3500
MN,muni,1600000US2745808,,,1601,4675,2.92004996876952,0.362745098039216,466.589565217391,593.923839211705,0,260,720,0.116724738675958,1,0,0,0,1,0.707379134860051,105.809954751131,516.137688471564,10,15,20,326093.521582734,1770281.91750558,1500,2100,3000
MN,muni,1600000US2768584,,,1448,3724,2.57182320441989,0.484186746987952,249.706532663317,484.073188078036,0,0,360,0.323790720631787,1,0,0,0,1,0.650310988251555,18.3313253012048,40.2168250956643,10,12,15.75,416434.30074389,1993825.10926569,1200,1800,3000
MN,muni,0600000US2708355042,,,591,1592,2.69373942470389,0.558558558558559,241.220253164557,568.146777699291,0,0,36,0.362944162436548,1,0,0,0,1,0.580372250423012,170.610655737705,574.265155817763,10,12,15,643430.227405248,2453067.19898123,1500,2000,3000
MN,muni,0600000US2708338438,,,14,36,2.57142857142857,0.538461538461538,307.636363636364,529.831534117643,0,0,492,0.25,1,0,0,0,1,1,,,,,,1971.42857142857,518.026686910673,2000,2000,2000
MN,muni,1600000US2740688,,,4048,11101,2.7423418972332,0.728583310230108,395.061701464631,702.942558078061,0,0,600,0.24013357619915,1,0,0,0,1,0.437391087876525,130.5671918443,618.489482183954,16,25,30,385106.580535003,1914972.06640396,2500,3750,5000
MN,muni,1600000US2743126,,,52,150,2.88461538461538,0.5625,227.447368421053,467.625670194997,0,0,220.5,0.342857142857143,1,0,0,0,1,0.288461538461538,16.5675675675676,5.64476424338195,12,15,23,2526.66666666667,725.521159154544,2000,3000,3000
MN,muni,1600000US2765308,,,3000,8598,2.866,0.72455308281649,384.711807228916,665.634060746448,0,0,560,0.187257856220405,0.999666666666667,0,0,0.000333333333333333,1,0.500333555703803,44.0804054054054,232.046781660095,13.75,20,25,96549.3913333333,961583.092375387,2000,3000,4500
MN,muni,0600000US2708563436,,,4,10,2.5,1,556.75,419.907430274817,450,603.5,710.25,0,1,0,0,0,1,0,15,0,15,15,15,,,,,
MN,muni,1600000US2723948,,,2346,6318,2.69309462915601,0.53267512929008,297.72507204611,558.039431258501,0,0,420,0.393433179723502,1,0,0,0,1,0.587532023911187,47.1460554371002,254.937845796217,12,16,25,344309.143895349,1816468.10609032,1500,2500,4000
MN,muni,1600000US2730644,,,3750,10047,2.6792,0.615532734274711,280.321034482759,556.553414674912,0,0,370,0.354352296093215,1,0,0,0,1,0.556802993851911,31.1559405940594,192.003200281266,10,15,25,377712.133941431,1898337.86011928,2000,3000,4000
MN,muni,0600000US2708526540,,,13,28,2.15384615384615,0.230769230769231,357.583333333333,541.454515563627,0,62.5,463.5,0.166666666666667,1,0,0,0,1,0.769230769230769,10.6666666666667,6.35085296108588,7,7,12.5,1520,731.512891965078,900,1250,2275
MN,muni,1600000US2771086,,,638,2034,3.18808777429467,0.477148080438757,267.089935760171,471.987365762333,0,0,377.5,0.35181236673774,1,0,0,0,1,0.636952998379254,14.9732142857143,6.51381398120014,10,12,17,2494.79643765903,1203.8399273581,1500,2500,3500
MN,muni,0600000US2700705284,,,183,520,2.84153005464481,0.579881656804734,195.062068965517,375.611265152656,0,0,220,0.462068965517241,1,0,0,0,1,0.796703296703297,9.67567567567568,3.605967693006,7,8,13,853.793103448276,567.58451275451,500,750,1000
MN,muni,1600000US2706814,,,61,159,2.60655737704918,0.660714285714286,77.1739130434783,191.807230120687,0,0,0,0.446808510638298,1,0,0,0,1,0.524590163934426,6.96551724137931,1.84163666768544,6,6,7,1534.375,769.419292965219,500,1800,2200
MN,muni,0600000US2709517810,,,37,147,3.97297297297297,0,36.6315789473684,109.725015139522,0,0,0,0.526315789473684,0,0,1,0,1,0.378378378378378,,,,,,9999998,0,9999998,9999998,9999998
MN,muni,0600000US2709507012,,,1196,3074,2.57023411371238,0.582955575702629,330.46455026455,598.449321253279,0,0,480,0.347089947089947,1,0,0,0,1,0.639632107023411,15.6125290023202,7.56372806187031,10,13,20,54671.4928104575,721508.486210294,1500,2000,3200
MN,muni,1600000US2752522,,,1444,4069,2.81786703601108,0.622088655146506,221.764492753623,426.42103826499,0,0,310.5,0.365454545454546,1,0,0,0,1,0.504929577464789,31.2781844802343,350.897991595549,7,10,15,1577.45467224547,1377.10693313008,500,1200,2000
MN,muni,0600000US2709531490,,,33,100,3.03030303030303,0.84,131.894736842105,268.33931561382,0,0,0,0.315789473684211,1,0,0,0,1,0.242424242424242,5.88,1.5088627063675,5,5,8,400,207.019667802706,300,300,400
MN,muni,0600000US2709900208,,,154,469,3.04545454545455,0.402985074626866,276.72,555.188385172369,0,0,270,0.277227722772277,1,0,0,0,1,0.675324675324675,19.98,27.4244714197569,8,15,15,2353.07692307692,1647.99264592282,1225,2000,2800
MN,muni,1600000US2702908,,,18020,51036,2.83218645948946,0.687982359426681,689.717788255465,842.417742692381,0,240,1300,0.167351635706066,0.999112097669256,0.000110987791342952,0,0.000776914539400666,1,0.559570641789367,97.1638447512373,556.034046032183,20,25,35,110095.259013759,1025955.22013917,2500,3500,4500
MN,muni,1600000US2740346,,,55,119,2.16363636363636,0.796296296296296,721.54,1046.94128268387,0,84.5,1305,0.0784313725490196,1,0,0,0,1,0.37037037037037,26.1470588235294,12.4173201445478,20,27.5,35,4850,3240.77638521194,3500,4500,6500
MN,muni,0600000US2709953584,,,80,199,2.4875,0.73972602739726,238.233333333333,497.221751391165,0,0,150,0.4,1,0,0,0,1,0.4,13.2291666666667,4.09067222969283,10,12,15,1559.375,333.949363555846,1400,1400,2000
MN,muni,0600000US2709936638,,,185,489,2.64324324324324,0.603448275862069,306.770833333333,623.779588546638,0,0,197.25,0.451388888888889,1,0,0,0,1,0.654054054054054,15.0625,7.01670342711782,10,15,20,2469.17355371901,1096.06366662469,1800,2250,3500
MN,muni,0600000US2709938672,,,507,1363,2.68836291913215,0.990654205607477,579.165680473373,605.226086056881,0,400,960,0.309677419354839,1,0,0,0,1,0.613412228796844,80.758064516129,445.938133646502,10,13,16,34228.1221864952,566931.056826192,1425,1800,2800
MN,muni,0600000US2709970816,,,49,144,2.93877551020408,1,674.857142857143,872.558735703647,0,310,1023.75,0.538461538461538,1,0,0,0,1,0.551020408163265,7.95454545454545,2.86983113369598,7,7,10,3059.25925925926,876.294321499197,2500,3000,4000
MN,muni,0600000US2710324902,,,385,984,2.55584415584416,0.479041916167665,275.982876712329,492.386177174084,0,0,425,0.31864406779661,1,0,0,0,1,0.605194805194805,13.9565217391304,8.39522767216037,8,12,18,3236.82403433476,1310.22775360485,2500,3000,4000
MN,muni,1600000US2758036,,,5772,11521,1.99601524601525,0.575824175824176,445.904761904762,661.038542205416,0,0,840,0.307404637247569,0.992896742896743,0.00693000693000693,0.000173250173250173,0,1,0.339868147120056,45.9632760898283,317.410736355509,10,10,15,212357.53496682,1431386.43072363,2000,3000,4000
MN,muni,1600000US2700262,,,31,55,1.7741935483871,0.689655172413793,264.703703703704,457.555361494004,0,0,402,0.444444444444444,1,0,0,0,1,0.354838709677419,10,3.87977210399623,8,8,14,910290.727272727,3014714.94092324,800,1500,2000
MN,muni,0600000US2710505662,,,244,672,2.75409836065574,0.55,226.899371069182,488.990437572737,0,0,237.5,0.471698113207547,1,0,0,0,1,0.5,12.5491803278689,3.66602101281303,10,12,15,1737.62295081967,734.048046346382,1200,1800,2500
MN,muni,0600000US2710570600,,,249,737,2.95983935742972,0.618421052631579,240.586206896552,414.839972261843,0,0,400,0.28,1,0,0,0,1,0.614457831325301,258.927083333333,558.520418413766,12,15,108,1592.02614379085,904.494158921179,1000,1500,2000
MN,muni,1600000US2771734,,,5876,16166,2.75119128658952,0.698035547240412,415.152666514076,668.121468725173,0,0,700,0.231789568345324,0.999659632402995,0,0,0.000340367597004765,1,0.550299914310197,43.9564211338218,269.757125327515,15,25,30,119012.506384304,1067007.00841606,2000,3500,5000
MN,muni,0600000US2710538204,,,2,3,1.5,0,0,0,0,0,0,0.5,1,0,0,0,1,1,,,,,,5000,0,5000,5000,5000
MN,muni,1600000US2711008,,,154,520,3.37662337662338,0.618055555555556,173.72641509434,356.766310950082,0,0,174,0.194444444444444,1,0,0,0,1,0.474025974025974,12.7088607594937,4.16071954678877,10,12,15,1692,1214.73051423854,1000,1500,2000
MN,muni,1600000US2754880,,,19624,58433,2.97762943334692,0.71610293686617,614.472603773585,880.17904858229,0,286.5,960,0.264539691289967,0.99933754586221,0.000458622095393396,0,0.000203832042397065,1,0.552482715273413,84.1368194842407,462.444360987932,20,30,40,110716.225445582,1019918.98140386,3000,4000,6000
MN,muni,0600000US2710940616,,,13,51,3.92307692307692,1,95,245.356882927706,0,0,15,0.5,1,0,0,0,1,0,36.9230769230769,2.53184841770917,35,35,40,,,,,
MN,muni,1600000US2762806,,,798,2126,2.66416040100251,0.590540540540541,231.464052287582,506.026933372245,0,0,200,0.365415986949429,1,0,0,0,1,0.567669172932331,28.3913043478261,154.682064904874,10,15,15,289270.273730684,1671002.66697019,1500,2000,3000
MN,muni,0600000US2711120024,,,16,64,4,1,50,122.474487139159,0,0,0,0.666666666666667,1,0,0,0,1,0.875,7,0,7,7,7,1314.28571428571,561.395435646599,1000,1000,1525
MN,muni,0600000US2711106796,,,119,394,3.3109243697479,0.431192660550459,106.772727272727,204.622092226033,0,0,136.25,0.522727272727273,1,0,0,0,1,0.663865546218487,88.45,305.828253293937,7,8,12,507328.886075949,2206246.16937446,600,1200,1500
MN,muni,0600000US2711146240,,,165,418,2.53333333333333,0.670967741935484,129.975409836066,296.173125133736,0,0,122.5,0.393700787401575,1,0,0,0,1,0.593939393939394,19.1194029850746,76.175340475825,5,5,6,204837.816326531,1421078.76072733,200,500,1300
MN,muni,1600000US2715184,,,270,785,2.90740740740741,0.622489959839357,189.222826086957,400.734488664358,0,0,100,0.408602150537634,1,0,0,0,1,0.483271375464684,7.86178861788618,3.38590425060952,5,7,10,764.5,679.069372876067,120,600,1000
MN,muni,0600000US2711162554,,,8,21,2.625,0,333.333333333333,577.350269189626,0,0,500,0.25,1,0,0,0,1,0.625,12,0,12,12,12,3200,0,3200,3200,3200
MN,muni,1600000US2720906,,,6412,18554,2.89363693075484,0.567334254143646,428.359940505702,675.015619175598,0,0,720,0.323080377189044,0.994853399875234,0.00514660012476606,0,0,1,0.555101399151077,92.6142804563857,512.653156024763,13,20,30,192576.739733786,1364159.49264139,1700,2900,4000
MN,muni,0600000US2711118584,,,113,306,2.70796460176991,0.467889908256881,222.828571428571,377.544659856732,0,0,341.25,0.383720930232558,1,0,0,0,1,0.690265486725664,244.685714285714,341.097689252574,6,12,600,257350.717948718,1590695.85818114,700,1000,1500
MN,muni,0600000US2711146006,,,765,2028,2.65098039215686,0.712,269.541425818883,453.009530654268,0,0,408,0.249520153550864,1,0,0,0,1,0.576470588235294,37.1125,246.602735050058,6,8,12.25,115515.10430839,1059715.14900217,1000,2000,3000
MN,muni,1600000US2749210,,,254,811,3.19291338582677,0.432314410480349,179.426136363636,406.555489375754,0,0,180,0.428571428571429,1,0,0,0,1,0.654761904761905,14.0114942528736,21.2966283240752,5,8,10,1736.43636363636,1992.21074434637,900,1000,2000
MN,muni,0600000US2711150110,,,1534,4353,2.83767926988266,0.524187725631769,227.072999120493,473.138882609388,0,0,225,0.363404255319149,0.999348109517601,0,0.000651890482398957,0,1,0.476501305483029,83.3969849246231,736.585508964204,8,12,17,262523.484931507,1592891.39775467,1500,2000,3000
MN,muni,1600000US2750470,,,251,702,2.79681274900398,0.333333333333333,229.119170984456,505.574375602617,0,0,39,0.207253886010363,1,0,0,0,1,0.729083665338646,15.0294117647059,7.14867817493659,10,12,22,3234.4262295082,1995.9961499254,1500,3000,5000
MN,muni,0600000US2711115076,,,5,15,3,0,96.4,114.266355503271,0,60,156,0,1,0,0,0,1,1,,,,,,600,0,600,600,600
MN,muni,0600000US2711163688,,,353,1015,2.87535410764873,0.447204968944099,190.857142857143,397.113945218026,0,0,212.5,0.297619047619048,1,0,0,0,1,0.504249291784703,15.2742857142857,37.8500394240304,8,10,15,395037.056179775,1948812.25318192,1000,2000,2500
MN,muni,1600000US2713870,,,6677,20600,3.08521791223603,0.54812661498708,402.529128248114,693.503560042099,0,0,617.75,0.272592905405405,1,0,0,0,1,0.573168851195066,23.2716678805535,52.8021337806448,15,20,25,158536.038202852,1239228.60126104,1200,2000,3500
MN,muni,1600000US2717612,,,3362,10271,3.05502676977989,0.838495575221239,640.681202121391,800.520535446278,0,350,1040,0.301992846193153,0.99970255800119,0,0.000297441998810232,0,1,0.549804393620223,149.231358885017,591.914589180595,12,20,28,681305.799124247,2515229.63343075,1500,2500,4000
MN,muni,0600000US2711923156,,,726,2087,2.87465564738292,0.584569732937685,211.670886075949,444.332319698196,0,0,240,0.313296903460838,1,0,0,0,1,0.446280991735537,16.1649746192893,12.8819534349263,10,15,20,33296.512345679,555422.449229276,1200,2500,3500
MN,muni,0600000US2711955564,,,899,2484,2.76307007786429,0.627620221948212,227.377110694184,541.436354122366,0,0,200,0.255747126436782,0.997775305895439,0,0.00222469410456062,0,1,0.566815144766147,110.101796407186,330.189592179327,9,15,25,1101841.22003929,3131641.63731707,650,2000,3000
MN,muni,0600000US2704129798,,,32,89,2.78125,0.678571428571429,129.6,234.664015136535,0,0,225,0.55,1,0,0,0,1,0.172413793103448,11.125,2.64266828265939,10,12,12,4500,0,4500,4500,4500
MN,muni,1600000US2758648,,,2161,6215,2.87598334104581,0.614169459071326,270.468689477082,525.709938181691,0,0,320,0.277885235332044,1,0,0,0,1,0.480373831775701,53.068870523416,425.859453041891,10,15,20,255083.300583658,1570515.92398832,1100,2000,3000
MN,muni,1600000US2745430,,,1558,4653,2.98652118100128,0.527950310559006,371.203821656051,599.867349095848,0,0,624.25,0.248681235870384,0.992297817715019,0.00641848523748395,0,0.00128369704749679,1,0.432170542635659,45.22107674685,282.72393968149,15,18,25,466103.35426009,2103128.75562168,1500,2500,3500
MN,muni,1600000US2755852,,,275,714,2.59636363636364,0.584615384615385,497.520737327189,798.286521930409,0,0,920,0.175115207373272,1,0,0,0,1,0.509090909090909,28.2713178294574,15.6188747684015,18,25,30,3628.14285714286,1523.80172793698,2800,3500,4500
MN,muni,1600000US2740382,,,3410,9488,2.78240469208211,0.547801147227534,637.509896324222,737.898925515759,0,420,1100,0.15854959118379,1,0,0,0,1,0.603468899521531,98.5866050808314,414.307269876871,18,22,28,176600.10604559,1305399.55988016,2000,3000,4000
MN,muni,1600000US2735414,,,48,130,2.70833333333333,0.673913043478261,374.219512195122,566.826186418514,0,0,615,0.238095238095238,1,0,0,0,1,0.333333333333333,25.53125,7.75838516204117,19,25,30,2456.25,1088.71101154837,1700,2000,4000
MN,muni,0600000US2712369916,,,679,2113,3.1119293078056,0.681732580037665,590.068607068607,734.744038106648,0,300,1040,0.193965517241379,0.986745213549337,0.0132547864506627,0,0,1,0.366766467065868,185.715447154472,538.858453025102,17,24,32,615596.073469388,2401469.47512628,2200,3000,4000
MN,muni,1600000US2706058,,,60,207,3.45,0.719298245614035,547.756756756757,1016.11967267108,0,0,800,0.282051282051282,0.816666666666667,0.183333333333333,0,0,1,0.25,717.377777777778,1641.8425249602,18,20,28,2460,2608.4478143141,1200,1200,1200
MN,muni,1600000US2747104,,,116,282,2.43103448275862,0.576576576576577,520.265060240964,914.263412492736,0,36,724,0.211764705882353,0.982758620689655,0.0172413793103448,0,0,1,0.428571428571429,498.28125,1277.98965975336,13,20,30,4322.91666666667,3120.77728883764,1500,3500,7500
MN,muni,1600000US2769970,,,121,352,2.90909090909091,0.560606060606061,645.224137931035,802.210565242123,0,275,1075,0.163265306122449,1,0,0,0,1,0.553719008264463,631.6875,1037.49151560232,16,32.5,550,450561.253731343,2083118.29082256,2000,3000,3750
MN,muni,1600000US2739428,,,1152,3552,3.08333333333333,0.613055818353832,470.938586326767,725.8592394088,0,0,841.5,0.222863741339492,1,0,0,0,1,0.398728428701181,27.6310975609756,80.1520189762497,16,20,27,254005.544419134,1564215.05696421,2000,3000,4000
MN,muni,1600000US2720546,,,10963,31208,2.84666605856061,0.549180327868853,464.284421460892,680.915893309024,0,75,780,0.276468066866695,0.998722977287239,0.000547295448326188,0.000638511356380553,9.12159080543647e-05,1,0.532463903120633,112.93258891646,585.897323104564,15,20,26.25,209220.365290413,1421608.8006096,1600,2500,4000
MN,muni,1600000US2745196,,,203,550,2.70935960591133,0.533678756476684,265.586956521739,492.266866207601,0,0,400,0.298780487804878,1,0,0,0,1,0.576354679802956,228.290697674419,581.966076761081,10,16,20,344794.760683761,1824387.3165939,1500,2500,3000
MN,muni,1600000US2746924,,,4439,11917,2.68461365172336,0.604871794871795,701.47090729783,836.901110533851,0,437.5,1080,0.365423051299134,1,0,0,0,1,0.524229074889868,121.584123814279,756.73139810549,14,22,30,69721.6585581601,811708.705128516,2000,3000,4500
MN,muni,0600000US2713769898,,,1370,3866,2.82189781021898,0.308116627265563,328.435023041475,498.332663410399,0,18,600,0.212903225806452,1,0,0,0,1,0.754565376186998,11.2552552552553,5.55674541330291,7,10,15,117275.210067764,1071926.25902465,400,900,1500
MN,muni,1600000US2706148,,,133,335,2.5187969924812,1,372.448979591837,625.986085982994,0,0,646.5,0.127272727272727,1,0,0,0,1,0.443609022556391,15.2571428571429,8.33307660060016,9,12,20,1528671.72881356,3624933.15433571,1000,1200,15000
MN,muni,0600000US2713725550,,,1447,4158,2.87353144436766,0.422764227642276,368.189189189189,570.54742851947,0,0,643,0.170008718395815,1,0,0,0,1,0.614374568071873,15.4883303411131,8.18086622597053,10,15,20,1945.75365579303,1405.43192723235,1000,1500,2500
MN,muni,1600000US2711386,,,7275,21426,2.94515463917526,0.322300910536205,395.808421405804,665.741196568353,0,0,630,0.153138075313808,1,0,0,0,1,0.646804956146457,16.2335708630245,35.1816569735182,10,13,18,56234.7531209643,731477.006826827,1500,2000,3000
MN,muni,0600000US2713720762,,,3545,10415,2.93794076163611,0.302230046948357,421.205338078292,680.440705022034,0,0,672,0.133238837703756,1,0,0,0,1,0.60028818443804,42.4753857457752,291.921085510711,10,15,22,343000.346615459,1814520.24077705,1000,2000,3000
MN,muni,1600000US2736530,,,85,225,2.64705882352941,0.445783132530121,552.850746268657,798.524686127796,0,0,1452,0.0298507462686567,1,0,0,0,1,0,15.0823529411765,2.34628259525717,13,15,18,,,,,
MN,muni,0600000US2713720996,,,9,45,5,0.875,475.111111111111,542.070208654849,240,300,530,0.222222222222222,0.888888888888889,0.111111111111111,0,0,1,1,,,,,,9999998,0,9999998,9999998,9999998
MN,muni,1600000US2719142,,,5272,15334,2.90857359635812,0.328421477593864,464.632838678794,681.708205725192,0,0,960,0.184241847179243,0.999810318664643,0.000189681335356601,0,0,1,0.663230240549828,26.578674351585,135.134806056509,12,15,20,39824.103626943,610522.485395319,1300,2000,3000
MN,muni,1600000US2719934,,,3384,9186,2.7145390070922,0.36417445482866,412.263138552003,699.391010722689,0,0,641,0.173435784851811,1,0,0,0,1,0.562629552857566,61.3256624825663,395.013675521497,12,15,25,76614.3163157895,855201.614035499,1500,2500,4000
MN,muni,0600000US2713721356,,,562,1491,2.65302491103203,0.710261569416499,365.570719602978,601.788120625192,0,0,606,0.277915632754342,1,0,0,0,1,0.774311926605505,25.2083333333333,63.1246460455451,10,15.5,20,925778.357819905,2899061.86412973,500,1200,3500
MN,muni,0600000US2713706166,,,1296,3788,2.92283950617284,0.36327185244587,252.370659722222,468.048939208938,0,0,400,0.189003436426117,1,0,0,0,1,0.71583850931677,37.0949720670391,191.345455634609,10,10,15,185621.680043384,1345856.34385369,400,1000,1950
MN,muni,1600000US2723714,,,1194,3531,2.9572864321608,0.322970639032815,252.920792079208,446.995224423472,0,0,424,0.196942446043165,1,0,0,0,1,0.704355108877722,78.7628571428571,283.396243285167,10,13,20,1767.57669441142,1290.91622837979,1000,1500,2500
MN,muni,1600000US2728790,,,16516,50213,3.04026398643739,0.526747364310816,469.603987943427,769.214600401726,0,0,768,0.167860167860168,0.999636715911843,0,0,0.000363284088156939,1,0.515794730927706,72.2344591930608,464.526690264439,13,20,30,185293.758533043,1334709.9938565,2000,3000,5000
MN,muni,0500000US27137,,,299,864,2.88963210702341,0.30952380952381,216.679324894515,352.61939694893,0,0,388,0.135593220338983,1,0,0,0,1,0.695945945945946,79.8777777777778,233.948992221164,6,7,10,926.699029126214,1164.56661119126,300,600,1000
MN,muni,1600000US2744548,,,1456,4093,2.81112637362637,0.405466970387244,319.692990239574,514.449107635451,0,0,617.5,0.196649029982363,1,0,0,0,1,0.736588720770289,14.2684210526316,6.56058050005551,10,15,18,85413.8720821662,913138.425804189,600,1200,2000
MN,muni,0600000US2713742056,,,1816,5024,2.76651982378855,0.526472337894111,468.935805991441,709.487924546119,0,0,800,0.19017094017094,0.999449339207048,0.000550660792951542,0,0,1,0.671616219303255,16.8591549295775,9.36434119717363,11,15,20,87500.2627551021,918373.961776213,1200,2000,3200
MN,muni,1600000US2752630,,,2480,7068,2.85,0.538726333907057,486.576824910669,720.901428317548,0,0,820,0.261636452719255,0.993951612903226,0.00604838709677419,0,0,1,0.549307595467898,29.210775047259,115.232068083584,10,16,24,79300.3659281895,870771.75337573,2000,3000,4000
MN,muni,1600000US2717000,,,69966,191968,2.74373267015408,0.524079277090136,553.335255880364,862.022019015178,0,0,960,0.220306195766318,0.996969956836178,0.00265843409656119,0.00021438984649687,0.000157219220764371,1,0.540472431821803,45.4506692160612,296.31961442436,15,22,30,63531.2774800365,768698.622353502,2400,3500,5000
MN,muni,0600000US2713725928,,,213,509,2.38967136150235,0.411458333333333,509.753012048193,699.268643367435,0,0,1000,0.107784431137725,0.995305164319249,0,0.00469483568075117,0,1,0.666666666666667,11.4225352112676,5.33897253847588,8,12,14,2159.50704225352,1239.3508524268,1000,2000,3000
MN,muni,1600000US2767288,,,9862,29216,2.96248225512067,0.457751812182192,462.93130056005,755.499893205187,0,0,720,0.207603428997391,0.997566416548367,0.00152098965727033,0.000202798620969377,0.000709795173392821,1,0.527092050209205,42.4517000675524,375.328653546925,15,20,27,114240.130779917,1048103.63924874,1800,2500,4000
MN,muni,1600000US2771140,,,224,592,2.64285714285714,0.198198198198198,330.20207253886,535.894769283749,0,0,560,0.243523316062176,1,0,0,0,1,0.678571428571429,6.625,1.84953362983411,5,6,8,132348.789473684,1143184.85975052,80,700,1000
MN,muni,1600000US2704834,,,2,3,1.5,0,,,,,,0.5,1,0,0,0,1,1,,,,,,2000,0,2000,2000,2000
MN,muni,1600000US2758738,,,42,129,3.07142857142857,1,699.75,702.206887717498,203,490,817.5,0,1,0,0,0,1,0.857142857142857,14,1.54919333848297,12.75,15,15,2269.44444444444,1460.49295874362,1000,2000,3000
MN,muni,0600000US2713958324,,,1328,3602,2.71234939759036,0.535958904109589,219.364891518738,460.830942903097,0,0,183.75,0.395711500974659,0.999246987951807,0,0.000753012048192771,0,1,0.515636918382914,40.1133858267717,220.747825052325,10,15,20,2725.52071005917,1539.75933314752,1500,2500,4000
MN,muni,1600000US2718662,,,34,83,2.44117647058824,0.333333333333333,1542.5,1116.69198976262,963,1500,2079.5,0,1,0,0,0,1,0.617647058823529,20.8461538461538,11.415239476581,15,15,37,1892.85714285714,1436.51363675095,1000,2000,2000
MN,muni,1600000US2759350,,,1527,4784,3.13294040602489,0.268527430221367,671.492813141684,673.552894353111,200,500,1000,0.177777777777778,1,0,0,0,1,0.584398117014122,72.5294117647059,311.815592305537,10,15,23,727741.864211738,2593811.32293733,1500,2500,4500
MN,muni,1600000US2752594,,,17,47,2.76470588235294,0.266666666666667,211,264.858452762981,39.5,68.5,351.25,0,1,0,0,0,1,0.411764705882353,207.2,252.002116393229,12,12,500,3857.14285714286,801.783725737273,3000,4500,4500
MN,muni,0600000US2714104636,,,239,680,2.84518828451883,0.576576576576577,287.431578947368,445.908101492146,0,0,495,0.3,1,0,0,0,1,0.472803347280335,8.20634920634921,3.19579088256403,5,8,10,1613.62831858407,1040.25757623061,1000,1500,2000
MN,muni,0600000US2714105770,,,307,806,2.62540716612378,0.767605633802817,224.067226890756,460.290831398926,0,0,150,0.34453781512605,1,0,0,0,1,0.651465798045603,10.3846153846154,3.52606850102714,8,10,15,1947,1966.27265166953,700,1500,2500
MN,muni,0600000US2714149534,,,238,675,2.83613445378151,0.584474885844749,197.343023255814,476.136932744111,0,0,118.75,0.343023255813954,1,0,0,0,1,0.617647058823529,7.02197802197802,3.37302377360276,5,8,10,1291.2925170068,754.493635973454,600,1200,1500
MN,muni,1600000US2718674,,,333,830,2.49249249249249,0.52027027027027,258.55421686747,477.037428022333,0,0,360,0.265873015873016,1,0,0,0,1,0.636636636636637,86.0909090909091,355.618639369011,8,10,18,2607.02830188679,1939.09421839703,1200,2400,3000
MN,muni,1600000US2725658,,,169,574,3.39644970414201,0.519230769230769,922.294117647059,1056.79024019183,229,600,1050,0.0542635658914729,1,0,0,0,1,0.526627218934911,1005.37704918033,2132.83364067567,10,22,1200,3036.40449438202,1528.87454684142,2000,3000,4000
MN,muni,0600000US2714331922,,,259,689,2.66023166023166,0.577075098814229,214.195744680851,491.917176492978,0,0,220,0.156118143459916,1,0,0,0,1,0.745173745173745,85.6349206349206,292.520266824055,7.5,8,15,1891.20207253886,1757.87548608513,900,1500,2500
MN,muni,1600000US2771122,,,280,757,2.70357142857143,0.790178571428571,984.95652173913,1004.97512858671,300,608,1212,0.254658385093168,1,0,0,0,1,0.564285714285714,270.1,1265.57491768323,11.75,15,24,3205.3164556962,1334.73424482684,2100,3000,4000
MN,muni,1600000US2712484,,,1397,4788,3.42734430923407,0.474562135112594,396.126857142857,716.543448534097,0,0,620,0.239772727272727,1,0,0,0,1,0.540971718636693,15.3365539452496,6.06851475497583,10,15,18,3641.9436997319,1800.56869526165,2500,3500,4500
MN,muni,0600000US2714514086,,,555,1516,2.73153153153153,0.509127789046653,227.803827751196,459.146053140838,0,0,265,0.330143540669856,1,0,0,0,1,0.504504504504505,13.2581818181818,6.32128517923266,8,12,20,2925.03571428571,2277.38830456278,1200,2750,3625
MN,muni,1600000US2719088,,,187,646,3.45454545454545,0.39344262295082,161.045801526718,380.751076822467,0,0,80,0.32824427480916,1,0,0,0,1,0.754010695187166,230.217391304348,1028.17657180172,10,10,15,2215.60283687943,1127.70080175444,1000,2800,3000
MN,muni,0600000US2714542308,,,441,1503,3.40816326530612,0.357333333333333,395.021276595745,664.518882155673,0,85,497,0.234875444839858,1,0,0,0,1,0.607709750566893,28.242774566474,89.854462542317,7,10,15,39348.4253731343,610723.238121345,1200,2000,2706.25
MN,muni,1600000US2725874,,,203,726,3.57635467980296,0.531428571428572,272.510638297872,675.326922069402,0,0,250,0.333333333333333,1,0,0,0,1,0.551724137931035,10.956043956044,3.7621273175694,8,10,15,3486.60714285714,1617.59723579321,2500,3500,4000
MN,muni,1600000US2741570,,,1405,4641,3.30320284697509,0.484922575387123,212.676986584107,423.906780520288,0,0,300,0.22004132231405,1,0,0,0,1,0.572953736654804,10.0285714285714,4.34545977809261,6,10,12,88524.1378881988,928871.986375469,1050,1500,2000
MN,muni,0600000US2714529564,,,514,1884,3.66536964980545,0.672413793103448,255.398753894081,540.009846436565,0,0,340,0.241590214067278,1,0,0,0,1,0.542801556420233,26.0042553191489,91.9662934292452,8,12,14,2183.29749103943,1852.69953372366,1000,1500,2500
MN,muni,1600000US2758612,,,245,770,3.14285714285714,0.355555555555556,444.960451977401,729.893340290069,0,0,900,0.175141242937853,1,0,0,0,1,0.620408163265306,13.1720430107527,4.71957914463544,10,12,15,2222.33552631579,1281.90577777791,1500,2000,2775
MN,muni,1600000US2741534,,,20,70,3.5,0.210526315789474,167.615384615385,352.839798034353,0,0,120,0.153846153846154,1,0,0,0,1,0.4,11.3333333333333,6.4007575309253,7,7,20,937.5,115.727512471569,937.5,1000,1000
MN,muni,1600000US2745772,,,246,787,3.19918699186992,0.25764192139738,361.073446327684,603.112721472744,0,200,522,0.293785310734463,1,0,0,0,1,0.540650406504065,10.6283185840708,5.14468291794251,7,10,15,152457.864661654,1221366.73953962,1500,2000,2500
MN,muni,0600000US2714127674,,,21,97,4.61904761904762,1,166.9,343.961383491422,0,0,67.5,0.2,1,0,0,0,1,0.142857142857143,15,0,15,15,15,1500,0,1500,1500,1500
MN,muni,0600000US2714557148,,,298,298,1,0.515151515151515,165.709302325581,330.099837527949,0,0,306.25,0.0932835820895522,0.996644295302013,0,0.00335570469798658,0,1,1,,,,,,1500,,1500,1500,1500
MN,muni,1600000US2757238,,,183,651,3.55737704918033,0.314814814814815,170.606557377049,414.765144286888,0,0,36.25,0.270491803278689,1,0,0,0,1,0.612021857923497,8.77464788732394,4.10990852556735,5.5,8,10,3251.78571428571,1407.12358465658,2150,3500,5000
MN,muni,1600000US2758090,,,246,776,3.15447154471545,0.458333333333333,123.960674157303,312.151805788738,0,0,23,0.363128491620112,1,0,0,0,1,0.666666666666667,35.5487804878049,185.262919773329,5,6,8,549968.365853659,2284108.48585041,600,1000,1800
MN,muni,1600000US2767612,,,1166,3976,3.40994854202401,0.459591041869523,336.081550802139,551.568329877599,0,0,528,0.170666666666667,1,0,0,0,1,0.469982847341338,34.5097087378641,222.917019257098,10,15,18,2058.66788321168,1096.07658090813,1200,2000,2700
MN,muni,1600000US2718746,,,2,3,1.5,0,750,1060.66017177982,375,750,1125,0,1,0,0,0,1,0,5,0,5,5,5,,,,,
MN,muni,1600000US2749300,,,6139,16412,2.67339957647825,0.713812347401465,489.168834355828,765.568216823427,0,0,840,0.259156136217606,0.999837107020687,0,0,0.000162892979312592,1,0.534776902887139,43.4371841155235,290.652823428082,15,22,30,384111.975153374,1912401.69308052,2500,3500,5000
MN,muni,0600000US2715718548,,,5,15,3,1,0,0,0,0,0,0.2,1,0,0,0,1,1,,,,,,2500,0,2500,2500,2500
MN,muni,0600000US2715725640,,,389,1123,2.88688946015424,0.521994134897361,190.381118881119,405.074710276278,0,0,160.5,0.385416666666667,1,0,0,0,1,0.552699228791774,11.6264367816092,4.970850516777,9,10,15,48169.2465116279,681881.078946363,1200,2000,2300
MN,muni,1600000US2734172,,,3143,8404,2.67387846007,0.491566265060241,289.097389142147,688.197241829939,0,0,360,0.252883031301483,1,0,0,0,1,0.546044098573281,20.7280638143582,96.3957772982635,10,14,19,144923.058194774,1185334.15516416,1500,2000,3000
MN,muni,1600000US2767378,,,294,966,3.28571428571429,0.56078431372549,527.903225806452,409.461650145949,247.75,430,780,0.596330275229358,1,0,0,0,1,0.591133004926109,13.0609756097561,6.08042307043245,10,10,18,585195.1,2353089.15690395,1000,1450,2000
MN,muni,0600000US2711112844,,,10,30,3,0.555555555555556,866.571428571429,1122.21980276338,0,131,1587.5,0.285714285714286,1,0,0,0,1,0.5,50,0,50,50,50,5000,0,5000,5000,5000
MN,muni,1600000US2700316,,,10,20,2,0.285714285714286,63.3333333333333,155.134350376268,0,0,0,0.5,1,0,0,0,1,0.7,10,0,10,10,10,5715713.14285714,5343442.53704181,4500,9999998,9999998
MN,muni,1600000US2721770,,,1028,2835,2.75778210116732,0.633938100320171,299.199748743719,604.15368451716,0,0,480,0.10678391959799,1,0,0,0,1,0.669912366114898,21.6981132075472,14.8673438922309,13.25,20,25,119064.49127907,1072518.94490659,1500,2500,4000
MN,muni,0600000US2716341120,,,35,102,2.91428571428571,0.484848484848485,431.346153846154,680.399232351577,0,112.5,600,0.346153846153846,1,0,0,0,1,0.6,13.1428571428571,4.62197331911786,8,17,17,1820,1354.28209764436,1260,1500,1800
MN,muni,1600000US2745790,,,481,1345,2.7962577962578,0.698529411764706,515.849693251534,707.176043004785,0,0,1040,0.220858895705521,1,0,0,0,1,0.528066528066528,16.1806167400881,6.954846375983,10,15,20,239082.748031496,1521239.24762216,1500,2500,3900
MN,muni,1600000US2758018,,,739,2097,2.83761840324763,0.532751091703057,429.078671328671,712.561044743886,0,0,787.5,0.234375,1,0,0,0,1,0.638700947225981,25.3295880149813,102.481522197589,10,15,20,2675.55084745763,1330.5919190941,1750,2500,3500
MN,muni,1600000US2762824,,,4834,12960,2.68100951592884,0.630444544229906,471.915018706574,762.333146318543,0,0,800,0.247350736624451,1,0,0,0,1,0.67259042441982,25.3026845637584,115.79836604091,12,18,25,64450.4616101958,785966.343482326,1200,2000,3000
MN,muni,0600000US2716707264,,,135,339,2.51111111111111,0.919354838709677,493.265625,598.84084437757,34.5,235,768.75,0.421875,1,0,0,0,1,0.437037037037037,8.21917808219178,4.5345787974876,5,7,10,1261.42372881356,998.564421339538,500,1200,1500
MN,muni,1600000US2707462,,,2559,7043,2.75224697147323,0.586928104575163,447.820136339801,767.132386405485,0,0,621,0.283558792924037,1,0,0,0,1,0.601095033242081,21.6178781925344,9.65441979866554,15,20,28,119650.949251789,1075898.59936393,1500,2500,3500
MN,muni,1600000US2744944,,,138,352,2.55072463768116,0.53125,253.4,510.969203186948,0,0,236.25,0.266666666666667,1,0,0,0,1,0.550724637681159,8,2.79929733572025,5,8,10,1633.88157894737,984.544767454892,500,2000,2000
MN,muni,0600000US2716701522,,,153,482,3.15032679738562,0.5,180.123711340206,338.959322096446,0,0,235,0.391752577319588,1,0,0,0,1,0.705882352941177,8.4,2.75845806730697,6,8,12,502.222222222222,271.280567710711,375,500,600
MN,muni,0600000US2716738924,,,146,434,2.97260273972603,0.375,207.533333333333,433.444545886754,0,0,0,0.476190476190476,1,0,0,0,1,0.767123287671233,12.0294117647059,3.4595961764489,10,11,15,1709.46428571429,1299.09798178604,737.5,1500,2500
MN,muni,1600000US2756014,,,394,1123,2.8502538071066,0.487179487179487,295.057251908397,574.366177876278,0,0,400,0.271698113207547,1,0,0,0,1,0.467005076142132,11.0714285714286,4.53267170463016,8,10,15,1667.01086956522,807.158566020877,1000,1500,2000
MN,muni,0600000US2716771410,,,161,481,2.98757763975155,0.420689655172414,234.621621621622,514.693254703563,0,0,95,0.36036036036036,1,0,0,0,1,0.540372670807454,13.6142857142857,5.29230465986572,10,14,20,6295.11494252874,10903.8922796908,1800,2500,4000
MN,muni,0600000US2716947374,,,38,123,3.23684210526316,0.363636363636364,221.666666666667,523.42199823402,0,5,97.5,0.4,1,0,0,0,1,0.81578947368421,20,0,20,20,20,3074.1935483871,1869.21868560735,1500,2500,4000
MN,muni,0600000US2716966442,,,179,457,2.55307262569832,0.485714285714286,415.377777777778,554.06798437839,0,228,630,0.527272727272727,1,0,0,0,1,0.623595505617978,314.532258064516,690.946979478567,10,10,16.5,271955.621621622,1628693.68335989,1200,1500,2500
MN,muni,1600000US2771032,,,22041,61368,2.78426568667483,0.493915871184307,469.217282156306,751.518868313864,0,0,780,0.201999470338983,0.999183340138832,0.00068054988430652,4.53699922871013e-05,9.07399845742026e-05,1,0.575835357748545,104.058588104503,488.418261160006,15,20,30,196641.318474887,1376865.87707625,1600,2700,4000
MN,muni,1600000US2700730,,,175,567,3.24,0.412903225806452,182.428571428571,425.945519939366,0,0,0,0.260504201680672,1,0,0,0,1,0.514285714285714,12.8941176470588,6.44578771537728,10,10,15,1223683.08888889,3293223.92435513,1000,1500,2500
MN,muni,1600000US2701684,,,550,1415,2.57272727272727,0.502958579881657,212.284688995215,444.161935821426,0,0,157.5,0.330166270783848,1,0,0,0,1,0.554545454545455,18.4631147540984,39.9588609451791,8,11.5,15,35038.1245901639,572470.090440814,1400,2200,3000
MN,muni,0600000US2717108470,,,1309,3488,2.6646294881589,0.635926993275696,282.015891032917,584.528659941189,0,0,320,0.215320910973085,1,0,0,0,1,0.501915708812261,15.2180936995153,7.82510660933874,10,15,20,48829.9297709924,675533.244630056,1500,2500,4000
MN,muni,0600000US2714538780,,,243,686,2.82304526748971,0.515695067264574,211.818681318681,420.390524942267,0,0,217.5,0.546448087431694,1,0,0,0,1,0.473251028806584,9.73228346456693,4.62644026291399,7,8,10,610289.182608696,2400964.83799171,1050,1500,2750
MN,muni,1600000US2715454,,,419,1048,2.50119331742243,0.594387755102041,238.615151515152,511.319343954692,0,0,136.25,0.204204204204204,1,0,0,0,1,0.510739856801909,14.580487804878,6.00894837265172,10,12,20,2642.85046728972,1979.85530985411,1500,2000,3375
MN,muni,1600000US2757346,,,182,624,3.42857142857143,0.41875,159.655462184874,399.749146700413,0,0,0,0.184873949579832,1,0,0,0,1,0.637362637362637,10.3584905660377,4.08135695582619,8,10,10,1725707.4137931,3793064.61999162,1000,2000,3500
MN,muni,0600000US2717140238,,,588,1625,2.76360544217687,0.474766355140187,180.132530120482,412.393009725718,0,0,100,0.685851318944844,1,0,0,0,1,0.624149659863946,11.5882352941176,5.50269744256261,8,10,15,2090.19073569482,1450.48765744311,1000,2000,3000
MN,muni,1600000US2743774,,,936,2531,2.70405982905983,0.597926267281106,214.628808864266,458.661083619044,0,0,200,0.410540915395284,1,0,0,0,1,0.550213675213675,13.686460807601,7.35310313933015,8,12,18,118018.27184466,1073947.54015094,700,1200,2000
MN,muni,1600000US2768764,,,216,580,2.68518518518519,0.50761421319797,430.263157894737,467.134480806004,55.5,240,716.25,0.375838926174497,1,0,0,0,1,0.462962962962963,14.3392857142857,7.47072794724691,10,12,20,202847.96,1406645.03456149,2000,2500,3625
MN,muni,1600000US2754060,,,333,639,1.91891891891892,0.54375,493.873684210526,860.020526912714,0,152.5,686.25,0.170212765957447,0.996996996996997,0,0.003003003003003,0,1,0.689320388349515,17.3809523809524,10.329145377989,10,15,25,848115.887323944,2790385.12460783,1000,3500,6500
MN,muni,0600000US2713746708,,,18,37,2.05555555555556,0.444444444444444,313.857142857143,479.635415569088,0,0,602,0.285714285714286,1,0,0,0,1,0.555555555555556,25.125,12.9000276854631,15,26,37,3300,2626.78510731274,1500,3000,3000
MN,muni,0600000US2713735234,,,6,12,2,0.5,413.333333333333,832.025640630544,0,0,300,0.333333333333333,1,0,0,0,1,0.5,18,0,18,18,18,1000,0,1000,1000,1000
MN,muni,1600000US2728682,,,12,30,2.5,0.75,626.8,669.123605920461,0,566,927,0,1,0,0,0,1,1,,,,,,2800,451.260859854213,2200,3000,3200
MN,muni,1600000US2706382,,,134,394,2.94029850746269,0.59504132231405,413.67032967033,535.147312116436,0,0,820,0.186813186813187,1,0,0,0,1,0.208955223880597,16.9056603773585,4.96756777102723,13,15,20,1810.71428571429,447.494494660351,1500,1900,2000
MN,muni,1600000US2713114,,,29,83,2.86206896551724,0.740740740740741,703.56,1411.24383907719,0,0,364,0.44,1,0,0,0,1,0.571428571428571,27.9166666666667,15.0541950259317,12,35,35,5987.5,1449.54015696933,5175,5400,8000
MN,muni,1600000US2722814,,,226,586,2.5929203539823,0.719626168224299,580.994318181818,855.584488586831,0,0,1100,0.2,1,0,0,0,1,0.608108108108108,25.3448275862069,9.81317053547425,17,20,35,3531.11111111111,1834.37193557085,2100,4000,4500
MN,muni,1600000US2729258,,,11,36,3.27272727272727,0.4,223.571428571429,320.893469936082,0,0,382.5,0.428571428571429,1,0,0,0,1,0.545454545454545,12,0,12,12,12,5000,0,5000,5000,5000
MN,muni,1600000US2756680,,,11,28,2.54545454545455,0.222222222222222,392,754.754832474001,0,0,324,0.125,1,0,0,0,1,0.454545454545455,30,0,30,30,30,3500,0,3500,3500,3500
MN,muni,1600000US2717288,,,446,1025,2.29820627802691,0.515294117647059,506.297520661157,695.79262776361,0,62,900,0.358904109589041,1,0,0,0,1,0.764172335600907,223.764705882353,602.318674517639,18,24,40,152078.605341246,1210338.66903983,3000,3000,4000
MN,muni,1600000US2771428,,,471,853,1.81104033970276,0.791666666666667,570.072864321608,647.083503242511,0,441,935,0.16624685138539,1,0,0,0,1,0.0276008492569002,23.9155555555556,9.26746723881553,16.25,25,30,4117.30769230769,2841.23991080817,1500,2500,7000
MN,muni,1600000US2701900,,,309,814,2.63430420711974,0.581881533101045,553.283653846154,714.384307271285,0,268.5,953.75,0.295833333333333,0.983818770226537,0.0161812297734628,0,0,1,0.451827242524917,178.572327044025,801.833101254454,15,23,28,2521.72058823529,1683.2531144414,1500,2000,3500
MN,muni,1600000US2766460,,,185,432,2.33513513513514,0.666666666666667,525.486666666667,637.962399605935,0,152,1001,0.16,1,0,0,0,1,0.183783783783784,22.1486486486487,5.80565624369288,17,21,27,590667.529411765,2387708.21665285,1625,2750,3500
MN,muni,1600000US2720420,,,425,2182,5.13411764705882,0.654639175257732,621.191135734072,876.423530624502,0,70,1170,0.213888888888889,1,0,0,0,1,0.297587131367292,30.1867704280156,12.4123544521073,20,30,38,3830.63063063063,1849.96524747667,2750,3500,4950
MN,muni,1600000US2747221,,,129,344,2.66666666666667,0.526785714285714,473.64367816092,652.629297124626,0,0,1000,0.1,1,0,0,0,1,0.612403100775194,34.92,62.8213664419412,13,18,25,635683.417721519,2449691.55247616,2400,3100,3600
MN,muni,1600000US2747680,,,137,581,4.24087591240876,0.745614035087719,406.514563106796,688.415555988542,0,0,742.5,0.134615384615385,1,0,0,0,1,0.327272727272727,30.6901408450704,17.3827431250453,15,26,50,2759.72222222222,1055.78809051035,2000,3000,3625
MN,muni,1600000US2759998,,,131,344,2.62595419847328,0.731707317073171,485.398058252427,744.230953767184,0,0,900,0.226415094339623,1,0,0,0,1,0.393700787401575,21.6493506493506,10.2851019412166,15,18,22,3392,2393.74951377413,1675,2800,4625
MN,muni,1600000US2737502,,,4,10,2.5,0,0,0,0,0,0,0.25,1,0,0,0,1,1,,,,,,9999998,0,9999998,9999998,9999998
MN,muni,1600000US2715616,,,58,169,2.91379310344828,0.795454545454545,870.5,896.559049383953,0,884,1731,0.161290322580645,1,0,0,0,1,0.551724137931035,23.3076923076923,4.93776654587258,20,20,25,3231.25,917.02094815486,2700,3000,3625
MN,muni,1600000US2702026,,,3,6,2,0.333333333333333,50,86.6025403784439,0,0,75,0.666666666666667,1,0,0,0,1,1,,,,,,5000,0,5000,5000,5000
MO,muni,0500000US29001,,,10281,26526,2.5800992121389,0.718679910285165,293.744107744108,606.759968278549,0,0,356.25,0.345613824552982,0.990954187335862,0.00875401225561716,9.72668028401906e-05,0.000194533605680381,1,0.435076055202982,15.7563780093424,27.6896276686378,8,12,20,152902.738133827,1217364.83587776,700,1800,3200
MO,muni,0500000US29003,,,2206,6608,2.99546690843155,0.609696376101861,281.698185816383,618.558257198917,0,0,312,0.390753990093561,0.99456029011786,0.00453309156844968,0,0.000906618313689937,1,0.478688524590164,11.7956600361664,6.80283539290512,7,10,15,11634.0048923679,312751.32957783,700,1500,2500
MO,muni,0500000US29007,,,10991,28536,2.59630606860158,0.656103548315108,387.059983662038,643.791370192482,0,0,635,0.231351981351981,0.880265671913384,0.119370393958694,0.000363934127922846,0,1,0.393462246777164,26.2650865429596,195.33995725644,10,13,20,91691.2497074655,938683.694664619,1000,2000,3600
MO,muni,0600000US2901318766,,,838,1866,2.22673031026253,0.582389937106918,440.463519313305,569.101598180285,28,255,600,0.415329768270945,1,0,0,0,1,0.528211284513806,117.019444444444,259.409565630563,7,9,15,569236.613636364,2317324.34022755,500,1000,1500
MO,muni,0600000US2901350546,,,2715,6955,2.56169429097606,0.7632101708383,311.11695607763,571.560695932576,0,0,400,0.210881078478575,0.959852670349908,0.0401473296500921,0,0,1,0.437569060773481,16.5016767270288,59.0938324823763,8,12,18,330319.455387205,1782244.97392619,1000,1650,3000
MO,muni,0600000US2901355028,,,290,778,2.68275862068966,0.847328244274809,168.238317757009,376.985602929258,0,0,200,0.291666666666667,1,0,0,0,1,0.56551724137931,15.2764227642276,33.4625557344149,4,6,11,603.231707317073,496.420853483971,300,500,850
MO,muni,0500000US29135,,,1507,3749,2.48772395487724,0.555081734186212,258.476581758422,493.448073561407,0,0,420,0.32626427406199,0.984737889847379,0.0152621101526211,0,0,1,0.580623755806238,11.6708860759494,5.78504880747854,8,10,15,242123.209142857,1531033.56554209,900,1800,3000
MO,muni,0500000US29017,,,533,1315,2.4671669793621,0.634032634032634,459.446078431373,555.27852331731,0,250,750,0.0827740492170022,1,0,0,0,1,0.517823639774859,7.86770428015564,2.56288255187556,6,8,10,1213.47826086957,1025.59288550497,500,1000,1500
MO,muni,0500000US29019,,,13175,33377,2.53335863377609,0.679086941926821,536.865273311897,873.141772078395,0,100,800,0.237601357722044,0.898975332068311,0.101024667931689,0,0,1,0.434118640165759,30.1590877867839,129.585467873413,10,18,30,156050.253844794,1223184.88591221,1600,3300,6000
MO,muni,0500000US29021,,,28924,75254,2.60178398561748,0.681317060580362,421.160855376159,700.826187880606,0,0,658.5,0.245453014482991,0.958995989489697,0.0406237034988245,3.45733646798506e-05,0.000345733646798506,1,0.323026965974869,20.9557470656656,108.820918871741,10,15,23,86817.8606861888,913189.083664776,1000,2000,3500
MO,muni,0500000US29023,,,7964,22067,2.77084379708689,0.756073585170622,439.48044934111,760.538012309588,0,42,600,0.200402594497875,0.910723254645907,0.0892767453540934,0,0,1,0.433303942562036,54.9706170421156,411.91504943796,6,10,20,327385.871511628,1774698.16533274,500,1500,3000
MO,muni,0600000US2902518370,,,13,91,7,0.615384615384615,733,1029.24065860873,200,312,600,0.538461538461538,1,0,0,0,1,,,,,,,,,,,
MO,muni,0600000US2902528396,,,591,1346,2.27749576988156,0.575488454706927,190.111111111111,416.846049914995,0,0,156,0.449392712550607,1,0,0,0,1,0.441624365482233,8.17325227963526,2.81607137480395,6,8,10,39621.2183908046,618904.126271393,500,1500,1800
MO,muni,0600000US2902530052,,,960,2343,2.440625,0.589366515837104,155.086034912718,377.312669104359,0,0,30,0.49813200498132,0.99375,0.00625,0,0,1,0.489583333333333,43.7102040816327,359.82714223402,6,8,12,1095.69361702128,1030.52635430159,400,900,1400
MO,muni,0600000US2902538540,,,5,15,3,1,160,185.472369909914,0,150,310,0.5,1,0,0,0,1,1,,,,,,1000,0,1000,1000,1000
MO,muni,0600000US2902538864,,,353,832,2.35694050991501,0.59214501510574,191.838028169014,400.946224240226,0,0,200,0.433098591549296,0.991501416430595,0.0084985835694051,0,0,1,0.529745042492918,8.20481927710844,3.14983034134579,5.25,8,10,1049.41176470588,791.050870725708,500,1000,1200
MO,muni,0600000US2902542626,,,335,813,2.42686567164179,0.477987421383648,148.957692307692,364.019413408521,0,0,81.25,0.4,1,0,0,0,1,0.432835820895522,6.90526315789474,2.69655348992604,5,6,8,1020.34482758621,635.257399485856,700,1000,1200
MO,muni,0500000US29027,,,5507,14552,2.64245505719993,0.619652275835124,384.920962199313,601.175073695512,0,42,600,0.284378563283922,0.829671327401489,0.170328672598511,0,0,1,0.467762557077626,51.4199503017395,294.094021351094,9,15,25,236896.671222179,1512487.07384431,1500,2500,4000
MO,muni,0500000US29031,,,16575,45527,2.7467269984917,0.693403799839444,493.846818907997,755.766186960555,0,120,780,0.154003195455352,0.970558069381599,0.0293212669683258,0,0.000120663650075415,1,0.517552901230825,44.8906371911574,325.22881588186,10,15,23,319289.558926898,1749716.94779423,1500,2500,4000
MO,muni,0500000US29037,,,4570,11460,2.50765864332604,0.652623612512613,390.809541840212,591.624441045375,0,100,600,0.321091007291385,0.958205689277899,0.0417943107221007,0,0,1,0.500110399646721,53.6338155515371,411.577985854309,7,10,17,266827.832229581,1605912.28409074,600,1500,3000
MO,muni,0500000US29043,,,1014,2582,2.54635108481262,0.593023255813954,310.131260794473,497.699844273564,0,0,570,0.216541353383459,0.990138067061144,0.00986193293885602,0,0,1,0.527613412228797,8.47659574468085,4.29787534984396,5,8,10,132423.459813084,1137231.99328483,600,1200,2500
MO,muni,0500000US29045,,,2342,5465,2.3334756618275,0.596056854653829,182.658410732714,413.556457644199,0,0,155.25,0.397733127253993,0.992741246797609,0.00725875320239112,0,0,1,0.594860813704497,21.39293598234,118.317449733209,6,8,10,138159.480201584,1161799.19442195,500,1000,2000
MO,muni,0500000US29047,,,15111,40359,2.67083581496923,0.679683638161147,441.570993747943,753.570417509202,0,0,676,0.246682406578198,0.902388988154325,0.0963536496591887,0.000132353914367017,0.00112500827211965,1,0.4076020199263,29.0887517797817,181.644009791965,10,17,25,242202.163401976,1528349.96770385,1000,2500,4000
MO,muni,0500000US29177,,,4557,11302,2.48014044327408,0.759038954980173,252.827709190672,537.125243159373,0,0,320,0.253976961053209,0.924292297564187,0.075707702435813,0,0,1,0.473475676865507,38.1786926994907,313.266118578104,6,8,12,38923.8972570897,608757.763278887,600,1200,2400
MO,muni,0500000US29049,,,6043,15013,2.48436207181863,0.57845557122708,210.185374846374,492.506546627308,0,0,200,0.352388730093916,0.944563958298858,0.0551050802581499,0.000330961442991891,0,1,0.488152444076222,16.1744944553164,141.078791222996,6,8,14,103398.800746775,1003984.91754303,500,1080,2400
MO,muni,0500000US29051,,,13976,38322,2.74198626216371,0.68760585065435,569.321691506554,875.419691771058,0,0,979,0.193459029577339,0.94669433314253,0.0530910131654265,0,0.000214653692043503,1,0.462425215234204,29.388364343238,28.5781288640908,16,27,40,169011.79047018,1269897.0195204,2800,4300,6500
MO,muni,0500000US29189,,,139108,376629,2.7074575150243,0.598819175726307,714.607555855465,1233.60920187418,0,0,1000,0.244941163532388,0.954387957558156,0.0453532507116773,1.43773183425827e-05,0.000244414411823907,1,0.570829730165477,70.7138012768387,403.489858930916,20,35,50,99960.1916884918,948453.186416573,4000,6000,10000
MO,muni,0500000US29071,,,11814,33489,2.83468765871001,0.608313651393481,325.338277059009,533.2360827785,0,0,576,0.199396984924623,0.987303199593702,0.0126968004062976,0,0,1,0.490682167891947,15.6158019667684,35.1111981653217,10,14,18,69477.7667247387,810756.300626821,2000,3000,4000
MO,muni,0500000US29059,,,11,24,2.18181818181818,1,40.8333333333333,100.020831163646,0,0,0,0.5,1,0,0,0,1,0,4.63636363636364,1.56669890360128,3,6,6,,,,,
MO,muni,0600000US2906310720,,,710,1788,2.51830985915493,0.569321533923304,180.15462184874,469.823148500209,0,0,55,0.348993288590604,0.980281690140845,0.0197183098591549,0,0,1,0.538028169014084,10.5609756097561,4.15700304000763,8,10,12,80200.0497382199,883717.352946953,700,1600,2500
MO,muni,0600000US2906315490,,,242,649,2.68181818181818,0.603603603603604,165.247422680412,357.383106174334,0,0,132,0.278350515463918,1,0,0,0,1,0.475206611570248,6.94827586206897,2.73732598044851,4.75,8,9,1108.78260869565,998.735953572338,500,700,1475
MO,muni,0600000US2906328288,,,6,12,2,0.5,210,514.392845984467,0,0,0,0.333333333333333,1,0,0,0,1,0.5,20,0,20,20,20,1000,0,1000,1000,1000
MO,muni,0500000US29213,,,2240,6122,2.73303571428571,0.75,290.870614035088,942.018935729723,0,0,320,0.222144358794674,1,0,0,0,1,0.534412955465587,34.6968503937008,128.034049619589,6,10,15,582206.840909091,2339599.4115963,500,1000,2500
MO,muni,0600000US2906909532,,,5,9,1.8,0.4,398,680.09999264814,0,91,489,0,1,0,0,0,1,0.6,2,0,2,2,2,500,0,500,500,500
MO,muni,0600000US2906914338,,,58,146,2.51724137931035,0.945454545454546,171.793103448276,327.228165401918,0,0,218,0.0175438596491228,1,0,0,0,1,0.0344827586206897,6.64150943396226,1.40184410993631,6,6,8,1000,0,1000,1000,1000
MO,muni,0600000US2906916696,,,2264,6198,2.73763250883392,0.80209324452902,459.57074829932,683.842142851058,0,120.5,780,0.113283884018881,0.986749116607774,0.0132508833922262,0,0,1,0.411660777385159,26.381954887218,273.418016163469,6,10,15,313234.737124464,1736871.17351045,500,1500,3000
MO,muni,0600000US2906932554,,,70,190,2.71428571428571,0.0819672131147541,113.955555555556,243.63702095494,0,0,120,0.333333333333333,1,0,0,0,1,0.428571428571429,7.1,2.32930054429243,5,6,10,1092.33333333333,1082.37186335137,80,800,1500
MO,muni,0600000US2906934390,,,6122,16433,2.68425351192421,0.895847212969132,336.980188451317,604.150943943661,0,30,500,0.208680008994828,0.99983665468801,0.000163345311989546,0,0,1,0.340721137942441,16.9042663891779,120.560945800715,6,10,15,351154.77815534,1836703.22263168,400,1000,3000
MO,muni,0600000US2906965252,,,1154,3092,2.67937608318891,0.712541620421754,222.43447037702,482.653813978148,0,0,250,0.139285714285714,1,0,0,0,1,0.527729636048527,26.9348230912477,119.571473027456,5,7,10,132390.755336617,1139401.39446251,300,700,1500
MO,muni,0500000US29077,,,37105,97344,2.62347392534699,0.660052068267284,586.567872770903,860.368521133869,0,234,900,0.234711408414665,0.976660827381755,0.0233391726182455,0,0,1,0.478212351324134,45.2936931114343,278.140263573236,10,15,21,181981.446385885,1326584.0058793,1100,2000,3700
MO,muni,0500000US29091,,,4981,12916,2.59305360369404,0.818227341011517,487.202797202797,657.979310043975,0,240,720,0.279288984648532,0.97209395703674,0.0279060429632604,0,0,1,0.428715466827989,11.8880597014925,6.47304945814434,7,10,15,175967.768579492,1307747.67417646,700,1500,2500
MO,muni,0500000US29095,,,278969,738198,2.64616498607372,0.668752835164497,575.091258827486,919.90703651164,0,0,936,0.201563273678998,0.943248174528353,0.056310916266682,0.000154138990353767,0.000286770214611659,1,0.424818514794072,42.4463108473803,300.097467296329,15,22,30,139162.357678485,1155178.1972841,2000,3000,4500
MO,muni,0500000US29097,,,50580,129587,2.56202056148675,0.725663105544299,440.160145815656,697.820119806723,0,100,675,0.214603104942674,0.98216686437327,0.0170225385527877,0.000494266508501384,0.000316330565440886,1,0.485454908220271,40.1354864275807,229.842559235275,8,12,20,174097.359500226,1300711.71131095,500,1500,2500
MO,muni,0500000US29145,,,6233,16418,2.63404460131558,0.712863239179029,530.060190073918,740.670188692736,0,260,780,0.181081725041696,0.989250762072838,0.0104283651532168,0.000320872773945131,0,1,0.485034784015531,25.2881522809321,169.560448126066,7,10,15,392058.441294196,1936530.06959232,500,1500,3000
MO,muni,0500000US29099,,,12899,35803,2.77564152259865,0.579310344827586,426.868876689189,668.351819867614,0,0,750,0.169346308440872,0.939685246918366,0.0602372276920692,0,7.75253895650826e-05,1,0.528793774319066,16.6775054193764,53.6744446944324,10,12,18,99298.7486387049,980607.301354569,1000,2000,3000
MO,muni,0500000US29101,,,7955,21995,2.76492771841609,0.654857459175201,386.130368432527,683.247970947357,0,0,520,0.276977904490378,0.949088623507228,0.0509113764927718,0,0,1,0.521733455162512,29.2660704304081,180.737099107615,7,12,20,174697.44958719,1302384.91047973,900,2000,3000
MO,muni,0500000US29105,,,4496,11611,2.58251779359431,0.776679841897233,280.887978142077,501.21222672984,0,0,420,0.220779220779221,0.974199288256228,0.0258007117437722,0,0,1,0.463186077643909,14.0940317732933,52.860618802724,7,10,16,276656.366088632,1634141.73674626,810,1800,3100
MO,muni,0500000US29107,,,9506,24880,2.61729434041658,0.584353741496599,225.042910949691,455.544410846095,0,0,275,0.273250367991436,0.896276036187671,0.103723963812329,0,0,1,0.465952481968604,34.5430719219829,137.159347927837,6,10,15,256587.103346233,1576148.17707588,600,1300,2500
MO,muni,0500000US29111,,,4655,11547,2.48055853920516,0.624346172135045,197.271084337349,428.413603267246,0,0,201.5,0.304359243697479,0.916219119226638,0.083780880773362,0,0,1,0.502686438856652,12.0117340286832,26.7514216053069,6,8,12,82422.9675074818,897700.668948518,400,950,1600
MO,muni,0500000US29113,,,3417,8151,2.38542581211589,0.630593462392891,285.637069922309,486.151687210529,0,0,472.5,0.291574279379157,0.903131401814457,0.09657594381036,0.000292654375182909,0,1,0.513782991202346,15.162129461585,74.9712719366667,6,10,15,87526.5131278539,921408.875418012,600,1500,3000
MO,muni,0500000US29119,,,498,1263,2.53614457831325,0.568376068376068,279.892592592593,496.126976960885,0,0,365,0.324858757062147,1,0,0,0,1,0.6285140562249,25.4044943820225,134.585173006709,5,7,10,288772.642172524,1673606.99803104,500,1000,2000
MO,muni,0500000US29127,,,22721,60185,2.6488710884204,0.657381746441824,399.84961010026,695.911587743617,0,0,618,0.228417588991923,0.922758681396065,0.0772413186039347,0,0,1,0.450896821168531,32.6481103583381,225.292404285804,9,12,20,60829.5880267822,759810.406988528,1200,2000,3500
MO,muni,0500000US29173,,,77,226,2.93506493506494,0.506666666666667,195.461538461538,292.586870729151,0,0,324,0.377358490566038,1,0,0,0,1,0.454545454545455,43.0263157894737,105.956770083843,10,13,16,1471.42857142857,1058.94548784085,200,1600,2000
MO,muni,0600000US2914702350,,,243,541,2.22633744855967,0.527659574468085,109.985148514851,261.66045518608,0,0,0,0.334975369458128,1,0,0,0,1,0.358024691358025,41.0584415584416,139.05193636446,6,8,8,1489.77011494253,810.814946070259,900,1500,2000
MO,muni,0600000US2914733022,,,268,610,2.27611940298507,0.502024291497976,144.705069124424,345.189220281079,0,0,0,0.341013824884793,1,0,0,0,1,0.567164179104478,10.780701754386,5.35097174522787,6,10,13,331115.460526316,1789105.82984185,1500,2000,3000
MO,muni,0600000US2914735036,,,84,228,2.71428571428571,0.432432432432432,154.742424242424,316.464960296667,0,0,178.5,0.318181818181818,1,0,0,0,1,0.404761904761905,6.48,2.84454364906369,5,6,8.5,1543.52941176471,1201.69043145401,600,1500,2500
MO,muni,0600000US2914742824,,,36,66,1.83333333333333,0.333333333333333,211.411764705882,380.333276311078,0,0,293,0.352941176470588,1,0,0,0,1,0.722222222222222,4.77777777777778,2.04803428790742,3,5,5,597.692307692308,583.200189933492,80,500,600
MO,muni,0600000US2914749376,,,2,3,1.5,1,180,254.558441227157,90,180,270,0.5,1,0,0,0,1,0,10,0,10,10,10,,,,,
MO,muni,0600000US2914758808,,,5520,14338,2.59746376811594,0.572131470183035,303.373017645745,601.587752690239,0,0,360,0.35195530726257,0.994021739130435,0.00579710144927536,0.000181159420289855,0,1,0.447154471544715,19.8129228687415,70.0388906863713,10,15,23,118450.034710744,1069335.37026695,1200,2500,4000
MO,muni,0600000US2914779342,,,19,52,2.73684210526316,0.526315789473684,279.833333333333,530.772827222388,0,0,320,0.333333333333333,1,0,0,0,1,0.526315789473684,27.5,8.21583836257749,20,27.5,35,7250,3622.84418654736,5000,5000,10625
MO,muni,0500000US29151,,,117,287,2.45299145299145,0.56,649.411764705882,761.068910098162,162.5,360,867,0.122222222222222,0.965811965811966,0.0341880341880342,0,0,1,0.358974358974359,705.794117647059,1237.37538264539,8,13,1300,715908.428571429,2606156.04910981,900,1500,2743.75
MO,muni,0500000US29159,,,14334,37143,2.59125156969443,0.609147609147609,425.664566220322,722.649377021993,0,42,624,0.239202360726102,0.9277242918934,0.0722059439095856,0,6.97641970140924e-05,1,0.470258136924804,26.2860418071477,175.746010320836,8,10,16,67340.0214797136,807398.844145076,600,1200,2500
MO,muni,0500000US29161,,,1660,4198,2.5289156626506,0.797052913596785,649.664634146341,815.378351973725,0,437.5,900,0.17269544924154,0.993975903614458,0.00602409638554217,0,0,1,0.475903614457831,38.2104637336504,227.427020602003,12,18,26,117429.063291139,1061557.18496587,1800,3000,5000
MO,muni,0500000US29165,,,2827,6893,2.43827378846834,0.603707995365006,275.583526145303,569.075494232438,0,0,335,0.191296464188577,0.900955076052352,0.0887866996816413,0.000353731871241599,0.00990449239476477,1,0.400501972032987,28.5613818630475,197.531158883709,7,10,20,171861.435094002,1293426.45454492,500,1250,2500
MO,muni,0500000US29167,,,1778,4534,2.55005624296963,0.707509881422925,462.930427493713,749.740774678828,0,180,600,0.156797331109258,0.994938132733408,0.00506186726659168,0,0,1,0.484814398200225,43.9756394640682,190.187896542357,6,10,15,1218392.17053364,3272447.7048636,15,25,1000
MO,muni,0500000US29169,,,557,1390,2.49551166965889,0.614035087719298,474.664864864865,714.715309777643,33,225,600,0.37283950617284,1,0,0,0,1,0.536936936936937,6.84313725490196,3.0011319978449,5,6,8,169598.067114094,1286337.23428648,500,1500,1800
MO,muni,0500000US29175,,,14327,34975,2.44119494660431,0.626263376932224,398.285638673253,721.31885172184,0,0,572,0.224134917860888,0.924687652683744,0.0752425490332938,6.97982829622391e-05,0,1,0.460766877712172,25.8976781857451,179.928374976032,8,12,20,199801.79959858,1391621.71403524,900,1600,3000
MO,muni,0500000US29183,,,8524,23228,2.72501173158142,0.50590241343127,474.876712328767,828.615732920078,0,146,780,0.164941455964704,0.955185358986391,0.0445800093852651,0,0.000234631628343501,1,0.526176753121998,59.7588859416446,325.558264458548,10,15,20,450109.219990872,2066695.40425892,1850,3000,4000
MO,muni,0500000US29187,,,14988,42322,2.82372564718441,0.576696487017238,392.379928643308,682.71471064792,0,0,572,0.137013756035347,0.986856151587937,0.013143848412063,0,0,1,0.562631115923395,30.4696132596685,219.788345779319,7,10,15,164216.896920856,1263723.72289465,700,1500,2800
MO,muni,0500000US29510,,,561912,1505181,2.67867744415496,0.62793004017432,543.523326429996,1023.00751203654,0,0,920,0.181557570751487,0.917019035009041,0.0825396147439457,6.05076951551133e-05,0.000380842551858654,1,0.341384716514228,87.828327931213,443.423202851599,15,21,30,138105.507195357,1149273.89903482,2500,3500,5000
MO,muni,0500000US29195,,,13509,34559,2.55822044562884,0.649714376388448,305.005979344084,568.630495290612,0,0,430,0.244524886877828,0.904952254052854,0.0946776223258568,0.000296098897031609,7.40247242579021e-05,1,0.455780282110605,17.818156694763,96.8925412580281,8,12,18,96996.4756836417,969785.354057304,700,1500,2800
MO,muni,0500000US29197,,,349,889,2.54727793696275,0.593059936908517,121.714801444043,271.028880148088,0,0,100,0.386281588447653,0.997134670487106,0,0,0.00286532951289398,1,0.581661891117479,18.3851851851852,65.8751629395799,5,6,10,296107.477832512,1697699.21675314,250,500,875
MO,muni,0500000US29201,,,10858,30014,2.76422913980475,0.767035319300749,592.003894839338,792.146063575769,0,320,856,0.224569385765356,0.916098729047707,0.0836249769755019,0.000276293976791306,0,1,0.388314565257523,38.0572057205721,245.123415905153,8,12,18,216063.316139767,1446760.53570466,500,1500,3000
MO,muni,0500000US29209,,,602,1662,2.76079734219269,0.619389587073609,273.795724465558,716.771529037544,0,0,187,0.311059907834101,1,0,0,0,1,0.529900332225914,7.43727598566308,12.2225543859916,3.5,6,8,95266.9153605016,966589.354249384,300,650,1900
MO,muni,0500000US29219,,,215,563,2.61860465116279,0.62,199.054545454545,381.798907205399,0,0,170,0.275449101796407,0.972093023255814,0.027906976744186,0,0,1,0.409302325581395,138.464566929134,699.147993907818,8,12,16,1479501.52272727,3567694.70671277,1600,3000,4000
MO,muni,0500000US29225,,,1987,5056,2.54453950679416,0.646718146718147,262.795317220544,531.093934814833,0,0,300,0.189373297002725,0.994967287367891,0.00503271263210871,0,0,1,0.503535353535354,25.344295991778,187.250194802414,5,8,13,122269.923771314,1090806.85124255,900,1500,3000
MS,muni,0500000US28001,,,10251,27864,2.71817383669886,0.653651329674968,323.999145820622,589.245366881458,0,0,466.5,0.114148849164622,0.536533021168667,0.463369427372939,0,9.7551458394303e-05,1,0.294902429311031,15.4845865744742,91.0908659814973,5,8,18,222235.741053342,1464859.91108458,700,2500,4000
MS,muni,0500000US28003,,,5369,15079,2.80853045259825,0.699039051318749,338.445847890352,580.042039016517,0,45,500,0.173397274103988,0.768672005960142,0.231327994039858,0,0,1,0.374026960318967,13.5271654765601,53.5983593224284,6,9,15,175184.40964467,1302332.95314754,1000,2000,3500
MS,muni,0500000US28005,,,1530,4175,2.72875816993464,0.600143061516452,266.993073593074,525.079086182019,0,0,312,0.14041095890411,0.565359477124183,0.434640522875817,0,0,1,0.527450980392157,7.67791842475387,11.8767878309781,3,4,10,1534.15737298637,2593.97269285596,400,1000,2000
MS,muni,0500000US28009,,,2,3,1.5,1,37.5,53.0330085889911,18.75,37.5,56.25,0.5,1,0,0,0,1,0,10,0,10,10,10,,,,,
MS,muni,0500000US28011,,,4481,12707,2.83575094844901,0.724497213472256,293.369298006009,608.471869555805,0,0,250,0.262942779291553,0.611470653871904,0.379825931711672,0,0.0087034144164249,1,0.439655172413793,37.6616388096209,258.024273584194,4,8,20,162936.178534572,1254538.24411763,700,3000,4000
MS,muni,0500000US28133,,,7503,20075,2.67559642809543,0.682184802603651,218.360052779152,499.237036990842,0,0,208,0.337553436369615,0.465280554444889,0.528188724510196,0,0.00653072104491537,1,0.346252532072924,13.817387687188,63.2859579591346,5,6,15,14233.5249609984,341853.808889625,500,1500,3525
MS,muni,0500000US28067,,,14398,41697,2.89602722600361,0.750530303030303,374.005070314742,663.74477184522,0,0,528,0.152785388127854,0.724058897069037,0.275941102930963,0,0,1,0.421235857267189,64.0942361642438,334.588609305959,6,8,15,124284.127582645,1098737.05888351,500,1500,3000
MS,muni,0500000US28015,,,314,788,2.50955414012739,0.576923076923077,316.804054054054,507.15355667833,0,99.5,426.25,0.2,0.78343949044586,0.21656050955414,0,0,1,0.668789808917197,101.457446808511,286.393881147979,5,6,60,1048128.33809524,3069606.28810247,160,600,1000
MS,muni,0500000US28021,,,2394,6265,2.61695906432749,0.565014824227022,629.598837209302,719.621600046677,156,460,720,0.111940298507463,0.433166248955723,0.566833751044277,0,0,1,0.349206349206349,24.3539362394275,232.866220673835,5,5,10,49757.4724880383,690341.143553293,400,1000,3000
MS,muni,0500000US28023,,,2823,7971,2.82359192348565,0.5359375,219.585425898572,449.755222385859,0,0,240,0.24950884086444,0.636911087495572,0.363088912504428,0,0,1,0.534537725823592,8.32845026985351,22.2298264799338,3,5,10,113848.726971504,1055629.3375906,200,1000,2000
MS,muni,0500000US28027,,,9665,26077,2.69808587687532,0.647985025324818,349.575836533187,636.10115797693,0,48,410,0.178888741546214,0.47128815312985,0.526642524573202,0,0.00206932229694775,1,0.31517014735503,31.9729256250995,197.441396452287,7,10,22,245747.951227716,1536953.32554535,1000,3000,5000
MS,muni,0500000US28029,,,6268,17174,2.73994894703255,0.64,273.792709232097,553.340178105903,0,0,312,0.174623382134522,0.608647096362476,0.391352903637524,0,0,1,0.409762363519589,22.1750758202371,188.639333323949,4,5,10,189952.697492163,1358500.86391889,400,1500,3000
MS,muni,0500000US28035,,,13382,40707,3.04192198475564,0.66027024866075,349.619430101358,659.261128585149,0,0,450,0.137619906923734,0.647362128231953,0.352488417276939,0.000149454491107458,0,1,0.453481254781943,34.7527127355797,232.067748537461,6,8,17,104760.260671503,1009154.35747018,400,1400,3000
MS,muni,0500000US28073,,,2967,8423,2.83889450623525,0.557656655543196,187.310731926358,424.00432757157,0,0,208,0.238095238095238,0.867205931917762,0.132794068082238,0,0,1,0.533650577838205,5.77663482733284,5.23689519795317,2,5,7,7088.81719745223,252360.899752307,60,300,1000
MS,muni,0500000US28043,,,3816,10758,2.81918238993711,0.772714244769275,481.417291354323,656.812455942227,16,250,624,0.128277531262606,0.537473794549266,0.462526205450734,0,0,1,0.373343932167462,32.0581344902386,258.545333214985,5,8,18,265241.37828247,1599202.50475302,1000,2500,4000
MS,muni,0500000US28045,,,3456,12209,3.53269675925926,0.593730407523511,213.550159235669,538.990460693335,0,0,200,0.245875883739199,0.75462962962963,0.240740740740741,0.00462962962962963,0,1,0.594328358208955,279.411052233157,942.075901609264,5,9,20,248092.047212456,1549431.80196417,600,1500,3000
MS,muni,0500000US28047,,,16145,46585,2.88541344069371,0.677990235964199,284.389771154003,552.887925972974,0,0,360,0.252957381299627,0.775596159801796,0.224218024156085,0,0.000185816042118303,1,0.488197826901461,22.340554592721,217.355469315569,6,10,18,108158.370810949,1024742.82390228,500,1500,3000
MS,muni,0500000US28049,,,36378,106361,2.92377260981912,0.759414225941423,518.691481197237,943.768533751511,0,104,720,0.180862099803255,0.676975094837539,0.323024905162461,0,0,1,0.406957262530172,45.0954761673624,318.972681030893,11,18,30,88523.0815714186,914644.642135152,1900,3500,5500
MS,muni,0500000US28121,,,497,1562,3.14285714285714,0.755364806866953,246.081885856079,399.257377486042,0,100,315,0.0962962962962963,0.275653923541247,0.724346076458753,0,0,1,0.194214876033058,31.5461538461538,173.925261474575,8,15,18,2094.46808510638,3053.78933194756,400,900,1800
MS,muni,0500000US28163,,,7410,21590,2.9136302294197,0.70452232077941,315.346916095573,610.47072976363,0,0,338,0.26846880207369,0.452226720647773,0.546828609986505,0,0.000944669365721997,1,0.39925936085585,15.5298180980889,34.1606464671821,5,8,20,118954.663345929,1074355.56468477,400,1000,3500
MS,muni,0500000US28057,,,1110,3082,2.77657657657658,0.8,255.323404255319,411.225379657869,0,60,400,0.0130718954248366,0.848648648648649,0.151351351351351,0,0,1,0.496383363471971,37.9106463878327,128.577008982242,4,6,10,183481.151183971,1338317.27800844,400,1000,2000
MS,muni,0500000US28059,,,4698,14109,3.00319284802043,0.547815820543093,324.615556799105,594.437278506873,0,0,437,0.198771635957566,0.767134951042997,0.232865048957003,0,0,1,0.534893708395963,30.0167053364269,157.258035679572,6,10,17.5,89692.4853472501,935676.554750442,300,700,2000
MS,muni,0500000US28061,,,1160,3331,2.87155172413793,0.673831775700935,259.428915662651,493.087074312509,0,0,360,0.173076923076923,0.629310344827586,0.370689655172414,0,0,1,0.482758620689655,6.63069139966273,5.14159663006484,3,4,9,1761.50714285714,2095.95240559801,500,1500,2500
MS,muni,0500000US28069,,,1084,3089,2.84963099630996,0.483063328424153,334.908346972177,650.589960346749,0,0,360,0.231527093596059,0.764760147601476,0.235239852398524,0,0,1,0.488929889298893,8.23800383877159,10.4364825643207,3,7,10,378435.971698113,1907153.527908,350,1000,1500
MS,muni,0500000US28071,,,1773,4916,2.7727016356458,0.691928527418361,520.936842105263,765.137721310146,0,156,720,0.195329087048832,0.777777777777778,0.222222222222222,0,0,1,0.468397291196388,17.3620501635769,16.2375850911202,6,12,25,135246.479518072,1143940.32826914,850,2000,4000
MS,muni,0500000US28109,,,5674,16477,2.90394783221713,0.729150119142176,258.096954196698,509.848793948481,0,0,350,0.147346368715084,0.620197391610857,0.379802608389144,0,0,1,0.446246034543532,13.1576069475716,75.7529488375992,4,5,10,60790.5102685624,767437.48571774,300,1000,2000
MS,muni,0500000US28075,,,21206,59541,2.80774309157786,0.678501088421271,373.894511431772,678.353416597297,0,30,510,0.175997446536866,0.639488823917759,0.360511176082241,0,0,1,0.362424763542562,85.3337414861866,354.602886003601,6,10,20,283122.714511665,1651558.57801254,700,2000,3500
MS,muni,0500000US28081,,,5557,14867,2.67536440525463,0.786931248747244,309.653336604514,567.613839864782,0,0,385.75,0.172941462229779,0.706316357746986,0.293683642253014,0,0,1,0.383847549909256,28.4126702190645,159.464307866936,6,8,17,88104.7749408984,918541.367667517,600,2200,4500
MS,muni,0500000US28083,,,13620,37667,2.76556534508076,0.784036073095483,355.328554250301,679.173356919183,0,28,394,0.215096428900987,0.476945668135095,0.5215859030837,0,0.00146842878120411,1,0.265420143027414,14.5760278888547,28.7844202689134,7,10,20,82086.3541959023,882811.669162624,1000,3000,5000
MS,muni,0500000US28085,,,4490,12607,2.80779510022272,0.635772749157439,319.860094451004,614.909297582138,0,0,400,0.184411764705882,0.600445434298441,0.399554565701559,0,0,1,0.479954954954955,16.8636165577342,125.25274589389,5,6,16,34684.2505865791,572225.731933644,325,1200,2800
MS,muni,0500000US28087,,,10604,28989,2.73377970577141,0.677211302211302,358.245331879515,629.862154347355,0,100,480,0.231210855949896,0.549603923047906,0.450396076952094,0,0,1,0.325893284797394,17.749711815562,102.604975435934,5,6,15,140628.658142269,1167124.70532925,500,1600,3700
MS,muni,0500000US28089,,,5795,16526,2.85176876617774,0.680337078651685,267.32404103479,529.883112916928,0,10,312,0.150868704640422,0.36548748921484,0.63451251078516,0,0,1,0.299266247379455,11.8060729778005,26.1649780904649,5,6,12,49194.2621132516,681825.65822632,460,1500,3500
MS,muni,0500000US28093,,,1780,5247,2.94775280898876,0.697929354445798,373.840728100114,579.982245527816,20,156,480,0.26878612716763,0.412359550561798,0.587640449438202,0,0,1,0.34703196347032,36.339222614841,285.157039797666,4,5,10,84688.7006578947,903631.889607328,500,2000,4000
MS,muni,0500000US28105,,,3876,11097,2.86300309597523,0.634205721241631,398.625841750842,676.326048549558,0,125,520,0.170536091177712,0.598297213622291,0.401702786377709,0,0,1,0.468863518422418,12.9389275074479,39.6476125180599,4,6,15,168217.372993913,1277822.34224334,400,1500,3000
MS,muni,0500000US28111,,,919,2801,3.04787812840044,0.628402366863905,281.594864479315,565.6481073468,0,0,320,0.182857142857143,0.70620239390642,0.29379760609358,0,0,1,0.614798694232862,7.03672316384181,6.28513300421333,3,5,8,561.424778761062,756.714480539842,190,300,600
MS,muni,0500000US28113,,,8251,22073,2.67519088595322,0.657296729278865,380.447269303202,694.581051737308,0,0,490,0.180935983722022,0.758453520785359,0.241425281784026,0,0.000121197430614471,1,0.471332927571516,30.0404801129678,231.594751182507,5,10,15,128550.186725207,1117720.8565144,600,1800,3000
MS,muni,0500000US28115,,,778,1985,2.55141388174807,0.576190476190476,233.549815498155,493.2540188267,0,0,240,0.299029126213592,0.884318766066838,0.115681233933162,0,0,1,0.528645833333333,14.3154929577465,28.9422113088893,5,6,13,296879.753694581,1695467.63517502,400,750,1750
MS,muni,0500000US28127,,,1287,3572,2.77544677544678,0.643485915492958,340.571428571429,576.559349922178,0,144,438.75,0.184989429175476,0.77000777000777,0.22999222999223,0,0,1,0.483619344773791,21.4659442724458,106.553147569717,4,6,10,227222.24516129,1486607.30399812,500,1500,2000
MS,muni,0500000US28137,,,2387,6495,2.72098868873062,0.693109700815957,281.705494505495,587.006386809897,0,0,279,0.200440528634361,0.603267700041894,0.396732299958106,0,0,1,0.460606060606061,23.6884176182708,135.298113704003,3,5,15,2509.58552631579,2268.30897520102,500,2000,3500
MS,muni,0500000US28143,,,1260,3425,2.71825396825397,0.773166023166023,401.838440111421,1026.76175456624,0,60,468,0.152495378927911,0.601587301587302,0.395238095238095,0,0.00317460317460317,1,0.262698412698413,40.5336322869955,400.324321368933,6,8,20,125786.891238671,1093751.30916746,2500,4000,6000
MS,muni,0500000US28149,,,14215,41370,2.91030601477313,0.653116735927465,388.685569304727,693.38314839372,0,0,502,0.162593170393482,0.565036932817446,0.434681674287724,0,0.000281392894829406,1,0.353559176672384,38.0189487931423,302.468889818661,6,10,23,106359.569031736,1009874.40890556,1000,2500,4500
MS,muni,0500000US28151,,,17727,47551,2.68240537033903,0.717588617686741,345.533900750144,641.163965808652,0,72,400,0.163817868428612,0.436057990635753,0.558752185931066,0,0.00518982343318102,1,0.299610449129239,16.1849506578947,79.9132296548499,6,8,18,54506.6604206501,716518.764405293,600,2000,4000
MT,muni,0500000US30009,,,3136,8094,2.58099489795918,0.597246734909989,276.528665028665,531.69281515746,0,0,400,0.194885703215808,1,0,0,0,1,0.558642972536349,28.6631178707224,116.133326784206,7,10,15,244170.869288606,1539773.93111079,500,1000,2000
MT,muni,0500000US30013,,,19621,52382,2.66969063758218,0.640909342330881,600.858936285097,894.116252609817,0,0,1100,0.213502109704641,0.990622292441772,0.00586106722389277,0.00351664033433566,0,1,0.451113667259228,90.5154368932039,481.17087653255,18,25,35,116292.104543347,1053981.42891175,2000,3500,5000
MT,muni,0500000US30029,,,5968,14971,2.50854557640751,0.600999423409571,580.773225469729,838.146908129245,0,120,950,0.224202626641651,1,0,0,0,1,0.613720851639067,68.9100529100529,356.897446376644,12,16,25,95889.5401982379,962909.62925003,1000,2000,3000
MT,muni,0500000US30031,,,7148,18520,2.59093452714046,0.722863741339492,527.1574,828.487558477585,0,24,841.25,0.242487242487243,0.997481813094572,0.000699496362618914,0.000139899272523783,0.00167879127028539,1,0.532515164339117,34.1898177247015,169.986329452093,15,24,35,177812.289271523,1310418.71566165,1500,2500,4000
MT,muni,0500000US30037,,,478,1334,2.7907949790795,0.776255707762557,265.617318435754,482.41629968092,0,0,360,0.326815642458101,1,0,0,0,1,0.609704641350211,11.6298342541436,8.66352471733828,7,10,12,839.602076124568,586.992479481549,400,600,1000
MT,muni,0500000US30043,,,153,378,2.47058823529412,0.528,433.472527472528,694.431731556407,0,0,642.5,0.376237623762376,1,0,0,0,1,0.628378378378378,10.5098039215686,5.83565780017851,8,10,10,932.58064516129,1019.67162577171,200,500,1500
MT,muni,0500000US30049,,,10020,27665,2.76097804391218,0.639511201629328,835.515260604163,1108.37162396886,0,436,1430,0.192791519434629,0.990219560878243,0.00538922155688623,0.00179640718562874,0.00259481037924152,1,0.490515463917526,81.3366191275168,498.193263230313,20,25,37,202954.922656578,1398528.06316404,1500,2500,4500
MT,muni,0500000US30063,,,12435,33955,2.73059911540008,0.685437425724472,627.660567898301,867.270810311056,0,150,1092,0.237166649098767,0.996059509449135,0.00329714515480499,0.000160836349014877,0.000482509047044632,1,0.575289890576515,37.947265625,270.12601364375,17,25,35,88263.9305890703,918702.567816948,1500,2500,4000
MT,muni,0500000US30093,,,22194,66525,2.99743173830765,0.645345052083333,756.585054503729,908.274375812474,0,480,1300,0.146929416868067,0.996080021627467,0.00144183112552942,0,0.00247814724700369,1,0.46100862193536,66.5014321352675,343.110390055687,15,20,30,279195.409048166,1640464.24818666,1000,1900,3000
MT,muni,0500000US30111,,,16236,43517,2.68027839369303,0.717082455305554,558.507813903359,848.331464084702,0,0,993,0.232372978740868,0.995750184774575,0.00264843557526484,0.000369549150036955,0.00123183050012318,1,0.488326970019403,36.7757545522574,168.569473978168,16,25,35,99424.4432196873,975472.741043366,1500,3000,4500
NC,muni,0500000US37001,,,13758,45591,3.31378107283035,0.654518495395661,553.447864447564,690.530036939105,0,400,840,0.151842130844756,0.928405291466783,0.071594708533217,0,0,1,0.41482542794661,70.5525013027619,384.078465422836,10,15,25,61247.4359207417,760326.630454578,1200,2500,4000
NC,muni,0500000US37081,,,54169,165414,3.05366538056822,0.684894575889265,643.844298125786,928.509943049961,0,390,900,0.163639115955192,0.810020491424985,0.189850283372409,1.84607432295224e-05,0.000110764459377135,1,0.393829161640531,56.6180901335194,453.598118940006,11,16,25,127162.177937306,1099616.2301997,1800,3000,5725
NC,muni,0500000US37003,,,1122,3295,2.9367201426025,0.641658440276407,560.853723404255,596.521362466955,147.5,330,881,0.250297973778308,0.916221033868093,0.0837789661319073,0,0,1,0.426377597109305,8.09756097560976,5.84018237710289,4,6,10,256075.245762712,1575455.94391268,650,2000,2800
NC,muni,0500000US37013,,,10070,31200,3.09831181727905,0.686149619083302,385.102991944764,583.028157038523,0,150,600,0.214851965701343,0.59116186693148,0.40883813306852,0,0,1,0.382638263826383,38.8141993957704,248.342814782935,6,9,15,611011.601672765,2391250.14985145,700,1800,3500
NC,muni,0500000US37019,,,1674,4682,2.79689366786141,0.5809906291834,218.681684622919,508.875414803731,0,0,156,0.349159248269041,0.620071684587814,0.379928315412186,0,0,1,0.626578472639808,11.5714285714286,27.5702678787315,5,8,12,634453.101727447,2436624.76267119,400,700,1900
NC,muni,0500000US37021,,,37023,112904,3.04956378467439,0.730394458793144,421.197791411043,710.058747800613,0,0,624,0.1721907002491,0.78767252788807,0.212273451638171,0,5.40204737595549e-05,1,0.34439059714795,32.2136111592445,187.029043205475,10,15,25,494513.598220785,2159833.98139166,1500,3000,5000
NC,muni,0500000US37023,,,8738,29418,3.36667429617762,0.640203562340967,431.950145208132,611.681955367598,0,200,700,0.143451143451143,0.877203021286336,0.122796978713664,0,0,1,0.519935282560962,15.4802761341223,54.7624585019833,7,10,15,283160.968881974,1649571.82850317,1000,2000,3500
NC,muni,0500000US37025,,,12018,36714,3.05491762356465,0.578684807256236,527.056453558504,670.255675992642,0,400,792,0.181934285382561,0.81660842070228,0.18339157929772,0,0,1,0.403087192323738,26.9337332190803,218.611977862719,8,10,15,85688.7716828814,905998.685988227,1000,1800,3500
NC,muni,0500000US37189,,,1549,4436,2.86378308586185,0.620553359683794,359.758205689278,594.558841822514,0,42.5,520,0.316138540899042,0.999354422207876,0.000645577792123951,0,0,1,0.585539057456424,74.5636042402827,472.007179355643,9,13,20,201542.081587652,1395028.53323695,1500,3000,4000
NC,muni,0500000US37027,,,6431,20174,3.13699269164982,0.634968176712842,446.466266506603,677.444364562461,0,180,676,0.150737962738931,0.912455294666459,0.0875447053335407,0,0,1,0.371370590071808,37.6592649310873,360.160069269509,5,8,12,398012.361496427,1947931.80582177,1000,2000,4000
NC,muni,0500000US37031,,,6730,21353,3.17280832095097,0.479632271358377,278.38961596224,508.798781963304,0,25,350,0.16588546973711,0.737890044576523,0.262109955423477,0,0,1,0.575944603341864,22.8634726224784,123.881182912032,8,10,15,87764.3256664924,924687.283045164,400,908.5,2000
NC,muni,0500000US37035,,,14773,46631,3.15650172612198,0.560927479033054,459.272930421534,663.832196149029,0,260,690,0.119919517102616,0.871454680836662,0.128545319163339,0,0,1,0.461929981429259,50.753209700428,230.355333524701,7,10,20,191916.527843955,1361788.2081094,1200,2000,4000
NC,muni,0500000US37037,,,347,963,2.77521613832853,0.657894736842105,498.106837606838,771.466026302166,0,169,750,0.47136563876652,0.847262247838617,0.152737752161383,0,0,1,0.521613832853026,13.3841463414634,6.42789109501499,8,12,20,2928.5635359116,1850.42533626932,1800,2600,4000
NC,muni,0500000US37045,,,18806,59721,3.17563543549931,0.664853556485356,388.032223082882,596.487179014677,0,160,616,0.172154644766406,0.859619270445602,0.140380729554398,0,0,1,0.375154147230712,19.7690372940156,109.44660311619,6,10,13,67061.1906531371,799214.227328415,1000,1800,3500
NC,muni,0500000US37049,,,2352,7001,2.9766156462585,0.587415946205572,273.026537216829,489.293978190257,0,0,420,0.26646884272997,0.782312925170068,0.217687074829932,0,0,1,0.356444066354743,19.9743416610398,122.779265309145,6,8,12,849887.181384248,2785591.28438417,1000,2000,5000
NC,muni,0500000US37137,,,1255,3854,3.07091633466135,0.462780269058296,186.410736579276,355.923938271342,0,0,260,0.341787439613527,0.668525896414343,0.331474103585657,0,0,1,0.576095617529881,14.188679245283,56.3389541471616,5,6,8,111759.452282158,1046674.70057356,300,900,1500
NC,muni,0500000US37051,,,11780,36695,3.11502546689304,0.773346794548208,561.355263157895,736.253192893133,0,312,800,0.186222458189541,0.627928692699491,0.371986417657046,8.48896434634975e-05,0,1,0.327400308060928,19.5526691778153,84.5854649593612,8,10,20,181263.431521171,1320962.09537172,1000,3000,5000
NC,muni,0500000US37055,,,365,1080,2.95890410958904,0.427672955974843,261.945652173913,445.127210355882,0,0,400,0.376811594202899,0.997260273972603,0.00273972602739726,0,0,1,0.69041095890411,10.3333333333333,5.63968621521274,6.5,10,12,1714.90079365079,1066.87272924083,1000,1800,2000
NC,muni,0500000US37057,,,17911,56331,3.14505052760873,0.598161764705882,419.847720078707,576.366594104186,0,260,660,0.118080602164027,0.825079560046899,0.174920439953101,0,0,1,0.395613048368954,31.4070518912754,179.94887053737,7,10,13,209737.041654819,1425462.10695515,900,1500,3000
NC,muni,0500000US37059,,,1450,4421,3.04896551724138,0.458536585365854,211.850035536603,503.41010755162,0,0,156,0.083271375464684,0.813793103448276,0.186206896551724,0,0,1,0.484137931034483,16.4187779433681,109.665688203971,5,7,10,999862.991452992,2997430.54358371,1650,3000,4500
NC,muni,0500000US37063,,,37935,113860,3.00144984842494,0.714943112842664,515.517153526681,777.747502879978,0,210,800,0.163989035011624,0.664320548306313,0.335574008171873,0,0.000105443521813629,1,0.273910598066261,35.7741285362395,254.401692634823,12,16,25,155270.087904566,1217335.25198258,2100,3500,5500
NC,muni,0500000US37135,,,3500,10772,3.07771428571429,0.524103831891224,585.683465959328,948.927152155539,0,225,780,0.254355400696864,0.736571428571429,0.263428571428571,0,0,1,0.451104100946372,77.7879746835443,450.541659795757,10,20,35,131416.019071837,1120277.68186958,1200,3000,6000
NC,muni,0500000US37065,,,17051,54310,3.18515043105976,0.656407035175879,485.952088054387,712.60995158358,0,228,644.5,0.190083541282413,0.557973139405314,0.441733622661427,0,0.000293237933259046,1,0.306798064439986,43.1310066643283,174.314564311354,6,10,18,497323.779188305,2167223.71793448,1000,2500,4800
NC,muni,0500000US37127,,,14694,45257,3.07996461140602,0.589154629410372,496.361376896149,747.30679564806,0,200,720,0.19781520254893,0.629576697971961,0.370287192051177,0,0.000136109976861304,1,0.331252572369324,15.8285532186106,121.583215993116,6,9,15,173172.115758956,1291689.29311464,1000,2500,4000
NC,muni,0500000US37067,,,45166,139757,3.09429659478369,0.682790652901114,465.39300049089,720.409080959603,0,225,675,0.174958899368348,0.655493070008413,0.344307665057787,0,0.000199264933799761,1,0.348865047995483,40.9882907275221,288.572818865148,10,14,22,120179.588760844,1069836.946185,1800,3000,5000
NC,muni,0500000US37069,,,4344,12829,2.95326887661142,0.561867127685848,325.563338788871,562.20830186591,0,60,416,0.11332503113325,0.673112338858195,0.326887661141805,0,0,1,0.365273608866313,45.4160988074958,401.008063203131,4,6,10,1203570.63084703,3250881.16456726,1000,2000,6000
NC,muni,0500000US37071,,,27824,89193,3.20561385853939,0.687542518708232,422.742823335734,606.398901456882,0,233,676,0.128159487362051,0.886572742955722,0.113427257044278,0,0,1,0.281948070786191,20.9927360774818,246.617965308219,4,7,12,153210.517813505,1217198.92107604,900,1500,3500
NC,muni,0500000US37073,,,270,795,2.94444444444444,0.421875,833.176470588235,657.074837083004,246,790,1327.5,0.347368421052632,0.985185185185185,0.0148148148148148,0,0,1,0.523622047244094,104.939130434783,352.213484079838,8,12,15,77367.6541353384,866919.997499211,1600,2100,2500
NC,muni,0500000US37077,,,4902,14436,2.94492044063648,0.591696269982238,340.221562221562,632.652839857479,0,50,400,0.232199941877361,0.596899224806202,0.403100775193798,0,0,1,0.406710835648643,16.3313543599258,88.9455450562803,6,10,15,187386.644245928,1343524.39192517,1200,2500,5000
NC,muni,0500000US37151,,,7271,22901,3.14963553844038,0.682149651236525,540.477138118929,593.04084421006,0,480,800,0.14062843331136,0.937697703204511,0.0623022967954889,0,0,1,0.533787541713014,41.6454258675079,207.523157705639,6,10,18,578151.944777286,2328921.48177377,900,2000,3500
NC,muni,0500000US37083,,,12337,39103,3.16957120855962,0.623885918003565,475.969496896871,648.069378769025,0,325,720,0.208343680158927,0.837237578017346,0.162681364999595,0,8.10569830590906e-05,1,0.214508196721311,29.8789603694555,176.710542866234,5,7,12,289215.470385938,1668324.22434335,1400,2000,3750
NC,muni,0500000US37085,,,3226,10241,3.17451952882827,0.722703639514731,536.417910447761,682.803239140087,88.5,300,765.5,0.276674937965261,0.547427154370738,0.452572845629262,0,0,1,0.292264504054897,14.1306868867083,44.4544134171554,7,10,15,322637.029882604,1760946.2567174,1000,2500,3500
NC,muni,0500000US37087,,,8297,25750,3.10353139689044,0.686771210293526,431.112253222385,732.030122104752,0,0,736,0.152340564345131,0.961070266361335,0.0389297336386646,0,0,1,0.496289086263536,14.5184003925417,28.3052407728233,7,10,16,68820.6508948272,810781.301063905,1000,1900,3500
NC,muni,0500000US37089,,,4222,12835,3.04002842254856,0.706227667177131,293.250462107209,550.112056206237,0,0,420,0.225390984360626,0.861676930364756,0.138086215063951,0,0.000236854571293226,1,0.389635316698656,12.9486973947896,9.89190643190033,6,10,16.5,224620.618842365,1472293.3871566,1000,2000,4000
NC,muni,0500000US37093,,,245,1408,5.7469387755102,0.644859813084112,444.959537572254,652.992631091845,0,208,585,0.109826589595376,0.857142857142857,0.142857142857143,0,0,1,0.304347826086957,6.50694444444445,4.21949608859248,4,6,6,7552.38095238095,6962.17562267153,2000,5000,10000
NC,muni,0500000US37097,,,12366,38025,3.07496360989811,0.590945406125166,457.828955188399,711.929437095459,0,204,686,0.171275137111517,0.873362445414847,0.126637554585153,0,0,1,0.430725112658746,15.5686977299881,77.638235769046,6,10,15,326322.937607,1768590.59574679,1300,2400,4000
NC,muni,0500000US37159,,,23003,68057,2.95861409381385,0.556192175832433,508.11512605042,524.296868749652,0,520,802.5,0.176577229876722,0.822197104725471,0.177759422683998,0,4.34725905316698e-05,1,0.485619226896642,19.7686882933709,125.019818174285,6,8,11,8569655.72955918,3500821.75584999,9999998,9999998,9999998
NC,muni,0500000US37099,,,1053,3196,3.03513770180437,0.664367816091954,477.657480314961,680.549013203268,0,258,721.25,0.177949709864603,0.971509971509971,0.0284900284900285,0,0,1,0.487595419847328,8.83889980353635,6.35293809266486,5,6,10,647949.283757339,2459660.94109804,1000,2000,3500
NC,muni,0500000US37101,,,8336,25060,3.00623800383877,0.636316806181584,383.361572760438,678.510874550344,0,65,550,0.205359925210346,0.751559500959693,0.248440499040307,0,0,1,0.370248538011696,36.4937205651491,184.44660024334,6,8,15,101507.509378085,988533.330272874,1200,2500,3700
NC,muni,0500000US37133,,,690,2437,3.53188405797101,0.463636363636364,156.134529147982,273.225247357968,0,0,200,0.0961968680089485,0.550724637681159,0.449275362318841,0,0,1,0.401449275362319,4.43825665859564,4.12242139020655,1,3,6,1052.34657039711,956.721028215951,200,1000,1500
NC,muni,0500000US37103,,,443,1289,2.9097065462754,0.333333333333333,298.116618075802,527.218768288187,0,20,387.5,0.252906976744186,0.765237020316027,0.234762979683973,0,0,1,0.690744920993228,77.8592592592593,390.151619264066,5,6,10,132926.852941176,1137434.25688796,750,1500,3875
NC,muni,0500000US37105,,,2695,8938,3.3165120593692,0.634176182707994,474.569794050343,760.123629900643,0,150,660,0.209291187739464,0.869387755102041,0.130241187384045,0.000371057513914657,0,1,0.408797876374668,18.7648195876289,67.0594064756963,7,10,18,86614.5241187384,910033.040315557,1500,2500,4500
NC,muni,0500000US37107,,,12876,40736,3.16371543957751,0.720110747545935,442.257034859303,724.769653930068,0,200,550,0.158276696233153,0.601739670705188,0.398182665424045,7.7663870767319e-05,0,1,0.340427208954047,229.992101303912,873.796411551583,8,10,20,146541.102801574,1189280.72529142,1000,2200,4000
NC,muni,0500000US37109,,,3401,10311,3.0317553660688,0.62753807106599,378.252716297787,575.32644003061,0,8,650,0.253821399839099,0.882093501911203,0.117612466921494,0.000294031167303734,0,1,0.427207637231504,11.3418982695333,30.7792216260873,6,8,12,66189.0844972067,790294.312751392,1500,2865,4500
NC,muni,0500000US37111,,,2300,7207,3.13347826086957,0.659798754192621,398.476,658.013527561534,0,0,672,0.218767665347654,0.975652173913043,0.0243478260869565,0,0,1,0.378640776699029,14.615988579586,10.5831875381872,8,12,20,95845.1794871795,961406.896485819,1000,2000,4000
NC,muni,0500000US37115,,,2209,7280,3.29560887279312,0.658266129032258,286.356172839506,526.285183911126,0,0,380,0.203327171903882,0.971027614305115,0.0289723856948846,0,0,1,0.404882542607094,87.5166139240506,736.197199417394,4,6,10,343101.517633675,1816317.28630444,600,1500,3000
NC,muni,0500000US37119,,,61890,189553,3.06274034577476,0.725431794148749,592.689809678245,930.028145710499,0,170,890,0.166547111692476,0.810664081434804,0.189222814671191,0,0.000113103894005494,1,0.349809758468681,32.3016733443318,225.452990737307,10,18,32,177535.314805942,1299537.9969529,2500,4500,7000
NC,muni,0500000US37125,,,3828,11390,2.97544409613375,0.513769363166954,668.556385362211,728.657183010942,222,450,855,0.198320111992534,0.598484848484849,0.40073145245559,0.000783699059561129,0,1,0.591329632566746,13.9434219495569,15.3002756134797,6,10,18,556497.785426911,2288188.93315541,400,1000,3000
NC,muni,0500000US37129,,,28169,84092,2.98526749263375,0.698491277699199,430.591980770214,717.240909770528,0,100,600,0.150713025230124,0.625368312684156,0.373886186943093,0.000426000213000107,0.00031950015975008,1,0.306340690598783,26.0332405524034,209.139201559921,9,12,20,345909.877762106,1816922.96841761,1500,3000,5000
NC,muni,0500000US37131,,,753,2173,2.88579017264276,0.484126984126984,489.084210526316,787.533781924528,0,260,600,0.143322475570033,0.780876494023904,0.219123505976096,0,0,1,0.592297476759628,71.1802120141343,380.738316944888,3,5,10,315893.625560538,1745296.64790237,1000,1500,3000
NC,muni,0500000US37139,,,8388,25031,2.9841440152599,0.544032816305602,365.37031024531,597.073286327942,0,84,525.75,0.163451232583065,0.626132570338579,0.373867429661421,0,0,1,0.358307360345241,19.7368120358027,95.6643161558597,8,10,15,169842.407159585,1282387.15361371,1000,1800,3500
NC,muni,0500000US37141,,,1051,3269,3.11037107516651,0.486153846153846,266.239247311828,525.367952086325,0,12,300,0.335947712418301,0.574690770694577,0.425309229305423,0,0,1,0.586108468125595,24.621686746988,105.870894907205,3,5,13,179923.892857143,1325215.12554033,400,1000,2000
NC,muni,0500000US37143,,,320,912,2.85,0.911196911196911,503.435897435898,908.963381067915,0,225,725,0.243243243243243,0.775,0.225,0,0,1,0.43125,46.9945054945055,258.727175516719,6,8,10,2851.98550724638,1401.77538099602,2000,3000,3500
NC,muni,0500000US37145,,,2910,9518,3.27079037800687,0.675055514433753,364.498257839721,613.596408814711,0,90,500,0.227626459143969,0.774226804123711,0.225773195876289,0,0,1,0.404447533009034,44.1237237237237,427.689333715052,6,10,18,21186.9613402062,414183.315602515,1600,2800,6000
NC,muni,0500000US37147,,,15037,47135,3.13460131675201,0.610022953328233,369.349119291214,693.425047621056,0,120,480,0.243029118222039,0.538338764381193,0.461661235618807,0,0,1,0.340545247504856,45.8781410997792,361.438514210558,7,10,15,170772.325137687,1281840.41047959,1000,3000,5000
NC,muni,0500000US37153,,,7223,22184,3.07130001384466,0.679736559963241,692.542161856254,897.459346476771,0,300,1040,0.15722433460076,0.677557801467534,0.322442198532466,0,0,1,0.399887672002247,26.0257087938491,214.884078253919,5,10,20,111544.042134831,1037512.67078506,1000,2250,3500
NC,muni,0500000US37155,,,9419,29030,3.08206816010192,0.746361996392063,386.356940509915,672.474345023966,0,105,500,0.201124936083177,0.738507272534239,0.255971971546873,0.00552075591888736,0,1,0.445003209929382,15.793178663494,104.983783796561,5,8,16,214399.647751863,1438903.21408385,600,2000,4000
NC,muni,0500000US37157,,,9976,30915,3.09893744987971,0.614392543621979,415.924479166667,640.891706737824,0,86.5,700,0.130744336569579,0.740276663993585,0.259723336006415,0,0,1,0.403695806680881,25.3098859315589,133.846837913274,7,10,16,128446.069668008,1114169.231196,950,2000,4000
NC,muni,0500000US37161,,,11235,36013,3.20542946150423,0.714341769668432,359.712435558909,575.566196100918,0,45,624,0.170090180360721,0.890965732087227,0.109034267912773,0,0,1,0.307492846924177,10.3686875243412,66.0417261924001,4,6,10,54484.6510613551,721526.891997848,900,1500,3000
NC,muni,0500000US37165,,,4818,15004,3.11415525114155,0.717366102480872,324.057642672785,554.842517291359,0,40,480,0.17184383015104,0.755707762557078,0.244292237442922,0,0,1,0.228240252897787,42.0850180005539,366.186830332544,6,7,11,391286.912280702,1930929.60912,1000,2500,5000
NC,muni,0500000US37167,,,4772,13909,2.91471081307628,0.55246983837924,626.380640465793,748.594037075104,0,480,900,0.16707703130496,0.954316848281643,0.0456831517183571,0,0,1,0.339139559286464,106.998580049698,503.925349442239,4,8,15,189224.680074257,1349733.35039941,1500,3000,5000
NC,muni,0500000US37169,,,1211,3848,3.177539223782,0.515769944341373,270.289623717218,513.430178741412,0,0,432,0.232426303854875,0.682906688687036,0.317093311312965,0,0,1,0.526837324525186,19.2119089316988,133.132787946282,4,6,10,17308.5971786834,395841.139001727,500,1400,2450
NC,muni,0500000US37171,,,6518,20691,3.1744400122737,0.586949152542373,425.938458070334,673.447605020458,0,60,700,0.146936995857859,0.929426204357165,0.0705737956428352,0,0,1,0.483769303498267,14.356586733105,37.5375314083629,7,10,18,91125.767752443,933529.422482493,1200,2200,4500
NC,muni,0500000US37175,,,2982,10556,3.53990610328639,0.737212750185323,436.715454545455,661.823063982623,0,200,650,0.136343115124154,0.89906103286385,0.10093896713615,0,0,1,0.351748251748252,12.6650406504065,9.31914838592037,5,10,18,42390.7435387674,629464.956286028,1000,2000,3000
NC,muni,0500000US37177,,,335,933,2.78507462686567,0.504792332268371,381.536082474227,541.125569633332,0,134,600,0.318181818181818,0.964179104477612,0.0358208955223881,0,0,1,0.465671641791045,14.5823529411765,11.056430579206,8,14,15,2587.17948717949,1371.77624192107,1500,2500,3500
NC,muni,0500000US37179,,,4844,14522,2.99793559042114,0.62221706864564,549.769992082344,743.218282333137,0,300,780,0.15779407076825,0.724814203137903,0.275185796862097,0,0,1,0.380082987551867,10.2721367521368,7.25213726564335,6,8,12,269860.924126638,1613467.54972137,1000,2000,3500
NC,muni,0500000US37181,,,5988,18953,3.16516366065464,0.612106803218727,456.651113467656,748.832019189545,0,182,624,0.185815289438798,0.552271209084836,0.447728790915164,0,0,1,0.365306810519218,19.1146826477799,119.426142303769,6,10,20,544022.52099677,2259557.78947462,1500,3500,6000
NC,muni,0500000US37183,,,32752,103884,3.17183683439179,0.682895708817406,652.498955189227,925.220062625977,0,300,1000,0.181104792135079,0.711590131900342,0.288226673180264,0,0.000183194919394235,1,0.35945666802291,84.1613001061518,455.708560151261,11,20,40,253014.85755333,1554908.64262137,2000,4000,7000
NC,muni,0500000US37191,,,14780,45261,3.06231393775372,0.693816354647865,409.52880075543,839.515207556851,0,32,520,0.159009602711354,0.587280108254398,0.412719891745602,0,0,1,0.304813929668829,13.5883306320908,17.9289251087607,8,10,15,509454.073476703,2191866.14681654,1000,3000,5000
NC,muni,0500000US37193,,,2895,9646,3.33195164075993,0.68453911127433,755.271701388889,806.853489961873,250,600,936.5,0.123546511627907,0.925043177892919,0.0749568221070812,0,0,1,0.400489681706891,31.5752212389381,305.426604859332,7,10,16,169752.814847162,1277505.3426865,2000,3500,5000
NC,muni,0500000US37195,,,14449,44804,3.10083742819572,0.77236564377334,451.571939359268,676.726027794827,0,208,600,0.266113592852585,0.621496297321614,0.378434493736591,0,6.920894179528e-05,1,0.316228531370487,22.9977904040404,136.785412505703,8,12,18,358748.71735757,1849046.35606765,1500,3000,6000
NC,muni,0500000US37197,,,82,256,3.1219512195122,0.848484848484848,582.846153846154,666.10898161233,119,490,700,0.212121212121212,0.914634146341463,0.0853658536585366,0,0,1,0.353658536585366,4.74468085106383,2.72243565106516,2,5,8,1035475.65517241,3098996.54599693,900,1000,1500
ND,muni,1600000US3807200,,,9201,26976,2.93185523312683,0.717217346411977,674.031320689055,946.331041454987,0,250,1080,0.269218449711723,0.999565264645147,0.000108683838713183,0.00032605151613955,0,1,0.422479301349665,74.156779661017,451.81708326156,20,31,42,108759.780939597,1017572.67073689,2000,4000,6000
ND,muni,1600000US3886780,,,12,33,2.75,0.333333333333333,226.666666666667,325.781112609883,40,80,340,0.1,1,0,0,0,1,0.75,5,0,5,5,5,2500,750,1500,3000,3000
ND,muni,0600000US3801701980,,,104,309,2.97115384615385,0.65,545.125,854.765115045493,0,137.5,725,0.197530864197531,1,0,0,0,1,0.144230769230769,15.4197530864198,7.35503942465787,10,10,20,2668666.13333333,4576127.8081553,3000,3000,5001499
ND,muni,1600000US3803300,,,16,41,2.5625,0.333333333333333,323.636363636364,604.107154853718,0,0,400,0.545454545454545,1,0,0,0,1,0.1875,15,0,15,15,15,7000,0,7000,7000,7000
ND,muni,1600000US3825700,,,18064,55381,3.0658215234721,0.670492003418386,635.943096164996,934.054315891414,0,100,1050,0.194234536803806,1,0,0,0,1,0.45505297937792,69.3468709815688,475.696488642144,22,30,40,180082.06209314,1311658.35717491,3000,4500,6000
ND,muni,1600000US3884780,,,39,125,3.20512820512821,0.282051282051282,835.826086956522,995.906925743105,0,0,1659,0,1,0,0,0,1,0,23.2307692307692,2.84199280029403,20,24,25.5,,,,,
ND,muni,1600000US3832060,,,13368,41226,3.08393177737882,0.714395229982964,459.422335431026,764.928473170866,0,0,720,0.192414339473163,0.999775583482944,7.48055056852184e-05,7.48055056852184e-05,7.48055056852184e-05,1,0.474417196488041,49.6655498907502,301.496633969039,18,25,35,95832.380185067,957243.715443482,1800,3000,4500
ND,muni,0600000US3803551980,,,348,983,2.82471264367816,0.878205128205128,333.55938697318,557.001085240974,0,0,475,0.252918287937743,1,0,0,0,1,0.189655172413793,61.6594202898551,374.848895546931,17,20,26,2423.60606060606,1567.27291697088,1800,2000,3000
ND,muni,0600000US3803509300,,,4,10,2.5,0,50,50,25,50,75,0.333333333333333,1,0,0,0,1,1,,,,,,80,0,80,80,80
ND,muni,0600000US3803545060,,,109,315,2.88990825688073,0.676470588235294,226.792207792208,397.08468332077,0,0,423,0.246753246753247,1,0,0,0,1,0.509259259259259,12.2830188679245,6.7150157754857,8,9,20,708.727272727273,556.730051432784,300,600,850
ND,muni,1600000US3845020,,,8,17,2.125,0.428571428571429,486.666666666667,1043.20020449896,0,0,240,0.5,1,0,0,0,1,0.5,6,0,6,6,6,887.5,225,887.5,1000,1000
ND,muni,0600000US3803556820,,,5,15,3,0.666666666666667,0,0,0,0,0,0.666666666666667,1,0,0,0,1,1,,,,,,3500,0,3500,3500,3500
ND,muni,0600000US3803558340,,,70,211,3.01428571428571,0.703125,221.102040816327,460.120194663759,0,0,200,0.32,1,0,0,0,1,0.5,13.0571428571429,4.66490563010819,12,12,12,1787.42857142857,1497.755856287,1000,1000,2100
ND,muni,0600000US3803502020,,,17,87,5.11764705882353,0.357142857142857,131.25,371.231060122937,0,0,0,0.125,1,0,0,0,1,1,,,,,,1547.05882352941,404.842017117208,1000,1800,1800
ND,muni,0600000US3804902260,,,2,2,1,1,240,339.411254969543,120,240,360,0,1,0,0,0,1,,,,,,,,,,,
ND,muni,0600000US3804956540,,,727,2260,3.10866574965612,0.602167182662539,250.62156448203,470.385636193728,0,0,360,0.314465408805031,1,0,0,0,1,0.640990371389271,103.3,321.423585338913,5,10,25,6008865.12446352,4902134.41531299,600,9999998,9999998
ND,muni,0600000US3804932700,,,2,3,1.5,0,0,0,0,0,0,0.5,1,0,0,0,1,1,,,,,,1200,0,1200,1200,1200
ND,muni,0600000US3804941420,,,215,664,3.08837209302326,0.548223350253807,116.941935483871,280.502800845097,0,0,54,0.368421052631579,1,0,0,0,1,0.644859813084112,7.61842105263158,2.36624656513592,5,8,10,146128.695652174,1199310.5953643,900,1200,1900
ND,muni,1600000US3880860,,,176,426,2.42045454545455,0.6875,171.979020979021,451.688779003761,0,0,35,0.363636363636364,1,0,0,0,1,0.551136363636364,8.0379746835443,7.08454988884657,4,7,9,847.628865979382,611.112839409719,500,900,1000
ND,muni,0600000US3804951660,,,58,124,2.13793103448276,0.745454545454546,197.9,491.538702360625,0,0,57.5,0.28,1,0,0,0,1,0.586206896551724,6.16666666666667,3.18511028635303,2,7,10,1074.11764705882,772.163892349831,300,950,2000
ND,muni,1600000US3881620,,,10,31,3.1,0.6,240,536.65631459995,0,0,0,0,1,0,0,0,1,1,,,,,,1340,568.037557443755,900,900,2000
ND,muni,1600000US3830860,,,1,1,1,1,750,,750,750,750,0,1,0,0,0,1,,,,,,,,,,,
ND,muni,1600000US3836860,,,1143,3439,3.0087489063867,0.478221415607986,186.633251833741,377.943141662773,0,0,237.5,0.300733496332518,1,0,0,0,1,0.5249343832021,10.9888059701493,5.95715745358204,7,9,15,484950.033333333,2146121.45248073,587.5,1000,2000
ND,muni,1600000US3849900,,,6328,19361,3.05957648546144,0.667662434652726,421.564822635135,753.272878569285,0,0,600,0.198918019142738,0.996207332490518,0,0.00379266750948167,0,1,0.524987380111055,173.860902255639,664.110580915014,15,20,30,313492.272115385,1735416.92590888,1000,2500,4000
ND,muni,0600000US3810106500,,,52,170,3.26923076923077,0.313725490196078,257.117647058824,553.248355908545,0,0,292.5,0.194444444444444,1,0,0,0,1,0.530612244897959,13.4090909090909,9.3587702229823,8,10,10,1050,614.00325732035,500,1000,1500
ND,muni,0500000US38065,,,3,6,2,1,100,141.42135623731,50,100,150,0.5,1,0,0,0,1,0,10,0,10,10,10,,,,,
ND,muni,0600000US3807509100,,,51,138,2.70588235294118,0.875,340.75,483.648300494718,0,0,696,0.277777777777778,1,0,0,0,1,0.117647058823529,15.5111111111111,6.39823207904916,12,15,15,1250,164.31676725155,1100,1250,1400
ND,muni,0600000US3807713220,,,511,1524,2.98238747553816,0.485714285714286,457.744252873563,716.487429756151,0,10,750,0.238888888888889,1,0,0,0,1,0.436399217221135,146.720430107527,754.144553710005,10,15,28,585346.340807175,2347698.42265884,1500,2500,4000
ND,muni,0600000US3807719380,,,689,2048,2.97242380261248,0.591059602649007,286.017699115044,578.721838560308,0,0,352.5,0.333333333333333,1,0,0,0,1,0.438316400580552,11.7547169811321,5.06623140637368,8,10,15,564564.90397351,2308256.84254152,1000,1900,2500
ND,muni,1600000US3834900,,,44,84,1.90909090909091,0.682926829268293,238.62962962963,337.515714522832,0,0,520,0.3,1,0,0,0,1,0.461538461538462,13.7142857142857,5.70328611657109,8.5,10,20,1683.33333333333,363.901418552116,1500,1800,2000
ND,muni,0600000US3807732620,,,153,398,2.60130718954248,0.568345323741007,126.252173913043,318.762928006926,0,0,0,0.327586206896552,1,0,0,0,1,0.589403973509934,9.54838709677419,3.9781263377594,7,8,12,114201.775280899,1059800.68680026,1200,1500,2500
ND,muni,1600000US3882660,,,1941,6162,3.17465224111283,0.661846496106785,410.61441307578,653.168308566997,0,0,650,0.203296703296703,0.998454404945904,0.000515198351365276,0.00103039670273055,0,1,0.461458333333333,140.430678466077,772.522526850173,15,20,30,48181.8329571106,670572.39485697,1700,2500,4000
ND,muni,1600000US3800100,,,28,65,2.32142857142857,0.714285714285714,322.4,692.906198557929,0,0,410,0.153846153846154,1,0,0,0,1,0.857142857142857,10.75,0.5,10.75,11,11,2283.33333333333,916.831342257085,1725,2000,3500
ND,muni,1600000US3832900,,,26,52,2,0.875,413.478260869565,568.974266039353,0,120,770,0.318181818181818,1,0,0,0,1,0.0384615384615385,20.4,8.58778201865883,13,21,25,4000,,4000,4000,4000
ND,muni,0600000US3807738660,,,332,843,2.53915662650602,0.611486486486487,482.691729323308,601.572801967843,0,300,780,0.366795366795367,1,0,0,0,1,0.433734939759036,9.53804347826087,4.80194273962133,5,10,10.5,418237.486111111,2004909.08380931,1000,1300,2125
ND,muni,0500000US38085,,,75,268,3.57333333333333,0.55,114.871794871795,233.173775212166,0,0,20,0.435897435897436,1,0,0,0,1,0.12,7.04545454545455,1.51334391009109,6,7,8,744.444444444445,287.711275027201,700,700,1000
ND,muni,0500000US38089,,,5073,16636,3.27932190025626,0.596830985915493,363.758256632377,638.784685257452,0,0,528,0.318095753313497,1,0,0,0,1,0.526888217522659,37.1483398016386,228.917206786716,12,19,26,239525.703746177,1521038.31354604,850,2000,4000
ND,muni,1600000US3840580,,,7402,22572,3.04944609564982,0.659340659340659,442.155324875048,746.079602595111,0,0,650,0.21705565529623,0.999189408268036,0,0,0.000810591731964334,1,0.448090445332966,24.7733977619532,75.6127771109378,13.75,20,29.25,365971.005538462,1870273.12006614,1500,3000,4000
ND,muni,0600000US3810142060,,,1344,4694,3.49255952380952,0.676056338028169,317.051362683438,580.484843198185,0,0,480,0.158498435870699,1,0,0,0,1,0.507381507381507,94.5812807881773,383.017241922007,8,10,18,169969.891271057,1287705.64267965,500,1000,2500
ND,muni,1600000US3849820,,,199,575,2.8894472361809,0.466292134831461,182.625,434.722335222448,0,0,93.5,0.347222222222222,1,0,0,0,1,0.487437185929648,9.31372549019608,2.79313299430913,6.25,10,12,515.051546391753,428.135793565498,200,400,600
ND,muni,1600000US3853380,,,10311,28752,2.78847832411987,0.701065317981276,437.812686858183,747.147358723602,0,0,675,0.198119283782043,0.998642226748133,0.00116380564445738,0,0.000193967607409563,1,0.391918593163406,101.951626217599,626.055442627468,14,20,30,260630.524073607,1582385.01010318,2000,3000,5000
ND,muni,0600000US3810137860,,,109,359,3.29357798165138,0.433962264150943,226.205128205128,500.652700189589,0,0,181.5,0.333333333333333,1,0,0,0,1,0.73394495412844,11.3793103448276,4.07443066227355,8,10,15,1426.875,1028.05407155978,1000,1000,1800
ND,muni,0600000US3810567460,,,4,10,2.5,0,2400,,2400,2400,2400,0,1,0,0,0,1,1,,,,,,2500,0,2500,2500,2500
ND,muni,0600000US3810574820,,,204,578,2.83333333333333,0.534031413612565,278.48322147651,454.853742516695,0,0,480,0.23489932885906,1,0,0,0,1,0.480392156862745,9.59433962264151,5.21495706394559,5,10,12.75,613239.112244898,2409486.92125465,400,837.5,1730
ND,muni,0600000US3810505020,,,1,1,1,1,650,,650,650,650,0,1,0,0,0,1,0,,,,,,,,,,
ND,muni,0600000US3810571300,,,6,21,3.5,0,0,0,0,0,0,0.25,1,0,0,0,1,1,,,,,,1500,0,1500,1500,1500
ND,muni,0600000US3810524580,,,39,95,2.43589743589744,0.4375,261.5,517.268508298562,0,0,150,0.193548387096774,1,0,0,0,1,0.41025641025641,10.4347826086957,3.9637687181006,7.5,10,15,775,514.457643219213,300,500,1275
ND,muni,0600000US3810536620,,,15,46,3.06666666666667,0.785714285714286,71.4285714285714,160.856225477055,0,0,0,0.2,1,0,0,0,1,0.6,10,0,10,10,10,4444488,5270419.54915261,80,80,9999998
ND,muni,1600000US3886220,,,4615,12265,2.65763813651138,0.661685448309652,421.847328244275,705.255686891303,0,0,600,0.221094710947109,0.996749729144095,0.000433369447453955,0.000216684723726977,0.00260021668472373,1,0.474465691788527,37.2968548039638,178.732646212157,14,20,30,197037.409198672,1380630.29198495,1000,2500,4000
ND,muni,0600000US3810579500,,,133,385,2.89473684210526,0.606299212598425,453.754901960784,736.058050824562,0,0,580,0.203883495145631,1,0,0,0,1,0.419847328244275,177.631578947368,580.40325848167,15,25,30,731090.036363637,2619739.30544256,3500,4000,6500
NE,muni,0600000US3100121415,,,12111,34160,2.82057633556271,0.63640409434802,383.326729526433,675.516638586198,0,0,600,0.267977291841884,0.998348608702832,0.00148625216745108,0.000165139129716786,0,1,0.437180025178347,43.7634083698444,277.154702008095,12,17,25,77918.9468228067,861853.526545183,1500,2500,4000
NE,muni,0600000US3100142390,,,1,1,1,,,,,,,,1,0,0,0,1,,,,,,,,,,,
NE,muni,0500000US31019,,,9508,25889,2.72286495582667,0.665422463522226,266.730240995076,544.827232027797,0,0,295.75,0.268819971689615,1,0,0,0,1,0.45568,22.7312537492502,168.270234328617,8,13,20,135434.213951311,1147276.03794702,700,1500,3000
NE,muni,0500000US31025,,,5567,14924,2.68079755703251,0.577769049489395,356.299373795761,734.360592853998,0,0,500,0.27726833976834,1,0,0,0,1,0.53469387755102,17.8246541903987,47.5245044260604,8,10,16,126780.774462179,1110629.84419794,600,1500,2500
NE,muni,0500000US31043,,,4367,12541,2.87176551408289,0.878040305767894,365.282298358316,603.69100802268,0,0,523.75,0.158129941560674,0.962674604991985,0.0233569956491871,0.0139683993588276,0,1,0.490245581822355,24.9623883403855,109.580391395088,8,12,18,57579.3600187266,747494.568331502,300,1000,2000
NE,muni,0500000US31047,,,6332,17780,2.80795957043588,0.655482531995849,286.842610364683,580.0831222519,0,0,350,0.2951935346661,0.999842072015161,0,0.000157927984838913,0,1,0.527144233858015,21.9342560553633,96.4578356397236,10,15,20,132973.399451554,1137055.32496519,500,2000,3000
NE,muni,0600000US3105122955,,,6,21,3.5,1,378,382.632330050664,0,495,495,0.4,1,0,0,0,1,0,12,0,12,12,12,,,,,
NE,muni,0600000US3105317670,,,8093,21187,2.61794143086618,0.710348482840864,331.809325428617,611.079360469021,0,0,455,0.269851213782302,0.997899419251205,0.00185345360187817,0,0.000247127146917089,1,0.442288178589548,41.6551326412918,240.00591124051,10,16,25,37238.3209062231,585541.264470074,1500,2500,3800
NE,muni,0600000US3105310775,,,1000,2506,2.506,0.643023255813954,182.220230473752,398.516338371688,0,0,160,0.241254523522316,1,0,0,0,1,0.577,11.187648456057,9.49688868499417,8,10,12,261435.433275563,1592388.79698065,700,1000,2000
NE,muni,0600000US3105338645,,,313,807,2.57827476038339,0.493150684931507,187.564220183486,398.677904947877,0,0,163.75,0.297297297297297,1,0,0,0,1,0.580128205128205,77.5954198473283,312.845422106041,7,10,12,1727.62430939227,2157.56019415584,900,1200,2000
NE,muni,0600000US3105351910,,,6,13,2.16666666666667,1,166,303.776233435073,0,0,130,0,1,0,0,0,1,0.333333333333333,7,0,7,7,7,1000,0,1000,1000,1000
NE,muni,0500000US31055,,,156389,437402,2.79688469137855,0.582009258100838,553.957835476011,881.186459337414,0,0,936,0.184654375996403,0.960834841325157,0.0383275038525728,0.00015346347888918,0.000684191343380928,1,0.549145797687562,30.9452804579387,112.301927420527,15,25,35,173340.45424933,1291631.60263616,2000,3000,4500
NE,muni,0500000US31153,,,1351,3819,2.82679496669134,0.591240875912409,300.013388259526,538.862835507027,0,0,480,0.168205128205128,1,0,0,0,1,0.540340488527017,12.4567699836868,5.92768297884255,8,10,15,15719.4904109589,370044.293831123,1000,2000,3000
NE,muni,0500000US31073,,,887,2227,2.51071025930101,0.574908647990256,256.83630952381,487.316316412145,0,0,328.75,0.270386266094421,1,0,0,0,1,0.487034949267193,9.4,5.07450064468151,6,8,12,94017.7939814815,958758.405809485,500,1000,2000
NE,muni,0600000US3106703390,,,10293,27230,2.64548722432721,0.631201182182816,325.074229691877,603.25763966613,0,0,500,0.241421355164606,0.99475371611775,0.00437190323520839,0.000194306810453706,0.000680073836587972,1,0.545650681573012,31.5739723016048,268.882511197971,11,16,23,101470.369518332,989134.597373466,1300,2500,3500
NE,muni,0600000US3106741620,,,18,59,3.27777777777778,0.888888888888889,293,484.241675199481,0,0,552.5,0.272727272727273,1,0,0,0,1,0.777777777777778,2000,0,2000,2000,2000,1771.42857142857,1368.56385783311,1200,1200,1300
NE,muni,0600000US3106742040,,,1,1,1,1,400,,400,400,400,0,1,0,0,0,1,0,,,,,,,,,,
NE,muni,0600000US3106722395,,,229,587,2.56331877729258,0.502392344497608,203.630434782609,427.143037108917,0,0,241,0.340540540540541,1,0,0,0,1,0.532751091703057,8.54166666666667,3.27644437146402,6,8,10,246719.950819672,1554980.76558233,400,900,1000
NE,muni,0600000US3106722850,,,6,21,3.5,1,60,84.8528137423857,30,60,90,0,1,0,0,0,1,0,5,0,5,5,5,,,,,
NE,muni,0600000US3106705682,,,2268,6043,2.66446208112875,0.585140747577296,338.357798165138,685.654858962595,0,0,400,0.287913340935006,1,0,0,0,1,0.540133037694013,42.0235294117647,251.003054368957,8,10,15,297825.60591133,1693911.42413052,1000,1800,3000
NE,muni,0600000US3106727015,,,18,41,2.27777777777778,0.833333333333333,497.4,556.803350769885,0,325,900,0.266666666666667,1,0,0,0,1,0.277777777777778,11.4615384615385,4.66575082588331,5,13,16,940,766.811580507233,100,1500,1500
NE,muni,0600000US3107919595,,,14993,39805,2.65490562262389,0.650366748166259,386.022308932055,711.302437465489,0,0,560,0.222167406676533,0.99653171480024,0.00333488961515374,0,0.00013339558460615,1,0.445251546946462,36.6839263803681,220.10626395197,12,19.5,25,43770.2321752266,637192.38843867,1500,2500,4000
NE,muni,0600000US3112150720,,,40,114,2.85,0.58974358974359,103,180.745761507788,0,0,151,0.235294117647059,0.975,0.025,0,0,1,0.3,19.5714285714286,12.3930343978907,8,20,22,7458.33333333333,3179.89660590442,4500,10000,10000
NE,muni,0600000US3107951455,,,3,6,2,0,395,558.614357137373,197.5,395,592.5,0,1,0,0,0,1,0,7,0,7,7,7,,,,,
NE,muni,0600000US3107931290,,,177,470,2.65536723163842,0.566037735849057,170.407142857143,477.150201777728,0,0,23,0.307142857142857,1,0,0,0,1,0.491525423728814,8.26666666666667,2.96344773395957,5,8,10,116056.068965517,1071991.92132336,600,1000,1200
NE,muni,0500000US31081,,,2930,7182,2.45119453924915,0.61689017760058,241.925140631761,504.213459765175,0,0,217.5,0.319060250094733,1,0,0,0,1,0.445523941707148,27.4785624211854,120.631827104157,6,10,15,133804.070093458,1143286.72286225,600,1200,2000
NE,muni,0500000US31093,,,1559,4161,2.66901860166774,0.277008310249308,281.348397699261,619.336990495109,0,0,360,0.208092485549133,0.997434252726107,0.00128287363694676,0,0.00128287363694676,1,0.523412443874278,12.2137931034483,5.41915240627523,8,10,15,112086.503676471,1044854.66037527,700,1500,2500
NE,muni,0600000US3109927295,,,1345,3277,2.4364312267658,0.585045193097781,258.009174311927,566.087503978532,0,0,300,0.251180358829084,1,0,0,0,1,0.485415108451758,12.2116564417178,5.48630348932909,8,11,15,125523.024653313,1103990.63606773,1000,2000,3000
NE,muni,0600000US3109921625,,,416,1869,4.49278846153846,0.541561712846348,353.986577181208,619.180086579988,0,0,472.5,0.290969899665552,1,0,0,0,1,0.663438256658596,14.381679389313,5.50168927242027,10,15,18,116734.97810219,1041822.65050877,2000,2500,4500
NE,muni,0500000US31109,,,56844,149255,2.6256948842446,0.620786886478561,486.296342149691,823.976771877535,0,0,784,0.257415555701495,0.993385405671663,0.00643867426641334,1.75920061923862e-05,0.000158328055731476,1,0.51416052153468,39.8744379621716,247.336839509586,15,22,30,104328.602993141,998637.789546609,1800,3000,4500
NE,muni,0500000US31111,,,9885,28339,2.86686899342438,0.741578014184397,492.004424202993,864.969827165378,0,0,720,0.214563862928349,0.992513909964593,0.0026302478502782,0,0.00485584218512898,1,0.471163748712667,29.639874534405,145.944215403385,14,20,26,33964.2369398907,552215.746756834,1800,3000,4500
NE,muni,0500000US31113,,,1,1,1,0,300,,300,300,300,1,1,0,0,0,1,1,,,,,,2500,,2500,2500,2500
NE,muni,0500000US31119,,,8527,22958,2.69238888237364,0.697576252723312,399.145669291339,727.288328983418,0,0,576,0.195209768315592,0.999296352761815,0.000351823619092295,0.000351823619092295,0,1,0.387844389263332,26.503223285798,146.446904766715,11,16,23,100228.031707317,982787.076708223,1500,2500,3500
NE,muni,0500000US31139,,,55,141,2.56363636363636,0.875,338.127659574468,506.89084739699,0,78,412.5,0.166666666666667,1,0,0,0,1,0.181818181818182,21.3414634146341,8.87583730162276,18,20,25,3020,2113.34384855428,1000,3400,5000
NE,muni,0600000US3112108535,,,2418,6350,2.62613730355666,0.668903803131991,248.913738019169,516.472175183437,0,0,300,0.364649681528662,0.999586435070306,0.000413564929693962,0,0,1,0.40295358649789,37.5300429184549,245.465464724404,8,12,16,127724.359162304,1114252.99263327,700,1500,2500
NE,muni,0600000US3112108500,,,13,28,2.15384615384615,0.615384615384615,232.583333333333,487.741074813887,0,0,175.5,0.333333333333333,1,0,0,0,1,0.384615384615385,16.25,5.17549169506766,10,20,20,1320,402.492235949962,1500,1500,1500
NE,muni,0600000US3112129015,,,18,47,2.61111111111111,0.222222222222222,64.2857142857143,154.905146446477,0,0,0,0.285714285714286,1,0,0,0,1,0.5,17.3333333333333,5.29150262212918,20,20,20,1222.22222222222,924.361641590803,200,2000,2000
NE,muni,0600000US3112145435,,,159,409,2.57232704402516,0.54421768707483,147.865546218487,552.564451710751,0,0,0,0.4,1,0,0,0,1,0.528301886792453,8.28,3.09559407912321,5,8,10,120340.69047619,1090946.95935098,80,1000,2125
NE,muni,0600000US3114110110,,,5749,16104,2.80118281440251,0.552741020793951,447.976034858388,714.506906396647,0,24,717,0.283600194080543,0.999304226822056,0.00069577317794399,0,0,1,0.550742358078603,30.9474817046922,162.880474336942,13,20,25,786636.078972407,2686508.02307195,2000,3000,5000
NE,muni,0600000US3114110145,,,19,47,2.47368421052632,0.421052631578947,591.166666666667,552.188510850372,100.75,500,1073.75,0.166666666666667,1,0,0,0,1,0.947368421052632,15,,15,15,15,2780055,4607431.58032612,3000,4000,7500998.5
NE,muni,0600000US3114111335,,,77,260,3.37662337662338,0.318840579710145,219.408163265306,457.315077306634,0,0,156,0.285714285714286,1,0,0,0,1,0.545454545454545,8.2,2.28550419202519,8,8,8,821.619047619048,1208.7976883398,400,500,500
NE,muni,0600000US3114119945,,,7,28,4,0.142857142857143,28.8,64.3987577519939,0,0,0,0.5,1,0,0,0,1,0,15,0,15,15,15,,,,,
NE,muni,0600000US3114144665,,,383,1180,3.08093994778068,0.422287390029326,202.84962406015,407.528723307466,0,0,221.75,0.172284644194757,1,0,0,0,1,0.527415143603133,10.5777777777778,3.76392098474339,8,10,13,199144.96039604,1396493.90368693,200,1000,2000
NE,muni,0600000US3106719840,,,451,1042,2.31042128603104,0.384248210023866,193.879452054795,380.397965033853,0,0,246,0.317808219178082,1,0,0,0,1,0.620842572062084,8.63529411764706,4.40910048340319,5,7,10,1561.48214285714,1275.01726730976,500,1200,2500
NE,muni,0600000US3115502340,,,1657,4369,2.63669281834641,0.583762886597938,220.946428571429,473.120981703769,0,0,250,0.328416149068323,0.99939649969825,0.000603500301750151,0,0,1,0.506053268765133,11.7392373923739,13.9884152600171,7,10,15,25296.8851674641,488757.248308165,500,1000,2000
NE,muni,0600000US3115530590,,,260,623,2.39615384615385,1,210.895238095238,450.011566545864,0,0,175,0.395454545454545,1,0,0,0,1,0.565384615384615,140.592920353982,561.209211644949,5,10,10,1324.48979591837,813.586835733424,600,1000,2000
NE,muni,0600000US3115530695,,,45,120,2.66666666666667,0.209302325581395,141.25641025641,258.540917859876,0,0,190,0.564102564102564,1,0,0,0,1,0.733333333333333,9.16666666666667,2.5524794837866,8.75,10,11,660,513.1276644267,80,500,1000
NE,muni,0600000US3115550965,,,2605,6659,2.55623800383877,0.586122448979592,248.46406473108,471.788267954461,0,0,350,0.283880171184023,1,0,0,0,1,0.527583527583528,17.1876033057851,6.5255376708579,12,16.5,22,253418.991899853,1562456.44798205,1800,3000,4000
NE,muni,0500000US31157,,,16456,48309,2.93564657267866,0.737020469025349,409.154678204435,693.947693486771,0,0,600,0.237794723463932,0.992221682061254,0.00528682547399125,0.000364608653378707,0.00212688381137579,1,0.475003086038761,21.8359748427673,70.7248634080543,10,18,25,633939.630067568,2431844.20640386,1000,2500,4000
NE,muni,0500000US31159,,,2985,7666,2.56817420435511,0.542722664735699,287.973266499582,601.948458450928,0,0,328.75,0.332642057237661,0.999664991624791,0.00033500837520938,0,0,1,0.552461799660441,16.444641275465,44.7970481518628,10,15,20,979647.644744929,2969562.73676567,1500,2500,4500
NE,muni,0500000US31165,,,491,1296,2.63951120162933,0.637777777777778,251.822033898305,488.994319148009,0,0,297.5,0.415512465373961,1,0,0,0,1,0.496945010183299,28.6444444444444,131.035804055397,8,10,14,821867.37704918,2748129.13667176,1000,2000,3500
NE,muni,0500000US31167,,,10,31,3.1,1,149.5,212.028973761337,0,5,311.5,0,1,0,0,0,1,0,10,0,10,10,10,,,,,
NE,muni,0600000US3117705350,,,3101,8460,2.72815220896485,0.609913793103448,261.932043010753,525.887429325956,0,0,350,0.269546436285097,1,0,0,0,1,0.470113085621971,22.1701732673267,89.1704188214191,10,14,20,180453.837800687,1324986.47773194,650,1500,2500
NE,muni,0600000US3117749129,,,1,1,1,0,0,,0,0,0,1,1,0,0,0,1,0,,,,,,,,,,
NH,muni,0600000US3300140180,,,9696,27120,2.7970297029703,0.474495035946594,579.657643024725,755.050833580363,0,320,936,0.223108192620388,0.998349834983498,0.000206270627062706,0.00144389438943894,0,1,0.457322551662174,71.2469447956174,487.948607690656,13,18,25,234206.199901768,1501387.71824608,2000,3000,4500
NH,muni,0600000US3300539300,,,8191,22921,2.79831522402637,0.500802139037433,499.216610350347,687.174953937648,0,126,883,0.268690768690769,0.999511659138078,0.000488340861921621,0,0,1,0.428889163474608,24.1730812013348,147.46111806233,15,20,25,306607.647651974,1712288.95273739,2500,3500,5000
NH,muni,0600000US3300575300,,,25,66,2.64,0.291666666666667,561.5,583.983707468141,0,460,1000,0.277777777777778,1,0,0,0,1,0.44,21.0714285714286,2.1290765681316,20,20,20,3763.63636363636,388.001874409718,3500,3500,3800
NH,muni,0600000US3300575700,,,9,19,2.11111111111111,0.333333333333333,663.142857142857,932.009912066646,0,142,1000,0,1,0,0,0,1,1,,,,,,3233.33333333333,731.43694191639,2700,3000,3000
NH,muni,0600000US3300705140,,,18847,61568,3.26672680002122,0.441654529565977,485.427956003666,658.48840063551,0,200,850,0.188738817751272,0.999893882315488,0.000106117684512124,0,0,1,0.434974679452645,46.1310364850479,335.91192763841,12,15,18,234038.618280902,1503858.79803362,1300,2000,3000
NH,muni,0600000US3301150260,,,24273,72329,2.97981296090306,0.473433181777659,505.406475607088,941.943055525677,0,169,880,0.197029386712095,0.998805256869773,0.00115354509125366,4.11980389733449e-05,0,1,0.396366055465469,48.8385328836425,275.235371124158,15,20,25,515696.162907794,2203099.45591243,2500,3500,5000
NH,muni,0600000US3301145140,,,59438,178356,3.00070661866146,0.490072404269613,447.104559336824,659.219098810912,0,50,745,0.18644828839616,0.99988223022309,6.7297015377368e-05,0,5.0472761533026e-05,1,0.355285457502354,32.8469724180449,209.632317919191,14,18,23,158675.706225306,1235487.52236299,1900,3000,4500
NH,muni,0600000US3301337300,,,190,549,2.88947368421053,0.592178770949721,291.2890625,580.76570624368,0,0,441.25,0.417910447761194,0.968421052631579,0.0315789473684211,0,0,1,0.0421052631578947,11.5388888888889,2.89357579500522,10,12,15,5112.5,2118.91987308898,4925,6000,6500
NH,muni,0600000US3301129860,,,119,401,3.36974789915966,0.6,323.325581395349,379.629430516608,0,238,520,0.0804597701149425,1,0,0,0,1,0.260504201680672,13.9090909090909,5.33398637590191,10,12,15,2064.51612903226,718.701786601728,1500,2500,2500
NH,muni,0600000US3301543220,,,13,28,2.15384615384615,0.769230769230769,836.8,587.008574610854,408,930,1276.75,0.3,1,0,0,0,1,0.307692307692308,18.3333333333333,2.78388218141501,16,17,22,4800,0,4800,4800,4800
NH,muni,0600000US3301104500,,,8,15,1.875,0.571428571428571,244.428571428571,365.013176539723,0,160,262,0,1,0,0,0,1,0,10.25,1.03509833901353,9,11,11,,,,,
NH,muni,0600000US3301314200,,,18899,49573,2.62304883856289,0.50658414537793,630.004657702786,863.834926355936,0,260,1020,0.259961746891935,0.999047568654426,0.00089951849304196,0,5.291285253188e-05,1,0.438469827586207,27.2157141166726,38.8855455312403,18,25,30,1049304.60100762,3058962.20703703,2400,3500,5775
NH,muni,0600000US3301306260,,,167,411,2.46107784431138,0.705128205128205,419.630434782609,656.642533780102,0,144,682.75,0.184397163120567,1,0,0,0,1,0.327272727272727,21.3394495412844,8.67010635105672,15,18,30,744616.518518519,2642399.77803512,3050,4000,4900
NH,muni,0600000US3301306500,,,6,12,2,1,1750,494.974746830583,1575,1750,1925,0.333333333333333,1,0,0,0,1,0,27.5,2.73861278752583,25,27.5,30,,,,,
NH,muni,0600000US3301380020,,,30,68,2.26666666666667,0.642857142857143,656.615384615385,1163.50941816293,0,0,870,0.307692307692308,1,0,0,0,1,0.333333333333333,21.2,11.5512587602983,15,15,28,5490,617.251974480439,5200,5750,6000
NH,muni,0600000US3301327380,,,6654,19126,2.87436128644424,0.489556135770235,439.693965517241,612.403126931269,0,146,750,0.237401335761991,1,0,0,0,1,0.484099496221663,20.473310706572,70.0014152003683,14,16,20,174918.305691057,1301361.17159366,1500,2400,3200
NH,muni,0600000US3301562900,,,10930,31798,2.9092406221409,0.516442155309033,542.495526412551,824.881894536806,0,0,1000,0.249939335112837,0.995425434583715,0.0040256175663312,0,0.000548947849954254,1,0.447307227234676,80.5025764342151,434.269243942691,18.25,24,30,226136.070284883,1474560.79316857,2100,3500,5000
NH,muni,0600000US3301551620,,,14,45,3.21428571428571,0.6,930.571428571429,913.379595630582,0,1350,1482,0.142857142857143,1,0,0,0,1,0.428571428571429,12.5,4.62910049886276,10,10,12.5,4000,0,4000,4000,4000
NH,muni,0600000US3301718820,,,9122,27960,3.06511729883797,0.483339436103991,570.060728065761,711.501552868511,0,384,900,0.212427061977606,0.999890374917781,0.000109625082218812,0,0,1,0.389836250705816,66.8360968172289,364.359057637954,15,20,25,194540.35225956,1369177.91362026,2000,3000,4500
NH,muni,0600000US3301765140,,,7616,21235,2.78820903361345,0.535335945436076,471.345036764706,591.65939939437,0,250,816,0.22128801431127,1,0,0,0,1,0.495826156088512,101.297101449275,484.972693373318,16,20,25,416793.266969535,1992366.34599776,1500,2500,3500
NH,muni,0600000US3301769940,,,6371,19932,3.12855124784178,0.463589743589744,424.461620926244,560.997927345916,0,190,750,0.252910052910053,1,0,0,0,1,0.47141282091668,28.9672131147541,133.822280699915,12,14,18,89205.2482459071,927918.64981815,1400,2000,3000
NJ,muni,1600000US3400100,,,1488,4008,2.69354838709677,0.446740858505564,677.536363636364,855.243170677592,0,347,1100,0.142463235294118,0.94758064516129,0.0524193548387097,0,0,1,0.599456890699253,58.51393728223,271.726210206646,15,20,25,378250.75198188,1896917.88919996,2500,4500,6000
NJ,muni,0600000US3400125560,,,11,20,1.81818181818182,0.444444444444444,607.142857142857,583.303074045111,130,564,913,0.142857142857143,1,0,0,0,1,0.4,17,13.9427400463467,8,8,28.25,4500,577.350269189626,4000,4500,5000
NJ,muni,1600000US3402080,,,39514,115151,2.91418231512882,0.759271584888581,404.695209680093,666.771069897677,0,36,600,0.231154050589376,0.749658348939616,0.249481196537936,0,0.00086045452244774,1,0.200961538461538,73.8821714783892,417.109652659321,20,25,38,477951.386525281,2119646.763576,2500,4000,7000
NJ,muni,1600000US3407810,,,395,1014,2.56708860759494,0.676630434782609,546.563106796117,1010.7451057978,0,0,720,0.359223300970874,0.992405063291139,0.00759493670886076,0,0,1,0.569620253164557,24.0121212121212,11.7359089761898,15,20,30,51158.4355555556,666309.266027211,3000,5000,7000
NJ,muni,0600000US3400974810,,,697,2037,2.92252510760402,0.400616332819723,296.159420289855,458.287113049584,0,71,500,0.22202166064982,0.860832137733142,0,0,0.139167862266858,1,0.592430858806405,61.7330827067669,358.430825666818,10,12,15,248655.847665848,1549545.32751544,1500,2000,4000
NJ,muni,1600000US3420350,,,3558,10221,2.87268128161889,0.486003573555688,507.180856689582,652.169682105569,0,350,752,0.221979938944614,0.88504777965149,0.114671163575042,0.000281056773468241,0,1,0.503126776577601,34.2856311809191,249.66452550172,12,15,20,217120.239548023,1449464.85890593,1000,2000,3000
NJ,muni,1600000US3421870,,,406,1090,2.68472906403941,0.271317829457364,152.828220858896,349.49762794559,0,0,0,0.387878787878788,1,0,0,0,1,0.758706467661692,121.338028169014,316.724483408438,10,20,52,364321.501639344,1866889.0937565,2000,3000,5000
NJ,muni,1600000US3429430,,,7760,23501,3.0284793814433,0.362306843267108,314.759775556725,547.915145959307,0,0,480,0.28236702582521,0.992268041237113,0.00708762886597938,0,0.000644329896907217,1,0.653546375681995,47.9698473282443,297.914697679594,12,18,25,126784.920691711,1102972.2708683,2000,3000,4000
NJ,muni,0600000US3400129280,,,10,34,3.4,0,80,226.274169979695,0,0,0,0.3,1,0,0,0,1,0.3,22,0,22,22,22,2500,0,2500,2500,2500
NJ,muni,0600000US3400149410,,,11,38,3.45454545454545,0,246,526.291005264409,0,0,0,0.272727272727273,1,0,0,0,1,0.363636363636364,15,0,15,15,15,5000,0,5000,5000,5000
NJ,muni,0600000US3400781740,,,20,73,3.65,0.277777777777778,505.111111111111,636.957699624638,80,416,500,0.333333333333333,1,0,0,0,1,0.75,17,0,17,17,17,4233.33333333333,258.198889747161,4000,4000,4500
NJ,muni,1600000US3440530,,,1402,3839,2.73823109843081,0.35108024691358,295.186733958183,596.858095628594,0,0,250,0.232374100719425,0.999286733238231,0.000713266761768902,0,0,1,0.477175463623395,44.0151098901099,331.52568999647,15,20,25,168515.968609865,1272118.51673967,3200,4000,5000
NJ,muni,1600000US3452950,,,2786,6882,2.47020818377602,0.573394495412844,600.944759206799,887.381566025365,0,150,985,0.185402237613213,0.958722182340273,0.0405599425699928,0,0.000717875089734386,1,0.499164578111947,69.5147679324895,657.274730184281,15,18,25,61412.4343096234,763218.141085755,1500,2500,3500
NJ,muni,0600000US3400120290,,,211,579,2.74407582938389,0.598984771573604,413.184210526316,657.576932986095,0,0,624,0.158536585365854,0.957345971563981,0.042654028436019,0,0,1,0.407582938388626,136.912,480.090230363338,15,20,25,119246.255813954,1078005.65275009,1500,2950,4600
NJ,muni,1600000US3441370,,,356,865,2.42977528089888,0.516923076923077,605.16015625,962.513707431996,0,0,950,0.217557251908397,0.997191011235955,0.00280898876404494,0,0,1,0.583657587548638,35.2924528301887,10.6162202771958,25,35,40,738755.853333333,2614033.17453121,3000,4500,10000
NJ,muni,1600000US3443890,,,3189,7885,2.47256193164001,0.540845979980626,653.124944021496,1212.78500736006,0,0,850,0.353202846975089,0.991219818124804,0.00878018187519599,0,0,1,0.579212598425197,57.7541984732824,141.646750848384,35,45,55,290667.929853181,1656718.86015764,5000,7000,10000
NJ,muni,1600000US3459640,,,10665,29364,2.75330520393812,0.547862733293197,392.913360218551,674.806456605823,0,0,620,0.191280586262576,0.825503984997656,0.173933427097984,0,0.000562587904360056,1,0.423164269492809,55.7577785212446,401.37116987302,15,20,25,208592.439624329,1419224.61525914,1500,2500,4000
NJ,muni,1600000US3460600,,,369,960,2.60162601626016,0.232558139534884,264.857627118644,489.674277482863,0,0,328,0.452702702702703,0.994579945799458,0.002710027100271,0,0.002710027100271,1,0.758807588075881,9.27380952380952,6.27742405629561,5,8,10,216079.885714286,1450408.36546637,1075,1500,2000
NJ,muni,1600000US3468430,,,1975,5085,2.5746835443038,0.590334980779791,336.432939541348,628.10927138531,0,0,500,0.2856159669649,1,0,0,0,1,0.45025641025641,58.4565853658537,460.839508988725,12,16,20,413219.001138952,1983425.45318139,2000,3000,4000
NJ,muni,1600000US3475620,,,7721,19362,2.50770625566636,0.583800793542208,634.919843597263,1044.56020774197,0,0,1000,0.306042579837195,0.985623623882917,0.0132107239994819,0,0.00116565211760135,1,0.395904436860068,77.3722073279714,508.226776000787,30,40,53,329060.854111406,1763244.36865004,4000,6000,10000
NJ,muni,1600000US3400700,,,1987,5630,2.8334172118772,0.446703296703297,720.738044254104,1104.72139954646,0,0,1200,0.148096885813149,0.995470558631102,0.00452944136889784,0,0,1,0.493312757201646,33.585641025641,14.0537468961741,25,34,40,214654.181438999,1428848.82174413,4000,6000,7500
NJ,muni,1600000US3461680,,,3528,9376,2.65759637188209,0.500610500610501,1232.16732804233,1256.13610820914,144,936,1800.5,0.206833878589604,0.9968820861678,0.00311791383219955,0,0,1,0.590117109397315,42.4161267098632,231.0720028862,25,30,40,156897.569699903,1215173.69493738,5000,6000,8000
NJ,muni,1600000US3401090,,,594,1619,2.72558922558923,0.455223880597015,775.459869848156,1201.27655153898,0,200,1040,0.111531190926276,0.983164983164983,0.0168350168350168,0,0,1,0.466329966329966,44.2702702702703,33.4789583261689,25,25,55,902118.548736462,2811886.27632564,5000,6000,18000
NJ,muni,1600000US3405170,,,10232,26578,2.59753713838937,0.497800193153772,849.222414789139,1122.35515744723,0,200,1500,0.0834931594425265,0.995406567630962,0.00400703674745895,0,0.000586395621579359,1,0.605617205145831,69.0578616352201,366.174275548452,30,35,40,71540.5629965948,812317.265707499,3500,5000,6000
NJ,muni,1600000US3406490,,,7361,18820,2.55671783725037,0.429006703229738,879.432624113475,1189.08695033926,0,234,1500,0.124923076923077,0.999456595571254,0.000271702214373047,0,0.000271702214373047,1,0.620519835841313,65.7446108878334,395.22404838541,35,40,50,193087.310405644,1355380.62041215,4500,5500,7000
NJ,muni,1600000US3440020,,,5492,14336,2.61034231609614,0.472590882862089,1149.45678305667,1521.82369097071,0,400,1915,0.158663421110865,0.978150036416606,0.0209395484340859,0,0.000910415149308085,1,0.56693489392831,55.8159457167091,239.539359699673,38,50,60,88607.5612903226,893837.100239947,6000,7500,10000
NJ,muni,1600000US3428680,,,23814,69063,2.90010078105316,0.507679257076525,688.251099993973,1001.39702265443,0,280,1000,0.178279834470417,0.894389854707315,0.104098429495255,0.000167968421936676,0.00134374737549341,1,0.448494795490865,49.2860527562786,262.277090285921,23,30,40,50603.4007126348,663734.286900934,4000,5000,7500
NJ,muni,0600000US3400372360,,,10,24,2.4,0.777777777777778,1614.28571428571,2138.86930520822,0,0,3150,0.142857142857143,1,0,0,0,1,0.8,42,0,42,42,42,8250,1035.09833901353,7000,9000,9000
NJ,muni,1600000US3410480,,,5388,14670,2.72271714922049,0.356930398572278,549.762125783244,796.640965577319,0,0,960,0.0487414187643021,0.99981440237565,0,0,0.000185597624350408,1,0.48331780055918,55.6664212076583,327.190759221485,20,27,35,81595.5557269572,874625.47079393,3000,4000,5500
NJ,muni,1600000US3482570,,,5506,13927,2.52942244823829,0.41267989109296,781.542607428988,1147.33338554634,0,0,1350,0.099211092517332,0.999455139847439,0,0,0.000544860152560843,1,0.592266813267363,74.6017335766423,474.619784080026,35,40,45,145238.510519802,1171197.47359737,5000,5800,7500
NJ,muni,1600000US3447700,,,1611,4981,3.09186840471757,0.340710932260228,419.214876033058,674.426182059488,0,0,705,0.0502471169686985,0.995034140285537,0.00496585971446307,0,0,1,0.556039850560399,32.2972972972973,111.813826141188,16,23,30,227447.015677492,1479994.79571804,2000,3000,4800
NJ,muni,1600000US3465280,,,15512,40160,2.58896338318721,0.452303302079087,898.291848008035,1314.17907937227,0,0,1472.5,0.144326530612245,0.974471376998453,0.0248194945848375,0,0.000709128416709644,1,0.547410151426529,61.2597193802982,300.542236535762,35,45,50,142321.132850528,1154732.58432097,5000,6500,8000
NJ,muni,1600000US3419510,,,7257,20438,2.81631528179689,0.404845814977974,583.904137051212,781.452573716601,0,160,1000,0.115546218487395,0.969546644618988,0.0301777594047127,0,0.000275595976298746,1,0.407314698929217,49.878234037503,412.590546778629,22,26,35,158204.785933766,1229582.7931607,3260,4000,6000
NJ,muni,1600000US3413570,,,16990,45483,2.67704532077693,0.538685208596713,893.595463137996,1053.01994676211,0,600,1500,0.149385964912281,0.999234844025898,0.000176574455562095,0,0.000588581518540318,1,0.384629017013233,98.8925427991102,558.218346652691,26,36,45,165140.103824297,1246985.95960879,5000,6500,9000
NJ,muni,1600000US3413810,,,1730,4499,2.60057803468208,0.340119760479042,1104.95625759417,1192.26974671668,0,840,1704,0.187229437229437,0.954913294797688,0.0450867052023121,0,0,1,0.579190751445087,65.8714069591528,361.285025710188,20,30,40,215197.662674651,1432338.11861966,4000,5000,6500
NJ,muni,1600000US3415820,,,2272,5830,2.56602112676056,0.462313970235238,1309.4297029703,1241.73742514744,322.5,1100,2000,0.143700787401575,0.97887323943662,0.0211267605633803,0,0,1,0.596653456627037,79.2562979189485,658.368937544566,30,35,43,64503.0826568266,765980.742565476,4000,5000,6500
NJ,muni,1600000US3417530,,,1151,2948,2.56125108601216,0.533333333333333,753.874407582938,1179.33174107239,0,0,1365,0.16878612716763,0.997393570807993,0.00260642919200695,0,0,1,0.643106457242583,39.010152284264,18.5477829646284,30,38,42,590623.356852103,2343754.21574152,5000,6500,10000
NJ,muni,1600000US3418400,,,7486,19862,2.65321934277318,0.509472161966739,826.843710292249,1106.14752375326,0,60,1539,0.11535170289235,0.997061180870959,0.00293881912904088,0,0,1,0.65818035642503,78.2204599524187,412.766559949328,30,37,42,67968.5704397394,791609.523750936,3800,4500,6000
NJ,muni,0600000US3400342090,,,156,456,2.92307692307692,0.476510067114094,709.834782608696,953.291711124594,0,200,1216,0.132231404958678,0.82051282051282,0.17948717948718,0,0,1,0.609271523178808,38.1929824561404,13.3796735446124,30,35,50,5225,2690.75033450474,3650,5000,6000
NJ,muni,1600000US3420020,,,3981,10589,2.65988445114293,0.48488120950324,841.112585291888,947.064087924968,0,600,1400,0.130047694753577,1,0,0,0,1,0.370172764227642,128.757230142566,665.59294890993,25,32,40,232390.208647907,1487445.00433524,3200,6000,8000
NJ,muni,1600000US3421450,,,1447,4375,3.02349689011748,0.454948301329394,551.080500894454,811.691099582457,0,69,832,0.128456735057984,0.995853489979267,0.00414651002073255,0,0,1,0.630013831258645,28.1209829867675,9.45446193852715,23,28,35,81457.6630076839,873279.411698539,3000,4000,5000
NJ,muni,1600000US3421480,,,16948,47734,2.81649752183148,0.513589924821693,966.170353982301,1373.68572981541,0,500,1400,0.203819558775107,0.851899929195185,0.147392022657541,0,0.000708048147274015,1,0.471987125998331,61.3687291929744,346.179294221401,28,36,50,279427.192322263,1616259.4071738,4000,7000,12000
NJ,muni,1600000US3421510,,,803,2156,2.68493150684932,0.471544715447155,799.532467532468,1146.86378413978,0,50,1375,0.222972972972973,0.99626400996264,0.0037359900373599,0,0,1,0.599750623441397,45.3892405063291,28.0137791162442,35,38,50,110329.095634096,1014677.27461499,4000,5000,7000
NJ,muni,1600000US3472420,,,7346,19859,2.70337598693166,0.556851790995728,1237.66119666751,1825.49257676102,0,600,1900,0.19482936918304,0.993193574734549,0.00612578273890553,0,0.000680642526545059,1,0.639312448017743,140.197623762376,797.301999223522,30,40,60,190443.688204683,1336262.51189585,5000,7000,10000
NJ,muni,1600000US3422470,,,9003,22795,2.5319337998445,0.510743801652893,808.074722016308,1183.30924225348,0,0,1400,0.0923217550274223,0.997889592358103,0.00188825946906587,0,0.000222148172831278,1,0.564088274632189,77.807722007722,445.045696333545,28,35,50,88439.600671804,906785.090088916,4000,5000,6300
NJ,muni,1600000US3422560,,,8612,25008,2.90385508592661,0.42900987456632,538.901818181818,769.34623485919,0,0,1000,0.0706538113889726,0.999651648862053,0.000348351137947051,0,0,1,0.394126558676145,38.8810684343927,196.555426723663,25,30,35,175791.036960378,1297914.29445917,3000,4000,6000
NJ,muni,1600000US3424420,,,9301,26869,2.88882915815504,0.478952184854724,719.918538020753,1069.82405914547,0,90,1200,0.16079105760963,0.994516718632405,0.00537576604666165,0,0.000107515320933233,1,0.451902291396455,76.7269789983845,510.39917584021,25,35,45,95014.7297297297,936058.541561508,3500,6000,8000
NJ,muni,1600000US3424990,,,1205,3186,2.64398340248963,0.462230215827338,672.755124056095,1006.95504768027,0,72,1100,0.188374596340151,0.99253112033195,0.00746887966804979,0,0,1,0.601659751037344,25.8879310344828,13.8455045619171,20,25,30,33052.5048275862,524603.342561829,2500,4000,6000
NJ,muni,1600000US3425770,,,27868,79672,2.85890627242716,0.388571428571429,625.55350269438,633.044214516834,10,520,960,0.101120147307043,0.991854456724559,0.00814554327544137,0,0,1,0.427265200331185,32.2672985781991,191.078119252748,18,22,25,331397.354452776,1779861.91917338,2000,3000,5000
NJ,muni,0600000US3400365340,,,2,3,1.5,0,715,202.232539419353,643.5,715,786.5,0,1,0,0,0,1,0,20,0,20,20,20,,,,,
NJ,muni,1600000US3426640,,,5175,12972,2.50666666666667,0.418245614035088,978.080702647658,1539.42799884917,0,0,1500,0.191329619762654,0.96792270531401,0.0311111111111111,0.000966183574879227,0,1,0.645054517133956,66.5764313507504,304.900794640043,40,50,61,134538.849984908,1118080.50666107,5000,7500,9500
NJ,muni,1600000US3463000,,,11880,30887,2.59991582491582,0.519289158778353,1210.94641480339,1777.98853555741,0,240,1883,0.260964433777002,0.96540404040404,0.034006734006734,0,0.000589225589225589,1,0.663906025521846,116.72855675398,490.069604581664,35,50,65,254692.453284114,1542590.72967336,6500,9000,13000
NJ,muni,0600000US3400368970,,,43,155,3.6046511627907,0.205128205128205,403.461538461538,549.362847725926,0,0,900,0.0384615384615385,1,0,0,0,1,0.674418604651163,19.6428571428571,4.82951093012282,16,16,25,1706.89655172414,366.382932465434,1500,1500,2000
NJ,muni,1600000US3462940,,,11273,29447,2.61217067329016,0.458026366808841,859.554263565891,1163.79253333785,0,240,1500,0.138197899391929,0.998758094562228,0.000354830125077619,0,0.000887075312694048,1,0.551511907947552,77.7264456126163,468.931700477827,30,40,45,201171.720038816,1384507.5642984,4000,5000,6500
NJ,muni,1600000US3444880,,,4060,9883,2.43423645320197,0.477320125130344,1007.68537151703,1282.56823041225,0,465,1754.25,0.113729508196721,0.997536945812808,0.00246305418719212,0,0,1,0.615859683794466,43.7165913492576,127.675993404135,32,40,45,70597.3056558364,798200.838176738,5000,6000,7800
NJ,muni,1600000US3430420,,,6795,17365,2.55555555555556,0.460513945471639,910.402274641955,1269.32771167088,0,100,1500,0.15905383360522,0.998086828550405,0.00147167034584253,0,0.000441501103752759,1,0.612753882915173,76.6236769894159,419.531831847475,35,43,50,48214.96734097,642015.218958306,5000,6500,8000
NJ,muni,0600000US3400363990,,,15,30,2,0.666666666666667,497.714285714286,753.547449230477,0,75,775.5,0.214285714285714,1,0,0,0,1,0,47.3333333333333,7.28664793270802,40,50,55,,,,,
NJ,muni,1600000US3463360,,,3289,8102,2.46336272423229,0.68260162601626,996.960710944808,1300.05160307569,0,300,1800,0.203337725076856,0.998783824870781,0.00121617512921861,0,0,1,0.686813186813187,335.407738095238,1243.60758706491,30,40,45,213750.556444444,1429733.18525165,3000,5000,6000
NJ,muni,1600000US3430150,,,882,2315,2.62471655328798,0.482885085574572,640.456395348837,1103.05035753338,0,0,936,0.232695139911635,1,0,0,0,1,0.645124716553288,101.514376996805,794.95239372319,33,35,45,164090.04745167,1248029.38749599,4000,5000,8000
NJ,muni,1600000US3430540,,,1304,3364,2.57975460122699,0.463802704852824,986.388143176734,1468.06633122335,0,0,1557.5,0.165763813651138,0.995398773006135,0.00460122699386503,0,0,1,0.722779922779923,42.7103064066852,15.1594755170008,35,40,50,232243.721153846,1480571.35947477,5000,7000,10000
NJ,muni,1600000US3431920,,,3460,8982,2.59595375722543,0.433640395769362,645.991011235955,1036.86949437443,0,0,1040,0.204293116210215,0.993352601156069,0.00664739884393064,0,0,1,0.594372801875733,70.7120991253644,377.139797554509,25,35,40,173264.82642998,1283498.82164495,4000,5000,6800
NJ,muni,1600000US3432310,,,1654,4053,2.45042321644498,0.553619302949062,1105.74080130826,1655.04007566997,0,0,1835,0.266115702479339,0.994558645707376,0.00483675937122128,0.00060459492140266,0,1,0.73308957952468,45.2654462242563,21.4041070524088,30,45,55,160646.146300914,1213195.63089812,7500,10000,13000
NJ,muni,1600000US3465400,,,8,16,2,1,1515,1716.55177609066,10,1145,2812.5,0,1,0,0,0,1,0.5,60,0,60,60,60,6000,0,6000,6000,6000
NJ,muni,1600000US3440680,,,4529,12366,2.730404062707,0.371621621621622,590.425318761384,813.384354687733,0,11.5,1100,0.0683333333333333,0.995804813424597,0.00419518657540296,0,0,1,0.524041657434079,35.2413466097677,150.919478126192,22,27,32,160952.213953488,1240667.86957504,3000,4000,5500
NJ,muni,1600000US3441100,,,11448,37524,3.27777777777778,0.355984340044743,460.175982426166,594.363923537998,0,275,750,0.0975756844771439,0.98759608665269,0.0123165618448637,0,8.73515024458421e-05,1,0.435502537167275,34.5072602521143,168.234799375693,18,23,28,131903.235690924,1127250.00331838,2000,3000,4000
NJ,muni,1600000US3455950,,,2576,6746,2.61878881987578,0.550042052144659,746.842609216038,1043.14433400207,0,120,1300,0.122461170848268,0.993400621118012,0.00582298136645963,0,0.00077639751552795,1,0.65527950310559,48.528801843318,194.986168379277,20,28,35,94741.6848341232,938216.266938341,4000,4500,6000
NJ,muni,1600000US3446110,,,4211,11349,2.69508430301591,0.34642762984445,657.483421750663,947.26174646125,0,60,1100,0.107939632545932,0.999525053431489,0.000474946568511043,0,0,1,0.586914995224451,45.2062097246632,232.190016242176,21,28,35,375028.298209927,1887598.9200714,3500,5000,6000
NJ,muni,1600000US3447610,,,1301,3340,2.56725595695619,0.415117719950434,766.841535433071,1174.38664317682,0,0,1300,0.157946692991116,0.999231360491929,0,0,0.000768639508070715,1,0.485362095531587,95.3287037037037,589.750696531089,28,35,40,68598.8349206349,794514.069490328,3500,5000,6000
NJ,muni,1600000US3451660,,,3208,8555,2.66677057356609,0.448218448218448,661.95652173913,1006.83125366137,0,0,1200,0.141020490156689,0.99781795511222,0.00218204488778055,0,0,1,0.626842270304171,466.779932546374,1225.31724078256,25,35,42,24674.252126063,446783.98008629,4000,4500,5000
NJ,muni,1600000US3452320,,,9863,27567,2.79499138193248,0.492589363557106,932.30797863732,999.135255998567,0,750,1600,0.0711498439125911,0.999797221940586,0.000202778059413971,0,0,1,0.391543555781966,41.9519148205392,134.0242063844,30,35,42,135466.795212074,1132737.02408135,4000,5000,6000
NJ,muni,1600000US3436510,,,32926,91766,2.78703759946547,0.518502902734084,781.530023359135,941.447007906412,0,512,1300,0.124356985384176,0.994776164733038,0.00498086618477799,0,0.000242969082184292,1,0.353153373482926,95.9220922427845,495.352825420627,25,30,40,177914.948926593,1303778.21320773,2500,4000,6000
NJ,muni,1600000US3453430,,,1238,3573,2.88610662358643,0.462003454231434,424.373626373626,640.500657589806,0,0,750,0.158848614072495,0.991114701130856,0.00888529886914378,0,0,1,0.58642972536349,424.242424242424,1969.27921102695,15.75,20,25,5773587.89531681,4940932.31119788,4500,9999998,9999998
NJ,muni,1600000US3453610,,,1302,3647,2.8010752688172,0.181291390728477,718.388946819604,1094.0490279204,0,20,1200,0.0978947368421053,1,0,0,0,1,0.577367205542725,54.8287795992714,329.962909620108,25,30,35,32498.2613333333,515758.098315763,4000,6000,7000
NJ,muni,1600000US3453850,,,9,45,5,0.555555555555556,488.888888888889,288.950447501144,300,400,675,0.333333333333333,0.888888888888889,0.111111111111111,0,0,1,1,,,,,,9999998,0,9999998,9999998,9999998
NJ,muni,0600000US3400363690,,,1193,3305,2.77032690695725,0.506294964028777,480.632558139535,797.085126167,0,0,718.25,0.209513023782559,0.828164291701593,0.171835708298407,0,0,1,0.56349873843566,31.3950617283951,42.8758011712744,18.5,25,35,735633.376119403,2604309.32904639,3000,4000,6375
NJ,muni,1600000US3454990,,,2803,7382,2.63360684980378,0.45850796311819,1082.29709302326,1442.53453932343,0,287.5,1820,0.177203507152746,0.996432393863717,0.00356760613628255,0,0,1,0.606733524355301,48.6935483870968,173.0061508168,33.5,40,50,255756.612160567,1554166.82197563,5500,7500,10000
NJ,muni,1600000US3455770,,,8125,21445,2.63938461538462,0.559136955663728,788.308739495798,1021.45387963142,0,240,1400,0.122589300687573,0.999507692307692,0.000246153846153846,0,0.000246153846153846,1,0.403703703703704,59.0414126550347,414.139704542329,30,40,45,268585.782874618,1599583.15434495,4000,5500,7000
NJ,muni,1600000US3456130,,,2426,6171,2.5436933223413,0.434227892652882,640.600555555556,972.800619301577,0,0,1050,0.180479825517993,0.974855729596043,0.0185490519373454,0.00659521846661171,0,1,0.651132962804617,236.725247524752,796.234423867034,23,30,38,379525.19435325,1897624.78512942,3500,5000,7000
NJ,muni,1600000US3482300,,,966,2551,2.6407867494824,0.379600420609884,757.896258503401,1088.69514653939,0,24,1200,0.262390670553936,0.988612836438923,0.010351966873706,0,0.0010351966873706,1,0.670466321243523,96.9464882943144,348.87913112366,25,35,45,209373.066460587,1403097.86513276,4500,7000,10000
NJ,muni,1600000US3462910,,,5259,13432,2.5540977372124,0.500424808836024,767.699568758984,1154.3153556948,0,0,1312,0.123106060606061,0.999049248906636,0.000380300437345503,0,0.000570450656018254,1,0.534101825168108,318.434394904459,1120.92754039371,32,40,50,559722.867625899,2286528.78638519,4000,6000,8000
NJ,muni,0600000US3400377135,,,18,43,2.38888888888889,1,1327.27272727273,1925.66399410225,0,0,3000,0,1,0,0,0,1,1,,,,,,2230249.55555556,4273510.12090428,10000,10750,11500
NJ,muni,1600000US3475140,,,1061,2875,2.70970782280867,0.440040650406504,698.724637681159,1255.53659417784,0,0,900,0.330275229357798,0.961357210179076,0.0386427898209237,0,0,1,0.629277566539924,113.685863874346,536.805004024345,20,30,50,116817.02265861,1022563.90294023,4000,7000,10000
NJ,muni,1600000US3476400,,,2400,6715,2.79791666666667,0.452060931899642,626.198302001213,1824.5277900453,0,0,1000,0.130232558139535,0.989583333333333,0.0104166666666667,0,0,1,0.599082186065916,637.623554153523,1355.56867663971,21,30,40,297258.806406685,1684764.2512378,4000,5000,6000
NJ,muni,1600000US3476490,,,8968,26058,2.90566458519179,0.372979961215255,659.901281357156,630.081880674213,180,560,1000,0.0907966790319731,0.988849241748439,0.0111507582515611,0,0,1,0.460358342665174,269.437820512821,768.481882618143,18,22,25,183415.522257358,1329233.61319634,2000,3000,4500
NJ,muni,1600000US3480270,,,3877,9936,2.56280629352592,0.502056484782013,828.282966072053,1242.88808936579,0,0,1350,0.14812309773419,0.992777921072994,0.00696414753675522,0,0.000257931390250193,1,0.515190859517009,63.2635702294348,471.151519280218,32,40,46,238291.490927419,1504312.81643774,5000,6000,8000
NJ,muni,1600000US3454870,,,20,53,2.65,0.4,390.8,758.702576771689,0,0,425,0.0666666666666667,1,0,0,0,1,1,,,,,,2925,1138.73198177437,2000,3000,4000
NJ,muni,0600000US3400520050,,,521,1395,2.67754318618042,0.5564681724846,503.556886227545,894.581289174117,0,0,720,0.28486646884273,0.82341650671785,0.17658349328215,0,0,1,0.5125284738041,19.4345794392523,9.09949802880845,12,18,25,4423.33333333333,3326.27459458347,2000,4000,6000
NJ,muni,1600000US3405740,,,2160,6273,2.90416666666667,0.440796019900498,497.408529048208,779.309730946871,0,33.5,850,0.189686924493554,0.845833333333333,0.154166666666667,0,0,1,0.457182966775854,32.0629310344828,172.233604446,13,15,20,54300.1944728762,713692.857715906,1500,2500,4000
NJ,muni,1600000US3406670,,,3620,10342,2.85690607734807,0.453216374269006,473.62019061066,691.622415878684,0,0,800,0.18366631615843,0.938950276243094,0.0610497237569061,0,0,1,0.451639799888827,30.8056823947235,156.844406356291,13,16,25,218240.387692308,1451732.92962593,1600,2000,3500
NJ,muni,0600000US3400506700,,,1066,3113,2.9202626641651,0.489164086687307,461.580528846154,668.862225739457,0,0,785,0.186522262334537,0.893058161350844,0.106003752345216,0.000938086303939962,0,1,0.466540999057493,15.5286506469501,11.0613445967019,10,13,20,103419.202020202,1000718.8465947,1200,2000,3000
NJ,muni,1600000US3423250,,,1,1,1,0,0,,0,0,0,0,1,0,0,0,1,,,,,,,,,,,
NJ,muni,1600000US3408920,,,10819,33674,3.11248729087716,0.4424990051731,399.537522441652,614.964768604816,0,0,650.5,0.141326109998822,0.878084850725575,0.121915149274425,0,0,1,0.508047913157402,36.6064033742331,178.034981505651,12,16,22,91252.3521827224,935942.505806998,1700,2500,3500
NJ,muni,0600000US3400508950,,,4,10,2.5,0.75,225,330.403793359984,0,100,325,0,1,0,0,0,1,1,,,,,,2500,0,2500,2500,2500
NJ,muni,0600000US3400545120,,,116,295,2.54310344827586,0.55045871559633,982.621359223301,1535.23428700961,0,0,1500,0.438095238095238,0.982758620689655,0.0172413793103448,0,0,1,0.887931034482759,344.230769230769,1098.44368341806,35,45,45,7240.77669902913,3053.39531018112,5500,6500,8500
NJ,muni,1600000US3455800,,,5124,14290,2.7888368462139,0.409743910056215,594.842926579688,910.317641363337,0,0,1000,0.148092369477912,0.984582357533177,0.0152224824355972,0,0.000195160031225605,1,0.505289968652038,27.5079554494829,84.3995960825532,20,25,30,38849.4559906941,589592.035590746,2500,3500,5000
NJ,muni,0600000US3400512940,,,82,181,2.20731707317073,0.604938271604938,591.25,1015.13306905416,0,0,909,0.36,0.926829268292683,0.0731707317073171,0,0,1,0.560975609756098,28.0588235294118,18.4849507609455,20,26.5,38,3266778.47826087,4735442.48806018,3500,15000,9999998
NJ,muni,1600000US3457480,,,903,2425,2.68549280177187,0.502444987775061,408.58981612447,673.204779917305,0,0,780,0.331920903954802,1,0,0,0,1,0.488372093023256,17.3109048723898,7.34060683555423,12,15,20,1068511.60997732,3088286.63947802,2000,3000,5000
NJ,muni,1600000US3463660,,,1900,4942,2.60105263157895,0.459292532285233,663.001339584729,1193.99890369955,0,0,960,0.251793868232224,0.949473684210526,0.0505263157894737,0,0,1,0.568337730870712,58.0927070457355,235.468145580003,25,30,40,100174.815227484,958869.25562467,3500,6000,8500
NJ,muni,0600000US3400553070,,,241,648,2.68879668049793,0.495454545454546,340,675.895038780635,0,0,550.5,0.276243093922652,0.995850622406639,0.004149377593361,0,0,1,0.510373443983403,13.1709401709402,4.62990764466353,11,13,15,2088.45528455285,2283.15823558549,500,1500,2550
NJ,muni,1600000US3402200,,,8876,22855,2.57492113564669,0.43125748502994,814.051256613757,1023.22579924207,0,360,1450,0.126658459855013,0.998986029743128,0.000901306894997747,0,0.000112663361874718,1,0.626730201951441,42.0636085626911,179.491331818693,26,30,35,67581.2700941347,793201.459923557,3200,4000,5000
NJ,muni,0600000US3400728740,,,606,1554,2.56435643564356,0.513347022587269,916.217194570136,1218.12653739649,0,300,1560,0.168016194331984,1,0,0,0,1,0.638474295190713,34.4862385321101,11.280352544495,25,35,40,57741.9376623377,719395.882302584,4000,5000,8000
NJ,muni,1600000US3410000,,,92669,269547,2.9087073347074,0.512677590562496,567.4131295323,749.198552158651,0,250,1000,0.117506587615283,0.909085023038988,0.090450959867917,0.000140284237447259,0.00032373285564752,1,0.388045942106005,51.7622987517685,291.670391636176,16,22,27,137571.158416949,1152511.92049791,2000,2500,3500
NJ,muni,1600000US3403250,,,2342,6521,2.78437233134073,0.389838337182448,766.154509803922,874.590523861443,0,500,1352,0.114649681528662,1,0,0,0,1,0.600778546712803,123.76280623608,477.11664700256,22,25,30,176342.836573074,1303076.20720358,2500,3000,4000
NJ,muni,1600000US3404750,,,1045,3078,2.94545454545455,0.274058577405858,447.329301075269,679.718511449048,0,0,734.25,0.0905511811023622,0.972248803827751,0.0258373205741627,0.00191387559808612,0,1,0.539272030651341,18.546218487395,20.3458508995803,12,15,22,303900.390763766,1712423.91823866,1200,2000,3000
NJ,muni,1600000US3405440,,,1694,4729,2.79161747343566,0.429020100502513,561.576782449726,815.973279307423,0,16,1000,0.175557056043214,0.998229043683589,0.00177095631641086,0,0,1,0.522794552989935,33.4801488833747,146.857996152797,15,20,25,196041.161947905,1374401.14270267,2500,3000,4000
NJ,muni,1600000US3408170,,,1508,3760,2.49336870026525,0.621902478017586,1167.82047685835,871.265629058017,500,1100,1716,0.0612745098039216,1,0,0,0,1,0.52523240371846,155.82,551.069633999599,23,25,30,91704.2654867257,936838.96257494,2500,3200,3900
NJ,muni,1600000US3426820,,,14073,41601,2.95608612236197,0.536569786010859,662.700911161731,1016.09519445549,0,315,1200,0.133468765871001,0.999644709727848,0,0,0.000355290272152349,1,0.452163358560617,69.1589386223533,291.992274680741,15,20,25,219121.443707564,1454518.06573214,1700,2500,3500
NJ,muni,1600000US3412550,,,305,833,2.73114754098361,0.406779661016949,546.043103448276,510.491347152174,0,450,900,0.148809523809524,0.586885245901639,0.409836065573771,0.00327868852459016,0,1,0.586885245901639,10.4435483870968,6.56338998685823,8,9,10.25,113410.620111732,1053880.74124713,1000,2000,2500
NJ,muni,1600000US3413420,,,6818,19572,2.87063655030801,0.484945037438267,809.950745750954,807.45994136364,162,600,1250,0.153875745335641,0.975359342915811,0.0246406570841889,0,0,1,0.590414583945898,53.5676950998185,363.452976505947,12,15,21,164291.925796813,1261721.85058022,1200,2000,3000
NJ,muni,1600000US3458770,,,15,49,3.26666666666667,0.733333333333333,609,496.147961801719,428.5,528,659,0.857142857142857,1,0,0,0,1,0.8,65,0,65,65,65,3791.66666666667,334.278961710761,3500,4000,4000
NJ,muni,1600000US3440440,,,120,399,3.325,0.336538461538462,1203.69565217391,988.204564282904,420,902.5,1844,0.129032258064516,1,0,0,0,1,0.683333333333333,26.0526315789474,5.37233840284205,20,25,30,1710731.36585366,3784339.64981576,4000,4500,5000
NJ,muni,1600000US3414260,,,12400,32863,2.65024193548387,0.455675930287329,997.465331900027,1134.91230036494,0,780,1650,0.14862857708684,0.999112903225807,0.000564516129032258,0,0.00032258064516129,1,0.552732307191139,63.5956304388076,414.048403159197,30,35,40,170002.747163695,1273417.1437208,3500,4500,6000
NJ,muni,1600000US3453880,,,2668,6724,2.52023988005997,0.670785961443401,746.466326530612,1032.1584167821,0,0,1416,0.134162594402488,0.99887556221889,0.00112443778110945,0,0,1,0.563929508811399,31.6799653078925,15.0983151653464,27,30,35,117152.823138298,1057051.22420783,3000,4000,5000
NJ,muni,1600000US3482450,,,2723,7618,2.79764965112009,0.378501135503407,1007.17126269956,918.157209853417,208.5,929,1500,0.068141592920354,1,0,0,0,1,0.46818683339463,57.0811001410437,416.102066689963,22,25,30,129018.295365279,1114098.63082618,2500,3000,4500
NJ,muni,1600000US3426070,,,435,1278,2.93793103448276,0.0714285714285714,527.425,734.317195399087,0,125,960,0.178082191780822,1,0,0,0,1,0.506912442396313,41.3989637305699,174.460631300934,10,12,20,320575.118181818,1758725.83878453,1500,2200,3000
NJ,muni,1600000US3428770,,,9467,23888,2.52329143340023,0.482679249625964,1235.17299496319,1538.19588851945,0,750,2000,0.199375731564573,0.975493820640118,0.0235555086088518,0,0.000950670751029893,1,0.628818628498184,157.21204745969,799.96355805673,25,35,50,947156.020893494,2918043.34284745,4000,6000,9000
NJ,muni,1600000US3428800,,,5544,14500,2.61544011544012,0.349989413508363,1076.13331170937,1227.41949123581,0,832,1800,0.177937447168216,0.998556998556998,0.00108225108225108,0,0.000360750360750361,1,0.611151603498542,99.9717838354854,650.744281769805,30,35,42,133805.496422183,1124533.6013543,4000,5000,6500
NJ,muni,1600000US3468340,,,1225,3588,2.92897959183673,0.446245733788396,839.170833333333,824.588096061494,104.75,750,1200,0.0467461044912924,1,0,0,0,1,0.537959183673469,44.6413043478261,257.693873514553,14,17,22,199470.455235205,1391345.15738165,1000,2100,3000
NJ,muni,1600000US3432220,,,78,186,2.38461538461538,0.966101694915254,526.394736842105,838.067985769609,0,0,1085,0.0657894736842105,1,0,0,0,1,0.894736842105263,30,0,30,30,30,2838.23529411765,291.178465952138,2500,3000,3000
NJ,muni,1600000US3439210,,,691,2098,3.03617945007236,0.377049180327869,1265.28888888889,1162.8810835052,500,1083,1826,0.0940959409594096,1,0,0,0,1,0.623188405797102,353.652,813.521046358034,25,25,35,283232.037209302,1648276.79858712,3000,4000,5000
NJ,muni,1600000US3439420,,,1156,3757,3.25,0.955555555555556,522.056338028169,440.131537913839,238.5,387,634,0.541125541125541,0.0640138408304498,0.935121107266436,0,0.000865051903114187,1,0.483116883116883,42.9511278195489,203.287781918749,10,12,16,1757740.50537634,3807762.30996809,1000,1800,3375
NJ,muni,1600000US3442630,,,1532,4548,2.96866840731071,0.33519944016795,645.325406758448,740.994975101463,0,500,1100,0.122194513715711,0.81135770234987,0.18733681462141,0.00130548302872063,0,1,0.556788511749347,40.5896296296296,221.489104324417,17.5,20,25,96651.7772567409,964170.286219654,2000,2700,3500
NJ,muni,1600000US3445510,,,3656,9289,2.54075492341357,0.486826697892272,1063.2347749338,1360.21749317585,0,600,1750,0.268005540166205,0.988785557986871,0.0109409190371991,0,0.000273522975929978,1,0.542559033498078,73.3049601959584,453.83767189656,27,35,45,598973.718623482,2359062.8657896,4000,6000,10000
NJ,muni,1600000US3448750,,,2148,6005,2.79562383612663,0.549897119341564,628.486535008977,799.523327842717,0,180,1100,0.134925373134328,0.990223463687151,0.00977653631284916,0,0,1,0.526932084309134,36.359595959596,175.77745830213,20,25,27,269271.2,1611358.03900212,2000,2500,3200
NJ,muni,1600000US3465160,,,2749,8095,2.94470716624227,0.548647365923114,685.23459863099,775.155243582855,0,400,1300,0.151533742331288,1,0,0,0,1,0.488524590163934,26.8290598290598,50.5325521526034,20,25,29,32682.0074571216,545388.402257142,2000,2700,3500
NJ,muni,1600000US3471220,,,980,2750,2.80612244897959,0.525264394829612,927.804054054054,858.377952126478,150,780,1461.75,0.175213675213675,0.993877551020408,0.00612244897959184,0,0,1,0.480572597137014,24.0758483033932,23.6531231664857,16,22,25,67413.4978723404,796943.62777029,2500,3500,5000
NJ,muni,1600000US3402320,,,313,771,2.46325878594249,0.533333333333333,229.189300411523,520.09162929262,0,0,190,0.378600823045268,0.980830670926517,0.0191693290734824,0,0,1,0.674267100977199,16.639175257732,5.14414223293979,13,15,20,3135.28985507246,2185.24362975881,1500,3000,4000
NJ,muni,1600000US3410270,,,2065,5295,2.56416464891041,0.442377260981912,440.8545941124,764.633643192958,0,50,600,0.33066008636644,0.83680387409201,0.16319612590799,0,0,1,0.512112403100775,35.9661354581673,272.111013444316,13,20,25,117527.796594134,1059511.89271927,2000,3000,5000
NJ,muni,0600000US3400941610,,,942,2175,2.30891719745223,0.602641056422569,530.207207207207,749.94439433507,0,200,800,0.337239583333333,0.816348195329087,0.180467091295117,0,0.00318471337579618,1,0.398047722342733,27.992523364486,18.148573787273,11,25,50,575839.23160763,2324916.66926383,1500,3000,6000
NJ,muni,1600000US3478530,,,670,1855,2.76865671641791,0.326433121019108,248.479204339964,474.994187628149,0,8,297,0.239130434782609,0.659701492537313,0.340298507462687,0,0,1,0.585074626865672,13.0185185185185,4.97163231832139,10,12,16,231551.599489796,1499347.26973529,1000,2000,2500
NJ,muni,1600000US3410330,,,121,293,2.42148760330579,0.321428571428571,349.269230769231,551.340981850038,0,0,550.5,0.336538461538462,0.933884297520661,0.0661157024793388,0,0,1,0.681818181818182,11.7142857142857,5.38828483335636,10,10,15,802333.173333333,2730508.38302432,1600,2500,3000
NJ,muni,1600000US3453490,,,1318,3457,2.62291350531108,0.709991876523152,449.672794117647,732.329691783367,0,0,721.25,0.381703470031546,1,0,0,0,1,0.615981380915438,26.5208333333333,63.503386914536,15,23,28,306253.352644836,1712485.17157193,2000,3000,5000
NJ,muni,1600000US3481170,,,5947,15120,2.54245838237767,0.601717440196279,306.112039417309,602.36652118269,0,0,350,0.374192203460496,0.908693458886834,0.0911383891037498,0,0.000168152009416513,1,0.465569877883311,24.6513611020007,62.359822847156,15,20,25,895725.231693989,2850609.64013489,2000,3000,5000
NJ,muni,1600000US3454360,,,4648,11952,2.57142857142857,0.442126514131898,352.521338912134,685.971817522926,0,0,450,0.302325581395349,0.905550774526678,0.0907917383820998,0.00129087779690189,0.00236660929432014,1,0.458820979627222,45.9924812030075,294.649214449496,20,25,35,760956.596598961,2642376.228548,3000,5000,8000
NJ,muni,1600000US3466390,,,748,2745,3.66978609625668,0.434650455927052,279.994584837545,568.170190392731,0,0,318,0.297833935018051,0.989304812834225,0.0106951871657754,0,0,1,0.575284090909091,22.6793103448276,27.8811848763815,15,20,25,300338.335802469,1697026.96908194,2000,3000,5000
NJ,muni,1600000US3471010,,,377,942,2.49867374005305,0.328611898016997,301.414556962025,658.111156464934,0,0,404,0.377358490566038,0.86737400530504,0.13262599469496,0,0,1,0.733516483516484,19.4084507042254,9.7168152701368,11,18,25,153853.602996255,1216564.30873296,2000,3000,5000
NJ,muni,1600000US3480210,,,119,275,2.3109243697479,0.388888888888889,184.147368421053,381.798347366135,0,0,0,0.36734693877551,1,0,0,0,1,0.626086956521739,15.6904761904762,5.65033172019128,12,15,17.75,2333.61111111111,1825.09834236718,1200,1800,2500
NJ,muni,1600000US3481200,,,345,798,2.31304347826087,0.472049689440994,391.696113074205,866.695767103621,0,0,300,0.332167832167832,1,0,0,0,1,0.662790697674419,183.48,673.084797677726,20,25,30,1231982.16666667,3287910.10147951,3000,4000,6200
NJ,muni,1600000US3481890,,,592,1671,2.82263513513514,0.406533575317604,291.655844155844,451.848284961931,0,51,400,0.28448275862069,0.918918918918919,0,0,0.0810810810810811,1,0.587837837837838,16.2863070539419,6.29127862377686,12,15,20,88541.0172413793,925580.176151128,1500,2000,3000
NJ,muni,0600000US3400917560,,,27,79,2.92592592592593,0.230769230769231,165,203.149120641442,0,75,300,0.208333333333333,0.888888888888889,0,0,0.111111111111111,1,0.555555555555556,17.5,3.98862017608733,15,20,20,1800,414.039335605413,2000,2000,2000
NJ,muni,1600000US3415160,,,21,54,2.57142857142857,0.421052631578947,411.111111111111,486.147991131349,0,250,862.5,0.166666666666667,1,0,0,0,1,0.333333333333333,13.9166666666667,2.15146180044822,12,15,16,2500,0,2500,2500,2500
NJ,muni,1600000US3407600,,,15238,42834,2.81099881874262,0.546921835370072,470.274689784124,989.306719532719,0,0,750,0.165432893466366,0.914686966793542,0.0849192807455047,0.000262501640635254,0.000131250820317627,1,0.458634165728291,37.4055236190952,270.357353787794,12,18,23.75,345451.033217793,1817700.65338909,1600,2500,4000
NJ,muni,0600000US3401174870,,,26,68,2.61538461538462,0.36,162.5,309.020098137049,0,0,300,0.181818181818182,1,0,0,0,1,0.576923076923077,12.3636363636364,2.33549683248457,11,11,13.5,2400,1748.46871780506,1100,1200,4000
NJ,muni,0600000US3403361470,,,2600,7508,2.88769230769231,0.586994727592267,670.4296875,745.21431167092,0,500,1040,0.170421721548238,0.726923076923077,0.273076923076923,0,0,1,0.239419588875453,26.9044238121245,87.9436489788759,12,15,24,322801.097643098,1760592.67240636,1000,2000,4500
NJ,muni,0600000US3401171160,,,12,78,6.5,0,166.666666666667,208.965706915433,0,75,337.5,0,0,1,0,0,1,0,11,0,11,11,11,,,,,
NJ,muni,1600000US3446680,,,13719,37417,2.727385377943,0.493460725193829,451.488005997002,662.700535012939,0,60,800,0.189320826192838,0.990159632626285,0.00984036737371529,0,0,1,0.471467291773497,23.2072610294118,128.207957275843,12,15,20,1233037.73042262,3284368.94833819,1800,2600,4000
NJ,muni,0600000US3401114710,,,89,182,2.04494382022472,0.406976744186047,611.90243902439,1012.18963979462,0,40,871,0.3125,1,0,0,0,1,0.617977528089888,22.7352941176471,7.72367012591189,17,20,30,367583.563636364,1888413.64856144,2100,2500,7000
NJ,muni,0600000US3401144580,,,44,103,2.34090909090909,0.5,609.631578947368,669.566460938744,0,300,1139,0.386363636363636,1,0,0,0,1,0.454545454545455,14.1666666666667,4.75181124887422,12,12,20,5100,2673.45626877505,2750,5000,7000
NJ,muni,0600000US3401139450,,,2,3,1.5,1,791,57.9827560572969,770.5,791,811.5,0,1,0,0,0,1,0,16,0,16,16,16,,,,,
NJ,muni,1600000US3467020,,,368,956,2.59782608695652,0.380116959064327,339.29889298893,590.847510532518,0,0,510,0.192592592592593,0.994565217391304,0.00543478260869565,0,0,1,0.513586956521739,13.9659090909091,4.9244552734551,10,13,18,2228.25396825397,912.125539049767,1700,2000,2500
NJ,muni,1600000US3476070,,,5534,15191,2.74503071919046,0.487466255302738,423.379623168179,608.789732351499,0,125,700,0.163243006993007,0.981929887965305,0.0180701120346946,0,0,1,0.458023572076156,23.0331623931624,10.6618171282391,18,21,26,47492.1832937451,658337.429127661,2500,3500,5000
NJ,muni,0600000US3401304695,,,28028,80071,2.85682174967889,0.493451449081675,772.051224944321,1059.52822875828,0,360,1250,0.134682555989316,0.970672184957899,0.0290780647923505,0,0.00024975024975025,1,0.427524780922281,205.195680373589,839.744700415164,22,30,40,242436.57358871,1522760.45738986,3200,5000,6000
NJ,muni,1600000US3451000,,,316828,921799,2.90946191624478,0.597907744636496,692.015216922648,940.078479820717,0,435,1080,0.137037193993587,0.912087946772381,0.0869620109333771,5.99694471448231e-05,0.000890072847096848,1,0.215385159078715,128.53451328919,622.518439997143,20,27,40,426076.773496815,2006233.75354645,3000,5000,7500
NJ,muni,0600000US3401353680,,,21319,60901,2.85665368919743,0.507851707948842,1014.94742942297,1235.01956382686,0,650,1560,0.106302916274694,0.982316243726254,0.0176368497584314,0,4.69065153149773e-05,1,0.530130139569974,115.772513303316,551.119038489617,25,35,47,235513.540958819,1496512.05726254,4000,5500,7500
NJ,muni,0600000US3401306260,,,41411,110286,2.66320542850933,0.531796235573572,917.326073759296,1157.29991848978,0,600,1500,0.132483090486927,0.979305015575572,0.0204052063461399,0,0.000289778078288377,1,0.460967176390377,126.613049410389,623.249924985134,30,38,45,525752.482647509,2218519.24916764,4500,6000,7500
NJ,muni,1600000US3426610,,,7393,19692,2.66360070336805,0.396176856851014,2408.51989185014,2089.38343480681,720,2000,4800,0.278829604130809,0.974570539699716,0.0251589341268768,0,0.000270526173407277,1,0.739053092501368,245.830241708825,1102.18404937763,50,65,80,856524.998703944,2780171.48235987,7000,10000,15000
NJ,muni,1600000US3409250,,,3905,10376,2.65710627400768,0.470860566448802,967.669216061186,1403.76710560943,0,180,1500,0.248761500353857,0.991805377720871,0.00819462227912932,0,0,1,0.517453798767967,139.273847802787,788.466927659459,35,45,55,116694.400297619,1038394.20246892,5000,7000,9000
NJ,muni,0600000US3401378510,,,3771,9021,2.39220365950676,0.611891245891843,1336.77091377091,1388.47713148344,0,1040,2000,0.10802775024777,0.9440466719703,0.0548926014319809,0.000795544948289578,0.000265181649429859,1,0.548069241011984,57.6633813495072,259.628444301718,30,40,45,1429551.28717201,3492776.60783607,5000,6500,10000
NJ,muni,1600000US3452620,,,661,1861,2.81543116490166,0.427884615384615,1401.10216718266,1381.76424676166,188.5,1050,2089.5,0.145061728395062,0.996974281391831,0.00302571860816944,0,0,1,0.669195751138088,45.2027649769585,19.7433859460784,35,40,50,257371.560090703,1560064.46438146,5000,6000,8000
NJ,muni,0600000US3401322385,,,248,695,2.80241935483871,0.488986784140969,1120.888,1136.06125045008,0,948,1700,0.187096774193548,0.991935483870968,0.00806451612903226,0,0,1,0.524193548387097,35.5641025641026,11.1257581031002,27,35,45,15346.9230769231,27799.4344609855,5000,6000,7375
NJ,muni,1600000US3464590,,,1526,4071,2.66775884665793,0.540441176470588,832.808193668529,1102.07980053842,0,165,1500,0.180037313432836,0.985583224115334,0.0144167758846658,0,0,1,0.650298606502986,32.2222222222222,10.6932649819199,25,30,40,189812.616326531,1342611.42178127,4500,5750,6500
NJ,muni,1600000US3419390,,,59947,163469,2.72689208801108,0.569412396028978,1081.15556264794,1321.51444810195,0,728,1600,0.184763356724884,0.922665020768345,0.0765843161459289,1.66814019050161e-05,0.000733981683820708,1,0.304448927948569,177.712857179207,800.937176231413,32,43,55,372146.984892733,1874102.02559625,5000,6500,9000
NJ,muni,0600000US3401313045,,,32590,96217,2.9523473458116,0.518641504471331,696.402752924983,1005.43124771446,0,288,1040,0.176675948630564,0.864130101258055,0.134918686713716,3.06842589751458e-05,0.000920527769254373,1,0.325397808185252,45.2732142857143,279.640269405427,20,28,40,256894.533536295,1560917.7764904,3000,5000,8500
NJ,muni,1600000US3421840,,,1412,4018,2.84560906515581,0.474962063732929,1973.18198198198,1917.28056163446,490,1000,3600,0.250225835591689,0.965297450424929,0.0339943342776204,0,0.000708215297450425,1,0.805102763997165,525.029411764706,1673.66509158605,50,75,100,1655407.07394366,3693979.21760075,12000,20000,42000
NJ,muni,0600000US3401347500,,,35091,102339,2.91638881764555,0.508500293113556,1096.62584480919,1485.85097264928,0,550,1459,0.247246075114928,0.834373486079052,0.165142059217463,0,0.000484454703485224,1,0.506003132068906,87.2359557430161,523.613001605178,26,40,60,442130.394199908,2027127.74496125,6000,10000,15000
NJ,muni,0600000US3401334450,,,57911,148043,2.55638825093678,0.54794830249821,894.029989629754,1006.59362713828,0,750,1500,0.131008717310087,0.996650031945572,0.00290100326362867,0,0.000448964790799675,1,0.337986301846122,63.8522158203651,373.872046492881,30,36,43,358242.38744021,1843948.09924615,4000,5000,7000
NJ,muni,0600000US3403974480,,,30,79,2.63333333333333,0.464285714285714,1421.52941176471,1525.25219708279,300,960,1800,0.166666666666667,1,0,0,0,1,0.366666666666667,27.2631578947368,25.1171524068562,3,32,55,6000,0,6000,6000,6000
NJ,muni,0600000US3403931980,,,29,72,2.48275862068966,0.64,743.25,916.217405059156,0,410,1215,0.235294117647059,1,0,0,0,1,0.448275862068966,49.75,27.358118843712,38,65,75,6476.92307692308,2539.73550005831,4200,5800,10000
NJ,muni,1600000US3413690,,,41512,114213,2.75132491809597,0.440408945686901,661.486277381559,919.661614757726,0,300,1040,0.0860225024727992,0.99761514742725,0.00226440547311621,0,0.000120447099633841,1,0.461361934439694,80.2981048240842,443.37001720767,22,28,35,199259.156395623,1381388.57722687,2750,4000,6000
NJ,muni,0600000US3401375815,,,8755,22890,2.61450599657339,0.478528446389497,1307.99560896695,1429.86300461087,0,936,2000,0.174584781769023,0.975671045117076,0.0239862935465448,0,0.000342661336379212,1,0.600716757291152,262.576185988062,1346.87377221801,35,45,56,547088.319481588,2256480.09035345,5000,7000,10000
NJ,muni,0600000US3401379800,,,23282,65533,2.81474959195945,0.495776699029126,831.688863228124,1188.13218292734,0,284.5,1260,0.140300034094784,0.991066059616871,0.00859032729146981,0,0.000343613091658792,1,0.521663702996921,68.7989029378951,408.394714087217,25,35,45,348095.692966412,1810979.60135159,5000,6000,10000
NJ,muni,0600000US3401369274,,,13444,38997,2.90069919666766,0.4132470628299,1278.73625717017,1726.48909954351,0,524,2000,0.219529154663753,0.954552216602202,0.0451502529009223,0,0.00029753049687593,1,0.674718679669918,175.8328975517,978.977923152371,35,50,80,291364.408605737,1638365.0259301,8000,12000,20000
NJ,muni,0600000US3401343800,,,39,128,3.28205128205128,0.5,823.636363636364,1429.72040375048,0,0,1125,0.296296296296296,1,0,0,0,1,0.657894736842105,54,0,54,54,54,7500,4185.78945162479,3500,7000,8000
NJ,muni,1600000US3413360,,,2204,6078,2.75771324863884,0.436118598382749,384.045682102628,671.243393237553,0,0,598,0.215294117647059,0.938747731397459,0.0612522686025408,0,0,1,0.597538742023701,18.8627450980392,29.7834111232583,11,15,21,185869.383676583,1340708.56086114,1500,2500,3650
NJ,muni,1600000US3426340,,,4865,14231,2.92517985611511,0.538546498785067,463.019625881631,729.21377585935,0,20,750,0.15927123126653,0.83967112024666,0.160123329907503,0.000205549845837616,0,1,0.532438016528926,19.8130081300813,7.79842596437575,15,20,25,111648.909972837,1036581.6272493,1500,2500,4000
NJ,muni,0600000US3401521060,,,33,92,2.78787878787879,0.65625,375.04,570.692304720036,0,0,576,0.32,1,0,0,0,1,0.0303030303030303,29.03125,16.0070234080886,22,25,30,5000,,5000,5000,5000
NJ,muni,1600000US3449680,,,1976,5795,2.93269230769231,0.280508006626173,375.394602479942,608.358860623656,0,0,604,0.110330288123682,1,0,0,0,1,0.32093734080489,15.2145536384096,5.5411806438239,10,15,20,81263.1428571429,887864.309041483,1000,1800,2500
NJ,muni,0600000US3401524840,,,843,2364,2.80427046263345,0.431654676258993,865.42803030303,814.69024329453,263,700,1200,0.453488372093023,1,0,0,0,1,0.617401668653159,16.9158878504673,5.95103167840528,12,17,22,118814.262548263,1070704.7277015,2000,2600,3500
NJ,muni,1600000US3457150,,,5326,16503,3.09857303792715,0.462224022685842,658.125519003513,856.126428674953,0,180,1300,0.179471228615863,0.915321066466391,0.0844911753661284,0,0.000187758167480285,1,0.425624526873581,41.478980470043,299.284810816028,15,20,25,145537.857269898,1184191.79249477,2000,3000,4000
NJ,muni,0600000US3401578800,,,1719,4917,2.86038394415358,0.568553459119497,657.296670030273,802.713893442909,0,312,1200,0.132553606237817,0.860383944153578,0.139034322280396,0,0.00058173356602676,1,0.331105710814095,28.671322160149,174.089673245111,12,17,20,131366.719266055,1126714.89017188,2000,2900,4000
NJ,muni,0600000US3401528185,,,131,464,3.54198473282443,0.762295081967213,1079.71698113208,973.851737597403,80,1000,1800,0.220338983050847,0.740458015267176,0.259541984732824,0,0,1,0.472868217054264,21.1470588235294,12.3049131139865,15,15,20,3268.85245901639,964.760934740926,2500,3400,3500
NJ,muni,1600000US3459070,,,5424,13309,2.45372418879056,0.417592181252777,1113.28365384615,1083.05614186496,130,928,1750,0.22381822930269,0.998156342182891,0.00184365781710914,0,0,1,0.497598817879572,47.4002229654404,349.84210881528,20,25,31,197906.803266518,1375429.8403177,2800,4000,6000
NJ,muni,0600000US3401582840,,,817,2042,2.49938800489596,0.416873449131514,562.359797297297,807.461747940902,0,260,900,0.278145695364238,0.80171358629131,0.19828641370869,0,0,1,0.45875,20.0395061728395,11.8642661651161,14,16,22,384830.438692098,1917463.73193887,2000,2800,4000
NJ,muni,1600000US3471850,,,1417,3880,2.73817925194072,0.415954415954416,612.29979253112,820.272503893541,0,300,1000,0.263424518743668,0.815102328863797,0.184897671136203,0,0,1,0.47212420606916,21.3673469387755,8.47184922715805,16,20,25,331984.112107623,1784109.34137331,2200,3000,4000
NJ,muni,0600000US3401541160,,,31,77,2.48387096774194,0.483870967741936,324.916666666667,566.446736946292,0,0,546,0.333333333333333,1,0,0,0,1,0.354838709677419,20.15,2.47673384244569,20,20,22,3645.45454545455,2814.64514152802,2200,2200,5125
NJ,muni,1600000US3478110,,,1255,3103,2.47250996015936,0.466778805719092,685.969111969112,1152.83551164917,0,0,1044.75,0.255481410867493,0.997609561752988,0.00239043824701195,0,0,1,0.578733766233766,31.3919191919192,10.0163800742098,25,30,35,48505.5315568023,647339.341010197,4000,6000,7500
NJ,muni,0600000US3401517710,,,358,771,2.1536312849162,0.674496644295302,861.570815450644,1094.7776444871,0,600,1300,0.23828125,0.977653631284916,0.0223463687150838,0,0,1,0.326647564469914,29.5441860465116,13.4885431192269,21,30,35,968928.315789474,2964355.35868195,2500,4000,7000
NJ,muni,1600000US3480120,,,3468,9408,2.71280276816609,0.431530139103555,603.554665598719,845.84154034515,0,0,1120,0.185821697099893,0.999711649365629,0.000288350634371396,0,0,1,0.482738613286916,43.8108720271801,283.517487838159,18,25,27,75486.7614182692,846109.497105142,2500,3000,4000
NJ,muni,1600000US3482120,,,5946,15718,2.64345778674739,0.487372276845961,817.390881289964,1138.11597929187,0,280,1360,0.243486499289436,0.912209889001009,0.0877901109989909,0,0,1,0.529272017648057,63.6477064220184,462.134717359611,20,27,35,216364.277653094,1438730.55397823,3000,4200,6000
NJ,muni,1600000US3482180,,,1096,3174,2.89598540145985,0.395192307692308,493.84442361762,845.274081117217,0,0,900,0.0802583025830258,1,0,0,0,1,0.592694063926941,29.5717488789238,55.0568491496096,18,25,30,4122.80431432974,1564.01592939099,3000,4000,5000
NJ,muni,1600000US3403580,,,76205,232349,3.04899940948757,0.519350988861105,641.357117507886,905.383754540839,0,130,1100,0.0986115523330779,0.979594514795617,0.0201036677383374,0,0.000301817466045535,1,0.283258456659619,64.840590295335,383.388350838064,21,27,35,247239.675887484,1539282.00956487,2500,3500,5000
NJ,muni,1600000US3419360,,,1634,4755,2.91003671970624,0.394039735099338,704.237997957099,790.203764424927,0,600,1150,0.0979381443298969,1,0,0,0,1,0.252141982864137,34.7134599504542,184.868243388964,18,22,25,197101.29368932,1381136.79951177,2000,2700,4000
NJ,muni,1600000US3430210,,,14843,44900,3.02499494711312,0.394610202117421,676.522435897436,1079.52776569669,0,416,1040,0.130708204334365,0.992589099238698,0.00707404163578791,0,0.00033685912551371,1,0.245990390471679,56.1261941588573,310.953099104135,18,21,26,127465.337551582,1105478.44326912,2000,3000,4300
NJ,muni,1600000US3479610,,,45114,117600,2.60672961830031,0.587959433548179,591.519301496392,840.94884752928,0,180,1000,0.0886630544681513,0.996209602340737,0.00336924236378951,0,0.000421155295473689,1,0.205656556665702,101.661952115715,551.660809978848,23,30,36,375222.951092837,1886833.11699344,3000,4500,7000
NJ,muni,1600000US3432250,,,48193,143771,2.98323407963812,0.585770491803279,577.40869296818,817.128285159492,0,252,1000,0.0959528633891436,0.994003278484427,0.00529122486668188,0,0.000705496648890918,1,0.120500815626125,165.496368582624,652.206077393755,16,21,30,402407.34757384,1952451.98020154,2300,4500,7000
NJ,muni,1600000US3466570,,,3656,10452,2.85886214442013,0.459970887918486,578.134370579915,873.411231708338,0,0,1000,0.149269311064718,1,0,0,0,1,0.424993118634737,83.7285024154589,498.753361028228,23,28,35,302757.958549223,1699859.34483218,3000,4500,6000
NJ,muni,1600000US3474630,,,55622,146232,2.62903167811298,0.576463267461156,546.702814128547,808.5040709353,0,0,1000,0.133943075861762,0.998705548164395,0.00044946244291827,0,0.000844989392686347,1,0.177295987559445,58.3968343697004,365.421484621095,20,27,35,445180.858745538,2037154.72526353,3000,4600,7000
NJ,muni,0600000US3401777930,,,25,62,2.48,0.52,663.7,712.26200826736,0,470,1125,0.15,1,0,0,0,1,0.16,26.8421052631579,6.05771462127002,25,30,30,4000,0,4000,4000,4000
NJ,muni,1600000US3436000,,,242830,702849,2.89440761026232,0.545238001063545,603.952799121844,857.439181658535,0,0,1050,0.112151096516456,0.957842935386896,0.0415228760861508,0.000123543219536301,0.000510645307416711,1,0.217978423898149,74.1339883924956,421.599998906627,20,27,37,150707.390711319,1199363.81663194,2500,4000,5900
NJ,muni,1600000US3428650,,,156,422,2.70512820512821,0.437086092715232,871.911504424779,1630.96388326878,0,300,1008,0.0583941605839416,1,0,0,0,1,0.185897435897436,1798.98113207547,1690.34307580631,37,2700,3500,1382103.17241379,3508174.5599351,2000,3000,6000
NJ,muni,1600000US3406370,,,689,1715,2.48911465892598,0.460122699386503,445.202486678508,756.403306764922,0,0,805,0.272241992882562,0.989840348330914,0.0101596516690856,0,0,1,0.492017416545718,58.28,354.688024505753,12,15,20,2848.61356932153,1256.47347242826,2000,3000,3500
NJ,muni,0600000US3401972510,,,124,292,2.35483870967742,0.393162393162393,299.336734693878,578.192900138588,0,0,300,0.418367346938776,1,0,0,0,1,0.549180327868853,18.7450980392157,8.74949858507309,12,18,25,1198316.17910448,3265503.35351065,4000,5500,6250
NJ,muni,0600000US3402777240,,,2,3,1.5,1,,,,,,0.5,1,0,0,0,1,1,,,,,,5000,0,5000,5000,5000
NJ,muni,1600000US3413720,,,1069,2489,2.32834424695978,0.41012909632572,767.577689243028,906.680515851416,0,520,1200,0.289435600578871,0.994387277829748,0.00561272217025257,0,0,1,0.485408560311284,109.350096711799,461.815488912411,16,25,30,345694.120240481,1814921.73483297,3600,4800,6750
NJ,muni,1600000US3423700,,,2587,6670,2.57827599536142,0.417112299465241,478.263157894737,933.212534910018,0,0,700,0.161429186396901,0.989176652493235,0.010436799381523,0.000386548125241593,0,1,0.485781067393845,24.6022988505747,10.2924488783616,17,23,30,326422.997594226,1761728.75071108,3500,5000,7000
NJ,muni,0600000US3401961920,,,8,21,2.625,0.142857142857143,435.833333333333,482.062409514232,0,377.5,863.75,0.166666666666667,1,0,0,0,1,0.625,20,0,20,20,20,3000,0,3000,3000,3000
NJ,muni,0600000US3401937065,,,734,1822,2.48228882833788,0.40028901734104,589.68275862069,998.713216677749,0,0,1100,0.168367346938776,1,0,0,0,1,0.514986376021798,84.3076923076923,531.647232044576,15,20,25,189543.746031746,1349358.46786164,2500,4000,5875
NJ,muni,1600000US3425350,,,125,343,2.744,0.457627118644068,483.078651685393,942.647097572468,0,0,700,0.15,1,0,0,0,1,0.42741935483871,89.695652173913,290.035459513033,14,15,22,946413.018867925,2949995.14950396,2000,3000,6000
NJ,muni,1600000US3426550,,,209,507,2.42583732057416,0.38974358974359,517.290322580645,864.848999414844,0,0,923,0.24203821656051,1,0,0,0,1,0.440191387559809,14.2307692307692,4.75137841231112,10,14,18,329349.934782609,1785231.8902449,2000,3000,5000
NJ,muni,0600000US3401939660,,,211,623,2.95260663507109,0.27,292.528662420382,586.091602192336,0,0,475,0.294871794871795,0.962085308056872,0.037914691943128,0,0,1,0.526066350710901,13.2,5.77525197316406,9.75,15,15,3636.8018018018,2840.59827187488,1900,3000,3500
NJ,muni,0600000US3401905650,,,559,1524,2.7262969588551,0.516129032258065,353.409610983982,718.64573464661,0,0,412,0.268181818181818,0.991055456171735,0.00894454382826476,0,0,1,0.441860465116279,15.1089743589744,4.11346110820675,12,15,18,2525.42510121458,1598.11083893255,1500,2000,3000
NJ,muni,1600000US3431320,,,1376,3608,2.62209302325581,0.522445820433437,501.442882249561,816.313371494915,0,0,971.5,0.15180102915952,0.996366279069768,0.00363372093023256,0,0,1,0.465454545454545,61.3148936170213,316.823339642252,12,16,25,378914.190625,1900550.24792831,2500,3500,5000
NJ,muni,1600000US3438610,,,3983,11325,2.84333417022345,0.28804347826087,390.806440677966,670.837492109537,0,0,618,0.179669030732861,0.963846346974642,0.0361536530253578,0,0,1,0.536370500880946,24.1455040871935,103.963624391011,11,15,20,77369.1604880338,863245.410950533,1400,2000,3000
NJ,muni,0600000US3401978230,,,449,1208,2.69042316258352,0.5,443.733918128655,642.720374900674,0,0,742.5,0.239067055393586,0.964365256124722,0.0356347438752784,0,0,1,0.441176470588235,17.9356223175966,9.2903440637179,11,15,25,105041.364102564,1009874.44363624,1350,2000,4000
NJ,muni,1600000US3439630,,,635,1644,2.58897637795276,0.435215946843854,388.530487804878,648.652211537862,0,0,690.25,0.378542510121458,0.998425196850394,0.0015748031496063,0,0,1,0.549363057324841,36.9538461538462,155.700428208221,20,25,27,469705.527536232,2104747.26001931,4000,5000,6500
NJ,muni,0600000US3401932460,,,914,2348,2.56892778993435,0.45422943221321,583.20564516129,989.818461227171,0,0,1100,0.186666666666667,1,0,0,0,1,0.435448577680525,33.873046875,142.875000093631,12,16,20,154491.929648241,1219605.09800028,2000,3000,4200
NJ,muni,0600000US3401917170,,,201,554,2.75621890547264,0.288659793814433,324.624277456647,567.987607228642,0,0,550,0.229885057471264,1,0,0,0,1,0.656716417910448,15.1449275362319,4.39008026966291,12,15,17,1873.86363636364,764.365373372645,1300,1500,2275
NJ,muni,1600000US3470980,,,246,808,3.28455284552846,0.25764192139738,308.015789473684,699.347318366951,0,0,200,0.207253886010363,1,0,0,0,1,0.682926829268293,13.987012987013,4.31488704033857,10,15,16,2496.72619047619,1744.06727367907,1500,1500,3500
NJ,muni,1600000US3431620,,,3284,8635,2.62941534713764,0.489802631578947,490.712127082526,795.664771818237,0,0,808,0.293716881150643,0.883069427527406,0.116930572472594,0,0,1,0.413452638074668,30.0548812664908,153.091928219382,15,20,30,183958.55,1326113.72073486,3000,4000,6000
NJ,muni,0600000US3402119780,,,98,322,3.28571428571429,0.287234042553192,375.885714285714,513.58900680301,0,240,655,0.378378378378378,0.336734693877551,0.663265306122449,0,0,1,0.391752577319588,15.6271186440678,4.10591795391744,12,15,20,1319397.10526316,3424276.52156687,4000,5000,6000
NJ,muni,1600000US3433150,,,1491,3889,2.60831656606304,0.371304974765681,374.182456140351,654.389000554441,0,0,621,0.332456140350877,0.934272300469484,0.0650570087189806,0,0.000670690811535882,1,0.598256203890007,23.7798960138648,10.8143300308871,15,20,30,149658.162556054,1198595.84898332,2500,3500,5000
NJ,muni,0600000US3402133180,,,395,1121,2.8379746835443,0.494535519125683,811.685106382979,964.02740655502,0,600,1200,0.184100418410042,0.964556962025316,0.0354430379746835,0,0,1,0.455242966751918,330,907.249963962428,15,23,40,791896.870786517,2697961.27157001,4500,6000,8000
NJ,muni,1600000US3457600,,,1282,3483,2.71684867394696,0.386644682605111,1600.62183235867,1508.53518991435,450,1120,2340,0.078544061302682,0.926677067082683,0.0717628705148206,0,0.0015600624024961,1,0.636150234741784,564.041666666667,1278.92172320445,20,34,60,252282.20295203,1549001.60000379,3500,6000,8000
NJ,muni,1600000US3460900,,,5888,16864,2.86413043478261,0.529084380610413,715.082258405583,1202.31323596894,0,0,960,0.4167884735853,0.865149456521739,0.1328125,0.000169836956521739,0.00186820652173913,1,0.407821229050279,66.5302311796088,386.710544064584,28,40,60,102255.58005137,942989.836250635,4500,7800,15000
NJ,muni,0600000US3402180240,,,18,43,2.38888888888889,0.375,1530.73333333333,1756.17833729407,210,1080,2270,0.333333333333333,0.944444444444444,0.0555555555555556,0,0,1,0.5,43.3333333333333,17.5,45,45,60,10222.2222222222,2108.18510677892,8000,12000,12000
NJ,muni,0600000US3403547580,,,116,360,3.10344827586207,0.577981651376147,343.865853658537,478.112770472373,0,62,580,0.321428571428571,0.474137931034483,0.525862068965517,0,0,1,0.120689655172414,100.098039215686,789.986771537371,20,22,25,5500,832.050294337844,4875,6000,6000
NJ,muni,0600000US3403524900,,,381,1025,2.69028871391076,0.354054054054054,1025.84397163121,858.043507752108,400,900,1300,0.2,0.874015748031496,0.125984251968504,0,0,1,0.427440633245383,783.5,1097.21252573654,15,20,2000,496450.209876543,2172777.78310131,1200,2000,5000
NJ,muni,1600000US3410750,,,11796,35862,3.04018311291963,0.411585910960129,668.973707721761,742.967560248283,0,400,1300,0.0928624351691776,0.975839267548321,0.0241607324516785,0,0,1,0.422767704413274,302.036459114779,747.670372902171,16,22,30,132104.599635849,1121321.3556724,3000,4000,6000
NJ,muni,0600000US3402382000,,,130,354,2.72307692307692,0.390243902439024,528.787878787879,641.557993190863,0,150,1173,0.106796116504854,1,0,0,0,1,0.423076923076923,19.5428571428571,7.41460703716171,15,18,24.75,2136.36363636364,863.104567795522,1500,1750,2000
NJ,muni,1600000US3418490,,,5342,14924,2.79371022089105,0.422504465171661,639.673506027187,949.546701198036,0,0,1050,0.158857429215735,0.997753650318233,0.0020591538749532,0,0.000187195806813927,1,0.543998492557,30.8860232945092,16.6061920371686,25,30,35,53417.312781434,694459.767922585,3500,5000,6000
NJ,muni,1600000US3430840,,,655,1905,2.90839694656489,0.197138314785374,571.606237816764,714.049718786104,0,400,960,0.126459143968872,1,0,0,0,1,0.32824427480916,19.5652173913043,95.2663262429892,11,14,18,1119944.89302326,3155127.47014084,3000,4000,6000
NJ,muni,1600000US3431470,,,9081,25157,2.77028961568109,0.532234863345103,931.91714444239,1208.16140531594,0,520,1450,0.212765957446809,0.985794516022465,0.0139852439158683,0,0.000220240061667217,1,0.495934959349594,56.6144766146993,337.060254232198,30,38,45,103216.370985852,977401.074573822,3500,5500,8000
NJ,muni,1600000US3451210,,,26087,76788,2.94353509410818,0.487260887260887,643.327760920593,819.623263372002,0,416,1000,0.168145309465064,0.957871736880439,0.0417832636945605,3.83332694445509e-05,0.000306666155556407,1,0.388253152732368,53.8559442364786,358.882690507938,20,25,35,299725.625864662,1690520.98398382,3000,4200,6000
NJ,muni,0600000US3402347280,,,2099,6138,2.92424964268699,0.372069825436409,373.606958762887,631.133320089482,0,0,625,0.173187940987813,0.974273463554073,0.0257265364459266,0,0,1,0.514558472553699,19.594,7.80102685676828,15,18,25,68057.0649350649,803324.92083529,2000,3000,4000
NJ,muni,1600000US3434890,,,24,69,2.875,0.208333333333333,351.809523809524,646.144536388541,0,0,350,0.571428571428571,1,0,0,0,1,0.666666666666667,24.75,7.24568837309472,16,30,30,2550,600,1800,3000,3000
NJ,muni,1600000US3445690,,,6507,17704,2.72076225603197,0.494266055045872,655.427283900041,1075.9689728919,0,0,1100,0.162504877097152,0.967880743814354,0.0318118948824343,0,0.000307361303211926,1,0.496942135800533,54.3290302267003,316.955019120942,25,30,40,185940.62038498,1328424.78367513,4000,5000,8000
NJ,muni,1600000US3445900,,,3463,9973,2.87987294253537,0.642938713361249,655.976135842129,896.814057637198,0,240,1196,0.265945945945946,0.986716719607277,0.0129945134276639,0,0.000288766965059197,1,0.545375471151058,66.4791395045632,394.5036820384,20,28,35,106502.305688464,999674.344335737,3000,5000,7000
NJ,muni,1600000US3446620,,,3488,9481,2.71817660550459,0.49625,580.997934595525,824.572875489473,0,98,1000,0.113458262350937,0.999426605504587,0.000573394495412844,0,0,1,0.407524411257898,23.5267813267813,10.8319443270573,15,22,28,19577.4778012685,375096.602131509,4000,5000,6000
NJ,muni,0600000US3402352560,,,204,510,2.5,0.383419689119171,576.92700729927,738.381095161376,0,350,1000,0.202898550724638,0.975490196078431,0.0245098039215686,0,0,1,0.432835820895522,26.8333333333333,11.2689695853802,17,25,32,355581.540229885,1833288.44524261,4000,5000,10000
NJ,muni,0600000US3402320230,,,38,102,2.68421052631579,0.864864864864865,157.333333333333,225.647471976079,0,0,360,0.258064516129032,0.710526315789474,0.289473684210526,0,0,1,0.105263157894737,17.2941176470588,5.58965175781269,11.75,18,21.5,1637.5,1575,850,850,1637.5
NJ,muni,1600000US3458200,,,33850,99181,2.93001477104874,0.473795791114575,565.746591095778,897.791148643961,0,247.5,1000,0.129829556689208,0.982067946824225,0.017754800590842,8.86262924667651e-05,8.86262924667651e-05,1,0.332303120356612,46.7071160030801,280.695459746194,17,23,30,185010.06385262,1331331.38949175,2400,3500,5000
NJ,muni,1600000US3465790,,,6686,21487,3.21373018247083,0.447246608140463,659.310630866623,793.631715179607,0,400,1144,0.0889984988205018,0.999551301226443,0.000448698773556686,0,0,1,0.590833459385872,37.3119723714505,251.220198711179,13,20,25,269932.273937532,1609468.55768303,2500,3500,5000
NJ,muni,1600000US3468550,,,6044,18797,3.11002647253475,0.322003894494601,643.060402684564,787.572806050202,0,312,1200,0.0974649273935516,0.999669093315685,0.000165453342157512,0,0.000165453342157512,1,0.557138125207022,30.3573068094874,136.17423480813,18,23,30,84367.0543995244,892051.587748745,3000,4000,5000
NJ,muni,0600000US3402354705,,,76,227,2.98684210526316,0.438356164383562,632.75,807.381127401255,0,37.5,1310,0.217391304347826,0.868421052631579,0.131578947368421,0,0,1,0.56,21.1212121212121,7.20137823509143,15,16,25,7047.61904761905,3484.82690862014,4000,6500,9500
NJ,muni,1600000US3469390,,,5280,16435,3.11268939393939,0.3532,627.853939993406,740.19900168989,0,420,1040,0.109349190617773,0.979356060606061,0.0206439393939394,0,0,1,0.582998276852384,38.1017907634307,186.68615360986,18,25,30,69702.0646962233,807583.371815968,2600,3800,5000
NJ,muni,1600000US3469420,,,10465,31757,3.03459149546106,0.416478323402507,593.767861957401,744.890236007547,0,360.5,950,0.116119174942704,0.984137601528906,0.0155757286192069,0,0.000286669851887243,1,0.579231808531172,49.7252721797545,373.713520254166,15,20,26,59723.3352215928,739171.398951933,3000,4000,6000
NJ,muni,1600000US3469810,,,1188,3113,2.62037037037037,0.377184912603496,410.196685082873,671.179885834112,0,0,650,0.186740331491713,0.999158249158249,0.000841750841750842,0,0,1,0.590909090909091,16.9788583509514,7.31955075603327,12,15,20,3226.85185185185,2307.75729067976,2000,2500,3700
NJ,muni,1600000US3400730,,,511,1219,2.38551859099804,0.401146131805158,2131.77540106952,1495.30094170818,1022.5,1800,2700,0.416666666666667,0.990215264187867,0.00978473581213307,0,0,1,0.559686888454012,40.529702970297,14.6773460298004,30,35,55,1055753.98601399,3067220.77168365,6500,7000,9000
NJ,muni,1600000US3441010,,,8,36,4.5,0,2500,1414.2135623731,2000,2500,3000,0,1,0,0,0,1,1,,,,,,8500,0,8500,8500,8500
NJ,muni,0600000US3402574900,,,256,633,2.47265625,0.441666666666667,435.221105527638,731.069233104985,0,0,622.5,0.38,0.85546875,0.14453125,0,0,1,0.515625,17.2583333333333,6.84829100110782,12,16,22,4415.90909090909,4140.09587132152,2500,3500,5000
NJ,muni,1600000US3400760,,,498,1280,2.57028112449799,0.394736842105263,366.613888888889,625.715192650398,0,0,545,0.405555555555556,0.86144578313253,0.13855421686747,0,0,1,0.6285140562249,18.4277777777778,14.9658943947276,10,15,25,674431.079872205,2504889.57793081,2000,3000,6000
NJ,muni,1600000US3401960,,,10893,32217,2.95758744147618,0.551577669902913,592.61924959217,811.008576384323,0,300,900,0.220180893159977,0.762875240980446,0.236298540347012,0,0.000826218672541999,1,0.343079374004311,43.2212081703607,242.604989629662,20,25,40,450444.611854685,2061709.21814817,3000,4500,7000
NJ,muni,0600000US3402554270,,,3311,9199,2.77831470854727,0.658966955405839,569.408748824083,897.332287275428,0,240,750,0.244427062964411,0.742373905164603,0.257626094835397,0,0,1,0.238275102297765,38.3213058419244,144.08265256657,18,25,45,797782.272126816,2701713.9978064,2700,5000,8000
NJ,muni,1600000US3473020,,,24,67,2.79166666666667,0.95,172.666666666667,200.229392257504,0,140,257,0.0666666666666667,0,1,0,0,1,0.173913043478261,16.1764705882353,5.16279108280646,10,20,20,9999998,0,9999998,9999998,9999998
NJ,muni,0600000US3402549890,,,361,913,2.52908587257618,0.686567164179104,681.883333333333,770.121591466217,0,520,1000,0.104838709677419,0.958448753462604,0.0415512465373961,0,0,1,0.246418338108883,22.4923076923077,9.14469371960719,15,20,26,352941.790697675,1844837.26384682,2000,3000,4000
NJ,muni,0600000US3402545990,,,135,328,2.42962962962963,0.491071428571429,612.836734693878,914.924634312413,0,0,1133,0.0808080808080808,1,0,0,0,1,0.377777777777778,33.6049382716049,17.9956098898771,25,30,35,788641.019607843,2713968.46290374,4000,5000,5500
NJ,muni,1600000US3402110,,,2181,5919,2.71389270976616,0.395203836930456,585.251881876086,1009.00523428888,0,0,900,0.179413456009201,0.92801467216873,0.0719853278312701,0,0,1,0.574654377880184,74.0779363336992,278.044350692871,21,25,35,101359.340817963,976133.144406152,3500,5000,6000
NJ,muni,1600000US3402440,,,1208,3211,2.65811258278146,0.43598615916955,1056.62359550562,1163.27496176333,120,721,1500,0.325,0.995860927152318,0.00413907284768212,0,0,1,0.529510961214165,37.0412186379928,49.8127562554553,21,30,45,277072.907643312,1623113.71595131,5000,6000,8000
NJ,muni,1600000US3404930,,,2538,6580,2.59259259259259,0.376382131800088,730.668016194332,999.978383026742,0,500,1185,0.311941964285714,0.954688731284476,0.0429472025216706,0,0.00236406619385343,1,0.450771055753262,179.952761627907,997.688430843838,21,25,35,128557.712280702,1101208.96475043,3500,5000,7000
NJ,muni,0600000US3402576460,,,331,849,2.56495468277946,0.582781456953642,823.157024793389,957.818963481308,208,624,1150,0.23489932885906,0.969788519637462,0.0302114803625378,0,0,1,0.326283987915408,39.247572815534,194.844558105553,15,18,25,96797.2037037037,961850.453753876,2650,4000,5000
NJ,muni,1600000US3437560,,,756,2038,2.6957671957672,0.528358208955224,803.793859649123,632.899986919186,288,635,1300,0.208333333333333,1,0,0,0,1,0.456349206349206,43.0841584158416,279.972194377142,15,20,25,89959.7507246377,929509.505281081,1800,3000,4000
NJ,muni,1600000US3406970,,,3468,9325,2.68886966551326,0.567575666766557,534.281549520767,886.099586068811,0,0,780,0.243123938879457,0.997693194925029,0.00230680507497117,0,0,1,0.37485414235706,225.925666199159,886.610521919071,25,30,40,153466.93540856,1206742.7115626,3500,5000,7000
NJ,muni,1600000US3407750,,,736,2028,2.7554347826087,0.465465465465466,1078.72043010753,1069.66083206793,345,800,1450,0.331050228310502,0.779891304347826,0.220108695652174,0,0,1,0.637482900136799,87.2608695652174,237.962405182401,15,25,30,457257.527896996,2075266.55463469,3000,5000,8000
NJ,muni,1600000US3416660,,,909,2449,2.69416941694169,0.242068155111633,1869.6546961326,1663.20904138295,720,1080,2500,0.263922518159806,0.985698569856986,0.0143014301430143,0,0,1,0.635150166852058,273.279411764706,665.02471936052,25,30,100,2497344.05604203,4320284.16810647,5000,15000,50000
NJ,muni,1600000US3419840,,,1328,3693,2.7808734939759,0.340141398271799,351.741774675972,602.972618087517,0,0,520,0.216617210682493,0.817018072289157,0.182981927710843,0,0,1,0.615094339622642,32.6549019607843,85.4536865195075,12,16,25,15843.9239263804,350168.754323808,2000,3000,5000
NJ,muni,0600000US3402542990,,,714,1979,2.77170868347339,0.942415730337079,850.170833333333,626.018761318154,429.5,780,1144,0.227963525835866,0.932773109243698,0.0672268907563025,0,0,1,0.471910112359551,16.9781420765027,6.60050333004203,12,15,25,985732.113095238,2979294.29227254,2425,3500,6000
NJ,muni,1600000US3422440,,,2435,7185,2.95071868583162,0.453364817001181,1109.38443670151,1066.42784607013,300,900,1500,0.209463051568315,0.885010266940452,0.114989733059548,0,0,1,0.518752633796882,89.5841495992876,429.089730879271,20.5,25,36,126814.709991877,1097047.02913477,2500,3500,5000
NJ,muni,1600000US3462430,,,9235,26054,2.82122360584732,0.497769700974723,660.443140964995,947.575944174408,0,360,1000,0.273498026604298,0.869842988630211,0.129723876556578,0,0.000433134813210612,1,0.466948876587431,61.217382328654,319.143781502982,20,25,35,428333.468154347,2011991.02585387,3000,5000,7500
NJ,muni,1600000US3422950,,,603,1522,2.5240464344942,0.389799635701275,391.179871520343,693.911719179447,0,0,600,0.269230769230769,0.993366500829188,0.0066334991708126,0,0,1,0.532554257095159,59.5214285714286,462.323677021705,15,20,25,3665.95611285267,1456.88247690985,3000,3500,4500
NJ,muni,0600000US3402525230,,,655,1828,2.79083969465649,0.704954954954955,888.592024539877,964.0625877213,220,750,1138,0.189497716894977,0.961832061068702,0.0381679389312977,0,0,1,0.511520737327189,40.3131672597865,86.4801059137951,20,24,30,155871.975975976,1217264.3524481,2200,3500,7500
NJ,muni,1600000US3425200,,,6126,17242,2.81456088801828,0.615243583027763,859.071535022355,863.064183236846,115,770,1200,0.17719087635054,0.918054195233431,0.0812928501469148,0,0.000652954619653934,1,0.490695396669931,29.0192057291667,66.7773505369055,20,25,30,107552.351962741,1009987.75284855,2500,3500,5500
NJ,muni,0600000US3402533300,,,17,39,2.29411764705882,0.5,1813.125,1379.81607858232,1075,1380,1915,0.142857142857143,1,0,0,0,1,0.823529411764706,45,0,45,45,45,7642.85714285714,1378.80343091352,6375,7500,9000
NJ,muni,1600000US3431500,,,2042,5242,2.56709108716944,0.53887399463807,279.356087262491,600.77063762143,0,0,300,0.273876404494382,0.99951028403526,0.000489715964740451,0,0,1,0.459538989700834,18.6720379146919,11.9710484528791,12,16,20,409619.214514408,1972788.48702685,2000,3000,5000
NJ,muni,1600000US3434200,,,690,1857,2.69130434782609,1,934.016085790885,1526.37033259091,0,0,1500,0.554666666666667,0.966666666666667,0.0333333333333333,0,0,1,0.607246376811594,55.0111524163569,14.9030406772637,45,55,60,12093.9737470167,6460.28128113371,8000,10000,15000
NJ,muni,1600000US3436480,,,2856,7475,2.61729691876751,0.681197137280416,404.216698841699,696.345266328637,0,0,600,0.234023402340234,0.997549019607843,0.000350140056022409,0,0.00210084033613445,1,0.561249561249561,44.5192150449714,426.028978001413,15,18,25,297647.555347092,1688949.42304893,2000,3000,5000
NJ,muni,0600000US3402530690,,,22,46,2.09090909090909,0.307692307692308,330.5,495.872171558675,0,0,637.5,0.272727272727273,1,0,0,0,1,0.681818181818182,20,7,20,20,23.5,3300,2202.27155455452,2250,2500,2500
NJ,muni,1600000US3436810,,,7151,19054,2.66452244441337,0.529490022172949,475.575549945907,735.80042978359,0,0,840,0.14471075869526,0.961963361767585,0.0370577541602573,0,0.00097888407215774,1,0.516531241244046,58.2778457772338,355.712525203262,14,19,25,158182.323569298,1233443.78693102,2000,3000,5000
NJ,muni,1600000US3444520,,,2681,6995,2.60910108168594,0.425738567381627,722.030360531309,1050.24418937003,0,200,1200,0.309747292418773,0.907497202536367,0.0921298023125699,0,0.000372995151063036,1,0.546202768424991,29.0059625212947,63.3947897516633,15,23,30,149345.680136986,1190407.50552739,3000,5000,7000
NJ,muni,1600000US3474540,,,13,35,2.69230769230769,0.461538461538462,569.5,737.452258341741,0,200,971.25,0.3,1,0,0,0,1,0.692307692307692,20,0,20,20,20,3611.11111111111,1054.09255338946,2500,4500,4500
NJ,muni,1600000US3440770,,,1394,3554,2.54949784791966,0.981042654028436,1701.84409799555,1833.11057546737,600,1200,2350,0.248267898383372,0.987087517934003,0.0129124820659971,0,0,1,0.631276901004304,43.0084210526316,24.9690933984155,25,40,50,757260.310227273,2633347.95372782,4500,7500,10000
NJ,muni,1600000US3441310,,,17309,48831,2.82113351435669,0.516800643086817,805.323971782244,987.72156634962,0,580,1188,0.149673138842814,0.916517418683922,0.082615980125946,0.00017332023802646,0.000693280952105841,1,0.48477038425492,92.0526752876972,524.507000949566,18,25,30,562785.008458192,2294853.73988773,2700,4000,6000
NJ,muni,1600000US3443050,,,2326,6157,2.64703353396389,0.42480690595184,441.646414887794,758.148827670496,0,0,700,0.28169014084507,0.986672398968186,0.0128976784178848,0,0.000429922613929493,1,0.587079877782628,41.3096774193548,229.967337065998,20,25,32,226507.301115242,1476757.6395004,2500,3000,4000
NJ,muni,0600000US3402500070,,,15,38,2.53333333333333,0.266666666666667,753.545454545455,484.147366746193,535,750,984,0,0.733333333333333,0.266666666666667,0,0,1,0.4,15.5555555555556,0.52704627669473,15,16,16,1500,0,1500,1500,1500
NJ,muni,1600000US3447130,,,558,1608,2.88172043010753,0.434782608695652,627.326530612245,996.980168695345,0,150,1000,0.153153153153153,0.998207885304659,0.0017921146953405,0,0,1,0.70863309352518,26.94375,29.4990132816539,18,25,27,537525.781725888,2248082.17017314,3000,4500,6000
NJ,muni,1600000US3449920,,,2041,5395,2.64331210191083,0.637791286727457,727.401179941003,839.274954429396,0,500,1200,0.14,1,0,0,0,1,0.383145516903479,54.340782122905,245.615435348629,20,25,30,170249.506393862,1278878.45026289,3000,4000,5000
NJ,muni,1600000US3454570,,,3086,6664,2.15942968243681,0.893876130828114,695.805954825462,847.147477608929,252,424.5,800,0.0792122538293217,0.986714193130266,0.0132858068697343,0,0,1,0.399373040752351,41.327806122449,226.252824693463,21,25,35,1543063.38932496,3608886.67302427,3500,5000,8500
NJ,muni,1600000US3467350,,,827,2295,2.77509068923821,0.511470985155196,572.692307692308,1048.10778687812,0,0,800,0.219512195121951,0.990326481257557,0.00483675937122128,0,0.00483675937122128,1,0.547330097087379,30.8155619596542,18.164803988656,23,25,35,435038.274944568,2008405.13153507,4000,5000,13000
NJ,muni,1600000US3465130,,,3142,8444,2.68746021642266,0.494266747133374,713.922443674177,1183.14345927186,0,80,1000,0.238617886178862,0.982495225970719,0.0175047740292807,0,0,1,0.560297445845458,46.1952662721894,134.386355009757,20,25,30,184990.718407386,1303202.36449078,4000,6000,12000
NJ,muni,1600000US3466240,,,514,1262,2.45525291828794,0.365904365904366,672.564516129032,649.914147036263,200,500,1015,0.294964028776978,0.854085603112841,0.14591439688716,0,0,1,0.542074363992172,19.3289473684211,12.697137793148,15,18,25,291135.862815885,1677346.57044775,1000,2000,3500
NJ,muni,1600000US3466330,,,600,1384,2.30666666666667,0.589928057553957,1224.61083743842,1527.43489475125,0,600,1875,0.439759036144578,0.973333333333333,0.0233333333333333,0,0.00333333333333333,1,0.680067001675042,128.115183246073,597.325360806816,30,40,50,183147.009852217,1301902.93670135,7000,10000,12000
NJ,muni,1600000US3470110,,,1212,3124,2.57755775577558,0.461005199306759,1270.38303341902,940.961292749952,600,1050,1640,0.467411545623836,0.973597359735974,0.0264026402640264,0,0,1,0.64440734557596,65.6532663316583,343.801983569294,25,30,40,500027.317357513,2162971.32112366,4000,6000,10000
NJ,muni,1600000US3470140,,,1488,3837,2.57862903225806,0.352812271731191,1026.11876484561,833.041164108607,500,900,1300,0.278769841269841,0.969086021505376,0.0309139784946237,0,0,1,0.605814739688979,135.58024691358,619.838509258385,20,25,30,663204.025669643,2480306.04324098,2800,3600,6000
NJ,muni,1600000US3479310,,,1988,5157,2.59406438631791,0.431095406360424,386.029169308814,720.279184212292,0,0,572,0.213443396226415,0.992957746478873,0.00704225352112676,0,0,1,0.615850580514892,191.436906377205,823.270295862247,20,25,35,357358.835245902,1843831.7790452,3000,5000,6000
NJ,muni,1600000US3406610,,,6708,18346,2.73494335122242,0.546156609195402,685.289880689351,1047.47902023337,0,240,1007.75,0.120381406436234,0.97927847346452,0.0204233750745379,0,0.000298151460942159,1,0.517754172989378,195.740776699029,809.754587828679,20,27,35,337211.252637749,1788608.16940418,4000,6000,8000
NJ,muni,1600000US3448480,,,2181,6286,2.88216414488767,0.533856722276742,1107.47062621046,2998.20906166723,0,0,1040,0.329733163913596,0.977533241632279,0.0224667583677212,0,0,1,0.627340823970037,97.6354166666667,482.139105685941,50,65,75,160543.805970149,1211614.87311826,8500,10000,15000
NJ,muni,1600000US3409040,,,1959,5694,2.90658499234303,0.354368932038835,588.036162361624,823.563273947431,0,0,1200,0.17179802955665,0.999489535477284,0,0,0.000510464522715671,1,0.639570552147239,126.464337700146,843.762180023327,16,22,26,100068.885691447,974678.944854665,2800,4000,5000
NJ,muni,1600000US3437110,,,1999,5515,2.75887943971986,0.462203023758099,870.515306122449,995.858822038792,0,705.5,1328.75,0.169117647058824,0.998499249624812,0.000500250125062531,0,0.00100050025012506,1,0.607411116675013,100.243430152144,638.415847113213,18,20,25.5,416473.272877164,1987929.62167522,2500,3800,5000
NJ,muni,1600000US3412100,,,3795,9967,2.62635046113307,0.604905437352246,1140.69063180828,1821.43385372618,0,6,1820,0.19975835682642,0.995783926218709,0.00395256916996047,0,0.000263504611330698,1,0.609549071618037,537.970839260313,1761.72123125594,35,50,60,195616.473020017,1354190.88697577,6000,8000,10000
NJ,muni,0600000US3402712130,,,1044,2724,2.60919540229885,0.672077922077922,1136.00993377483,1587.73926178605,0,275,1720,0.189735614307932,0.997126436781609,0.0028735632183908,0,0,1,0.625365853658537,219.850144092219,1004.3156503088,37.5,50,55,1161218.4274571,3195629.82417351,5000,8000,10000
NJ,muni,1600000US3423910,,,1565,4154,2.65431309904153,0.416317991631799,745.008137432188,1281.88831970149,0,0,1040,0.199086757990868,0.996166134185304,0.00255591054313099,0,0.0012779552715655,1,0.680220537560303,39.6852791878173,18.5260269857316,30,37,50,1485193.7112462,3549552.37003479,4500,7000,10000
NJ,muni,1600000US3412580,,,612,1757,2.87091503267974,0.489583333333333,321.616352201258,600.661772289553,0,0,400,0.350730688935282,1,0,0,0,1,0.545751633986928,18.9775280898876,9.33299288935249,12,18,25,3713.25748502994,2121.55688757008,2025,3500,5000
NJ,muni,1600000US3418070,,,9166,25745,2.80874972725289,0.439668174962293,596.705657492355,834.578440488268,0,120,1040,0.149311830946754,0.997708924285403,0.0013091861226271,0.000872790748418067,0.000109098843552258,1,0.404463500439754,31.8050562907367,114.946164877061,20,25,32,855914.548518619,2788784.33859819,4000,5000,7000
NJ,muni,0600000US3402746860,,,41,112,2.73170731707317,0.105263157894737,797.193548387097,1533.12996664459,0,0,1169,0.258064516129032,1,0,0,0,1,0.658536585365854,42.7142857142857,16.4383630638753,30,35,60.25,4851.85185185185,1586.08622579906,4000,4000,7000
NJ,muni,0600000US3402764080,,,866,2379,2.74711316397229,0.407176287051482,519.588495575221,809.02458565387,0,0,856,0.209912536443149,0.994226327944573,0.00346420323325635,0.0023094688221709,0,1,0.517772511848341,25.9641943734015,15.8277181990255,18,25,30,164955.00228833,1256290.67645835,3000,4500,6000
NJ,muni,0600000US3402761890,,,122,468,3.83606557377049,0.504854368932039,599.041666666667,1221.8913466541,0,296.5,900,0.24,1,0,0,0,1,0.565217391304348,28.42,8.16935538135897,21.25,25,35,4355.38461538462,2947.93522917052,1500,3300,7000
NJ,muni,1600000US3440290,,,1850,4918,2.65837837837838,0.437122128174123,1435.51967213115,1044.68062565972,600,1300,2044.5,0.113744075829384,1,0,0,0,1,0.576335877862595,38.7936925098555,159.891808032659,20,25,30,421243.171239357,1997311.2521909,3000,4000,6000
NJ,muni,1600000US3442510,,,7887,24062,3.05084315962977,0.492359361880773,640.997586206897,1192.07649187058,0,0,840,0.191688798625215,0.935843793584379,0.0622543425890706,0,0.00190186382655002,1,0.545245104313324,160.595802301963,686.944487728402,23,35,50,1406422.01924883,3466340.17005126,5000,7000,15000
NJ,muni,1600000US3445330,,,948,2708,2.85654008438819,0.414719626168224,588.679824561404,973.854699840051,0,0,960,0.189306358381503,0.982067510548523,0.0147679324894515,0,0.00316455696202532,1,0.565450643776824,140.126436781609,686.878749303199,20,25,34,2168980.66793169,4118207.84052846,5000,8000,20000
NJ,muni,0600000US3402748090,,,487,1607,3.29979466119097,0.490338164251208,410.975342465753,698.155038785473,0,0,600,0.179948586118252,0.874743326488706,0.125256673511294,0,0,1,0.338842975206612,24.5533980582524,11.142577887865,16,25,30,1163161.96341463,3208616.48889324,4000,5200,8000
NJ,muni,1600000US3448210,,,1962,5221,2.66106014271152,0.511557788944724,621.370945945946,1015.03134620231,0,0,1021.25,0.19038208168643,0.994903160040775,0.0035677879714577,0,0.00152905198776758,1,0.505354411014788,33.6076086956522,13.4634210736599,25,31,40,228572.306760848,1473084.87798715,5000,6000,8000
NJ,muni,0600000US3402729550,,,2,3,1.5,1,1040,,1040,1040,1040,0,1,0,0,0,1,0,30,0,30,30,30,,,,,
NJ,muni,1600000US3448300,,,12510,35583,2.84436450839329,0.520423892100193,541.6500901283,1030.47977239987,0,0,832,0.231917451412543,0.926938449240608,0.0725819344524381,0,0.000479616306954437,1,0.378776652671442,52.0515937331172,406.161348775149,25,30,40,252336.228428603,1546904.2542233,4000,6000,8000
NJ,muni,0600000US3402745360,,,2,3,1.5,1,30,42.4264068711929,15,30,45,0,1,0,0,0,1,1,,,,,,9999998,0,9999998,9999998,9999998
NJ,muni,0600000US3402729700,,,21,81,3.85714285714286,1,298.05,758.58333858512,0,0,75.25,0.1,0.952380952380952,0.0476190476190476,0,0,1,0,47.6190476190476,28.2143158529074,28,35,60,,,,,
NJ,muni,0600000US3402756460,,,4,10,2.5,1,1250,2500,0,0,1250,0,1,0,0,0,1,1,,,,,,12000,0,12000,12000,12000
NJ,muni,1600000US3448690,,,246,798,3.24390243902439,0.478632478632479,680.790697674419,645.223684264595,103,600,1001.5,0.197916666666667,1,0,0,0,1,0.638766519823789,19.28,12.5381148632609,12,15,25,2210776.11034483,4159421.09079545,3000,4000,12000
NJ,muni,1600000US3450130,,,2134,7088,3.32146204311153,0.295420231504781,431.024296675192,695.836760019327,0,0,648.5,0.158160050409578,1,0,0,0,1,0.541999061473487,55.1526479750779,316.820231037975,15,20,25,151443.90995671,1204245.01593762,3000,4000,5000
NJ,muni,1600000US3463300,,,1107,3025,2.73261065943993,0.469135802469136,508.24514200299,759.470442472312,0,0,900,0.218832891246684,0.992773261065944,0.00722673893405601,0,0,1,0.563916591115141,116.744725738397,598.281846001884,15.25,25,28,51988.961414791,693110.598505565,2500,3500,4500
NJ,muni,1600000US3464050,,,2692,7982,2.96508172362556,0.39268680445151,468.823443579767,761.466464846068,0,0,734.5,0.174541947926712,0.986255572065379,0.0137444279346211,0,0,1,0.527684875510962,37.037037037037,279.32145595445,15,20,25,53574.9056338028,700325.051668922,3000,4000,5000
NJ,muni,1600000US3480390,,,3780,10400,2.75132275132275,0.417732310315431,541.211810012837,799.34178785167,0,0,1000,0.133227344992051,1,0,0,0,1,0.448010610079576,27.804347826087,107.950142799959,16,21,28,187759.783895796,1342104.43199459,2500,4000,5500
NJ,muni,1600000US3403130,,,20,52,2.6,1,537.5,418.277300364244,193.75,632,891,0.333333333333333,1,0,0,0,1,0.3,15.2142857142857,11.4366386362735,5,12,27,5001999,5475033.58937653,4000,5001999,9999998
NJ,muni,1600000US3459880,,,2761,7812,2.82940963419051,0.442380591357089,396.743358633776,720.405096896244,0,0,550,0.28511038046031,0.974284679463962,0.0257153205360377,0,0,1,0.656113537117904,41.8917470525188,415.628837478108,15,20,28,98558.5418746534,966285.823885911,2000,3800,5000
NJ,muni,1600000US3403520,,,296,704,2.37837837837838,0.362007168458781,331.791666666667,693.476077010831,0,0,388,0.416666666666667,0.956081081081081,0.0439189189189189,0,0,1,0.768166089965398,69.9701492537314,152.186585056599,20,23,35,545697.162162162,2265120.09766018,3625,5000,8000
NJ,muni,0600000US3402941250,,,771,1934,2.50843060959792,0.960886571056063,500.788819875776,907.022136419879,0,0,785,0.0248062015503876,0.994811932555123,0.00518806744487678,0,0,1,0.578469520103761,24.0192307692308,10.6060536944276,18,24,30,206965.766816144,1406980.69522853,2900,4000,6000
NJ,muni,1600000US3404180,,,640,1495,2.3359375,1,735.863247863248,893.789242708181,0,380,1200,0.121259842519685,0.9984375,0.0015625,0,0,1,0.484375,29.969696969697,11.5834092877944,25,28,35,132459.877419355,1130005.11125555,2000,3000,4000
NJ,muni,1600000US3434530,,,387,905,2.33850129198966,0.313131313131313,888.516129032258,969.279939627224,300,700,1200,0.298780487804878,1,0,0,0,1,0.728682170542636,437.776699029126,1119.73671565816,20,25,35,889425.443262411,2846561.77892073,2000,3000,4500
NJ,muni,1600000US3437770,,,715,1944,2.71888111888112,0.478939157566303,396.776735459662,809.859683882365,0,0,550,0.220560747663551,0.994405594405594,0,0,0.00559440559440559,1,0.39020979020979,17.2557603686636,6.93563456272819,12,17,21,288640.921146953,1671552.92575771,1200,1800,2500
NJ,muni,0600000US3402943140,,,4,6,1.5,0,440,441.279201111194,231.75,305.5,513.75,0,1,0,0,0,1,0.5,15,0,15,15,15,1000,0,1000,1000,1000
NJ,muni,0600000US3402973125,,,407,1072,2.63390663390663,0.634666666666667,786.993333333333,795.87225794217,317,534,1040,0.265957446808511,0.756756756756757,0.243243243243243,0,0,1,0.512315270935961,14.0208333333333,5.14293938131981,10,13,16,434205.923076923,2039211.56533223,500,1400,2000
NJ,muni,1600000US3439390,,,301,788,2.61794019933555,0.417241379310345,364.785714285714,976.189759805574,0,0,432,0.40625,1,0,0,0,1,0.837209302325582,86.6326530612245,223.171710225328,15,25,25,81920.4206349206,888866.224227361,1800,2350,3000
NJ,muni,1600000US3443380,,,9,27,3,0.444444444444444,1647.5,1708.06281249507,0,1800,2145,0.875,0.777777777777778,0.222222222222222,0,0,1,1,,,,,,11000,1500,10000,10000,13000
NJ,muni,0600000US3402907420,,,44,98,2.22727272727273,0.25,458,1054.36677220149,0,0,112,0.342857142857143,1,0,0,0,1,0.681818181818182,29.5,14.4634818661451,25,25,35,673849.866666667,2535131.15328146,3500,10000,10000
NJ,muni,1600000US3454450,,,5,6,1.2,1,0,0,0,0,0,0.8,1,0,0,0,1,1,,,,,,2502249.5,4998499,3000,3000,2502249.5
NJ,muni,1600000US3458590,,,163,419,2.57055214723926,0.496732026143791,409.485981308411,797.262928203999,0,0,500,0.339285714285714,1,0,0,0,1,0.635802469135803,25.5964912280702,10.9330097299136,17,25,30,197545.980582524,1386142.88221529,2000,3000,4500
NJ,muni,1600000US3459910,,,1403,3594,2.56165359942979,0.575916230366492,492.506944444444,841.529918009863,0,0,800,0.258232235701906,0.990021382751247,0.00997861724875267,0,0,1,0.544285714285714,69.5,440.073249862867,25,30,35,6235.10498687664,3148.17275739157,5000,6000,7000
NJ,muni,1600000US3466450,,,549,1244,2.26593806921676,0.692464358452139,951.875621890547,966.980071900521,350,800,1300,0.214592274678112,0.972677595628415,0.0273224043715847,0,0,1,0.707317073170732,24.5179856115108,10.7078141032312,20,25,30,349231.230769231,1826250.12234824,2500,4000,6000
NJ,muni,1600000US3466480,,,618,1500,2.42718446601942,0.476027397260274,708.012,701.983555008241,0,628.5,1040,0.400954653937947,1,0,0,0,1,0.579034941763727,210.982978723404,895.881497648376,17,25,30,951594.17816092,2932909.669595,2000,3500,5000
NJ,muni,0600000US3402905305,,,21,43,2.04761904761905,0.3,757.571428571429,751.410641647397,276.5,750,890,0.4,1,0,0,0,1,0.523809523809524,21.8888888888889,4.01386485959743,23,23,25,911761.181818182,3014228.2950824,1275,1275,5500
NJ,muni,1600000US3469510,,,33,71,2.15151515151515,0.413793103448276,1450,1318.09347164759,624,1200,1727,0.368421052631579,1,0,0,0,1,0.363636363636364,14.1904761904762,3.70970413401187,12,13,15,1516.66666666667,244.329633276379,1300,1500,1500
NJ,muni,0600000US3402940560,,,1294,3326,2.57032457496136,0.381938690969345,292.339729119639,608.689495993489,0,0,217.5,0.352159468438538,0.997681607418856,0.00231839258114374,0,0,1,0.558049535603715,38.2119565217391,235.754071473069,10,13,20,251650.39667129,1560957.76183562,1100,1750,2500
NJ,muni,1600000US3406340,,,2093,6020,2.87625418060201,0.454773869346734,543.607287449393,774.473036606385,0,0,1040,0.124749833222148,1,0,0,0,1,0.546106067845198,145.853920515575,650.750260252337,15,20,25,99804.0717410324,976355.504937481,2500,3500,4500
NJ,muni,1600000US3456550,,,60711,175790,2.89552140468778,0.523426251973148,497.338929632099,770.657417758524,0,108,780,0.164777189343751,0.967024097774703,0.0325311722752055,0,0.000444729950091417,1,0.2236731679479,37.9046625820189,197.522362551616,16,23,35,62554.014032718,757622.978429701,2000,3500,6000
NJ,muni,1600000US3429070,,,4247,10303,2.42594772780786,0.379796979450359,567.887776141384,848.680132365605,0,60,970.5,0.136626227614096,0.998587238050388,0.00141276194961149,0,0,1,0.443264920971927,34.087142246903,180.040477669786,20,25,30,184879.70782331,1332762.83961621,2750,3900,5000
NJ,muni,1600000US3461170,,,5022,14551,2.89745121465552,0.372569963682974,530.732156561781,754.325459815914,0,0,936,0.0670207384926657,1,0,0,0,1,0.410598705501618,39.969465648855,199.288259172498,20,25,30,126511.643842365,1102784.98816753,2000,3000,4400
NJ,muni,1600000US3453040,,,4012,10026,2.49900299102692,0.455729859080032,522.803421562298,823.909389264982,0,0,831.5,0.112614029569047,0.983300099700897,0.0166999002991027,0,0,1,0.473421512353382,25.6359539308964,15.330303508581,19,24,30,109435.102266737,1021220.64437635,2500,4000,5000
NJ,muni,1600000US3430570,,,11784,30300,2.57128309572301,0.438522380010786,625.814641413067,996.72736116235,0,0,1040,0.136832141354649,0.999405974202308,0.000339443312966735,0,0.000254582484725051,1,0.482368935338602,56.1851607584501,266.085280492552,25,30,40,68207.7389466267,793499.166802659,3000,4500,6000
NJ,muni,1600000US3460090,,,3178,8665,2.72655758338578,0.426180113826582,653.832796132152,935.268237126132,0,0,1200,0.076645264847512,0.999685336689742,0,0,0.000314663310258024,1,0.44078104993598,27.8235294117647,71.220649004664,15,22,35,12810.6695715323,269399.161561366,3200,4500,6000
NJ,muni,1600000US3463150,,,841,2886,3.43162901307967,0.876315789473684,618.250544662309,1241.556390645,0,55,600,0.0780669144981413,0.87871581450654,0.12128418549346,0,0,1,0.227110582639715,850.019801980198,1105.31670773612,400,700,1000,159747.87434555,1246316.35380164,1000,2500,3500
NJ,muni,1600000US3473140,,,3987,11952,2.99774266365688,0.434305592721434,619.955628058728,913.844807521575,0,0,1050,0.124596513879923,0.99749184850765,0.00250815149235014,0,0,1,0.501171569903671,48.1263440860215,237.794127273253,25,30,35,398718.861298701,1947064.96368907,3000,4000,5000
NJ,muni,0600000US3403140620,,,2003,6576,3.28307538691962,0.380434782608696,480.145276872964,719.205351810265,0,0,832,0.142027114267269,1,0,0,0,1,0.495656617271334,23.0585774058577,13.9032076477183,15,20,30,106026.867010309,1010325.03196592,1500,2500,4000
NJ,muni,1600000US3457000,,,113358,316201,2.78940171844951,0.522988288984857,504.880568227753,774.838343978363,0,80,792,0.143424177315391,0.972132535859842,0.0273381675752924,0.000141145750630745,0.000388150814234549,1,0.285067954380527,45.4298643105081,277.425460715885,16,22,30,170462.337911311,1278128.64347378,2000,3000,5000
NJ,muni,1600000US3476730,,,3019,9014,2.9857568731368,0.426605504587156,461.301993067591,678.924524505009,0,0,853.5,0.139294926913156,0.971182510765154,0.028817489234846,0,0,1,0.527787021630616,61.1299715909091,397.871804020339,14,20,25,41256.4300126103,613891.771699497,2000,3000,4500
NJ,muni,1600000US3482423,,,1511,4501,2.97882197220384,0.399147727272727,473.396126760563,718.795957116736,0,0,780,0.0900594732370433,1,0,0,0,1,0.43348775645268,33.675355450237,152.075374048285,16,22,28,248195.926717557,1544285.02665455,2500,3500,4600
NJ,muni,1600000US3421240,,,952,2463,2.58718487394958,0.369369369369369,379.792276964048,596.91893318407,0,0,627.5,0.344827586206897,1,0,0,0,1,0.53046218487395,15.413870246085,6.11482686863254,10,15,20,22481.0752475248,444878.058201812,1500,2000,3000
NJ,muni,0600000US3403359130,,,369,1023,2.77235772357724,0.369369369369369,354.003436426117,593.142650157975,0,0,612.5,0.363945578231293,1,0,0,0,1,0.629427792915531,17.2164179104478,35.4641324556453,7,12,18,89185.696969697,928216.720984151,2000,2300,2800
NJ,muni,0600000US3403310610,,,1610,4213,2.6167701863354,0.511177347242921,688.728971962617,915.562781121941,0,275,1249.5,0.190514469453376,0.91304347826087,0.0850931677018634,0,0.00186335403726708,1,0.267495094833224,19.9387938793879,9.13245070291977,13,17,25,247033.814180929,1545904.23643876,500,2500,3500
NJ,muni,1600000US3457750,,,4380,12375,2.82534246575342,0.551878855860909,902.465501792115,913.577779003733,0,729,1560,0.1999306999307,0.867351598173516,0.132648401826484,0,0,1,0.377211118768665,30.7115384615385,161.987195933256,15,20,28,15689.7174177832,348781.300402224,2000,3000,4500
NJ,muni,1600000US3465490,,,5963,16442,2.75733691095086,0.488053985044684,759.506849315069,950.361805437827,0,500,1200,0.171818181818182,0.865503940969311,0.134496059030689,0,0,1,0.389164245428132,47.6173642533937,253.198111237671,13,17,25,179557.865612648,1313483.31774341,2000,3500,5000
NJ,muni,0600000US3403321330,,,6,13,2.16666666666667,1,1200,0,1200,1200,1200,0,1,0,0,0,1,0,19.3333333333333,3.61478445646026,17,17,22.25,,,,,
NJ,muni,0600000US3403341640,,,38,115,3.02631578947368,0.354838709677419,428.769230769231,527.300469007363,0,184,715,0.0714285714285714,0.631578947368421,0.368421052631579,0,0,1,0,12.9210526315789,3.13119939844634,12,12,13,,,,,
NJ,muni,0600000US3403343200,,,1,1,1,0,,,,,,1,1,0,0,0,1,0,30,,30,30,30,,,,,
NJ,muni,1600000US3482720,,,1893,5149,2.72002113048072,0.495721620079863,633.531682447196,1031.79609098695,0,75,980,0.27431906614786,0.877443211833069,0.122556788166931,0,0,1,0.541001064962726,24.3380447585395,42.1123270668322,13,20,30,112736.395669291,1034916.71389276,2000,4000,6200
NJ,muni,0600000US3403358530,,,58,141,2.43103448275862,0.490566037735849,656.617647058824,1048.61105868974,0,248,1100.25,0.395348837209302,1,0,0,0,1,0.586206896551724,19.7083333333333,10.3229552840793,15,15,35,4394.11764705882,2556.9798918955,3000,3250,7000
NJ,muni,1600000US3405590,,,3330,10255,3.07957957957958,0.397753551370994,692.359250851305,968.027681446499,0,390,1040,0.173936750272628,0.993993993993994,0.00600600600600601,0,0,1,0.56512411890898,150.448012232416,901.176934841531,20,25,35,6033293.36008677,4890404.65227551,6000,9999998,9999998
NJ,muni,1600000US3406790,,,7519,22451,2.98590238063572,0.426033821230638,582.104614818901,913.200389283898,0,116,1000,0.158631921824104,0.99827104668174,0.00159595690916345,0,0.000132996409096954,1,0.501484480431849,72.8484262838211,473.486416754063,20,25,35,173163.321582347,1280262.51734369,3800,5000,7500
NJ,muni,1600000US3457300,,,545,1694,3.10825688073395,0.470355731225297,616.341628959276,947.538426115821,0,7.5,1010,0.405405405405405,0.98348623853211,0.0165137614678899,0,0,1,0.427756653992395,210.55985915493,1312.6148100314,25,30,40,25762.5333333333,36822.9632599153,5000,7500,40000
NJ,muni,1600000US3443620,,,5330,17896,3.35759849906191,0.404804804804805,565.776345472124,565.847597678705,0,440,1040,0.0505192253718776,0.999249530956848,0.00075046904315197,0,0,1,0.640345929686031,130.299564947172,651.905708856626,15,18,23,174671.592190253,1293468.64132608,2000,3000,4000
NJ,muni,0600000US3403531890,,,234,746,3.18803418803419,0.532710280373832,440.336956521739,781.305825489412,0,0,727.5,0.204301075268817,0.94017094017094,0.0598290598290598,0,0,1,0.521367521367521,18.2181818181818,13.5364826907274,12,15,20,85531.131147541,905033.826150946,2000,3500,5000
NJ,muni,1600000US3453280,,,9006,24479,2.71807683766378,0.575909361955874,782.953078144294,1269.67830248428,0,280,1300,0.173852183650616,0.991005996002665,0.00899400399733511,0,0,1,0.477657413676371,83.6544525871641,461.54639929765,25,35,42,321862.582565556,1750077.31213329,3500,5000,7000
NJ,muni,1600000US3459190,,,29484,86268,2.92592592592593,0.520043175642982,641.157805863992,1084.23760971301,0,0,950,0.180726815876413,0.874983041649708,0.124609957943291,0,0.000407000407000407,1,0.425349123767799,91.0301638926089,485.705620637813,23,30,45,485420.476623481,2133724.58957098,3500,5400,9000
NJ,muni,1600000US3477600,,,1114,2913,2.6149012567325,0.468292682926829,1329.71527777778,1352.1467746453,426.25,1000,1920,0.252551020408163,0.997307001795332,0.00269299820466786,0,0,1,0.651392632524708,36.3351351351351,29.2080864198994,20,30,40,559285.903448276,2282928.8979152,4000,6000,10000
NJ,muni,0600000US3403527510,,,4,10,2.5,0,409,299.250174046176,285,480,604,0,1,0,0,0,1,1,,,,,,1500,0,1500,1500,1500
NJ,muni,1600000US3461980,,,6653,19731,2.96572974597926,0.395952342092378,637.22009202454,793.389541999594,0,400,1000,0.160939924628685,0.977904704644521,0.0217946790921389,0,0.000300616263339847,1,0.542113323124043,79.2823489245476,623.967403141824,18,22,30,165731.753672316,1258247.51949598,3000,4000,5200
NJ,muni,1600000US3464320,,,392,1060,2.70408163265306,0.405479452054795,422.880398671096,767.241951612728,0,0,728,0.222591362126246,0.99234693877551,0.0076530612244898,0,0,1,0.502551020408163,17.1979166666667,5.22703361896135,15,16,20,5210.15228426396,3412.86558588284,3000,4500,6500
NJ,muni,1600000US3468460,,,6626,18324,2.765469363115,0.443027492547201,662.282394995532,981.648849942172,0,125,1100,0.228565705128205,0.94913975249019,0.0504074856625415,0.000301841231512225,0.000150920615756112,1,0.461899712164824,73.8680595306239,538.274533377166,21,30,40,114047.608068219,1034271.59352828,4000,5000,7000
NJ,muni,0600000US3401962250,,,28,68,2.42857142857143,0.269230769230769,572.863636363636,926.232630218449,0,0,1037.5,0.347826086956522,1,0,0,0,1,0.642857142857143,41.4,3.3065591380366,40,40,45,4355.55555555556,2094.03135608363,2575,3000,5500
NJ,muni,1600000US3468730,,,1905,5670,2.97637795275591,0.501740139211137,513.148993288591,709.871076237157,0,0,1000,0.171486213853396,0.895538057742782,0.104461942257218,0,0,1,0.451968503937008,54.1226053639847,347.092308016598,18,23,28,26789.8675958188,481513.639126676,2100,3500,4500
NJ,muni,0600000US3403709160,,,479,1295,2.7035490605428,0.571739130434783,585.213903743316,662.206589292511,0,500,886.5,0.347368421052632,1,0,0,0,1,0.480167014613779,49.1847389558233,287.910965054163,12,15,23,221400.869565217,1460888.75673068,2250,3000,6000
NJ,muni,1600000US3401330,,,2,3,1.5,0,0,0,0,0,0,1,1,0,0,0,1,1,,,,,,2500,0,2500,2500,2500
NJ,muni,0600000US3403724810,,,523,1332,2.54684512428298,0.42299794661191,395.981087470449,711.909247652152,0,0,540,0.36,0.998087954110899,0.00191204588910134,0,0,1,0.61003861003861,29.4270833333333,143.137633380875,15,18,25,763873.477848101,2652115.63032562,3000,5000,7000
NJ,muni,0600000US3403747430,,,13,30,2.30769230769231,0.333333333333333,501.090909090909,685.178145381981,0,80,780,0.363636363636364,1,0,0,0,1,0.384615384615385,17.375,2.13390989232709,15,18,18.5,6000,0,6000,6000,6000
NJ,muni,1600000US3424930,,,3884,11272,2.90216271884655,0.373602399781838,538.132558934062,818.766779464619,0,0,1162,0.143635125936011,0.998712667353244,0,0.00128733264675592,0,1,0.56136245449818,106.90555887627,502.265343743026,15,20,25,179131.948587309,1314838.34840311,2000,3000,4000
NJ,muni,1600000US3432910,,,516,1360,2.63565891472868,0.5,930.745454545455,987.32152851297,200,682,1300,0.362204724409449,1,0,0,0,1,0.706796116504854,21.7284768211921,15.4496747645744,10,20,30,6161.23076923077,5964.72813422321,2000,5000,7000
NJ,muni,1600000US3451930,,,3896,10721,2.75179671457906,0.496448087431694,464.891485809683,791.751467328182,0,0,750,0.257755775577558,0.99717659137577,0.00102669404517454,0.00102669404517454,0.000770020533880904,1,0.467897062646218,128.836471754212,690.066574370043,17,25,30,282014.950555556,1643097.5546308,2500,4000,5500
NJ,muni,0600000US3403729490,,,1487,4171,2.80497646267653,0.574309185959671,457.95258999122,727.228781566031,0,0,780,0.253731343283582,0.983187626092804,0.0147948890383322,0,0.00201748486886348,1,0.388543823326432,62.1296728971963,508.103471304062,15,24,30,572715.301953819,2316331.28001451,2500,4000,6500
NJ,muni,0600000US3403701360,,,7,18,2.57142857142857,0,239.333333333333,378.600933261748,13.5,56,287.5,0,1,0,0,0,1,0,18,0,18,18,18,,,,,
NJ,muni,1600000US3454660,,,1108,3339,3.01353790613718,0.342050209205021,1216.78869047619,710.086986466676,957.5,1284,1401,0.150632911392405,1,0,0,0,1,0.605595667870036,16.2280285035629,5.70465750895036,12,15,20,152059.493293592,1212185.59231232,1500,2925,4000
NJ,muni,1600000US3470380,,,898,2442,2.71937639198218,0.353155339805825,366.09900990099,728.053714823597,0,0,500,0.257879656160458,1,0,0,0,1,0.526726057906459,86.3903133903134,549.079670323938,12,18,23,976058.579281184,2964973.37003971,2500,4000,6000
NJ,muni,1600000US3471670,,,1178,3096,2.62818336162988,0.468181818181818,822.921843687375,1040.82438359878,0,624,1200,0.314618644067797,1,0,0,0,1,0.444821731748727,48.9585889570552,268.04035359437,17,20,25,443116.339694657,2049633.88430562,3000,4000,6000
NJ,muni,0600000US3403776790,,,320,948,2.9625,0.452054794520548,944.569105691057,857.01729310269,375,780,1300,0.334661354581673,0.96875,0.03125,0,0,1,0.545454545454545,17.5806451612903,7.1181627005,12,16,23,806311.160493827,2724036.32927824,3000,4000,6000
NJ,muni,1600000US3422860,,,2310,5773,2.4991341991342,0.474154135338346,933.796668581275,1499.8562356433,0,0,1500,0.230236583958454,0.995238095238095,0.00476190476190476,0,0,1,0.670715835140998,86.7424242424243,458.081786829388,37,45,55,1345260.48253558,3403999.17012828,6000,8000,9500
NJ,muni,1600000US3425800,,,3578,9974,2.78759083286752,0.438821077701697,594.29823943662,801.169510684675,0,129,1085.5,0.149559082892416,1,0,0,0,1,0.429856620747821,36.6912955465587,137.196770250732,25,30,35,292146.835840419,1671585.17524649,3000,4400,6000
NJ,muni,1600000US3479040,,,15463,42562,2.7525059820216,0.489482033243672,1090.16543971349,1643.86900667321,0,0,1588.5,0.213829593139938,0.944189355235077,0.0551639397270905,0,0.000646705037832245,1,0.585599063353714,219.858330668372,1126.88106798592,30,50,65,253821.494057536,1542602.99526537,6000,8000,12000
NJ,muni,1600000US3436690,,,2459,7417,3.01626677511183,0.52326565143824,577.868161925602,766.202750775977,0,153,1040,0.135593220338983,0.920292801952013,0.079707198047987,0,0,1,0.41005723630417,25.2777777777778,8.81817288102343,20,25,30,54006.4945164507,704345.465308436,3000,4000,5000
NJ,muni,1600000US3440350,,,23689,68726,2.90117776183039,0.519964590225039,674.657082579867,867.826913479738,0,200,1300,0.102066662828853,0.963231879775423,0.036683692853223,0,8.44273713537929e-05,1,0.439870726313999,82.3079908133365,451.827722266534,24,30,36,363954.911929621,1861232.01005162,3000,4400,6000
NJ,muni,1600000US3448510,,,1143,3133,2.74103237095363,0.5093808630394,674.327526132404,1184.23894884045,0,0,1000,0.256813417190776,0.994750656167979,0.00437445319335083,0,0.000874890638670166,1,0.642169728783902,36.8997493734336,25.8702789238021,25,35,45,75482.8882833788,822501.310325919,4500,6000,9000
NJ,muni,1600000US3451810,,,2160,5859,2.7125,0.437178166838311,488.542430414121,939.737654041074,0,0,624,0.249693251533742,0.997222222222222,0.00277777777777778,0,0,1,0.588126159554731,63.2629796839729,337.968653856433,20,30,40,219388.936908517,1443229.54759523,4375,6000,8000
NJ,muni,0600000US3402359010,,,37,147,3.97297297297297,0.457142857142857,1063.75,633.974207247066,380,1115,1582.5,0,1,0,0,0,1,0.135135135135135,161.0625,360.591891335308,25,28.5,32,5500,0,5500,5500,5500
NJ,muni,1600000US3461530,,,17352,48368,2.78745965882895,0.506103406403784,830.791081593928,1018.12092151783,0,500,1400,0.142809642560266,0.950841401567543,0.0491009681881051,0,5.76302443522361e-05,1,0.472236757951044,39.6438784629133,185.697374153681,20,30,40,101974.638635804,981028.173152752,3000,4200,6000
NJ,muni,0600000US3403913150,,,22,46,2.09090909090909,0.409090909090909,618,756.153423585452,0,0,1200,0.105263157894737,1,0,0,0,1,0.590909090909091,30,5.40832691319598,23,32,35,4661.53846153846,971.715374598328,4000,4500,6000
NJ,muni,1600000US3464620,,,13519,38100,2.81825578815001,0.466906474820144,989.053032193661,1354.55769733339,0,540,1600,0.101017026625529,0.874251054072047,0.125379096086989,0,0.000369849840964568,1,0.416071025505982,71.0649914484936,425.607609605965,25,36,45,305734.738878843,1705552.79632762,4000,5000,7000
NJ,muni,1600000US3421000,,,91758,271519,2.95907713768827,0.502785076195481,717.561612897908,917.281011228492,0,390,1200,0.125307699498333,0.956766712439242,0.0427864600361821,0,0.000446827524575514,1,0.350085734830466,50.0124611673233,298.426033819724,20,26,36,217353.497977628,1439860.87306939,3000,5000,7000
NJ,muni,1600000US3464650,,,9656,26340,2.72783761391881,0.370080452272233,738.731688003168,1079.0327182794,0,0,1300,0.125721784776903,0.995443247721624,0.00445318972659486,0,0.000103562551781276,1,0.589132012859069,101.096683673469,549.528654732636,28,38,45,77811.0133779264,846060.745276427,4000,5000,7000
NJ,muni,0600000US3403915640,,,3,6,2,0,900,1272.79220613579,450,900,1350,0,1,0,0,0,1,1,,,,,,3500,0,3500,3500,3500
NJ,muni,1600000US3471430,,,12540,38277,3.05239234449761,0.516179588826404,948.620893914917,1418.26855511123,0,416,1200,0.280412849356373,0.905342902711324,0.093859649122807,0.000159489633173844,0.000637958532695375,1,0.485679513184584,122.627011214042,663.849051294695,28,40,60,334032.203641831,1764476.00998421,5500,10000,15000
NJ,muni,1600000US3458350,,,19946,58123,2.91401784819011,0.46320599330535,448.314188550916,1300.49562784334,0,0,700,0.117917112131312,0.996440389050436,0.00350947558407701,0,5.01353654868144e-05,1,0.395863734715443,31.8913098342727,200.388242463665,15,18,25,146130.133850261,1184278.19725248,2000,3000,5000
NJ,muni,0600000US3404141490,,,305,1032,3.38360655737705,0.96085409252669,292.091703056769,487.914947444358,0,115,420,0.156521739130435,1,0,0,0,1,0.405940594059406,10.9666666666667,4.32079549886555,8,12,15,2297.56097560976,1717.84097312773,900,2000,3000
NJ,muni,0600000US3404159820,,,193,592,3.06735751295337,0.932960893854749,324.91156462585,439.048222226996,0,120,540,0.0753424657534247,1,0,0,0,1,0.523316062176166,9.29213483146067,2.88492258912614,8,8,10,200068.277227723,1399849.04512654,1200,2000,3000
NJ,muni,1600000US3404990,,,1664,4165,2.50300480769231,0.449707981829981,404.678983833718,646.1547820888,0,0,630,0.194250194250194,0.995192307692308,0.00480769230769231,0,0,1,0.424879807692308,18.5977011494253,8.08014994673001,12,17,23,2974.05233380481,1507.88203671045,1800,3000,4000
NJ,muni,0600000US3404180570,,,382,1858,4.86387434554974,0.504178272980501,400.588785046729,701.643120021733,0,0,625,0.172955974842767,0.99738219895288,0.00261780104712042,0,0,1,0.563157894736842,46.527950310559,220.222332601391,13,21,30,2525822.78971963,4352284.58843382,2300,4000,7502498.5
NJ,muni,1600000US3428710,,,3227,8014,2.48342113418035,0.486593843098312,466.490166414523,728.574911535789,0,0,800,0.254835039817975,1,0,0,0,1,0.452907711757269,43.2050380785003,334.920210823733,15,20,26,87435.9972086532,911239.585530764,2000,3500,5000
NJ,muni,0600000US3404130090,,,32,294,9.1875,0.34375,225.846153846154,346.940159622628,0,0,320,0.0769230769230769,1,0,0,0,1,0.09375,13.7586206896552,2.51644835338835,15,15,15,2000,0,2000,2000,2000
NJ,muni,1600000US3401030,,,3,6,2,0,120,207.846096908265,0,0,180,0.666666666666667,1,0,0,0,1,1,,,,,,3000,0,3000,3000,3000
NJ,muni,1600000US3477270,,,4584,11495,2.5076352530541,0.473883242732215,732.180675909879,787.438619444302,0,600,1150,0.209158817797986,0.975567190226876,0.0244328097731239,0,0,1,0.420660976143576,35.2128732066693,178.024141863821,18,23,25,206820.684703434,1409759.36952088,2500,3500,5000
NJ,muni,1600000US3474000,,,99741,300974,3.01755546866384,0.433303113997175,571.48818010722,889.55134893847,0,208,932,0.158032287044347,0.940405650635145,0.0594339338887719,0,0.000160415476083055,1,0.426433688129831,242.905817873691,918.54077980921,18,25,35,84883.2122333737,896820.006169461,2000,3000,4400
NJ,muni,0600000US3402129310,,,1154,3485,3.01993067590988,0.528248587570622,510.990553306343,770.866967993228,0,180,858,0.210062893081761,0.787694974003466,0.212305025996534,0,0,1,0.322299651567944,56.2541666666667,267.191857765258,15,18,30,3305.97297297297,1539.46982544024,2075,3100,4000
NJ,muni,0600000US3402122185,,,523,1518,2.90248565965583,0.570264765784114,635.5,874.443075697075,0,340,900,0.120879120879121,0.921606118546845,0.0783938814531549,0,0,1,0.241379310344828,122.082621082621,429.609312894497,12,16,30,424144.957983193,2013923.03443922,1900,3600,6650
NJ,muni,0600000US3402163850,,,510,1595,3.12745098039216,0.402173913043478,335.402088772846,496.017722825387,0,0,555,0.181347150259067,0.947058823529412,0.0470588235294118,0,0.00588235294117647,1,0.359126984126984,21.8777429467085,9.66421005028243,13,22,28,3805.16574585635,2032.28626732941,2500,3000,5000
NJ,muni,0600000US3402139510,,,210,762,3.62857142857143,0.73224043715847,334.708333333333,471.651122619815,0,0,624,0.109677419354839,0.4,0.6,0,0,1,0.0825242718446602,91.6174863387978,381.669994560082,12,15,20,2800,696.419413859206,2000,2400,3500
NM,muni,0500000US35001,,,23665,63912,2.70069723219945,0.754776175313729,653.185661030489,1124.69723954784,0,80,1047.5,0.24087941053136,0.976336361715614,0.0147897739277414,0.00840904289034439,0.000464821466300444,1,0.507364341085271,65.7057338622431,453.288807385568,13,25,35,252368.200831848,1556789.47988397,1800,3500,5000
NM,muni,0500000US35043,,,789,2137,2.7084917617237,0.771857923497268,583.927565392354,804.13534182279,0,200,1000,0.242647058823529,0.961977186311787,0.0228136882129278,0.0139416983523447,0.00126742712294043,1,0.349936143039591,57.7599206349206,353.164343584283,20,25,35,4777.1897810219,2834.68181838285,3000,4000,6000
NM,muni,0500000US35005,,,8449,23956,2.83536513196828,0.7573204973927,428.212293682413,817.994514932614,0,0,558.5,0.230053191489362,0.969108770268671,0.0308912297313292,0,0,1,0.522762576173975,66.2164705882353,412.058291706663,9,15,25,274104.7536,1626493.34518921,350,1500,3500
NM,muni,0500000US35009,,,8758,23870,2.72550810687372,0.743231104837675,472.606948587472,777.675072025037,0,0,720,0.19622211366227,0.991093857044987,0.00856359899520439,0.000342543959808175,0,1,0.487011494252874,21.0698213871492,79.342875392709,10,15,23,313990.161198962,1737108.20283066,1000,2000,3500
NM,muni,0500000US35013,,,5069,15511,3.05997238114026,0.679513184584179,339.537950937951,675.946159914096,0,0,364,0.18132183908046,0.973959360820675,0.0248569737620833,0,0.00118366541724206,1,0.483303694921952,13.963813229572,19.7133371500666,4,8,20,153093.377350777,1220596.35004187,300,650,3000
NM,muni,0500000US35015,,,7353,20706,2.81599347205222,0.848409952216181,729.399803777287,923.458307617466,0,320,1260,0.158294930875576,0.964912280701754,0.0346797225622195,0.000407996736026112,0,1,0.421334431630972,21.6465264187867,11.5215166703397,12,20,30,637649.309221245,2439100.43698394,700,2000,4000
NM,muni,0500000US35017,,,2458,7764,3.1586655817738,0.765346534653465,475.384167636787,775.207275135522,0,0,797.25,0.240068104426788,0.984540276647681,0.0065093572009764,0,0.00895036615134256,1,0.44147582697201,23.5505791505792,95.9939399373081,10,16,28,2203.17963496638,3162.64818372933,180,1000,3000
NM,muni,0500000US35025,,,7019,18335,2.61219546944009,0.947841105354059,803.959226819692,928.919473564451,0,500,1400,0.171011470281543,0.973785439521299,0.0232226812936316,0.00227952699814788,0.000712352186921214,1,0.528239202657807,47.3763404825737,201.537185486045,17,25,30,517673.512168444,2213938.86304946,200,500,1400
NM,muni,0500000US35029,,,2378,7708,3.24137931034483,0.589731285988484,317.943644333125,598.898897187685,0,0,400,0.192355117139334,0.995374264087468,0.00420521446593776,0,0.000420521446593776,1,0.510766580534022,27.4132231404959,90.509353440857,5,10,20,380468.069983137,1911175.70855863,100,400,1500
NM,muni,0500000US35031,,,3019,9560,3.16661146074859,0.71602658788774,471.254921259843,801.693899068981,0,0,700,0.171986660314435,0.961576681020205,0.0168930109307718,0.0188804239814508,0.00264988406757204,1,0.512080536912752,135.191078066914,761.953032691309,10,22,30,585390.098951507,2343750.67252128,500,1500,4500
NM,muni,0500000US35035,,,3638,11163,3.06844420010995,0.581045751633987,266.49679743795,543.70137761033,0,0,300,0.17181314330958,0.995876855415063,0.00357339197361187,0.000549752611324904,0,1,0.596418732782369,27.8241525423729,163.040655282355,5,10,15,490751.39630485,2158098.62231334,245,600,2000
NM,muni,0500000US35041,,,625,1748,2.7968,0.835509138381201,432.81693989071,634.29998679371,0,128.5,623.5,0.128608923884514,1,0,0,0,1,0.536184210526316,13.4296028880866,7.49972880097058,8,12,17,615477.791411043,2402888.15994569,1000,2000,3500
NM,muni,0500000US35045,,,460,1308,2.84347826086957,0.842857142857143,362.691082802548,646.971536808998,0,0,418,0.228395061728395,0.976086956521739,0.00434782608695652,0.0195652173913044,0,1,0.594298245614035,41.6054054054054,180.133437777125,8,12,25,223077.225092251,1473865.28276,400,1200,3000
NM,muni,0500000US35049,,,12760,38024,2.97993730407524,0.66305313666252,441.644444444444,800.129217259544,0,0,600,0.153397817460317,0.986990595611285,0.00799373040752351,0.00384012539184953,0.00117554858934169,1,0.547775467775468,78.9054697922622,521.061131579338,7,16,35,166501.110217094,1269699.6656864,400,1000,3530
NM,muni,0500000US35055,,,762,1967,2.58136482939633,0.781847133757962,317.828571428571,530.668695561827,0,0,520,0.200378071833648,1,0,0,0,1,0.39501312335958,33.3232104121475,148.149988933429,8,12,20,70135.2990033223,813557.7216782,500,1500,4000
NM,muni,0500000US35057,,,1455,4495,3.0893470790378,0.723172628304821,205.826923076923,403.011349160849,0,0,273.5,0.215811965811966,0.999312714776632,0,0,0.000687285223367698,1,0.608484005563282,28.7616279069768,138.94426961449,4,6,10,160878.688,1255357.61793552,187,300,1000
NM,muni,0500000US35061,,,1739,5269,3.0299022426682,0.640845070422535,352.913778529163,687.867029366272,0,0,400,0.171888230313294,0.994824611845888,0.00115008625646924,0,0.00402530189764232,1,0.487507263219059,13.3337155963303,35.7819311969796,4,8,15,1529.07985697259,1598.15157386352,500,1000,2000
NV,muni,0500000US32001,,,1324,3292,2.48640483383686,0.662229617304493,527.446985446986,822.015274268271,0,0,900,0.248704663212435,0.995468277945619,0,0.00151057401812689,0.00302114803625378,1,0.464501510574018,57.6715542521994,356.986042307782,15,22,27,164744.891056911,1265499.36869289,1000,1500,3000
NV,muni,0500000US32003,,,2639,7162,2.7139067828723,0.908597662771285,839.550274223035,1096.07244455874,0,280,1500,0.245743473325766,0.979158772262221,0.0143993937097385,0.000378931413414172,0.00606290261462675,1,0.39022498060512,59.9030779305828,391.874949675506,17.5,25,35,113742.720675944,1040003.98688383,2500,4000,5575
NV,muni,0500000US32007,,,2978,7733,2.59670920080591,0.763401854091092,958.937254901961,1055.15691367513,0,600,1700,0.257009345794393,0.982202820685023,0.00705171255876427,0.00369375419744795,0.00705171255876427,1,0.505938242280285,45.1007142857143,319.226444843483,20,25,35,345963.875251509,1817435.17935789,2000,3500,5500
NV,muni,0500000US32013,,,1350,3477,2.57555555555556,0.70612582781457,1106.60317460317,886.739991556862,360,950,1800,0.24455205811138,0.987407407407407,0.00888888888888889,0.0037037037037037,0,1,0.525206922498119,23.2688172043011,8.07790583578689,18.5,25,30,805162.482808023,2717578.31002066,1500,2500,4500
NV,muni,0500000US32019,,,756,1779,2.3531746031746,0.634005763688761,383.873170731707,650.829783692255,0,0,528,0.240650406504065,0.993386243386243,0.00132275132275132,0.00396825396825397,0.00132275132275132,1,0.440379403794038,15.8317073170732,8.50936314518432,10,15,20,33088.7476923077,554573.413215335,1200,2400,3000
NV,muni,0500000US32031,,,15368,38072,2.47735554398751,0.722560533565318,816.723073714941,1032.80105773957,0,360,1500,0.256486642321737,0.990825091098386,0.00435970848516398,0.000520562207183759,0.00429463820926601,1,0.516839889488225,59.0329328621908,335.856277263762,25,30,45,239221.177930508,1511611.12991194,2500,4500,6500
OK,muni,0500000US40009,,,8829,23401,2.65047004190735,0.763945133899412,265.670534351145,554.877010168624,0,0,300,0.249436852380237,0.994676633820365,0.00532336617963529,0,0,1,0.405974590820648,38.3343319352906,202.389547731179,6,10,15,255319.73555117,1572535.97711822,500,1200,2000
OK,muni,0500000US40017,,,12183,32536,2.67060658294345,0.702639976791413,437.655913978495,874.070272618001,0,0,576,0.213668410279736,0.933021423294755,0.0616432734137733,0.00533530329147172,0,1,0.478582716460118,57.7145020188425,321.715004709781,10,15,20,466428.938477581,2103206.03025788,1000,2000,3500
OK,muni,0500000US40013,,,9597,26281,2.73845993539648,0.741145655392324,272.777442784706,562.559475725937,0,0,300,0.288697788697789,0.947796186308221,0.0136500989892675,0.0385537147025112,0,1,0.44435022259911,38.4337021937488,248.65095710217,7,12,20,130615.969942748,1127571.87189887,400,1000,2500
OK,muni,0500000US40031,,,13029,33141,2.54363343311075,0.786150521469511,464.620073087967,747.807557071927,0,93,740,0.262209111766634,0.949727530892624,0.0448998388210914,0.00422135236779492,0.00115127791848952,1,0.504764856279538,19.187992918075,31.6488714864682,11,16,21,241833.293016117,1528515.67063763,1000,2200,3250
OK,muni,0500000US40019,,,17359,46117,2.65666225012962,0.695698188383241,296.409651748558,629.432201669523,0,0,268,0.248162968352128,0.8790252894752,0.11175758972291,0.00904429978685408,0.000172821015035428,1,0.477438136826783,16.004307413285,23.6975755364865,8,13,20,68865.4091463415,816136.516072163,300,1000,2500
OK,muni,0500000US40021,,,2175,5681,2.61195402298851,0.661749745676501,803.525619834711,827.681991004556,200,600,1080,0.228260869565217,0.833103448275862,0.072183908045977,0.0947126436781609,0,1,0.498620055197792,23.1055133079848,113.005693077637,6,10,15,269405.424354244,1614033.98405744,1000,1800,3000
OK,muni,0500000US40027,,,11642,31629,2.71680123690088,0.778931470643761,425.522776312635,778.600445837775,0,0,550.75,0.267297802711548,0.951125236213709,0.0463837828551795,0.00163202198934891,0.000858958941762584,1,0.41988416988417,31.2497285559175,135.402271194126,13,20,27,256108.014629049,1569615.45521492,1500,2500,4250
OK,muni,0500000US40033,,,2843,7317,2.57368976433345,0.914506769825919,240.913152610442,483.834601527277,0,0,240,0.127318295739348,1,0,0,0,1,0.547089947089947,13.983922829582,56.635868704019,6,10,15,181459.249516441,1331729.66664496,200,600,1500
OK,muni,0500000US40037,,,21088,56067,2.65871585735964,0.674889310562935,351.747981940074,695.193846886083,0,0,400,0.248422814471482,0.935792867981791,0.0589434749620637,0.00526365705614568,0,1,0.49399558074743,28.609815830721,172.076380365168,6,10,17,330738.466258265,1785306.39962829,100,400,1500
OK,muni,0500000US40039,,,9459,25729,2.72005497409874,0.753889343782899,327.794219154444,622.136294468581,0,0,414.75,0.255346634132338,0.970398562215879,0.027592768791627,0.00200866899249392,0,1,0.441173321914142,35.3719984508133,213.571433921691,8,15,20,147683.625576316,1197707.31851741,700,2000,3000
OK,muni,0500000US40047,,,23533,61965,2.63311095058004,0.730183878246675,409.850889991246,758.51511643607,0,0,600,0.24519499906699,0.97730846045978,0.0224365784217907,0.00025496111842944,0,1,0.522074251702137,21.903158086893,76.5773991482678,12,16,22,173419.789370079,1294688.84679865,1000,2000,3500
OK,muni,0500000US40087,,,5835,15689,2.68877463581834,0.691042754884891,314.810134701732,598.460252311149,0,14,365,0.217507339204697,0.95458440445587,0.0414738646101114,0.00394173093401885,0,1,0.465875881038336,19.3259259259259,128.286097251499,5,10,15,2676457.31180812,4426801.2173603,600,1800,9999998
OK,muni,0500000US40051,,,11791,32141,2.72589262997201,0.766285336106647,387.366140602583,662.222123500615,0,70,510,0.233527246824172,0.904249003477228,0.0929522517174116,0.00279874480536002,0,1,0.438751069289992,19.4313078976291,218.741897982481,6,10,18,190940.819652954,1362027.1650018,500,1400,2500
OK,muni,0500000US40123,,,10036,26556,2.64607413312077,0.763046387154327,432.696146990265,787.196752352716,0,0,660,0.221773106979251,0.954463929852531,0.0312873654842567,0.0142487046632124,0,1,0.486279257465698,24.5846619576186,127.756967718507,10,16,22,175146.083195021,1300648.59989862,1000,2500,4000
OK,muni,0500000US40065,,,7483,20442,2.73179206200722,0.751201747997087,281.503661087866,548.945027035252,0,0,312,0.249010497332645,0.896832821061072,0.102498997728184,0.000133636242148871,0.000534544968595483,1,0.396528342826146,24.6646775304108,159.928504381629,6,10,15,179273.463406293,1321683.92391815,400,1000,2000
OK,muni,0500000US40071,,,26083,69665,2.67089675267416,0.711141098085519,415.336519088702,763.380082012414,0,0,588,0.220587481416927,0.972127439328298,0.0217382969750412,0.00613426369666066,0,1,0.468798449612403,28.1238364108042,179.574468820688,10,15,22,315015.027449359,1739625.01723929,1000,2000,3500
OK,muni,0500000US40113,,,14741,42096,2.85570856793976,0.764504263501087,300.468784530387,628.0145576299,0,0,294,0.22598263049512,0.88352214910793,0.0506071501255003,0.0649209687266807,0.000949732039888746,1,0.421681780708986,83.7585181514063,390.291379784465,6,10,20,291191.459758879,1677986.11623322,200,600,1800
OK,muni,0500000US40079,,,7497,20766,2.76990796318527,0.708333333333333,219.59276504298,440.328861996863,0,0,258.5,0.250797822414117,0.926770708283313,0.0462851807389623,0.0269441109777244,0,1,0.501209352324644,21.7853805990657,105.385795321206,5,7,10,191100.77613941,1366553.11123132,150,400,1000
OK,muni,0500000US40081,,,5626,14817,2.63366512619979,0.618336025848142,375.410440762738,649.98372474243,0,56,500,0.333333333333333,0.908816210451475,0.0895840739424102,0.00159971560611447,0,1,0.507080121885643,32.0479221265444,215.51922484871,5,10,15,164035.61611877,1264783.82150523,300,1000,2000
OK,muni,0500000US40125,,,21402,58223,2.72044668722549,0.750794301527109,340.702663651212,690.149950959766,0,0,370,0.234585621567649,0.964536024670591,0.0311185870479394,0.00429866367629194,4.67246051770863e-05,1,0.435147232037691,26.0113230035757,133.427543821816,8,12,20,158799.132308359,1242940.8301266,500,1250,2500
OK,muni,0500000US40083,,,10215,26831,2.62662750856583,0.740510048184276,579.343673469388,806.324897765646,0,270,900,0.326578192252511,0.789623103279491,0.210181106216349,0.000195790504160548,0,1,0.476300461940149,20.5386278749754,106.945056069093,6,11,18,286375.453088762,1662794.0368227,400,1400,2500
OK,muni,0500000US40101,,,25085,67807,2.70308949571457,0.746605922551253,426.249570013641,754.337231971168,0,0,600,0.198853476385821,0.79118995415587,0.190791309547538,0.0180187362965916,0,1,0.44029428409734,25.2669334519046,126.596085741426,8,14,20,286618.617242012,1662599.48191826,600,1600,3000
OK,muni,0500000US40147,,,13698,36008,2.62870492042634,0.705104575687154,646.846639089969,1042.70469537781,0,0,1080,0.222787971947353,0.943349394072127,0.0432179880274493,0.0128485910351876,0.000584026865235801,1,0.514197212183789,35.2914303234708,215.575912583749,12,20,32.5,116542.718732071,1058161.90087932,1000,2500,4500
OK,muni,0500000US40111,,,25999,71517,2.75075964460172,0.72053886184321,375.599633504759,727.652637378057,0,0,496,0.195538057742782,0.850840416939113,0.139236124466326,0.00961575445209431,0.000307704142467018,1,0.512097088894092,29.0046444857288,167.129425819114,5,10,16,471068.924483731,2116625.88636583,200,500,1500
OK,muni,0500000US40109,,,121595,325686,2.67844894938114,0.772423317342637,527.759995502586,870.600860120454,0,0,850,0.233233679404251,0.930350754554052,0.0685143303589786,0.000929314527735515,0.000205600559233521,1,0.444038550566054,46.3943512687824,267.146771349259,15,20,28,286650.64103196,1657147.59551918,1800,3000,5000
OK,muni,0500000US40143,,,100899,269591,2.67188971149367,0.768100006405193,539.78219887296,935.762544369284,0,0,800,0.197796478935811,0.920841633712921,0.0757688381450758,0.00328050823100328,0.000109019911000109,1,0.496986769958247,49.5654004988347,309.465407853775,13,20,30,214198.164358881,1435109.59402923,1500,3000,5000
OK,muni,0500000US40115,,,14564,38947,2.67419664927218,0.772755562470826,305.0119058118,570.632280261226,0,0,468,0.202761692650334,0.974526229057951,0,0.0254737709420489,0,1,0.532252452856447,23.7718417047184,128.059202056496,8,12,17,202330.633808341,1404513.68334112,125,400,1200
OK,muni,0500000US40117,,,5593,15094,2.69873055605221,0.867104183757178,332.164893617021,602.013419005371,0,0,400,0.24031803026417,0.93116395494368,0.0312891113892366,0.0375469336670839,0,1,0.50700682716493,40.7090768037238,208.123947994911,5,10,15,801911.11481219,2714415.95395086,300,900,2000
OK,muni,0500000US40119,,,16307,42866,2.62868706690378,0.781491694128724,401.269217628972,727.772305646002,0,0,600,0.26275064481238,0.946526031765499,0.0516342674924879,0.00177837738394555,6.13233580670878e-05,1,0.424280039721946,34.5340958605664,200.318820490991,10,15,25,176305.474546518,1307654.63581521,600,1550,3000
OK,muni,0500000US40121,,,12197,33481,2.74501926703288,0.658089531194924,267.916499888815,590.037874786883,0,0,280,0.190941572089113,0.860703451668443,0.10182831843896,0.0374682298925965,0,1,0.485737772297575,78.05450629556,247.277475661953,5,10,20,508902.818243358,2195184.85097164,250,600,2000
OK,muni,0500000US40131,,,3364,9935,2.95332936979786,0.733176312247645,256.226996351844,562.400393229018,0,0,210,0.218705035971223,0.917063020214031,0.0603448275862069,0.0225921521997622,0,1,0.472903421132304,19.4757451782583,113.315702300995,6,10,16,309006.068501921,1726099.88133484,350,1000,2500
OK,muni,0500000US40135,,,87,294,3.37931034482759,0.617283950617284,481.44776119403,1236.29069205429,0,0,277.5,0.25,1,0,0,0,1,0.64367816091954,203.548387096774,507.272105725627,7.5,14,16,1689.28571428571,1029.68284109562,1000,1500,2000
OK,muni,0500000US40137,,,8992,24279,2.70006672597865,0.726057633353771,358.171698405326,706.513765780029,0,0,400,0.257414502625231,0.966748220640569,0.0319172597864769,0.00133451957295374,0,1,0.490261920752183,27.4845804988662,123.447638491746,8,13,20,287246.723515982,1664935.26523773,550,1500,3000
OK,muni,0500000US40139,,,3364,8967,2.66557669441142,0.651261881350377,273.767160686427,548.177294026912,0,0,300,0.286549707602339,1,0,0,0,1,0.550297619047619,33.9514627659574,369.694642527803,6,10,15,147907.285559762,1199648.62387441,500,1800,2800
OK,muni,0500000US40145,,,3254,9553,2.93577135832821,0.675638841567291,159.65593220339,412.227916673343,0,0,80,0.23256735340729,0.79379225568531,0.187154271665642,0.0181315304240934,0.000921942224953903,1,0.560727496917386,9.54390054390054,12.7615793672474,4,6,10,204076.769653656,1411925.53863427,125,400,1000
OK,muni,0500000US40153,,,4489,11660,2.59746045889953,0.793466522678186,362.529588465005,727.473696271341,0,0,468,0.260715341412947,0.998217865894409,0.000445533526397862,0.00133660057919358,0,1,0.492513966480447,24.8753387533875,96.9433979705425,9,15,23,97467.2254990926,971468.737851789,600,1800,3000
OR,muni,0500000US41003,,,7437,18085,2.43176011832728,0.754497968659315,587.496224990563,902.295094570691,0,108,900,0.300907258064516,0.99690735511631,0.00147909103132984,0,0.00161355385235982,1,0.478077915026469,54.4146605355694,302.750265569374,15,22,30,364315.941226576,1863970.54899499,2000,3000,5000
OR,muni,0500000US41005,,,14039,35211,2.50808462141178,0.597667638483965,476.407879263034,757.21368876976,0,0,840,0.260477050270835,0.997934325806681,0.000213690433791581,0.000925991879763516,0.000925991879763516,1,0.600862998921251,28.1455660903514,169.180421637392,10,15,18,136895.752004788,1149760.79360893,1250,2000,3500
OR,muni,0500000US41007,,,12981,33226,2.55958708882213,0.623634392461012,599.97864808054,785.552142865906,0,225,1057,0.265728155339806,0.985209151837301,0.000231107002542177,0.000231107002542177,0.014328634157615,1,0.505024519655921,43.8632721202003,234.865464564561,12,16,25,161847.53040433,1251366.24334169,1200,2000,3500
OR,muni,0500000US41009,,,6297,16888,2.68191202159759,0.701310043668122,544.175115207373,729.625430418485,0,30,1065,0.209714404836356,0.997300301730983,0,0.000158805780530411,0.00254089248848658,1,0.527148214576879,22.90621669627,106.256932114191,10,15,20,184346.647695639,1338471.89188692,750,1500,2500
OR,muni,0500000US41011,,,9625,24180,2.51220779220779,0.781805667087301,497.405831955509,695.137204695182,0,45,930,0.294943820224719,0.996675324675325,0.000415584415584416,0.00197402597402597,0.000935064935064935,1,0.556919170545916,21.697696969697,81.7842167276302,10,15,22,140296.87518997,1169341.585791,500,1200,2000
OR,muni,0500000US41013,,,2340,6800,2.90598290598291,0.858282496480526,605.333139534884,790.968529541021,0,250,1000.5,0.243288590604027,1,0,0,0,1,0.471915081822203,27.6015293118097,91.4268606482764,15,20,25,132727.291471415,1138284.61748479,390,1000,2500
OR,muni,0500000US41015,,,243,548,2.25514403292181,0.929515418502203,410.345177664975,590.397222422738,0,0,800,0.26530612244898,1,0,0,0,1,0.473251028806584,15.7578125,9.28104163118788,10,15,20,995.130434782609,1114.1516835986,80,500,1750
OR,muni,0500000US41017,,,8267,21224,2.56731583403895,0.734125412541254,598.925251868703,821.387246797357,0,60,1200,0.19022687609075,0.997701705576388,0.000241925728801258,0.000967702915205032,0.00108866577960566,1,0.622636846657605,26.9179894179894,150.414267132438,12,18,25,99453.8968049216,981184.984926653,1000,1800,3000
OR,muni,0500000US41019,,,3223,7876,2.44368600682594,0.682344921608725,339.565350709084,633.501435417685,0,0,480,0.292563231408078,0.994104871237977,0.000620539869686627,0.00527458889233633,0,1,0.482801751094434,23.4789343246592,170.07739528436,8,12,18,189402.14507772,1357778.99851195,500,1200,2160
OR,muni,0500000US41027,,,3173,7732,2.43681058934762,0.650373387644263,427.414189456996,670.151209803872,0,20,700,0.190703218116806,0.994327135203278,0.000630318310746927,0,0.00504254648597542,1,0.530547641658753,27.5462012320329,115.163630256462,12,16,25,121623.007159905,1085929.13779118,1000,2000,3000
OR,muni,0500000US41029,,,16682,41104,2.46397314470687,0.724431632051366,442.780990737012,755.35992877599,0,0,675,0.272835112692764,0.997302481716821,0.000119889701474643,0.00113895216400911,0.00143867641769572,1,0.531198736253721,26.3962636495198,127.612020167777,10,15,25,146530.592817111,1191576.57953784,1000,2000,3200
OR,muni,0500000US41033,,,2494,5995,2.4037690457097,0.707879843273835,391.30717108978,682.363523284326,0,0,576,0.342118601115053,1,0,0,0,1,0.545454545454545,18.5735707591378,25.0335042790108,12,16,20,351524.709821429,1837381.3983034,750,1500,2500
OR,muni,0500000US41035,,,13762,35243,2.56089231216393,0.8,719.939171744294,909.412093629321,0,360,1201,0.225191552980751,0.991788984159279,0.00232524342392094,0.00356052899287894,0.00232524342392094,1,0.419679016049198,44.8269561763538,376.061666437762,15,25,32,185954.741065046,1337356.65095645,1800,3000,4500
OR,muni,0500000US41039,,,20644,51599,2.49946715752761,0.732995421844343,520.970718306084,822.40776867391,0,34.5,855,0.25429178040643,0.999176516179035,0.0003390815733385,0.000242201123813215,0.000242201123813215,1,0.528408255306633,39.8120420516088,198.368717223937,15,20,30,151462.508952593,1208957.17967208,1500,2500,4000
OR,muni,0500000US41041,,,3322,8390,2.52558699578567,0.720983606557377,449.816913319239,656.638411355228,0,15,872,0.265792610250298,0.997290788681517,0.000301023479831427,0.00240818783865142,0,1,0.487849331713244,15.88995215311,15.059501995643,10,15,18,169785.255292653,1285847.12390169,600,1200,2500
OR,muni,0500000US41043,,,8401,20401,2.428401380788,0.738030362008564,397.471934436369,686.064798973817,0,0,600,0.257488653555219,0.998452565170813,0.000238066896798,0.000833234138793001,0.000476133793596001,1,0.506513684713756,18.4977420973407,50.9581482019841,10,15,20,125110.407031619,1100743.27120104,1200,2000,3500
OR,muni,0500000US41045,,,5968,15920,2.66756032171582,0.799811320754717,393.185371428571,640.694709090781,0,0,600,0.247888609906414,0.997486595174263,0.00100536193029491,0.000502680965147453,0.00100536193029491,1,0.536339165545088,20.6822669104205,74.6772839692146,10,15,24,39397.2644291092,612358.838413545,300,1000,2525
OR,muni,0500000US41047,,,27596,70794,2.56537179301348,0.658307944691821,444.32703311134,738.279434787992,0,0,700,0.270120929389918,0.997608349036092,0.000833454123786056,0.000797216987969271,0.000760979852152486,1,0.562939624853458,25.4136876963573,126.805840446435,12,17,25,101195.982949369,986167.421016689,1500,2500,4000
OR,muni,0500000US41053,,,6436,16282,2.52983219390926,0.696974789915966,382.122219955111,683.35922333752,0,0,520,0.238259808904249,0.999533871970168,0.000466128029832194,0,0,1,0.634001252348153,32.0030514385353,171.223506873303,10,12,15,209166.589135803,1425071.72666324,900,1500,2500
OR,muni,0500000US41049,,,1462,3801,2.59986320109439,0.648484848484848,388.761545711593,674.571478702119,0,0,600,0.209039548022599,0.997948016415869,0,0,0.00205198358413133,1,0.510989010989011,12.9513274336283,6.79444922954069,8,12,16.75,229777.225806452,1495043.44776888,500,1000,2000
OR,muni,0500000US41051,,,225296,550765,2.44462839997159,0.600198020744577,595.335847579127,920.02766545933,0,0,1010,0.242794902516066,0.987230132803068,0.00484695689226617,0.000257439102336482,0.00766547120232938,1,0.582196095849744,48.2944206104482,277.379651488033,15,20,28,116780.423318853,1057141.623092,2000,3000,4500
OR,muni,0500000US41059,,,9930,25301,2.54793554884189,0.635633849927528,462.36935483871,742.457911990411,0,0,780,0.296436363636364,0.988721047331319,0.00584088620342397,0.00221550855991944,0.00322255790533736,1,0.445134328358209,23.5787366548043,92.3329181291211,12,19,25,142464.111051502,1172578.85997433,1200,2500,4000
OR,muni,0500000US41061,,,8989,22251,2.47535877183224,0.661290322580645,469.735902123471,790.334097491314,0,0,726.5,0.213806595863611,0.995216375570141,0.00444988319056625,0,0.000333741239292469,1,0.544206974128234,28.3907669021191,130.438877283797,10,15,23,186129.654609343,1343629.90939583,850,1600,3000
OR,muni,0500000US41065,,,6502,15867,2.44032605352199,0.68295131336791,539.6740373618,794.215657069295,0,120,900,0.283689283689284,0.994617040910489,0.000307597662257767,0.000307597662257767,0.00476776376499539,1,0.51439417905726,30.1027721433401,150.250606523431,15,20,25,374896.802890529,1892446.95528858,1500,2500,4000
OR,muni,0500000US41067,,,5951,14265,2.39707612166023,0.682473098668612,429.687265037594,668.482530245322,0,30,720,0.335658238884045,0.997479415224332,0.000504116955133591,0,0.00201646782053436,1,0.540142276422764,30.4415292353823,179.211899971302,12,15,20,181105.783317654,1324822.08383191,1400,2000,3000
OR,muni,0500000US41071,,,7339,17948,2.44556479084344,0.706805514813728,351.467024407132,612.931979214717,0,0,500,0.304684808818464,0.999318708270881,0,0.000136258345823682,0.000545033383294727,1,0.567791920309906,21.2652795838752,90.4121970544599,10,15,20,199532.759746589,1390808.84514638,1000,1800,3000
RI,muni,0600000US4400374300,,,22401,63371,2.82893620820499,0.478449960906959,555.821552277101,939.652874133171,0,0,984,0.150943396226415,0.994196687647873,0.00575867148788001,0,4.46408642471318e-05,1,0.58877167888432,40.3940066592675,282.152956677698,15,20,25,169347.606817492,1275341.48425849,2500,3500,5000
RI,muni,0600000US4400378440,,,7,18,2.57142857142857,0.142857142857143,0,0,0,0,0,0.5,1,0,0,0,1,0.285714285714286,14,0,14,14,14,1000,0,1000,1000,1000
RI,muni,0600000US4400549960,,,22901,64867,2.83249639753723,0.501692975344556,611.342059874338,885.421778498145,0,0,1050,0.24073229154785,0.939303960525741,0.0595170516571329,0.000349329723592856,0.000829658093533034,1,0.409058864998238,32.0957665121228,137.777925903925,20,25,32,196315.868698837,1370759.77829338,2500,4000,6000
RI,muni,0600000US4400545460,,,34,81,2.38235294117647,0.615384615384615,1067.27272727273,1073.99646101298,0,850,2150,0.347826086956522,0.970588235294118,0.0294117647058824,0,0,1,0.705882352941177,30,12.9099444873581,20,20,45,4254.16666666667,1790.73197729106,2375,5000,5000
RI,muni,0600000US4400714140,,,24960,73925,2.96173878205128,0.486165492038632,576.371444163995,582.676165300586,0,520,900,0.195130218631716,0.998998397435897,0.000961538461538462,0,4.00641025641026e-05,1,0.198806595976293,29.5101043522525,251.365686542977,15,20,23,348848.005272764,1823891.8842226,2000,3500,6000
RI,muni,0600000US4400754640,,,63367,181193,2.85942209667493,0.473875064754113,653.286348853811,776.219861761314,0,520,1000,0.149359886201991,0.997364558839775,0.00213044644688876,7.89054239588429e-05,0.000426089289377752,1,0.336912987282388,56.9340675549437,392.714819178596,17,21,26,241712.529506489,1519809.2331419,3000,4500,6000
RI,muni,0600000US4400741500,,,24,124,5.16666666666667,0,754.769230769231,566.544225082525,530,560,1150,0.153846153846154,1,0,0,0,1,0.5,25.6666666666667,0.984731927834662,25,25,27,3500,0,3500,3500,3500
RI,muni,0600000US4400720080,,,5,15,3,0,1226,178.19090885901,1163,1226,1289,0.25,1,0,0,0,1,1,,,,,,4000,0,4000,4000,4000
RI,muni,0600000US4400719180,,,42146,110582,2.62378398899065,0.451598602201012,834.030131826742,1026.93547585349,0,580,1250,0.221860722691403,0.992502254069188,0.00697575096094529,0.000237270440848479,0.000284724529018175,1,0.546398095390953,67.2206664628554,432.76979605905,17,25,35,203215.265788701,1391659.82712001,3500,5000,6502
RI,muni,0600000US4400759000,,,208033,611539,2.93962496334716,0.488473191262489,488.044556165567,774.252712196127,0,0,800,0.189123520326246,0.978811054015469,0.0203381194329746,0.000115366312075488,0.000735460239481236,1,0.311192244122653,73.555161417726,400.900951179456,16,20,28,206843.395123189,1406691.58459941,2200,3500,6000
RI,muni,0600000US4400722960,,,103,245,2.37864077669903,0.531914893617021,681.386666666667,910.124923016338,0,0,1244,0.186666666666667,1,0,0,0,1,0.254901960784314,1440.70833333333,1512.53947859082,32,58,3000,2396.15384615385,1130.12592899403,1700,2200,3000
RI,muni,0600000US4400751760,,,1166,3346,2.8696397941681,0.453636363636364,446.043333333333,665.359203053415,0,71,768,0.14712389380531,0.97598627787307,0.0240137221269297,0,0,1,0.333333333333333,35.1752021563342,142.278343951272,14,17,25,263596.139896373,1589899.97537268,2000,3000,4500
RI,muni,0600000US4400780780,,,48862,146209,2.99228439277967,0.524188058587145,450.175029421205,626.796794240067,0,200,750,0.160703733548214,0.998383201670009,0.00120748229708158,0.000122794809872703,0.000286521223036306,1,0.255212017810328,33.6354922279793,247.715041636945,15,19,24,362945.740909832,1858961.3051111,2500,3800,5500
RI,muni,0600000US4400752480,,,68,165,2.42647058823529,1,543.696428571429,817.050480684647,0,0,1010,0.0350877192982456,1,0,0,0,1,0.191176470588235,33.3090909090909,5.53397830000406,30,32,39,2230.76923076923,1557.44695756903,400,3000,3000
RI,muni,0600000US4400737720,,,1861,5552,2.98334228909189,0.370740305522914,438.993045897079,672.714978162698,0,0,750,0.159450171821306,0.973132724341752,0.0268672756582483,0,0,1,0.354155350353069,25.7552921253175,97.6098958211918,13,16,20,141374.305214724,1167258.10240502,1500,2500,4000
SC,muni,0500000US45001,,,6653,19418,2.91868330076657,0.620423575767526,364.022298803973,622.698098313928,0,0,600,0.225897539330375,0.713813317300466,0.286186682699534,0,0,1,0.454284418920961,14.9702281580412,104.667897279734,3,5,10,35239.6570192948,575798.856077276,600,1400,2675
SC,muni,0500000US45007,,,18484,54767,2.96294092187838,0.603039838508579,313.190770557792,542.925335207353,0,0,520,0.173357271095153,0.712291711750703,0.28760008656135,0,0.000108201687946332,1,0.287369577155409,23.2079962663348,298.067012560105,5,8,12,106880.66653927,1010306.12229844,1150,2500,5000
SC,muni,0500000US45003,,,4879,13171,2.69952859192457,0.764881636405424,401.717940907706,663.420234328635,0,80,534,0.176171654432524,0.655872104939537,0.344127895060463,0,0,1,0.332642057237661,13.079415501906,16.1946193613246,5,9,19.25,515333.304862843,2202209.29844688,1500,3500,5000
SC,muni,0500000US45013,,,3223,9089,2.82004343779088,0.614363512593601,318.025684931507,610.375982159325,0,13.5,380.75,0.220202874049028,0.599751784052125,0.400248215947875,0,0,1,0.436369307548347,19.81570155902,233.559166210645,5,8,15,30592.8892065761,534040.349022369,300,750,3000
SC,muni,0500000US45053,,,2057,5712,2.77685950413223,0.723933009184225,290.281208053691,477.423351471668,0,0,480,0.191048764195057,0.590666018473505,0.409333981526495,0,0,1,0.388616290480864,10.1409618573798,25.3439744855758,3,5,15,1617.28661616162,1786.47320174524,500,1000,2500
SC,muni,0500000US45015,,,674,2965,4.39910979228487,0.821895424836601,530.662162162162,757.718720462431,0,120.5,900,0.151340996168582,0.789317507418398,0.210682492581602,0,0,1,0.38209982788296,19.3126843657817,10.7283365669965,12,20,25,95062.2207207207,946552.354448855,1700,4000,6500
SC,muni,0500000US45017,,,2559,7615,2.97577178585385,0.461471484545059,207.965496368039,453.789626874935,0,0,208,0.25986642380085,0.443141852286049,0.553341148886284,0.00351699882766706,0,1,0.416241663397411,6.72641509433962,16.4314084330569,2,4,6,59089.328934967,750036.546243328,500,2000,4000
SC,muni,0500000US45019,,,52774,152472,2.88914996020768,0.750653236682401,387.795050431528,782.85858502702,0,0,525,0.184780957204356,0.549702505021412,0.450032212832076,1.89487247508243e-05,0.000246333421760716,1,0.221615804443078,30.1716292907323,217.137616631368,7,12,23,212241.853104405,1423966.16712275,2000,4000,6350
SC,muni,0500000US45035,,,2951,9040,3.06336834971196,0.681818181818182,315.108716026242,577.928933534687,0,0,416,0.209086694483078,0.596069129108777,0.403930870891223,0,0,1,0.388054607508532,13.3480475382003,33.6970460440882,4,7,16,239489.218117854,1522945.10200102,600,2000,3000
SC,muni,0500000US45021,,,5881,17318,2.9447372895766,0.555163447251115,329.104918032787,576.608360546015,0,0,523.5,0.168797953964194,0.763135521169869,0.236864478830131,0,0,1,0.355240696483441,25.7520816545796,213.795591918909,5,8,11,103685.858721768,999436.48208049,1000,2050,3500
SC,muni,0500000US45023,,,6315,18061,2.86001583531275,0.59051424600417,351.182672233821,614.825907103367,0,0,520,0.172715894868586,0.619794140934283,0.380205859065717,0,0,1,0.386888422412401,22.2001601281025,141.078671807811,4,8,15,86372.2541736227,909741.412430324,600,2000,4000
SC,muni,0500000US45031,,,6254,17670,2.82539174928046,0.728746335575099,406.408040442947,677.183483697507,0,104,578.25,0.169524217745392,0.658298688839143,0.341701311160857,0,0,1,0.374214343271555,32.1353700289702,327.8814079939,5,8,15,183867.8583118,1332577.83481328,550,2000,5000
SC,muni,0500000US45037,,,3200,8780,2.74375,0.703055269481634,281.130766145207,563.184937141476,0,0,350,0.218775181305399,0.5825,0.4175,0,0,1,0.351488283723876,8.0115,14.64877677762,3,5,10,75220.2423423424,846007.295499271,600,3000,5000
SC,muni,0500000US45081,,,1356,3936,2.90265486725664,0.618388934092758,263.390120967742,536.613052521473,0,0,342.5,0.260343087790111,0.746312684365782,0.253687315634218,0,0,1,0.382005899705015,25.8791866028708,230.915176893112,3,7,10,2869.09266409266,1728.28605158877,1500,3000,4000
SC,muni,0500000US45039,,,3040,9477,3.11743421052632,0.602211915804495,332.439785905442,577.1081232971,0,55,450,0.235502434705622,0.531907894736842,0.468092105263158,0,0,1,0.311817279046673,11.0806763285024,8.82484976885123,6,8,15,3557.85244161359,3491.3030548366,600,3000,5000
SC,muni,0500000US45041,,,16007,48066,3.00281127006934,0.667909932311093,357.98452722063,641.377129738555,0,60,450,0.17820859353155,0.548072718185794,0.451927281814206,0,0,1,0.318259439630637,17.1123457952726,91.2757094199003,5,8,15,92725.4684022258,941210.835343215,1000,3000,4500
SC,muni,0500000US45043,,,3820,11245,2.94371727748691,0.68822505800464,434.287275907302,660.51723623325,0,104,699.5,0.222940226171244,0.545549738219895,0.454450261780105,0,0,1,0.383219358232509,54.4670116429496,259.231025205292,5,12,20,220852.358270419,1444431.02018417,570,1800,4000
SC,muni,0500000US45045,,,23950,69722,2.91114822546973,0.755968535811215,468.279249923148,746.548125552394,0,182,624,0.163645462633452,0.570229645093946,0.429770354906054,0,0,1,0.258321273516643,22.66432633167,183.368784823045,7,11,20,218104.252759928,1441662.57411704,2500,4500,7500
SC,muni,0500000US45083,,,27289,81369,2.98175088863645,0.684274280770063,494.341450408816,719.860898241821,0,240,704.75,0.126323918799647,0.777419473047748,0.222580526952252,0,0,1,0.266599858961511,25.4302534834696,264.832463323767,5,9,15,222440.926632326,1461700.42354815,1500,3000,5000
SC,muni,0500000US45059,,,13532,39943,2.95174401418859,0.689119170984456,405.513231666293,597.406507831365,0,156,650,0.169449796617427,0.734037836240024,0.265962163759976,0,0,1,0.318662496276437,14.1690949227373,89.859172145626,5,8,13,150044.634260341,1204220.66644704,1000,2000,4000
SC,muni,0500000US45047,,,10370,30700,2.96046287367406,0.665299253181866,410.58958385248,602.276236194002,0,156,676,0.188068252584382,0.720057859209257,0.279942140790743,0,0,1,0.227703039362232,16.3426382757725,178.314898961024,6,9,15,57077.6,722621.489359387,2000,3500,6000
SC,muni,0500000US45051,,,3793,12853,3.38861059847087,0.724919093851133,366.177225340818,603.952988286612,0,84,557,0.192823486770569,0.646453994199842,0.353546005800158,0,0,1,0.382755842062853,40.5882352941176,278.323693307876,5,8,18,73535.3614035088,834780.569979623,1000,3000,4000
SC,muni,0500000US45055,,,4017,11595,2.88648244958925,0.642050151556903,278.92290538388,563.569177443103,0,0,375,0.133652222847496,0.558874782175753,0.441125217824247,0,0,1,0.351351351351351,19.5434272300469,89.8271882524739,5,7,15,104318.560541311,993512.475114852,1000,3000,5000
SC,muni,0500000US45057,,,5102,15028,2.94551156409251,0.682060390763766,365.687785234899,592.02406907188,0,90,572,0.249151214416297,0.640337122696982,0.359662877303018,0,0,1,0.333994446648155,42.0273684210526,379.322738079052,6,10,16,69216.0944180523,805501.530304549,1200,3000,5000
SC,muni,0500000US45063,,,4677,13493,2.88496899722044,0.564689397477814,276.873654390935,510.64222772963,0,0,432,0.185237556561086,0.77806286080821,0.22193713919179,0,0,1,0.331688478867196,16.9382188629642,130.18579297307,4,6,10,170767.151358344,1285955.77612284,1200,2000,3500
SC,muni,0500000US45079,,,40901,121169,2.96249480452801,0.723066702099389,487.048698440644,845.945880937925,0,38.5,676,0.152258871345943,0.66868780714408,0.33131219285592,0,0,1,0.340262443209219,34.5799782372144,260.050824950531,8,13,26,89380.7344472624,913800.411656575,2500,4000,6500
SC,muni,0500000US45069,,,6735,20062,2.97876763177431,0.705703164664072,277.93586269196,504.004800915685,0,0,364,0.186888888888889,0.704825538233111,0.293986636971047,0.00118782479584261,0,1,0.287320143884892,33.0625133804325,398.959254665851,4,7,12,70981.5268648931,820655.610690259,900,2500,5000
SC,muni,0500000US45071,,,10581,31180,2.94679141858047,0.504858383295431,340.94367816092,519.092467610553,0,41.5,600,0.165325156509518,0.711558453832341,0.288441546167659,0,0,1,0.249238095238095,18.7712276214834,183.516891971437,3,6,10,18117.0382116928,390630.43965011,750,2000,4000
SC,muni,0500000US45073,,,4948,14363,2.90278900565885,0.760931663370688,270.779288702929,494.16456546991,0,0,438.5,0.194879832810867,0.831851253031528,0.168148746968472,0,0,1,0.288111605337647,6.9233409610984,5.56664538843323,4,5,8,16307.2814035088,374423.06265554,900,2000,3000
SC,muni,0500000US45075,,,7415,20864,2.81375590020229,0.59582345971564,253.243279060962,520.974587124135,0,0,290,0.229218185276774,0.598516520566419,0.401483479433581,0,0,1,0.383096686950642,14.0362222222222,94.7426188970392,3,5,10,207143.614189905,1416019.58123046,600,2000,3500
SC,muni,0500000US45077,,,7171,21887,3.05215451122577,0.606311274509804,305.00851822504,478.817163116788,0,0,560,0.154073781811008,0.815646353367731,0.184353646632269,0,0,1,0.268090487564985,21.2904220466371,179.494659942718,3,4,8,112732.333857442,1043314.01863856,1000,2000,3500
SC,muni,0500000US45085,,,11102,36324,3.27184291118717,0.704703918295198,391.778874269006,656.482007005314,0,0,576.25,0.205486102682364,0.642136551972618,0.357863448027382,0,0,1,0.295056117243298,33.0672936812823,295.477037839955,6,10,20,293649.087708268,1675367.28153436,2500,4000,6000
SC,muni,0500000US45087,,,7486,22821,3.04849051562917,0.676968359087564,342.529190579854,492.839076467991,0,130,572,0.122128851540616,0.706652417846647,0.293347582153353,0,0,1,0.279705291359679,17.2060037523452,207.696755311652,4,5,10,108027.771072797,1021022.16792924,700,1700,3500
SC,muni,0500000US45091,,,16874,50229,2.97670973094702,0.65646392838336,434.996424711067,636.049360266179,0,156,676,0.15852442671984,0.789972739125282,0.209612421476828,0.000414839397890245,0,1,0.346673877771769,22.5441203963358,168.991219086031,6,9,15,70857.4898595944,819233.908797161,1050,2500,4200
SD,muni,1600000US4631060,,,8974,24276,2.70514820592824,0.662824207492795,464.72897597254,760.145548535099,0,0,720,0.182762053761912,0.997102741252507,0.00256295966124359,0.000334299086249164,0,1,0.405505617977528,28.5977803291236,174.949850112546,10,18,25,177370.254087005,1309451.10398423,1500,2500,4000
SD,muni,0600000US4600515060,,,4,10,2.5,1,650,919.238815542512,325,650,975,0,1,0,0,0,1,1,,,,,,375,0,375,375,375
SD,muni,1600000US4607420,,,4,10,2.5,1,600,848.528137423857,300,600,900,0,1,0,0,0,1,1,,,,,,1500,0,1500,1500,1500
SD,muni,0600000US4601102820,,,36,111,3.08333333333333,0.794117647058824,147.52,298.8464098273,0,0,20,0.24,1,0,0,0,1,0.388888888888889,10.3157894736842,3.19813542168536,10,10,12,428.571428571429,154.065777303929,300,300,600
SD,muni,1600000US4607580,,,4577,12207,2.66703080620494,0.670508644450013,407.522818254604,722.084139662047,0,0,600,0.252723890512889,0.999563032554075,0.000436967445925279,0,0,1,0.45959595959596,22.6921470342523,10.6083668727841,14,25,30,175463.437649307,1300021.9372905,2000,3500,5000
SD,muni,1600000US4658900,,,60,160,2.66666666666667,0.421052631578947,150.208333333333,328.480444596432,0,0,150,0.4375,1,0,0,0,1,0.216666666666667,8.51063829787234,2.59491426033721,7.5,10,10,2076.92307692308,909.353109041299,1000,2500,3000
SD,muni,0600000US4601167740,,,110,327,2.97272727272727,0.938144329896907,180.418918918919,229.187965375121,0,50,357.75,0.189189189189189,1,0,0,0,1,0.247706422018349,8.69512195121951,8.38088510660595,5,5,10,376.185185185185,825.104190951619,5,8,400
SD,muni,1600000US4600100,,,13744,38875,2.82850698486612,0.682343563172579,480.578345802161,766.336169641962,0,0,823.5,0.231055131117076,0.999636204889406,0.000145518044237485,0,0.000218277066356228,1,0.44149480766418,48.2527109230362,322.075620734359,14,20,28,37937.67401027,588631.53532394,1800,2600,4000
SD,muni,0600000US4601300140,,,1,1,1,0,0,,0,0,0,,1,0,0,0,1,,,,,,,,,,,
SD,muni,0600000US4601322900,,,426,1232,2.89201877934272,0.604477611940299,224.520123839009,523.129862323537,0,0,220,0.353846153846154,1,0,0,0,1,0.404819277108434,9.67073170731707,3.83236979399553,7,8,13,298852.261904762,1704161.34470934,575,1000,1800
SD,muni,1600000US4626340,,,11,13,1.18181818181818,1,401.363636363636,688.084627459046,0,0,467.5,0.727272727272727,1,0,0,0,1,,,,,,,,,,,
SD,muni,0600000US4601328020,,,557,1478,2.65350089766607,0.615678776290631,262.256097560976,512.055167102025,0,0,363.75,0.29683698296837,1,0,0,0,1,0.409420289855072,26.7165109034268,196.484678175649,7,10,15,842353.39380531,2780599.70420879,600,1200,2500
SD,muni,0600000US4613564460,,,360,903,2.50833333333333,0.535714285714286,156.135313531353,370.610528383673,0,0,46,0.342019543973941,1,0,0,0,1,0.370473537604457,8.22171945701357,3.6817336248803,6,8,10,77465.9248120301,866912.44163194,1200,2000,3000
SD,muni,1600000US4666700,,,3008,7877,2.6186835106383,0.690553745928339,355.673869547819,651.309689111391,0,0,461.5,0.333201267828843,0.999667553191489,0,0,0.000332446808510638,1,0.400944988187648,27.0948821161587,143.160168745025,12,20,28,36963.4191919192,579337.565619985,2000,3000,4500
SD,muni,0600000US4602766740,,,7,12,1.71428571428571,1,1285.71428571429,1296.699105972,0,1400,2350,0.428571428571429,1,0,0,0,1,0.285714285714286,32,2.73861278752583,30,30,35,4500,0,4500,4500,4500
SD,muni,0600000US4602761340,,,441,1102,2.49886621315193,0.619617224880383,197.838150289017,448.612298113413,0,0,191.25,0.345821325648415,1,0,0,0,1,0.36734693877551,10.1474820143885,4.06666169224463,8,10,12,62955.1111111111,785577.470271369,600,1400,1800
SD,muni,0600000US4602924180,,,267,676,2.53183520599251,0.577586206896552,185.828571428571,365.98230954941,0,0,200,0.302083333333333,1,0,0,0,1,0.434456928838951,7.0625,3.35586064956528,4,6.5,10,345739.672413793,1832398.79439361,500,1000,1200
SD,muni,1600000US4669300,,,9670,27658,2.86018614270941,0.695327746527379,380.557619816909,682.347597059175,0,0,576,0.211356045424182,0.999689762150982,0.00031023784901758,0,0,1,0.406184486373166,55.6693811074919,256.956770123084,12,18,25,273273.681032258,1623480.08238626,1000,2000,3500
SD,muni,0600000US4602934860,,,4,10,2.5,1,268,536,0,0,268,0.25,1,0,0,0,1,1,,,,,,4000,0,4000,4000,4000
SD,muni,0600000US4602919020,,,2,3,1.5,0,750,1060.66017177982,375,750,1125,0,1,0,0,0,1,0,19,0,19,19,19,,,,,
SD,muni,0500000US46033,,,391,1049,2.68286445012788,0.681948424068768,210.805054151625,391.088176577126,0,0,300,0.3,1,0,0,0,1,0.396419437340153,18.4888888888889,97.1951328473106,5,7,8,65385.0193548387,803149.417515597,300,750,1200
SD,muni,0600000US4603555740,,,324,959,2.95987654320988,0.646258503401361,220.758474576271,431.468749555248,0,0,288,0.275423728813559,1,0,0,0,1,0.333333333333333,10.0098039215686,3.45126548658616,8,10,12,1302.22222222222,774.226576188947,600,1500,1800
SD,muni,1600000US4643100,,,10093,28489,2.82264936094323,0.76961914169685,538.676682259806,739.734022936099,0,200,900,0.251554207733131,0.996829485782225,0.00158525710888735,0.00158525710888735,0,1,0.339790897908979,32.7161125319693,220.258246008156,12,20,27,406971.714027149,1969209.7498605,1500,2500,4000
SD,muni,0600000US4603544140,,,400,975,2.4375,0.5,218.409937888199,486.691129057663,0,0,274.25,0.319875776397516,1,0,0,0,1,0.4025,9.58189655172414,7.77621079936614,6,8,10,1151.92546583851,712.402199891282,500,1000,1600
SD,muni,0600000US4601146340,,,44,119,2.70454545454545,0.315789473684211,178.6,370.520952809134,0,0,101,0.342857142857143,1,0,0,0,1,0.441860465116279,8.04166666666667,2.33087344454665,5,9,10,1220.26315789474,363.033032183217,1000,1000,1247.5
SD,muni,0600000US4601102100,,,315,898,2.85079365079365,0.91,368.011976047904,532.153241223679,0,175,518,0.179775280898876,1,0,0,0,1,0.517460317460318,7.68,3.0550211721715,5,8,10,307592.012269939,1729515.22747976,400,1000,1200
SD,muni,0600000US4604506580,,,4,4,1,1,988,265.872149726142,894,988,1082,0,1,0,0,0,1,,,,,,,,,,,
SD,muni,0600000US4604557540,,,5,15,3,1,124,277.272429209974,0,0,0,0.2,1,0,0,0,1,0,10,0,10,10,10,,,,,
SD,muni,0600000US4604522500,,,945,2736,2.8952380952381,0.538372093023256,255.519781718963,495.9166334443,0,0,350,0.192360163710778,1,0,0,0,1,0.438095238095238,12.5423076923077,6.0155657483863,8,12,16,267769.246376812,1609835.49311331,1000,1500,3500
SD,muni,0600000US4604507980,,,551,1583,2.87295825771325,0.4875,197.159151193634,425.026489947067,0,0,258,0.300531914893617,1,0,0,0,1,0.671506352087114,60.646408839779,245.709080126226,6,7,10,568300.767567568,2316725.03689359,200,500,1200
SD,muni,0600000US4606169540,,,673,1781,2.64635958395245,0.552727272727273,341.732484076433,471.641195215686,0,100,600,0.405063291139241,1,0,0,0,1,0.549777117384844,35.4912280701754,171.128145996969,8,10,12,379848.82972973,1910331.43360208,500,1000,2000
SD,muni,1600000US4649600,,,4198,12041,2.86827060505002,0.746775288526816,550.156831302117,859.294071707303,0,0,960,0.157271877919651,0.984278227727489,0.00238208670795617,0.0133396855645546,0,1,0.403032526290047,42.3375545851528,270.456496503206,15,25,35,379453.349514563,1902725.74273774,1500,3000,5000
SD,muni,0500000US46119,,,352,942,2.67613636363636,1,284.136752136752,477.804670453317,0,0,353.5,0.248945147679325,1,0,0,0,1,0.388235294117647,11.675,5.24566104499662,8,11,15,456185.515151515,2090565.07489603,1000,1200,2500
SD,muni,0500000US46081,,,1148,5083,4.42770034843206,0.830739299610895,501.459951456311,795.140606469307,0,32,840.75,0.220673635307782,0.999128919860627,0.000871080139372822,0,0,1,0.473053892215569,36.0940695296524,117.005286352496,12,20,30,1287969.19409283,3351720.77371549,200,1000,2500
SD,muni,1600000US4615700,,,2822,7259,2.57228915662651,0.759339362957137,489.105335786569,785.315304458944,0,0,800,0.257457549334557,0.998936924167257,0.00106307583274274,0,0,1,0.380286738351255,29.7106205250597,82.6832425439694,15,23,30,162525.381715363,1255923.35027906,1000,2000,3000
SD,muni,1600000US4636220,,,7335,19517,2.66080436264485,0.60147261849977,735.021355617456,1016.07187605385,0,0,1600,0.157672540381791,0.99931833674165,0.000136332651670075,0.0005453306066803,0,1,0.527008310249308,36.3554017454108,182.290646970902,16,20,25,251854.296452037,1560106.2881684,1200,2000,3000
SD,muni,1600000US4660020,,,564,1605,2.84574468085106,0.760377358490566,254.478540772532,649.595980782046,0,0,268.75,0.3068669527897,1,0,0,0,1,0.402482269503546,45.021021021021,155.287634912718,12,15,21,178483.577092511,1318304.02909305,1000,1700,3000
SD,muni,1600000US4604980,,,957,2624,2.74190177638454,0.675771971496437,231.609550561798,505.752247033887,0,0,240,0.43361581920904,1,0,0,0,1,0.336468129571578,13.8162939297125,6.05070228015452,10,12,16,33813.4596273292,557127.63413573,1250,2500,4000
SD,muni,1600000US4609500,,,2406,6607,2.74605153782211,0.680327868852459,668.03178807947,626.319192651533,265,504,900,0.741097922848665,0.999584372402328,0.000415627597672485,0,0,1,0.50561797752809,55.7639138240575,266.791590644414,10,12,15,709601.53744856,2565165.29851441,1000,1800,3000
SD,muni,1600000US4627260,,,235,633,2.6936170212766,0.698564593301435,325.927152317881,499.954185892238,0,0,594,0.304635761589404,1,0,0,0,1,0.480851063829787,9.09401709401709,2.94484618760824,8,10,10,266686.265486726,1614563.73603241,700,1000,2000
SD,muni,0600000US4608318140,,,459,1246,2.71459694989107,0.477647058823529,195.318713450292,403.378264441157,0,0,207.5,0.302325581395349,1,0,0,0,1,0.494553376906318,10.070796460177,4.34964481647623,5,10,15,45597.6563876652,663621.625141255,700,1000,2000
SD,muni,1600000US4636380,,,3,6,2,1,120,169.705627484771,60,120,180,0,1,0,0,0,1,0,8,0,8,8,8,,,,,
SD,muni,0600000US4608765340,,,8,19,2.375,0.4,264,304.840942132122,0,264,528,0,1,0,0,0,1,0,7.625,1.06066017177982,8,8,8,,,,,
SD,muni,0600000US4608709340,,,529,1321,2.49716446124764,0.619144602851324,270.646288209607,417.937628338652,0,0,480,0.791563275434243,0.996219281663516,0,0.00378071833648393,0,1,0.52930056710775,9.77155172413793,5.034466591287,6,10,12,287248.692857143,1668705.61308673,900,1500,3000
SD,muni,0600000US4608743540,,,7,10,1.42857142857143,0.428571428571429,388.333333333333,460.88682631061,0,300,622.5,0.166666666666667,1,0,0,0,1,0.25,14,0,14,14,14,600,,600,600,600
SD,muni,0600000US4608704820,,,8,11,1.375,0.75,454,278.531865322444,400,550,600,0,1,0,0,0,1,1,,,,,,9999998,,9999998,9999998,9999998
SD,muni,0500000US46093,,,1456,4929,3.3853021978022,0.891969407265774,328.681425485961,616.135119456428,0,0,504,0.32615083251714,1,0,0,0,1,0.460084033613445,75.3209509658247,578.980650165237,9,12,16,229474.497716895,1494606.62647502,300,600,1500
SD,muni,1600000US4662100,,,1880,5048,2.68510638297872,0.822446555819477,253.159013022618,505.862452710615,0,0,305.5,0.418387741505663,1,0,0,0,1,0.476570820021299,65.4873949579832,323.105507746965,12,15,20,516187.036871509,2208772.11565675,1000,2000,3500
SD,muni,1600000US4615980,,,1704,5583,3.27640845070423,0.999368288060644,188.973925299507,401.009616213443,0,0,200,0.170302603800141,1,0,0,0,1,0.444576877234803,23.023178807947,124.920927534911,10,12,15,605076.209115282,2381945.13848213,1000,2000,3000
SD,muni,0600000US4609948220,,,43,146,3.3953488372093,0.219512195121951,382.216216216216,849.656601716741,0,0,450,0.333333333333333,1,0,0,0,1,0.627906976744186,15.0625,4.4191816738698,12,15,20,1901.85185185185,1041.67777771852,900,1900,3000
SD,muni,1600000US4659020,,,29134,81731,2.80534770371387,0.67837582625118,524.586539348649,868.214607435769,0,0,919.75,0.205733558178752,0.996670556737832,0.00212809775520011,0.000652158989496808,0.000549186517470996,1,0.454504473264443,34.9837802485285,173.129469088158,18,25,32,276692.560769055,1629427.21511747,2000,3000,5000
SD,muni,0600000US4601118740,,,80,163,2.0375,0.540540540540541,137.241935483871,334.734427911112,0,0,18,0.819672131147541,1,0,0,0,1,0.575,7.6,2.25296739190018,6,7,8,1273.91304347826,1554.06631956422,500,700,1500
SD,muni,0600000US4610335280,,,13,31,2.38461538461538,0.846153846153846,174.230769230769,461.662963976636,0,0,0,0.769230769230769,1,0,0,0,1,0.230769230769231,15.6,5.71936282387392,10,20,20,1416.66666666667,1010.36297108185,1125,2000,2000
SD,muni,1600000US4652980,,,10266,28100,2.73719072667056,0.788474132285527,606.349692257856,842.488103441835,0,250,980,0.156059767570559,0.994350282485876,0.000584453535943892,0.0050652639781804,0,1,0.445585621173217,42.4245943952802,293.706280415119,15,25,32,215540.271054965,1442801.98895687,700,2500,4000
SD,muni,0500000US46103,,,3,6,2,1,125,,125,125,125,0.333333333333333,1,0,0,0,1,0,25,0,25,25,25,,,,,
SD,muni,0600000US4610335300,,,147,460,3.12925170068027,0.959016393442623,276.949494949495,422.78168664935,0,39,500,0.24,1,0,0,0,1,0.306122448979592,11.4166666666667,3.52344414380846,8,12,15,1333887.73333333,3437537.58251737,200,500,1200
SD,muni,0600000US4609359610,,,3,4,1.33333333333333,0.333333333333333,0,,0,0,0,,1,0,0,0,1,0.666666666666667,4,,4,4,4,700,0,700,700,700
SD,muni,0600000US4604530700,,,170,447,2.62941176470588,0.331168831168831,134.755395683453,354.66489269729,0,0,0,0.287769784172662,1,0,0,0,1,0.623529411764706,7.5,2.38380781157787,5,8,9,1567.16981132075,790.655851588662,1000,1800,2000
SD,muni,0500000US46117,,,728,1883,2.58653846153846,0.709480122324159,214.004160887656,425.995834922775,0,0,200,0.167127071823204,0.967032967032967,0,0.032967032967033,0,1,0.461538461538462,14.0128865979381,7.40188808356199,10,12,20,120462.758928571,1086038.30872517,487.5,1000,2000
SD,muni,0600000US4612531020,,,1,1,1,1,450,,450,450,450,0,1,0,0,0,1,,,,,,,,,,,
SD,muni,0600000US4612556180,,,4,7,1.75,0.666666666666667,918.666666666667,1505.40537176315,50,100,1378,0,1,0,0,0,1,0.25,15,0,15,15,15,6000,,6000,6000,6000
SD,muni,0600000US4612562580,,,52,101,1.94230769230769,0.617021276595745,220.769230769231,458.754289326769,0,0,247,0.325,1,0,0,0,1,0.403846153846154,8.64516129032258,3.63820823205393,5,8,11,1336.19047619048,930.840889682421,300,1500,1600
SD,muni,0600000US4613523940,,,117,351,3,0.461538461538462,177.847826086957,369.608433576733,0,0,170,0.219298245614035,1,0,0,0,1,0.495726495726496,91.3220338983051,203.832202853057,6.5,7,10,1078.27586206897,798.615332235002,400,700,1500
SD,muni,0500000US46135,,,74,231,3.12162162162162,0.681818181818182,141.589285714286,316.790999458101,0,0,50,0.385964912280702,1,0,0,0,1,0.283783783783784,6.88679245283019,2.52419352968954,6,6,7,1544.28571428571,1030.47839098436,400,1750,2300
SD,muni,0600000US4613543020,,,195,556,2.85128205128205,0.333333333333333,236.169117647059,398.689195854449,0,0,300,0.355555555555556,1,0,0,0,1,0.553846153846154,8.81609195402299,2.81824923234837,7,8,9,1443.14814814815,1160.92023452566,500,1200,1800
SD,muni,1600000US4673060,,,6422,19296,3.00467144191841,0.668096054888508,352.312433581297,650.294492864225,0,0,500,0.264457707347191,0.99112426035503,0.00607287449392713,0.00280286515104329,0,1,0.392547381946675,31.9906616862327,215.677516706028,10,16,25,170855.704991817,1284167.10949681,1000,2800,4500
TN,muni,0500000US47001,,,2575,7705,2.99223300970874,0.641411967283685,311.668457818377,550.275463001918,0,0,520,0.14954276492738,0.980970873786408,0.0190291262135922,0,0,1,0.528588098016336,10.1002485501243,7.13102149764416,6,8,12,1496.1331861663,1799.89521763692,400,1000,2000
TN,muni,0500000US47145,,,10814,33774,3.12317366376919,0.644054026607089,322.489960853643,592.820893388786,0,0,520,0.143719351188231,0.946735712964675,0.0532642870353246,0,0,1,0.432269437743552,42.9375726382202,288.459981910175,5,8,15,183922.212062674,1338277.72361695,400,1000,2000
TN,muni,0500000US47003,,,3956,10586,2.67593528816987,0.738636363636364,359.621438746439,577.392157113009,0,0,600,0.216987865810136,0.841759352881699,0.155712841253792,0.00252780586450961,0,1,0.357656731757451,45.8530140379851,256.00979179645,6,10,15,211139.499281609,1428366.95311393,1200,2500,4000
TN,muni,0500000US47149,,,6234,16746,2.68623676612127,0.766765371886431,307.199914929817,589.051208400288,0,0,432,0.23528192371476,0.82130253448829,0.17869746551171,0,0,1,0.362356368344392,56.7881595881596,430.333790361045,5,10,20,92265.3206788745,940825.781989429,1200,2500,4000
TN,muni,0500000US47009,,,7117,21709,3.05030209357876,0.727042431918936,470.201065509077,721.613894415722,0,0,959.25,0.111504424778761,0.794857383729099,0.205142616270901,0,0,1,0.242463209029861,23.4658480429777,133.964595838596,8,10,17,279290.597525044,1641093.56319363,900,1700,3500
TN,muni,0500000US47011,,,2408,6591,2.73712624584718,0.663729128014842,411.05944931164,690.143913078367,0,0,750,0.196054254007398,0.941029900332226,0.0589700996677741,0,0,1,0.338371116708648,24.5459807073955,169.303717291706,8,12,20,164757.465260546,1260061.59288679,1250,2500,4425
TN,muni,0500000US47013,,,3909,12061,3.08544384753134,0.599303135888502,311.360222531293,638.093031464292,0,0,420,0.122307157748436,0.898439498592991,0.101304681504221,0,0.000255819902788437,1,0.55074703760948,17.5551724137931,79.4116074307614,5,10,15,5980.78484565014,216246.837683822,300,600,2000
TN,muni,0500000US47015,,,583,1620,2.77873070325901,0.411439114391144,220.7109375,512.323354041926,0,0,200,0.389312977099237,0.888507718696398,0.111492281303602,0,0,1,0.538593481989708,26.185873605948,85.0587748138586,5,8,10,193482.796178344,1370907.01659317,1000,2000,3500
TN,muni,0500000US47019,,,5658,17474,3.08837044892188,0.786763185108583,672.152808988764,802.288089749594,0,500,1040,0.0938833570412518,0.962000706963591,0.0379992930364086,0,0,1,0.532347175191588,134.09033530572,487.356296312394,10,15,25,651766.415801808,2464153.34161556,1000,2000,3700
TN,muni,0500000US47021,,,778,2364,3.03856041131105,0.656467315716273,256.09298245614,521.000298654877,0,0,350,0.0332749562171629,0.886889460154242,0.113110539845758,0,0,1,0.410553410553411,40.1977528089888,248.294228424288,5,6,10,33057.8934169279,559797.367491772,1000,1750,2500
TN,muni,0500000US47023,,,1321,3615,2.73656320968963,0.705254515599343,281.341487279843,472.416696967717,0,0,400,0.360454115421003,0.917486752460257,0.0825132475397426,0,0,1,0.437547312641938,9.62021857923497,5.75947690627921,5,8,12,192577.169550173,1367212.08249895,1200,2000,3000
TN,muni,0500000US47029,,,1298,3768,2.90292758089368,0.634760705289673,401.616487455197,692.12026008262,0,100,600,0.37424789410349,0.966101694915254,0.0331278890600925,0,0.000770416024653313,1,0.47421875,99.7445482866044,634.133324694558,6,10,17,546185.691927513,2268643.5116019,550,2500,4500
TN,muni,0500000US47031,,,4701,12927,2.74984045947671,0.643683589138135,306.693511667615,538.603001265688,0,0,500,0.23453975491593,0.886832588810891,0.113167411189109,0,0,1,0.459802235597593,20.1261044176707,133.926783909935,6,9,15,202982.823749416,1403570.90771452,500,1500,3000
TN,muni,0500000US47033,,,2853,7525,2.63757448300035,0.676104190260476,202.05031731641,459.345466213573,0,0,200,0.25123818099955,0.770767613038906,0.229232386961094,0,0,1,0.465419901199718,10.4057104913679,61.5422773459306,4,6,10,100072.779378317,988091.614537278,600,1200,2000
TN,muni,0500000US47035,,,333,874,2.62462462462463,0.658536585365854,494.377777777778,603.299189749643,0,245,720,0.0786516853932584,1,0,0,0,1,0.516516516516517,11.5345911949686,6.95080349987295,6,10,15,292593.837209302,1684598.00767741,500,1200,3000
TN,muni,0500000US47037,,,110359,320652,2.90553557027519,0.732976206768461,470.181669477448,769.276048331119,0,65,720,0.156045932969639,0.769398055437255,0.230538515209453,9.06133618463379e-06,5.43680171078027e-05,1,0.371157390342794,34.5047432367728,168.867798988681,10,15,25,105494.518124038,1003423.96364527,1500,2500,4500
TN,muni,0500000US47043,,,4027,11015,2.73528681400546,0.565779066701819,281.381706528765,506.176909546805,0,0,480,0.163159598575591,0.938664017879315,0.0613359821206854,0,0,1,0.496501749125437,9.86836628511967,6.31671871136995,5,8,13,52003.9063915451,707688.680278006,600,1500,2500
TN,muni,0500000US47045,,,8137,22485,2.76330342878211,0.692639525478566,279.071110404073,541.008587143082,0,0,399,0.254016223954191,0.75617549465405,0.24370160992995,0,0.000122895416000983,1,0.329960019990005,13.9124929124929,80.095966169581,6,8,14,44778.843619841,643977.500577932,600,1800,3800
TN,muni,0500000US47047,,,290,913,3.14827586206897,0.503521126760563,293.89592760181,611.290202642719,0,0,300,0.25,0.544827586206897,0.455172413793104,0,0,1,0.475862068965517,4.25,3.97217140810467,2,2,5,1854.63768115942,2304.76851266324,700,1000,2500
TN,muni,0500000US47051,,,3237,9527,2.94315724436206,0.602146930560215,286.928126298297,591.054539134806,0,0,387,0.275590551181102,0.905159097930182,0.0948409020698177,0,0,1,0.459755715627936,31.1023851076207,280.483255825961,6,8,15,118380.412125341,1069964.62941135,1000,2000,3500
TN,muni,0500000US47059,,,4881,14521,2.97500512190125,0.629818342933097,491.427608232789,681.828382444497,0,260,737.5,0.176102699144174,0.90760090145462,0.09239909854538,0,0,1,0.441635840526099,46.6642502861503,299.177789657795,8,10,20,384479.302466263,1915627.18728127,1000,2500,4500
TN,muni,0500000US47063,,,4866,13328,2.7390053431977,0.678286625655047,467.207026348808,1487.75492854672,0,156,700,0.273967551622419,0.91718043567612,0.08281956432388,0,0,1,0.499897098168347,30.5571847507331,151.309249815565,7,10,18,199794.673116509,1391765.42338796,500,1500,3500
TN,muni,0500000US47065,,,96766,285779,2.95329971270901,0.732153214652211,524.128897851455,818.040758320145,0,156,780,0.138360082855412,0.789760866420024,0.209743091581754,0.000392699915259492,0.000103342082963024,1,0.347109602531062,54.9773462783172,373.159964328292,10,14,20,107811.336763951,1014757.86520934,1500,2500,4500
TN,muni,0500000US47073,,,1936,6032,3.11570247933884,1,273.312920089619,583.313277395869,0,0,300,0.287630402384501,0.856921487603306,0.143078512396694,0,0,1,0.554805194805195,11.0765606595995,7.47133070454058,5,10,15,255452.037453184,1570082.18858122,500,1500,4500
TN,muni,0500000US47079,,,6560,18735,2.85594512195122,0.694890271863741,331.532103182075,670.26687973589,0,0,427.5,0.232575615254556,0.761280487804878,0.238719512195122,0,0,1,0.401271909415232,23.9308342133052,194.524406912742,6,10,18,188022.694240433,1349368.07386583,700,2000,3500
TN,muni,0500000US47081,,,1010,2852,2.82376237623762,0.602711157455683,326.189432989691,604.770014567895,0,0,508.25,0.250965250965251,0.951485148514852,0.0485148514851485,0,0,1,0.520703933747412,11.0526315789474,7.39805986478,5,10,15,42093.8986083499,629791.919051685,1500,2500,3000
TN,muni,0500000US47087,,,16,53,3.3125,0.5,284,425.62491871197,0,56,480,0.25,1,0,0,0,1,0.5625,5,0,5,5,5,688.888888888889,368.932393686311,300,1000,1000
TN,muni,0500000US47089,,,1948,5881,3.01899383983573,0.510803324099723,438.755793226381,648.105599461182,0,150,720,0.169681309216193,0.844455852156058,0.155544147843943,0,0,1,0.531925849639547,13.357063403782,38.7397573595329,5,9,10,292297.904162633,1679720.62085471,600,1500,3000
TN,muni,0500000US47099,,,3696,11539,3.12202380952381,0.699052132701422,263.211768851304,468.073479723522,0,0,432.75,0.311377245508982,0.913149350649351,0.0868506493506493,0,0,1,0.429916897506925,19.5506329113924,218.38989500818,8,10,15,41039.5264175258,620621.44574121,1000,2000,3000
TN,muni,0500000US47105,,,2912,8921,3.06353021978022,0.759823723834007,311.169466403162,493.625289348351,0,80,500,0.177744953225012,0.957417582417582,0.0425824175824176,0,0,1,0.391334250343879,13.204185520362,68.8134017536522,6,8,13,238935.611599297,1522345.20001626,500,1050,2500
TN,muni,0500000US47107,,,7052,19927,2.82572319909246,0.498838109992254,378.130740037951,696.47375212696,0,0,600,0.235673624288425,0.96242200794101,0.0375779920589904,0,0,1,0.50362473347548,14.7391304347826,62.121924796103,5,8,13,81020.133784928,885415.177095603,600,1500,2500
TN,muni,0500000US47113,,,16254,43602,2.68253968253968,0.72249212184874,409.968287848757,769.088173718134,0,0,520,0.176622000151412,0.722529838808909,0.277470161191091,0,0,1,0.370640259093174,20.50295502354,151.513810422782,6,10,18,38190.5814148883,592872.217762538,1200,2250,3700
TN,muni,0500000US47115,,,2540,7560,2.97637795275591,0.552989130434783,266.564712389381,512.090248918526,0,0,360,0.0803964757709251,0.791732283464567,0.208267716535433,0,0,1,0.380007933359778,22.0064267352185,138.002730612186,5,8,11,43439.8048016702,645049.972047894,400,1000,2500
TN,muni,0500000US47117,,,4262,11583,2.71773815110277,0.828101265822785,507.333504098361,643.429187532673,0,385,740.75,0.232160804020101,0.854997653683717,0.145002346316283,0,0,1,0.366886171213547,30.6921278254092,264.655604509773,6,10,15,3989063.66282051,4896379.30314003,1800,6000,9999998
TN,muni,0500000US47119,,,11424,32126,2.81214985994398,0.71596288581708,334.474739374499,587.442210497082,0,0,520,0.252766054522642,0.709033613445378,0.290966386554622,0,0,1,0.370238519045924,21.1383161512028,154.96134065227,6,10,16,64749.1182692308,788014.460532377,500,1500,3000
TN,muni,0500000US47125,,,8019,23221,2.8957475994513,0.713620023964852,342.665465858851,650.111890335232,0,47,500,0.187640089657381,0.705324853473002,0.293552812071331,0,0.00112233445566779,1,0.393682880606443,14.3927746271792,18.0572822866936,8,10,18,37992.7435815148,593044.334460339,500,2000,4000
TN,muni,0500000US47127,,,302,756,2.50331125827815,1,577.631067961165,393.826626289207,300,500,850,0.807228915662651,0.880794701986755,0.119205298013245,0,0,1,0.536423841059603,36.8220338983051,157.721198969495,4,10,10,1657.40740740741,763.190878784802,1000,1500,2500
TN,muni,0500000US47129,,,8,36,4.5,1,,,,,,0,1,0,0,0,1,0,,,,,,,,,,
TN,muni,0500000US47131,,,8984,23919,2.66239982190561,0.673837279173176,291.782290934645,526.105206120178,0,0,480,0.316715542521994,0.758459483526269,0.240761353517364,0,0.000779162956366875,1,0.394515948517068,22.7851040118871,157.765481995222,6,10,15,87209.3869503546,918534.607267456,600,1800,3000
TN,muni,0500000US47183,,,6041,15470,2.56083429895713,0.610922719971444,219.532974984495,498.543585637704,0,0,252,0.244435284418796,0.861446780334382,0.138553219665618,0,0,1,0.453091151474754,31.2198083067093,144.058773617837,5,8,12,126694.823464509,1111245.53362336,600,1500,2400
TN,muni,0500000US47133,,,1548,4715,3.04586563307494,0.605017921146953,638.067669172932,1020.11737588002,75,320,804.5,0.135016465422613,0.974160206718346,0.0258397932816537,0,0,1,0.638020833333333,85.0685920577617,469.871529118475,5,6,13,460835.463265306,2093787.06033906,500,1400,3000
TN,muni,0500000US47141,,,2827,8375,2.96250442164839,0.625755287009064,399.396758703481,725.429081991132,0,38,600,0.236449864498645,0.994340290060135,0.00495224619738238,0,0.000707463742483198,1,0.457930540637308,18.3591644204852,110.487491978006,7,10,15,3520.42220484754,3052.61297061454,1700,2800,4000
TN,muni,0500000US47143,,,3065,8967,2.92561174551387,0.578947368421053,331.394019349164,650.677392794212,0,0,480,0.243505063848525,0.841761827079935,0.157911908646003,0,0.00032626427406199,1,0.431301482701812,39.3950091296409,246.544882720244,5,10,18,299937.718105424,1700478.7051568,500,1500,3000
TN,muni,0500000US47147,,,7715,22502,2.91665586519767,0.777481772293887,259.29572740113,547.835297899549,0,0,300,0.261490250696379,0.752559948152949,0.247440051847051,0,0,1,0.339876169147675,32.9752265861027,292.568445524898,6,8,11,122720.873643411,1089479.67871456,600,1500,4000
TN,muni,0500000US47153,,,247,615,2.48987854251012,1,354.770053475936,607.67956818788,0,0,600,0.26063829787234,1,0,0,0,1,0.550607287449393,136.424528301887,312.570965598998,6,8,118.75,148124.897058824,1208047.74125126,400,1000,1500
TN,muni,0500000US47155,,,741,2218,2.99325236167341,0.741797432239658,278.822695035461,531.616293250651,0,0,468,0.236749116607774,0.994601889338731,0.00539811066126856,0,0,1,0.433198380566802,27.4565756823821,137.374220988601,7,10,15,251776.866043614,1560903.13546711,1500,2500,4000
TN,muni,0500000US47157,,,201220,569852,2.83198489215784,0.710811320246654,518.625354332795,860.290337427961,0,105,750,0.180794854123593,0.635901003876354,0.363785905973561,0.000193817711957062,0.000119272438127423,1,0.389847762242389,44.2535113976514,326.248858455342,9,15,25,140545.952358571,1161838.80339487,1500,3000,5000
TN,muni,0500000US47159,,,810,2224,2.74567901234568,0.661643835616438,236.869085173502,502.970880243516,0,0,277.5,0.21608832807571,0.945679012345679,0.054320987654321,0,0,1,0.481481481481482,12.8849315068493,7.29352549011561,8,12,17,2904.11282051282,1623.13254454517,2000,2500,3500
TN,muni,0500000US47163,,,18307,56054,3.06188889495821,0.669893514036786,614.183281507225,809.121059051866,0,360,1000,0.173973989564676,0.947779537881684,0.0503632490304255,5.46239143497023e-05,0.00180258917354018,1,0.451436845622633,42.5294420954935,275.618899250766,10,15,25,171423.42289662,1283986.05208932,1600,3000,4500
TN,muni,0500000US47165,,,6168,16846,2.73119325551232,0.762643878618765,311.300422503891,535.970275642365,0,0,480,0.1908203125,0.767509727626459,0.232490272373541,0,0,1,0.446204081632653,17.0309960878724,57.3611660768105,6,10,15,170558.9575558,1286334.95546768,500,1800,3500
TN,muni,0500000US47167,,,3521,9374,2.66231184322636,0.547518159806295,229.139668826494,486.136794540693,0,0,208,0.227547035853745,0.647259301334848,0.352740698665152,0,0,1,0.490318906605923,11.4738636363636,31.8650401418955,5,8,12.25,72199.7636469222,831904.877437786,600,2000,3500
TN,muni,0500000US47169,,,1005,2704,2.69054726368159,0.587002096436059,199.803129074316,459.938923849307,0,0,200,0.300511508951407,0.753233830845771,0.246766169154229,0,0,1,0.409950248756219,27.6408094435076,146.961950929366,5,8,11,1884.75970873786,1778.17325494491,475,1500,2750
TN,muni,0500000US47171,,,2921,8627,2.95344060253338,0.576117318435754,1347.9464469619,1129.83630563967,480,1020,1937,0.114977307110439,0.992468332762753,0.00753166723724752,0,0,1,0.589285714285714,137.280984719864,753.514201360337,10,15,20,136032.000582751,1150043.3142708,1200,1800,2500
TN,muni,0500000US47177,,,4460,12369,2.77331838565022,0.731259186673199,235.600692440854,464.026004196908,0,0,359,0.154771451483561,0.884304932735426,0.115695067264574,0,0,1,0.434567901234568,25.916100679185,204.498112876186,5,8,12,38141.8393595041,600258.70286703,600,1500,2500
TN,muni,0500000US47179,,,15354,45972,2.99413833528722,0.681317852834741,421.200965250965,701.524703419422,0,0,675,0.197741619987552,0.903477921062915,0.0952846163866094,0.000976944118796405,0.000260518431679041,1,0.399934447722058,36.8386809269162,284.38212168143,10,15,25,292543.834289461,1673350.10328309,1500,2500,4500
TN,muni,0500000US47187,,,3105,8921,2.8731078904992,0.631333093783687,349.767647058824,640.02165543334,0,0,480,0.195971464540495,0.611272141706924,0.388727858293076,0,0,1,0.376968503937008,14.7715039577836,25.504933175155,6,10,18,133319.062663185,1135272.64219434,600,2500,4000
TN,muni,0500000US47189,,,4689,13220,2.81936447003626,0.664839682104686,279.436721129881,569.099565867012,0,0,400,0.25351724137931,0.831094049904031,0.168905950095969,0,0,1,0.452248394004283,16.7271578947368,159.593274111619,6,10,14,778323.512784091,2676333.02657821,750,1600,3000
TN,muni,0500000US47093,,,44867,128251,2.85847059085742,0.715565185987721,504.383704297076,817.256496198368,0,0,760,0.164701919838329,0.917734637929882,0.0821762096864065,6.68642877838946e-05,2.22880959279649e-05,1,0.359203483625147,38.9885932918544,262.645535510967,12,16,25,76210.5127541356,848747.105364867,1600,2500,4000
UT,muni,0500000US49003,,,7731,22442,2.90285862113569,0.482072869792423,266.485094850949,533.562853427827,0,0,300,0.294891640866873,0.996119518820334,0,0.000129349372655543,0.00375113180701074,1,0.697414577107964,49.2234881682735,321.06829571508,10,14.5,20,112293.156482861,1042453.97745981,1200,2000,3000
UT,muni,0500000US49005,,,15510,46290,2.98452611218569,0.457122353785432,314.818657782009,636.817254543124,0,0,360,0.250486156125567,0.999742101869762,0,0,0.000257898130238556,1,0.713498801114639,20.5832757429164,59.6017875157574,10,15,25,133578.528337875,1135865.51663218,1500,2500,4000
UT,muni,0500000US49007,,,8823,26672,3.0230080471495,0.626966584319334,419.829810725552,771.419888365348,0,0,605,0.219052147725472,0.992066190638105,0.00362688427972345,0.00102006120367222,0.00328686387849938,1,0.442850532161037,34.0334897610922,194.484751841828,11,16,24,143456.003134796,1179173.83573749,1000,2000,3500
UT,muni,0500000US49011,,,3858,11685,3.02877138413686,0.339859731151373,369.051445369917,650.970589678663,0,0,550,0.344666977177457,0.994556765163297,0,0,0.00544323483670296,1,0.78564022809746,35.1331719128329,203.598563283285,8,10,15,203431.158033652,1404211.850249,1000,2000,3000
UT,muni,0500000US49021,,,1296,3827,2.95293209876543,0.522927689594356,349.518691588785,621.115536427593,0,0,500,0.217491369390104,1,0,0,0,1,0.654798761609907,20.0411899313501,30.1584979192591,10,15,25,84914.8061465721,906196.075496874,600,1500,3000
UT,muni,0500000US49023,,,3708,10462,2.82146709816613,0.402327776030198,296.364500792393,548.391587099885,0,0,400,0.249709189608375,1,0,0,0,1,0.695980577286215,184.873175182482,657.287551573349,8,11,20,109697.354263566,1036173.86552135,400,875,1500
UT,muni,0500000US49029,,,1054,3142,2.98102466793169,0.380368098159509,322.48109517601,566.263624814763,0,0,480,0.813793103448276,1,0,0,0,1,0.681214421252372,14.360119047619,6.18216635826858,10,15,20,2125.02506963788,1433.7558607618,1000,2000,3000
UT,muni,0500000US49035,,,112896,308869,2.73587195294785,0.610121358030757,574.380252254004,932.130703978427,0,0,1000,0.194682943207982,0.994703089569161,0.00299390589569161,2.65731292517007e-05,0.00227643140589569,1,0.590300703315631,101.463512154999,496.054112880429,16,24,35,103768.563067992,994605.366695073,2200,3400,4500
UT,muni,0500000US49043,,,2403,7532,3.1344153141906,0.577757685352622,508.663447251114,634.764908940319,0,244,900,0.164720344191764,0.995006242197253,0,0,0.00499375780274657,1,0.624946785866326,15.0034522439586,8.67201851468114,10,12,17,82588.4066757493,900650.877989575,300,600,1000
UT,muni,0500000US49045,,,5575,16593,2.97632286995516,0.520846044335977,635.981001727116,814.18018555634,0,100,1283,0.173370319001387,0.997130044843049,0,0,0.00286995515695067,1,0.643351548269581,19.6532507739938,43.0424925084775,10,16,22,36185.3238958097,581845.404639302,1200,2000,3000
UT,muni,0500000US49047,,,1318,4155,3.15250379362671,0.554317548746518,300.059196617336,659.056647198797,0,0,360,0.244855967078189,1,0,0,0,1,0.660592255125285,34.3287671232877,215.07298882164,8,12,18,2178.40229885058,1580.31392243296,1000,1800,3000
UT,muni,0500000US49049,,,16202,45858,2.83039130971485,0.546150604102276,273.72167539267,553.717666113493,0,0,325,0.256287057861378,0.998889026046167,0.000802370077768177,0,0.000308603876064683,1,0.732764484016571,37.0266824085006,186.448398202996,8,11,18,221434.372036115,1464602.96709763,1000,2000,2700
UT,muni,0500000US49051,,,2846,8593,3.01932536893886,0.393501805054152,321.213857428381,593.004626374177,0,0,515,0.307843137254902,1,0,0,0,1,0.719957835558679,18.0320102432779,61.9183519432163,10,13,18,80039.3304050757,880253.584922515,1000,1600,2500
UT,muni,0500000US49053,,,3924,13043,3.32390417940877,0.490861618798956,205.668634395907,436.596346390079,0,0,200,0.32033096926714,0.999745158002039,0,0.000254841997961264,0,1,0.769270035732517,38.1095132743363,283.262980305016,8,14,20,11820.3278035833,315332.257336023,600,1500,3000
UT,muni,0500000US49057,,,36470,101007,2.76959144502331,0.577649208282582,510.545030512691,837.397519691495,0,0,820,0.182963476652797,0.988428845626542,0.00674527008500137,0.000438716753496024,0.00438716753496024,1,0.59721030636814,63.0925591098748,448.139350555257,15,20,26,78228.98558784,862938.164703825,1800,2846,4000
VA,muni,0500000US51065,,,255,711,2.78823529411765,0.516129032258065,460.549504950495,800.550824067515,0,0,715,0.172413793103448,0.956862745098039,0.0431372549019608,0,0,1,0.513725490196078,170.435483870968,415.781588261388,10,13,20.75,233085.488549618,1500988.64709052,2500,4000,6000
VA,muni,0500000US51009,,,848,2320,2.73584905660377,0.470437017994859,624.32320441989,696.794968164603,130,334,900,0.458992805755396,0.629716981132076,0.370283018867925,0,0,1,0.570749108204518,20.5795454545455,107.153081282261,5,10,20,106954.227083333,1016065.6339488,1200,2600,4115
VA,muni,0500000US51011,,,26,162,6.23076923076923,0.923076923076923,702.5,692.408737668727,225,392.5,1088,0.0769230769230769,1,0,0,0,1,0.272727272727273,,,,,,4000,0,4000,4000,4000
VA,muni,0500000US51820,,,7056,22093,3.13109410430839,0.655166880616175,537.411533162763,755.503777340406,0,156,930,0.150420003907013,0.903202947845805,0.096797052154195,0,0,1,0.407541173071367,39.10875,314.942890345984,10,16,25,237711.705423609,1511264.93465352,1500,3000,5850
VA,muni,0500000US51019,,,5825,17020,2.92188841201717,0.475260416666667,397.013038674033,693.121782932091,0,0,676,0.184765711747724,0.84137339055794,0.15862660944206,0,0,1,0.515198888309884,18.495867768595,97.6260889105667,8,11,15,23684.4679703304,449244.232663407,1500,3000,4500
VA,muni,0500000US51023,,,453,1310,2.89183222958057,0.547215496368039,318.410714285714,567.655464461166,0,0,405,0.205882352941176,0.869757174392936,0.130242825607064,0,0,1,0.531531531531532,17.1909547738693,19.519058766867,8,10,18,2482.1186440678,1808.02577259682,1175,2000,3500
VA,muni,0500000US51029,,,419,1337,3.1909307875895,0.614634146341463,355.778723404255,486.376997097987,0,100,600,0.0364372469635628,0.914081145584726,0.0859188544152745,0,0,1,0.365155131264916,9.03409090909091,4.95557955764615,5,7,10,3105.34640522876,2589.81829102541,1000,3000,4000
VA,muni,0500000US51031,,,3633,11943,3.28736581337737,0.713800555727076,404.013051823417,595.645296580132,0,120,686,0.23822188449848,0.846132672722268,0.153867327277732,0,0,1,0.448098370031456,14.7611398963731,86.7695651226093,7,10,15,41109.5839183153,617628.483892168,1000,2000,4000
VA,muni,0500000US51033,,,268,748,2.7910447761194,0.458823529411765,419.338461538462,705.201088750535,0,0,710,0.45959595959596,0.985074626865672,0.0149253731343284,0,0,1,0.638059701492537,18.5670103092784,8.45318876777531,13,17,23,4591.22807017544,2425.49793808983,3000,4000,6000
VA,muni,0500000US51570,,,2175,5917,2.72045977011494,0.540632603406326,607.221958456973,876.907264056508,0,0,1020,0.199170124481328,0.999540229885057,0.000459770114942529,0,0,1,0.552204176334107,55.820704375667,338.810620586417,17,23,25,255525.611764706,1567735.44033678,2500,3400,4500
VA,muni,0500000US51041,,,1074,2928,2.72625698324022,0.641547861507128,536.173553719008,781.414631816872,0,0,934,0.15839243498818,0.972067039106145,0.0279329608938548,0,0,1,0.463917525773196,34.2468468468469,140.320064656106,14,18,25,184905.680808081,1337016.98840422,2000,3000,4000
VA,muni,0500000US51043,,,1442,3903,2.70665742024965,0.371087928464978,363.000913242009,595.945049335355,0,0,600,0.354260089686099,0.918169209431345,0.0818307905686547,0,0,1,0.494452149791956,57.9254143646409,249.810229419276,10,15,20,256140.649368864,1569206.76443325,2000,3500,5400
VA,muni,0500000US51045,,,243,654,2.69135802469136,0.524663677130045,288.973821989529,552.350607900405,0,0,428,0.235602094240838,1,0,0,0,1,0.510288065843621,11.4957983193277,5.56909442411806,7,10,15,3007.66129032258,1410.48691867655,2500,3000,4000
VA,muni,0500000US51047,,,2258,6431,2.848095659876,0.560402684563758,340.853375527426,643.347658443305,0,0,416,0.271733472149922,0.748007085916741,0.25199291408326,0,0,1,0.419857524487979,164.849571317225,943.996070901644,8,15,25,121291.804878049,1073792.77175194,2500,4500,6000
VA,muni,0500000US51051,,,1088,3792,3.48529411764706,0.645833333333333,342.850940665702,578.377074293194,0,0,560,0.185238784370478,0.909926470588235,0.0900735294117647,0,0,1,0.562955254942768,15.1893333333333,31.5986511140612,5,10,15,2773.99260628466,2233.78634541942,1000,2500,4000
VA,muni,0500000US51053,,,5,8,1.6,0.8,1165.8,713.555323713586,660,1450,1627,0,1,0,0,0,1,0.6,,,,,,9999998,0,9999998,9999998,9999998
VA,muni,0500000US51059,,,1936,6809,3.51704545454545,0.554555680539933,428.418848167539,745.42110650493,0,0,685,0.237410071942446,0.871384297520661,0.128615702479339,0,0,1,0.671502590673575,104.822413793103,679.450871324326,12,18,25,127781.186728395,1104178.57237024,2500,4000,6000
VA,muni,0500000US51013,,,18,38,2.11111111111111,0.583333333333333,743.181818181818,1163.86913509912,0,400,727.5,0.272727272727273,0.888888888888889,0.111111111111111,0,0,1,0.5,,,,,,21666.6666666667,7607.01430698449,15250,25000,27250
VA,muni,0500000US51061,,,1390,3946,2.83884892086331,0.586339217191098,356.761343012704,698.004387917739,0,0,480,0.297370806890299,0.846762589928058,0.153237410071942,0,0,1,0.400290065264685,67.415961305925,458.512951844166,10,18,30,60781.1938405797,735435.359037807,2500,4000,6800
VA,muni,0500000US51063,,,459,1219,2.6557734204793,0.521739130434783,272.929113924051,521.223536170272,0,0,436,0.633838383838384,0.954248366013072,0.0457516339869281,0,0,1,0.5119825708061,9.89285714285714,5.66444149373064,5,10,13,4986.3829787234,3195.61426590588,2900,5000,6000
VA,muni,0500000US51075,,,133,422,3.17293233082707,0.674603174603175,308.127659574468,459.074506896904,0,0,477,0.106382978723404,0.225563909774436,0.774436090225564,0,0,1,0.526315789473684,13.2063492063492,5.96808374216611,9.5,13,15,2255.85714285714,1524.36681353099,600,2000,3500
VA,muni,0500000US51067,,,1171,3420,2.92058070025619,0.33609576427256,578.389010989011,875.784530448842,0,204,823.5,0.169715447154472,0.893253629376601,0.106746370623399,0,0,1,0.61340206185567,91.5448275862069,486.844144374896,8,13,20,367744.009803922,1873808.64382091,2000,3200,5000
VA,muni,0500000US51069,,,952,2860,3.00420168067227,0.385906040268456,257.359327217125,473.686914903556,0,0,419,0.571851851851852,0.858193277310924,0.141806722689076,0,0,1,0.560924369747899,55.0239234449761,387.207483034488,6,8,10,1793.4456928839,1345.34501452773,1000,1500,2000
VA,muni,0500000US51071,,,1785,6210,3.47899159663866,0.667694204685573,362.487084870849,640.644965891404,0,0,576,0.165818181818182,0.994397759103641,0.00560224089635854,0,0,1,0.445589919816724,15.7290589451913,11.8864979616617,8,10,20,4682.39074550129,8372.67753796328,1500,3000,5000
VA,muni,0500000US51079,,,208,511,2.45673076923077,0.375,274.106145251397,497.277176023075,0,0,355,0.343434343434343,0.985576923076923,0.0144230769230769,0,0,1,0.58128078817734,88.038961038961,478.672848436681,7,10,12,343782.983050848,1816490.26743353,3000,5000,6500
VA,muni,0500000US51085,,,1533,4221,2.75342465753425,0.478322672352523,481.413644214162,820.998621883333,0,3.5,720,0.267569856054191,0.89041095890411,0.10958904109589,0,0,1,0.556499020248204,17.1533923303835,10.5035723822061,8,15,25,39348.3521126761,592454.891691766,2000,3500,5500
VA,muni,0500000US51089,,,462,1447,3.13203463203463,0.583126550868486,340.434782608696,545.675889785897,0,30,614,0.121387283236994,0.683982683982684,0.316017316017316,0,0,1,0.508658008658009,78.92,573.723375354858,3,7,15,1997.02127659574,1815.86893199312,700,1500,3000
VA,muni,0500000US51093,,,784,2258,2.88010204081633,0.495833333333333,299.927514792899,611.473854500837,0,0,361,0.241176470588235,0.649234693877551,0.350765306122449,0,0,1,0.385403329065301,9.69375,6.21668259478819,5,8,13,301977.215946844,1705438.54122489,1200,2000,4000
VA,muni,0500000US51101,,,1865,5390,2.89008042895442,0.642051860202931,495.152875175316,823.326266326604,0,0,900,0.148123324396783,0.667024128686327,0.332975871313673,0,0,1,0.430802369413032,413.310541310541,910.692922086993,12,16,30,178688.73125,1311640.30889519,1000,2500,4000
VA,muni,0500000US51127,,,24,56,2.33333333333333,0.478260869565217,602.272727272727,1066.03820095128,0,0,660,0.318181818181818,1,0,0,0,1,0.541666666666667,24.7272727272727,7.32244370536106,16,30,30,7546.15384615385,4365.89345277981,7000,7000,12000
VA,muni,0500000US51107,,,1501,4174,2.78081279147235,0.567217828900072,283.706953642384,526.578975038346,0,0,361,0.301155115511551,0.751499000666223,0.248500999333778,0,0,1,0.467785234899329,62.3689567430025,381.054626042933,10,14,25,147779.677187948,1189512.40897183,2000,4000,6000
VA,muni,0500000US51121,,,3536,10377,2.93467194570136,0.535659626568718,375.993012136815,688.282285913271,0,0,480,0.288179148311307,0.888574660633484,0.111425339366516,0,0,1,0.570735881346264,19.6630800268998,52.6325680171418,7.5,12,25,108056.313843078,1018986.8309905,1200,2500,4800
VA,muni,0500000US51800,,,9850,28895,2.93350253807107,0.711976047904192,433.527975863961,686.492292337167,0,150,600,0.146520146520147,0.670659898477157,0.329137055837563,0,0.000203045685279188,1,0.291995490417136,46.8058081548841,373.674487219044,10,14,22,217725.224289224,1447226.24676287,1500,3000,5000
VA,muni,0500000US51143,,,2666,8105,3.04013503375844,0.707387536112258,393.90015128593,608.857375622259,0,160,600,0.165243596182823,0.81245311327832,0.18754688672168,0,0,1,0.318723567858516,30.1026252983294,273.423252184036,7,10,15,485481.627261761,2143585.02505484,500,2000,6000
VA,muni,0500000US51153,,,1189,3222,2.70984020185029,0.766450417052827,527.540598290598,756.549405985894,0,170.5,811.5,0.118085106382979,0.905803195962994,0.0925147182506308,0,0.00168208578637511,1,0.339781328847771,25.5038560411311,10.2113122997352,20,25,30,27741.245049505,497374.847338673,1500,2500,4000
VA,muni,0500000US51810,,,1225,3223,2.63102040816327,0.722508591065292,410.710798122066,828.650134847582,0,0,420,0.380294659300184,0.901224489795918,0.0987755102040816,0,0,1,0.479575163398693,31.1754385964912,18.9207486965246,20,27,40,244354.722316865,1526210.74722662,3000,5000,7000
VA,muni,0500000US51155,,,9191,30345,3.3015993907083,0.773263433813893,446.921631044414,668.676627718157,0,129,720,0.119623043015656,0.906212599281906,0.0937874007180938,0,0,1,0.533569687569244,21.0561716489875,62.6040063709827,8,12,20,94664.4775747508,951246.044516761,1200,2300,4500
VA,muni,0500000US51161,,,898,2601,2.89643652561247,0.373333333333333,445.302857142857,700.596298027714,0,0,752.5,0.128205128205128,0.932071269487751,0.0679287305122494,0,0,1,0.577951002227171,37.6058201058201,198.734499368494,10,15,20,3282.17726396917,1470.3587667232,2500,3000,4000
VA,muni,0500000US51770,,,8,15,1.875,0.666666666666667,271.333333333333,421.35337505076,0,0,576,0.166666666666667,1,0,0,0,1,0.25,14,4.38178046004133,10,14,18,1000,0,1000,1000,1000
VA,muni,0500000US51775,,,5535,16682,3.01391147244806,0.545454545454545,447.017317073171,743.313927602049,0,0,720,0.264243614931238,0.872086720867209,0.127913279132791,0,0,1,0.532431938607711,18.1724276527331,12.7724042304449,9,15,25,206354.459505834,1408134.19571007,1600,3000,5000
VA,muni,0500000US51165,,,3466,9452,2.72706289671091,0.373375482964524,342.533234311177,603.264544624261,0,0,524,0.268770402611534,0.969705712637046,0.0302942873629544,0,0,1,0.573742047426258,90.7079343365253,491.604938610218,6,10,15,139149.585685484,1158540.29448656,1800,2800,4000
VA,muni,0500000US51015,,,393,1158,2.94656488549618,0.638095238095238,355.211409395973,517.963376632641,0,14,600,0.163934426229508,0.898218829516539,0.101781170483461,0,0,1,0.60613810741688,13.8506493506494,8.46969412256642,8,12,20,2477.3417721519,1719.45279199031,1000,2000,3500
VA,muni,0500000US51169,,,416,1297,3.11778846153846,0.4765625,207.095563139932,397.935353582629,0,0,256,0.116279069767442,1,0,0,0,1,0.617788461538462,81.8930817610063,185.710595295475,4,5,8,1301.63424124514,1025.54085124531,500,1000,2000
VA,muni,0500000US51183,,,1377,4086,2.96732026143791,0.394344069128044,323.977025392987,570.850854443386,0,120,400,0.120603015075377,0.378358750907771,0.62164124909223,0,0,1,0.455668604651163,16.0094594594595,91.9811339556485,3,4,9,145421.151515152,1190180.06573939,300,1000,2500
VA,muni,0500000US51185,,,8210,26415,3.21741778319123,0.561303462321792,437.780672268908,1030.2584766081,0,0,720,0.170608640807316,0.900487210718636,0.0995127892813642,0,0,1,0.443797248729706,38.8128614388156,274.818199805283,10,12,18,235003.187098576,1504398.7359457,1500,2500,4500
VA,muni,0500000US51187,,,3766,12475,3.31253319171535,0.991532846715329,421.008095740936,653.214499208866,0,0,780,0.513004791238878,0.876526818906001,0.123473181093999,0,0,1,0.347583643122677,52.9724310776942,470.226995792749,10,18,30,104749.522536287,991437.766778926,2500,5000,8000
VA,muni,0500000US51191,,,4103,12514,3.04996344138435,0.426707132018209,273.661705006766,535.698513496258,0,0,379.25,0.154793608521971,0.932732147209359,0.067267852790641,0,0,1,0.583272372592051,51.8926253687316,406.810057568024,5,8,15,27405.3085284281,500201.725161504,500,1500,3500
VA,muni,0500000US51720,,,3737,11917,3.18892159486219,0.585388127853881,715.267662263067,932.88296664971,0,390,1040,0.112986404125645,0.911693872089912,0.0883061279100883,0,0,1,0.447027027027027,33.955955955956,298.160205803103,6,10,17,147992.622128174,1195835.64333989,600,2000,4000
VA,muni,0500000US51195,,,7495,23053,3.07578385590394,0.577230862147063,363.654053084648,719.903227884829,0,0,500,0.144904173383486,0.963709139426284,0.0362908605737158,0,0,1,0.49151863229598,41.875485302274,307.548064009929,5,10,15,225129.672826087,1475866.37481948,500,1500,3500
VA,muni,0500000US51199,,,201,469,2.33333333333333,0.422459893048128,1154.73333333333,981.375679964215,439.5,842,1840,0.479166666666667,0.796019900497513,0.203980099502488,0,0,1,0.472636815920398,21.047619047619,9.4659114644856,15,20,30,12666.3157894737,15605.915480494,2000,6000,15000
VA,muni,0500000US51510,,,23393,68559,2.93074851451289,0.638834771314593,667.01073191672,987.446069058913,0,0,1144.5,0.131208997188379,0.84132005300731,0.158252468687214,4.27478305475997e-05,0.000384730474928397,1,0.425347598215446,101.424495743539,586.380337664954,18,28,42,228216.735641548,1472485.37340502,3000,5500,8000
VA,muni,0500000US51520,,,7186,22743,3.16490397996104,0.559969673995451,430.63963963964,708.523890630784,0,12,624.5,0.18828125,0.921374895630392,0.0786251043696076,0,0,1,0.454175438596491,31.7461059190031,239.031701172804,9,14,24,130176.43881335,1118241.61191741,1200,2500,4500
VA,muni,0500000US51003,,,3837,10731,2.79671618451916,0.664358903350872,511.10372157133,887.183973141521,0,0,720,0.194720603359616,0.885066458170446,0.114933541829554,0,0,1,0.377348504895475,112.892020815265,608.593954415111,10,18,35,160442.931276297,1232145.83760436,2100,4000,8000
VA,muni,0500000US51540,,,9591,28443,2.96559274319675,0.576409577402626,445.459281282316,758.302764575755,0,0,670,0.180399181166837,0.80137629027213,0.19862370972787,0,0,1,0.468116554054054,89.631664301642,350.565428376787,13,20,35,41450.7347767253,599392.514649498,2000,3500,7000
VA,muni,0500000US51590,,,20316,61275,3.01609568812758,0.664039512400168,420.562746062992,669.913975479805,0,180,600,0.148057209502179,0.742961212837173,0.256891120299272,0,0.000147666863555818,1,0.402184857027789,17.5599013689312,56.7493130180224,8,12,20,49576.7749405433,678796.183142712,1000,2000,4000
VA,muni,0500000US51630,,,7051,21705,3.07828676783435,0.612449799196787,569.602635782748,765.921351136306,0,280,985,0.221826809015421,0.806835909800028,0.192880442490427,0,0.000283647709544745,1,0.409051970302684,38.6194821208385,373.383295439815,15,20,28,102075.301919721,983496.122167378,2000,3000,6000
VA,muni,0500000US51179,,,52,133,2.55769230769231,0.787234042553192,697.513513513514,690.016329179632,0,700,1080,0.324324324324324,1,0,0,0,1,0.0588235294117647,19.6458333333333,9.78381116911543,15,15.5,30,8000,0,8000,8000,8000
VA,muni,0500000US51177,,,72,160,2.22222222222222,0.857142857142857,573.814814814815,665.515123910598,0,380,1050,0.185185185185185,0.930555555555556,0.0694444444444445,0,0,1,0.114285714285714,21.0806451612903,15.1984666904553,10,15,30,3612.5,1570.65727824828,2975,3300,4000
VA,muni,0500000US51650,,,3310,8942,2.70151057401813,0.526246719160105,596.883944954128,818.3019416786,0,238.5,988,0.191853360488798,0.71570996978852,0.28429003021148,0,0,1,0.509245225826008,28.3177805800757,125.522207213866,13,20,25,331180.625,1779335.6603726,2000,3500,5000
VA,muni,0500000US51660,,,5266,14726,2.79642992783897,0.614874371859297,584.453831041257,1072.37223600979,0,200,780,0.15833151343088,0.941891378655526,0.058108621344474,0,0,1,0.452235384027512,74.0536984352774,644.908369470422,10,18,25,360913.608787495,1849337.92112009,3000,5000,9000
VA,muni,0500000US51670,,,8397,24539,2.92235322138859,0.686177806619079,487.441674975075,706.427170711895,0,57,800,0.101267880364109,0.849231868524473,0.150768131475527,0,0,1,0.367474966823501,16.2324637681159,76.5721315551683,8,10,15,51364.0482600131,699987.009474989,1000,1500,2500
VA,muni,0500000US51680,,,33961,102861,3.02879773858249,0.630433407149636,482.406637269064,747.741095457135,0,180,720,0.176968317207361,0.78236801036483,0.21763198963517,0,0,1,0.406413102165697,20.446341214839,96.6460908442112,10,13,21,44436.891873939,635637.98498178,1500,2700,5000
VA,muni,0500000US51690,,,7261,23658,3.25822889409172,0.644588288423905,473.384573601304,715.707673025879,0,200,728,0.127730211427573,0.76311802781986,0.23688197218014,0,0,1,0.478930421391572,16.5911677052289,12.274657966823,8,12,20,48822.0838935984,660502.845029417,1500,3000,7000
VA,muni,0500000US51700,,,23831,74268,3.11644496664009,0.649736507359622,586.789058649581,806.261754941388,0,208,975,0.11927048734827,0.611724224749276,0.388233813100583,0,4.19621501405732e-05,1,0.344708721130645,93.5932271181921,410.137256526956,11,16,25,163219.4835,1254422.28935934,1500,2500,4000
VA,muni,0500000US51710,,,70396,203990,2.89774987215183,0.645418387406471,591.110872730059,927.486997191531,0,109,900,0.141775471384513,0.716958349906245,0.28238820387522,0,0.000653446218535144,1,0.349829941776676,56.8432834145356,292.344196906893,12,20,32,113304.297767158,1038722.20242126,2000,3500,5000
VA,muni,0500000US51730,,,19364,57049,2.94613716174344,0.630459992269038,405.779139815074,632.931542662571,0,150,612,0.141412070261773,0.600599049783103,0.399194381326172,0.000206568890725057,0,1,0.283847115184337,18.2662822503142,102.713066544558,8,11,15,210077.363786461,1424524.29425117,1000,2000,4000
VA,muni,0500000US51149,,,97,308,3.17525773195876,0.62962962962963,537.964285714286,789.839039166973,0,394,727.5,0.116666666666667,0.649484536082474,0.350515463917526,0,0,1,0.391752577319588,9.21818181818182,6.45121553028434,6,8,10,4086.84210526316,4804.44169789264,787.5,1000,8000
VA,muni,0500000US51750,,,5340,16462,3.08277153558052,0.543675319324269,400.704776820673,649.49668947204,0,0,600,0.185001306506402,0.94250936329588,0.0574906367041199,0,0,1,0.511211607311099,36.1704456606724,161.479892993214,7,11,20,61536.160339108,765632.926530841,1000,2000,3500
VA,muni,0500000US51760,,,127589,382779,3.00009405199508,0.643483672876644,574.657841179818,856.00923812504,0,156,900,0.173032246962208,0.731943976361599,0.267734679321885,5.48636637954683e-05,0.000266480652720846,1,0.346006536000193,129.168353895135,618.264949456025,13,20,35,131670.377123364,1116905.26556734,2500,4500,6500
VA,muni,0500000US51087,,,4463,13484,3.02128613040556,0.749460043196544,411.66610121572,573.77403849167,0,200,640,0.139475908706678,0.518261259242662,0.480842482634999,0.000896258122339234,0,1,0.146033929390188,38.5347298787211,238.459924401648,8,12,16,741002.43956044,2615342.15235451,1300,2500,4500
VA,muni,0500000US51550,,,8055,23875,2.96399751707014,0.541549578482537,534.95406567631,683.36318188708,0,200,996.25,0.0861086108610861,0.802607076350093,0.197144630664184,0,0.000248292985723153,1,0.465287299015331,43.1154301967291,217.809143175842,9,12,17,106493.809000804,1016699.68592286,1000,1800,3000
VA,muni,0500000US51790,,,6637,19000,2.8627391893928,0.537444933920705,484.383558876995,727.704474457727,0,140,762.5,0.227657004830918,0.859273768268796,0.140424890763899,0,0.000301340967304505,1,0.396628352490421,38.2747051114024,211.558919030996,11,16,25,259931.009659969,1575969.41700767,2500,4000,6500
VA,muni,0500000US51830,,,1625,5033,3.09723076923077,0.58989501312336,676.109477124183,896.684756761844,0,360,908.25,0.325859491778774,0.668923076923077,0.331076923076923,0,0,1,0.467384420519316,63.8227215980025,410.018540474798,15,30,45,47043.5013550136,636321.19013161,2500,5000,10000
VA,muni,0500000US51095,,,63,213,3.38095238095238,0.701754385964912,264.348837209302,308.732885295528,0,200,395,0.227272727272727,0.0317460317460317,0.968253968253968,0,0,1,0.253968253968254,13.1063829787234,13.2799850094094,10,10,10,865.625,371.357307723976,500,850,1300
VA,muni,0500000US51840,,,9188,27226,2.96321288637353,0.633176470588235,482.425427872861,718.780572765382,0,205,760.5,0.247123860750037,0.920766216804528,0.0792337831954723,0,0,1,0.385739592559787,44.2230374174615,295.828377706419,12,16,25,103201.50401837,982669.018824294,2500,4000,7000
VT,muni,0600000US5000304825,,,7714,22448,2.91003370495204,0.511637808685779,668.220885466795,753.051319676621,20,540,960,0.278297195146211,0.999222193414571,0.00077780658542909,0,0,1,0.428439519852262,23.5463552724699,54.9038987114836,15,20,25,223105.499692118,1461805.11012502,2700,4000,6000
VT,muni,0600000US5000363550,,,606,1566,2.58415841584158,0.344178082191781,512.615730337079,790.953884844241,0,100,830,0.290672451193059,1,0,0,0,1,0.443894389438944,18.7439759036145,7.25396817163318,15,18,22,152635.472118959,1212093.13661564,3000,4000,5000
VT,muni,0600000US5000357025,,,6,13,2.16666666666667,0,313.333333333333,336.253872344493,50,250,450,0,1,0,0,0,1,1,,,,,,3000,0,3000,3000,3000
VT,muni,0600000US5000342850,,,23,52,2.26086956521739,0.727272727272727,698.75,881.323814875479,0,385,1215,0.368421052631579,1,0,0,0,1,0.347826086956522,35.7142857142857,9.75900072948533,30,30,40,18125,14562.0593127679,8125,12500,35000
VT,muni,0600000US5000358600,,,287,755,2.63066202090592,0.609848484848485,907.585858585858,489.288634195688,700,800,960,0.25,1,0,0,0,1,0.355400696864112,41.8486486486487,174.564423173331,10,10,15,1893.13725490196,1028.2889569544,1200,1700,2300
VT,muni,0600000US5000710675,,,22358,67749,3.0301905358261,0.633896260554885,561.537495013961,858.838230479654,0,150,884,0.247854682117131,0.996913856337776,0.00277305662402719,0,0.000313087038196619,1,0.396653098145636,76.9366704588548,486.261453970083,16,20,30,81743.4705815279,870300.254655802,2900,4500,7000
VT,muni,0600000US5000724175,,,1232,3571,2.89853896103896,0.58,1031.25949367089,1062.57096475588,300,800,1350,0.317733990147783,1,0,0,0,1,0.592532467532468,56.0020491803279,296.525786551942,15,20,25,319351.324657534,1747258.102668,2500,4000,5000
VT,muni,0600000US5000784475,,,3,6,2,0,402.5,194.454364826301,333.75,402.5,471.25,0.333333333333333,1,0,0,0,1,1,,,,,,3500,0,3500,3500,3500
VT,muni,0600000US5000745250,,,651,1862,2.86021505376344,0.939393939393939,856.977777777778,798.230998635445,364,720,1092,0.128630705394191,1,0,0,0,1,0.63594470046083,164.285106382979,457.575419489314,10,11,16.5,170205.888888889,1290688.65367077,500,900,1400
VT,muni,0600000US5000759275,,,553,1536,2.77757685352622,0.390243902439024,360.155080213904,542.985607532582,0,0,649.5,0.212041884816754,1,0,0,0,1,0.576853526220615,164.133620689655,851.332825322046,10,12,15,253453.398119122,1565659.94628016,2000,2500,3000
VT,muni,0600000US5000785150,,,5783,19223,3.32405325955387,0.461134059331581,572.226982337467,516.471567502604,160,525,832,0.17829678154372,0.997752031817396,0.00224796818260418,0,0,1,0.462326388888889,16.409760890927,5.23079364949725,13,16,20,198989.761922644,1383410.34294644,2500,3500,5000
VT,muni,0600000US5000915250,,,250,668,2.672,0.514767932489452,316.642487046632,488.815427907558,0,0,500,0.38860103626943,1,0,0,0,1,0.54,10.6782608695652,3.02778891616041,9,10,12,1690.65185185185,969.666570778508,1000,1500,2500
VT,muni,0600000US5001124050,,,1151,3030,2.63249348392702,0.436903499469777,931.240121580547,957.330023807314,360,750,1138,0.119825708061002,1,0,0,0,1,0.524561403508772,25.0057142857143,155.368627053946,10,12,16,70954.0919732442,815528.843924189,1125,2500,3800
VT,muni,0600000US5001159125,,,1868,5230,2.79978586723769,0.527240773286468,328.955350815025,652.807004044732,0,0,500,0.302342086586231,1,0,0,0,1,0.421816227834498,16.3557692307692,87.2267098311844,10,12,15,104362.050955414,1004743.92017078,1500,2500,3000
VT,muni,0600000US5001161675,,,5996,18465,3.0795530353569,0.517278813099331,565.018238540917,880.938861733223,0,0,1000,0.218130971801445,0.999666444296197,0.000166777851901268,0,0.000166777851901268,1,0.483026515791252,33.0065767839526,165.710970109484,15,20,25,185938.809440559,1335760.01526275,2500,4000,5000
VT,muni,0600000US5001161750,,,1939,5711,2.94533264569366,0.602520045819015,519.139896373057,755.653424499264,0,110,900,0.212993421052632,0.995874161939144,0.00412583806085611,0,0,1,0.271458117890383,34.6100583090379,186.437452491737,12,15,22,157476.96,1225527.16010399,2500,4500,6000
VT,muni,0600000US5001125225,,,4,10,2.5,0,500,707.106781186548,250,500,750,0,1,0,0,0,1,0,12,0,12,12,12,,,,,
VT,muni,0600000US5001171725,,,1420,4118,2.9,0.455580865603645,287.201117318436,576.484336857306,0,0,264,0.250698974836906,1,0,0,0,1,0.472779369627507,12.7520435967302,5.3436951329023,10,12,15,108560.384848485,1024900.14151382,1500,2500,3000
VT,muni,0600000US5001300860,,,558,1711,3.0663082437276,0.667307692307692,413.667493796526,674.591959669081,0,0,624.5,0.197044334975369,1,0,0,0,1,0.410394265232975,14.3169230769231,10.0560707239239,8,13,18,89567.7336244542,932277.718223912,1500,2000,3000
VT,muni,0600000US5001707375,,,627,1618,2.58054226475279,0.538200339558574,358.7969348659,582.636325064146,0,0,600,0.340304182509506,1,0,0,0,1,0.5312,24.1952054794521,55.0592268825679,11.5,15,20,213418.807228916,1438445.84940423,1500,2400,3550
VT,muni,0600000US5001748175,,,159,408,2.56603773584906,0.574324324324324,251.69918699187,449.613111189422,0,0,351,0.346774193548387,1,0,0,0,1,0.50314465408805,11.3766233766234,7.08043813883487,10,10,12,252962.45,1570622.58119095,2000,3000,4000
VT,muni,0600000US5001758075,,,1861,6130,3.29392799570124,0.589982527664531,452.465,725.143061219118,0,100,750,0.552104208416834,1,0,0,0,1,0.528862012094557,50.6021003500583,325.942632480749,10,12,18,585173.911642412,2341898.6749567,2000,3000,4500
VT,muni,0600000US5002125375,,,1907,5312,2.78552700576822,0.652397260273973,925.651828298887,735.201411753665,489,784,1176,0.0180831826401447,1,0,0,0,1,0.524409448818898,33.4394829612221,348.654451610039,10,12,15,242843.361361361,1531596.42989147,1200,2000,3500
VT,muni,0600000US5002155600,,,21,69,3.28571428571429,0.19047619047619,712.5,332.603367391252,437.5,725,1000,,1,0,0,0,1,1,,,,,,2859523.23809524,4627556.67640432,2000,4000,9999998
VT,muni,0600000US5002156875,,,1140,3014,2.64385964912281,0.402803738317757,376.777221526909,624.988631821857,0,0,600,0.317955112219451,1,0,0,0,1,0.5625,34.8430583501006,315.986179511447,10,12,18,268181.057902973,1610138.93327232,1500,2000,3000
VT,muni,0600000US5002157250,,,2155,6153,2.85522041763341,0.329931972789116,648.370905587669,638.200578955489,0,639,1040,0.149122807017544,1,0,0,0,1,0.371321812237272,13.6806912096168,5.47786343317782,10,12,15,292674.961006289,1676597.84832192,1700,3000,4000
VT,muni,0600000US5002161225,,,13880,39100,2.81700288184438,0.555321390937829,656.016367793958,878.96871510844,0,390,1025,0.16124784766535,0.99956772334294,0.000432276657060519,0,0,1,0.488666085440279,69.6538800705467,522.708211577568,15,20,25,209637.366785608,1417082.81474513,3000,4000,6000
VT,muni,0600000US5002161300,,,71,177,2.49295774647887,0.608695652173913,585.212765957447,694.686946578479,0,266,1059,0.181818181818182,1,0,0,0,1,0.267605633802817,22.0408163265306,7.05029308986947,15,20,27,4589.47368421053,2280.5688220369,3000,3000,7000
VT,muni,0600000US5002144125,,,4,7,1.75,0,225,450,0,0,225,0.25,1,0,0,0,1,1,,,,,,2500,1000,2000,2000,2500
VT,muni,0600000US5002303175,,,10450,28835,2.75933014354067,0.538887148971709,565.889864670314,805.536517233728,0,62,1023.75,0.211878210750533,0.999617224880383,0.000287081339712919,0,9.56937799043062e-05,1,0.418294333784568,23.014338731444,78.6678500804236,16,20,25,127176.046694406,1099676.49622885,3000,4000,6000
VT,muni,0600000US5001753425,,,2,3,1.5,0,800,1131.37084989848,400,800,1200,1,1,0,0,0,1,1,,,,,,5000,0,5000,5000,5000
VT,muni,0600000US5002303250,,,131,384,2.93129770992366,0.682926829268293,413.544554455446,636.52273368282,0,0,657,0.155339805825243,1,0,0,0,1,0.0610687022900763,20.8861788617886,6.86187286487063,16,20,25,3687.5,1066.95494616355,2500,4000,4250
VT,muni,0600000US5002305650,,,84,247,2.94047619047619,0.405063291139241,552.710144927536,1120.03651596787,0,0,780,0.20253164556962,1,0,0,0,1,0.702380952380952,22.52,5.1,19,20,30,3744.06779661017,3122.29309998612,2000,2500,3500
VT,muni,0600000US5002311125,,,214,598,2.79439252336449,0.549222797927461,350.967105263158,587.520070591513,0,0,526.25,0.331168831168831,1,0,0,0,1,0.677570093457944,9.98387096774194,3.92759024057142,7,10,12,1652.95172413793,979.956463963766,1000,1600,2500
VT,muni,0600000US5002355825,,,311,850,2.73311897106109,0.523465703971119,856.377049180328,985.591564844204,210,772.5,1200,0.316666666666667,1,0,0,0,1,0.488745980707396,12.527397260274,5.57852434508286,8,12,15,2456.97368421053,1292.77515521915,1800,2250,3000
VT,muni,0600000US5002346000,,,5493,16103,2.93154924449299,0.720025510204082,882.057069573581,2456.41628841468,0,572,1300,0.195551939245999,1,0,0,0,1,0.448589458054937,42.6918260869565,349.526259043978,18,23,30,311223.776996276,1722224.81920035,3000,4000,7000
VT,muni,0600000US5002350275,,,2096,6214,2.96469465648855,0.576506955177743,446.415643180349,722.96013684748,0,0,651.5,0.361935483870968,1,0,0,0,1,0.475167144221586,17.6375344986201,51.1292118681147,12,15,18,193803.986934673,1368898.3223344,1500,2500,4000
VT,muni,0600000US5002376975,,,1088,3324,3.05514705882353,0.483483483483484,384.965936739659,627.513175705173,0,0,637.5,0.278928136419001,1,0,0,0,1,0.495404411764706,50.3092592592593,230.3825299761,15,19,22,133197.354359926,1132853.7852528,2000,3000,4500
VT,muni,0600000US5002318550,,,181,447,2.46961325966851,0.773333333333333,346.9609375,485.300903528979,0,0,600,0.3125,1,0,0,0,1,0.145251396648045,15.6056338028169,6.24665328436111,12,15,18,3757.69230769231,1677.65862485145,2500,3750,5500
VT,muni,0600000US5002712250,,,619,1688,2.72697899838449,0.473394495412844,336.824524312896,483.340714905562,0,30,600,0.20464135021097,1,0,0,0,1,0.483037156704362,10.4545454545455,3.71258733844322,8,10,12,2056.20401337793,1407.72767366608,1000,1500,2500
VT,muni,0600000US5002713675,,,720,1626,2.25833333333333,0.438461538461539,411.449572649573,696.107337960894,0,0,700,0.367697594501718,1,0,0,0,1,0.540277777777778,16.5143769968051,5.60396645915789,12,16,20,414379.583547558,1987855.49701491,2000,3000,4000
VT,muni,0600000US5002741275,,,1749,5210,2.97884505431675,0.467977171845276,426.455858747994,641.812551969223,0,50,754.5,0.25045045045045,1,0,0,0,1,0.469364161849711,16.8366445916115,6.02736149814713,13,16,20,532670.458128079,2240093.88411975,2000,3000,4000
VT,muni,0600000US5002769550,,,5163,15110,2.92659306604687,0.521619330224671,756.463035978315,1009.2333840125,0,280,1300,0.136477557530189,0.999418942475305,0.000581057524694945,0,0,1,0.500695686742198,30.2293096487687,105.362072385189,16,21,28,159579.121476777,1234262.67815193,3000,4500,5500
VT,muni,0600000US5002784925,,,3312,8901,2.6875,0.838903743315508,538.061842658814,731.045797384961,0,138,1000,0.162559618441971,0.99969806763285,0.000301932367149758,0,0,1,0.331393358438891,33.2988445378151,191.105497213976,12,18,25,480197.82231405,2127488.92490271,3000,4500,6000
VT,muni,0600000US5002777500,,,9,25,2.77777777777778,1,794,1020.18821792844,0,520,1314,0,1,0,0,0,1,0,15.1111111111111,1.05409255338946,14,16,16,,,,,
VT,muni,0600000US5002785975,,,1325,3492,2.63547169811321,0.453267162944582,303.557765876052,542.505551018295,0,0,482.5,0.35424636572303,0.990943396226415,0.00830188679245283,0,0.000754716981132075,1,0.476981132075472,17.380655226209,7.88878952660088,12,15,20,178707.71835443,1308173.27419166,2500,4000,5000
WA,muni,0500000US53001,,,1705,4329,2.53900293255132,0.485192186515438,341.834553440703,602.614972301398,0,0,499,0.453615777940102,0.991202346041056,0.00117302052785924,0,0.00762463343108504,1,0.67876264128495,67.8454011741683,353.617985931015,10,15,20,45831.9044697634,660681.823947248,950,1600,3000
WA,muni,0500000US53003,,,3665,9228,2.51787175989086,0.697095435684647,353.282032667877,603.292075967706,0,0,600,0.277918323093603,1,0,0,0,1,0.569112393514702,69.7220383851754,336.595804981593,12,15,20,252860.012554322,1564644.42411271,1000,1500,2500
WA,muni,0500000US53005,,,1495,4022,2.69030100334448,0.697349042709868,414.739270386266,641.241900297214,0,0,720,0.336989032901296,1,0,0,0,1,0.506072874493927,29.4818941504178,165.323516425092,10,15,20,455367.709333333,2081286.70204715,1000,2000,3500
WA,muni,0500000US53007,,,12615,32468,2.57376139516449,0.712188341586309,469.286176559814,1182.36886567545,0,25,720,0.228110599078341,0.995877923107412,0.00356718192627824,0.0001585414189457,0.000396353547364249,1,0.491493691493692,32.3885245901639,238.396450375252,12,18,25,241300.242795628,1525480.98655752,1250,2500,3520
WA,muni,0500000US53017,,,1762,4571,2.59421112372304,0.692022263450835,449.057875457876,706.241125046274,0,0,720,0.300704776820673,1,0,0,0,1,0.580352072685974,38.3328729281768,159.650113535509,12,20,25,70056.5978473581,825041.289827867,600,1500,2000
WA,muni,0500000US53009,,,7319,19553,2.67153982784533,0.696336663639116,591.56029796658,845.989480136463,0,24,1100,0.201547597624618,0.996310971444186,0.00245935237054242,0.000956414810766498,0.000273261374504714,1,0.593745694999311,38.8321678321678,260.58872824579,13,18,25,116111.488399072,1060041.35952556,1200,2000,3000
WA,muni,0500000US53011,,,16736,42143,2.51810468451243,0.688880047742192,480.360340987635,737.210089300547,0,0,900,0.224126165744181,0.999342734225621,0.000239005736137667,5.97514340344168e-05,0.000358508604206501,1,0.580158203007065,29.5078757544531,188.665292862665,12,17,24,174295.960761865,1298893.86892928,1500,2400,3500
WA,muni,0500000US53013,,,748,1887,2.52272727272727,0.649045521292217,292.534686971235,568.165750820079,0,0,318,0.384485666104553,1,0,0,0,1,0.640054127198917,12.9142857142857,8.72888553155274,6,10,18,86037.1818181818,916539.085663559,300,1000,2300
WA,muni,0500000US53071,,,18941,48668,2.56945251042712,0.695508982035928,455.242653741291,757.831684856174,0,0,720,0.329810233005044,0.987381870017422,0.00638825827569822,0.00137268359643102,0.00485718811044823,1,0.488716038562664,52.5817409766454,377.709052065965,15,20,25,340195.514010312,1805083.92377756,1500,2500,4000
WA,muni,0500000US53015,,,20332,55941,2.75137713948456,0.749247029187887,638.556946542917,818.784115947309,0,200,1200,0.198488965471536,0.995032461144993,0.0032952980523313,0.00132795593153649,0.000344284871139091,1,0.50179265767813,32.5321072319202,201.504465144124,12,17,23,167556.010465935,1273772.76055017,1260,2000,3000
WA,muni,0500000US53021,,,2220,5581,2.51396396396396,0.645680819912152,581.984553775744,887.72286674466,0,0,1000,0.235159817351598,0.982432432432432,0.00810810810810811,0.00315315315315315,0.00630630630630631,1,0.528293345405161,34.8080708661417,216.755405893505,12,17,25,302220.175664096,1705962.33261327,1000,2000,3500
WA,muni,0500000US53025,,,4610,10944,2.37396963123644,0.864553314121037,634.418064876958,828.07523255274,0,60,1200,0.207725060827251,0.981127982646421,0.0180043383947939,0.000650759219088937,0.000216919739696312,1,0.453336240732665,23.1351791530945,26.069100721587,15,20,25,159877.474266474,1249997.77469096,400,700,1500
WA,muni,0500000US53027,,,34047,85950,2.52445149352366,0.587113827853957,650.6011404134,907.503458389975,0,350,1159,0.221832149347431,0.992892178459189,0.000793021411578113,0.0011454753722795,0.00516932475695362,1,0.550588728765317,83.7953131480714,405.92640487539,10,15,20,278961.583065789,1639104.42618254,1300,2000,3200
WA,muni,0500000US53045,,,3612,8922,2.47009966777409,0.674340085942296,545.227903579255,829.40257447157,0,0,1100,0.224163027656477,0.99640088593577,0,0.00166112956810631,0.00193798449612403,1,0.568468216185942,19.5141727092947,25.3604223016581,14,16,21,175006.987192118,1301673.73606268,1500,2400,3300
WA,muni,0500000US53029,,,379,864,2.27968337730871,0.655629139072848,246.845323741007,488.801238827334,0,0,270,0.379790940766551,1,0,0,0,1,0.568,56.4140127388535,262.684539397129,5,10,12,95829.323943662,966526.79159528,1500,2000,2500
WA,muni,0500000US53033,,,284580,717480,2.52118912080961,0.6342516401019,589.789680387094,909.159991271726,0,0,1003,0.234288526975838,0.967580293766252,0.00899922693091574,0.000488439103239862,0.0229320401995924,1,0.564976430806682,33.9387389659521,186.494321118242,15,20,30,52832.6774300465,698134.279680987,2000,3000,4500
WA,muni,0500000US53035,,,12412,31537,2.54084756687077,0.670361319602025,684.631515757879,956.065559781343,0,0,1350,0.202214684756584,0.990170802449243,0.00249758298420883,0.000725104737350951,0.00660650982919755,1,0.558072249318013,36.4001643385374,151.047503661643,20,25,35,912782.526588654,2874546.35074618,2500,3500,5000
WA,muni,0500000US53037,,,9041,23529,2.60247760203517,0.574693288429156,443.468331723472,701.255225321614,0,0,800,0.204202142268608,0.98960292003097,0.00984404380046455,0,0.000553036168565424,1,0.588566284042314,23.294297635605,134.563719934541,10,15,22,141333.044741874,1173067.52707822,500,1200,2500
WA,muni,0500000US53041,,,13970,34279,2.45375805297065,0.606724563779778,428.630209902581,712.735319625025,0,0,700,0.229979075518357,0.999141016463851,0.000357909806728704,0.000286327845382964,0.000214745884037223,1,0.557669874599008,32.5023065094823,205.295226633283,10,15,20,173328.344489476,1297238.04003143,1000,1700,2750
WA,muni,0500000US53063,,,84860,216681,2.55339382512373,0.614227051291861,518.132142542378,891.954441722151,0,0,900,0.240115775967535,0.992434598161678,0.0051260900306387,0.000553853405609239,0.001885458402074,1,0.641590562244132,70.1069180226358,451.112461050181,15,20,27,78606.9346812407,866526.91862125,1500,2500,3500
WA,muni,0500000US53051,,,2010,7036,3.50049751243781,0.553937432578209,450.827607361963,664.951690347356,0,0,923.75,0.241295051924252,0.990547263681592,0,0.000497512437810945,0.00895522388059702,1,0.492830589484865,26.2358695652174,135.549716300015,10,14,20,33790.349137931,567877.771688091,500,1200,2000
WA,muni,0500000US53053,,,92709,232383,2.50658512118565,0.56456747082075,522.243489726404,820.385669530144,0,0,960,0.221248585543565,0.985039208706814,0.0048107519226828,0.00143459642537402,0.00871544294512938,1,0.648210388476648,39.9438939728621,232.617783171321,13,18,25,73348.6520824215,836665.006334851,1500,2500,3500
WA,muni,0500000US53057,,,10920,26488,2.42564102564103,0.621348680638506,466.907415284276,706.809961307965,0,50,800,0.243138304993975,0.996428571428572,0,0.00265567765567766,0.000915750915750916,1,0.635102644719808,35.0793901156677,205.277831666247,10,13,19,243669.412783926,1535571.96995912,1000,1500,3000
WA,muni,0500000US53073,,,24096,61171,2.53863711819389,0.585623017468615,408.905589929593,696.3599595793,0,0,645.25,0.280627933322544,0.99800796812749,0.000249003984063745,0.000705511288180611,0.0010375166002656,1,0.656252642259237,32.869123252859,210.778393032208,10,15,20,85573.4542936288,907621.234567176,1450,2000,3000
WA,muni,0500000US53059,,,1021,2429,2.37904015670911,0.740331491712707,445.571059431525,678.839428523148,0,0,800,0.287741935483871,0.998041136141038,0.0019588638589618,0,0,1,0.447342026078235,20.3067150635209,74.1436586530655,10,12,18,23581.0381165919,473459.571586643,500,1000,1500
WA,muni,0500000US53061,,,30559,77798,2.54582937923361,0.646319051565709,561.681146615619,812.475434984221,0,35,1031,0.234734203034037,0.996793088779083,0.0017997971137799,0.000883536764946497,0.000523577342190517,1,0.585446930159891,49.4844557460422,312.337180396357,12,16,22,88264.6995798319,921758.358785393,1500,2000,3000
WA,muni,0500000US53065,,,4456,11374,2.55251346499102,0.647132481843226,415.359398052523,670.681116515974,0,0,700,0.308306237067691,0.988330341113106,0,0.00920107719928187,0.00246858168761221,1,0.562443438914027,16.4491837809373,55.9019343359887,8,12,17,58111.9062751408,748336.348243655,900,1500,2500
WA,muni,0500000US53067,,,10531,26714,2.53670116798025,0.672982384268742,716.59798447501,962.795131461616,0,200,1250,0.227381703470032,0.998195802867724,0.000284873231412022,9.49577438040072e-05,0.00142436615706011,1,0.573485360904435,33.1256470588235,160.838365253632,15,22,32,180147.770345409,1317962.61934786,1500,2800,4200
WA,muni,0500000US53075,,,8836,23708,2.6831145314622,0.625306522805297,400.235147058824,703.810047859602,0,0,573,0.41525974025974,0.995925758261657,0.000113173381620643,0.000113173381620643,0.00384789497510186,1,0.57847533632287,31.624584717608,221.99422860616,10,16,25,163545.082886106,1258414.22452082,1000,2000,3500
WA,muni,0500000US53077,,,32312,81303,2.51618593711315,0.69002358817816,456.632187720244,739.607273672351,0,22,717,0.255726698262243,0.984216390195593,0.00724189155731617,0.00396137657836098,0.00458034166872988,1,0.56236555787636,19.5796482593906,13.0808214265391,12,18,25,85062.0509451744,901816.162305045,1500,2500,4000
WI,muni,0600000US5500956575,,,518,1331,2.56949806949807,0.235789473684211,342.334164588529,607.364851678843,0,0,600,0.2325,1,0,0,0,1,0.691119691119691,13.775,5.54903810577753,10,13.5,16,3670.54469273743,2335.42558384138,2300,3300,4500
WI,muni,1600000US5519775,,,6260,19413,3.10111821086262,0.466024518388792,421.411881625442,750.679012978186,0,0,700,0.251135626216742,0.996006389776358,0,0.00383386581469649,0.000159744408945687,1,0.60377358490566,25.1322075782537,73.6394029387115,15,20,25,81180.6031788793,880274.329280615,1800,2500,4000
WI,muni,1600000US5531000,,,32593,91746,2.81489890467278,0.554836783439491,542.397753188614,812.268867387202,0,0,1000,0.217997668903983,0.998772742613445,9.20443039916546e-05,0.00113521308256374,0,1,0.544256883019808,34.1648427283364,168.469793916058,18,25,30,75131.0164234621,839050.206233059,2600,4000,5000
WI,muni,1600000US5503425,,,37,131,3.54054054054054,0.757575757575758,478.727272727273,674.322459377396,0,0,1037,0.136363636363636,1,0,0,0,1,0.638888888888889,31.5384615384615,4.5573271518765,26,35,35,3652.17391304348,4553.68178362973,650,2000,2500
WI,muni,1600000US5501150,,,652,1623,2.48926380368098,0.630434782608696,521.246124031008,793.230415896538,0,25,939.5,0.225925925925926,1,0,0,0,1,0.255555555555556,70.6521739130435,436.530518983471,15,25,35,127751.652173913,1110672.93265015,2000,4000,5000
WI,muni,0600000US5500972200,,,18,18,1,0.823529411764706,325.125,280.017112572309,300,300,300,0,1,0,0,0,1,0,,,,,,,,,,
WI,muni,1600000US5535950,,,14,34,2.42857142857143,1,633.333333333333,804.409721472833,0,0,1500,0.222222222222222,1,0,0,0,1,0.214285714285714,19.8181818181818,3.12468180198182,18,20,20,9999998,0,9999998,9999998,9999998
WI,muni,0600000US5511548900,,,9,45,5,0.777777777777778,607.625,457.951319153342,237.5,660,950,0.142857142857143,1,0,0,0,1,1,,,,,,9999998,0,9999998,9999998,9999998
WI,muni,1600000US5589150,,,705,2252,3.19432624113475,0.3888,217.336082474227,482.201516074407,0,0,100,0.281893004115226,1,0,0,0,1,0.554609929078014,11.8498402555911,4.49855478645171,10,10,14,2745.65217391304,3027.54942736152,1200,2000,3500
WI,muni,1600000US5509725,,,1074,2976,2.77094972067039,0.390170511534604,302.301818181818,546.052144020522,0,0,500,0.219660194174757,1,0,0,0,1,0.595664467483506,24.9929577464789,142.787583731699,12,15,18,145840.661392405,1185335.14272486,2500,3100,4050
WI,muni,1600000US5514475,,,1930,5280,2.73575129533679,0.557748113755078,304.406455862978,577.977520882237,0,0,386.5,0.263191763191763,0.999481865284974,0,0,0.000518134715025907,1,0.608129233976029,479.454918032787,1275.80524691686,15,20,30,320572.254498715,1752256.93697996,2300,3300,4200
WI,muni,0600000US5501589000,,,599,1559,2.60267111853088,0.550943396226415,286.747663551402,506.765628490481,0,0,379.25,0.283372365339578,1,0,0,0,1,0.542570951585977,12.4014598540146,5.67167611460068,8.25,11.5,15,2425.07692307692,1330.18044245759,1500,2000,3000
WI,muni,1600000US5556800,,,1007,2737,2.71797418073486,0.445147679324895,486.28239608802,719.905868801277,0,45,918.75,0.23500611995104,1,0,0,0,1,0.639523336643496,70.8980716253444,406.281511242496,15,18,20,80935.6847826087,878098.90369801,2400,3000,4000
WI,muni,1600000US5577400,,,386,1096,2.83937823834197,0.515850144092219,166.826855123675,375.142320586047,0,0,164,0.385964912280702,0.979274611398964,0,0.0207253886010363,0,1,0.559585492227979,9.11176470588235,3.33253326052041,6,10,10,1988.24074074074,1094.33410034124,1000,1800,3000
WI,muni,1600000US5508225,,,96,257,2.67708333333333,0.604395604395604,306.890625,600.303286236441,0,0,235.5,0.126760563380282,1,0,0,0,1,0.666666666666667,15.03125,3.42179329516537,13.75,15,18,2312.5,1216.74820339961,1000,2200,3400
WI,muni,0600000US5501719625,,,128,414,3.234375,1,862.105263157895,473.680376852583,540,960,1080,0.569767441860465,1,0,0,0,1,0.6328125,17.0526315789474,47.2033824763856,9,10,10,1138.27160493827,843.485017832944,650,850,1800
WI,muni,1600000US5514575,,,6264,17264,2.75606641123883,0.551591465547394,559.633263009845,713.737257323376,0,300,960,0.200913242009132,0.999840357598978,0.000159642401021711,0,0,1,0.562987012987013,21.0335722368917,65.3879857756786,11,15,20,210127.938004614,1425681.5809867,1500,2000,3300
WI,muni,0600000US5501721600,,,7,14,2,1,439.5,774.686818441276,46.5,79,472,0.25,1,0,0,0,1,1,,,,,,1800,0,1800,1800,1800
WI,muni,1600000US5576625,,,1863,5070,2.72141706924316,0.490116279069768,263.078500707214,521.850912896748,0,0,312,0.299290780141844,1,0,0,0,1,0.630247578040904,24.54730713246,117.718918403231,8,10,15,27055.9146029035,505649.043403336,600,1200,2000
WI,muni,1600000US5500100,,,626,1654,2.64217252396166,0.622743682310469,212.359447004608,432.610316268529,0,0,158.25,0.340425531914894,1,0,0,0,1,0.548956661316212,11.2350746268657,4.6600502715889,8,10,14,206301.225146199,1417781.31347366,1000,1550,2200
WI,muni,0600000US5502166175,,,629,1730,2.75039745627981,0.379661016949153,173.436105476673,431.513076320068,0,0,140,0.267206477732794,1,0,0,0,1,0.537360890302067,10.4536082474227,4.3438913554634,8,10,13,2007.98816568047,1299.80503211876,1400,1800,2500
WI,muni,1600000US5516450,,,2490,6376,2.56064257028112,0.438332617103567,302.719298245614,650.641341447258,0,0,310.5,0.475888943010229,1,0,0,0,1,0.611179110567116,24.1710945802338,137.603359425888,12,17,25,110185.584779706,1027944.75807923,2000,3000,4500
WI,muni,0600000US5502126875,,,67,161,2.40298507462687,0.612903225806452,235.178571428571,428.153502937816,0,0,330,0.357142857142857,1,0,0,0,1,0.298507462686567,13.5106382978723,6.97471314799127,9,10,18.5,2283,1795.03731085691,1000,1200,3500
WI,muni,0600000US5502145375,,,1039,2632,2.53320500481232,0.480908152734778,230.335766423358,503.648882161369,0,0,0,0.392466585662211,1,0,0,0,1,0.59016393442623,24.9928400954654,125.479186578502,12,15,16,84289.6895424837,900678.828261857,1600,2500,3325
WI,muni,1600000US5564100,,,6877,18746,2.72589792060492,0.467956852791878,549.38900887929,742.091369493066,0,200,900,0.221431958274064,0.999127526537734,0.00014541224371092,0.000727061218554602,0,1,0.587950036737693,44.0329471397538,258.07264769682,14,18,25,200610.726568358,1390956.52251045,1800,3000,4500
WI,muni,0600000US5502119375,,,792,1915,2.41792929292929,0.504774897680764,233.467661691542,459.183147544682,0,0,112,0.392798690671031,1,0,0,0,1,0.582908163265306,26.4215384615385,142.620700985087,8,12,15,155205.601750547,1229207.59514125,1200,1800,2900
WI,muni,1600000US5566150,,,854,2143,2.50936768149883,0.408111533586819,196.055130168453,444.817064513473,0,0,125,0.305936073059361,1,0,0,0,1,0.560889929742389,32.9086021505376,149.685212305513,11.75,15,16,232146.217118998,1499085.72710025,2000,2500,3000
WI,muni,0600000US5502160687,,,46,146,3.17391304347826,0.555555555555556,266.568181818182,520.948035516255,0,0,382.25,0.136363636363636,1,0,0,0,1,0.369565217391304,9.62068965517241,0.727706431362473,10,10,10,1476.47058823529,1010.27806306278,1000,1100,1400
WI,muni,1600000US5588150,,,900,2422,2.69111111111111,0.571782178217822,296.182085168869,601.806923089613,0,0,270,0.576419213973799,1,0,0,0,1,0.624444444444444,75.6676646706587,386.815908255096,12,15.5,20,252521.088967972,1559383.65976966,2500,3200,4400
WI,muni,1600000US5506300,,,538,1344,2.49814126394052,0.488,290.374117647059,519.259209080895,0,0,375,0.363218390804598,1,0,0,0,1,0.524163568773234,13.66015625,5.53613215080497,10,15,17,2505.4609929078,1211.88772202139,2000,2500,3000
WI,muni,1600000US5507800,,,5,15,3,1,4,8.94427190999916,0,0,0,0.6,1,0,0,0,1,1,,,,,,1500,0,1500,1500,1500
WI,muni,0600000US5502514650,,,138,365,2.64492753623188,0.495867768595041,227.712765957447,417.633286234182,0,0,245,0.44,1,0,0,0,1,0.368421052631579,17.3373493975904,16.3656966559621,10,18,20,2526.5306122449,1275.53510179782,1500,2500,3000
WI,muni,0600000US5502518725,,,181,484,2.67403314917127,0.471264367816092,154.441176470588,385.020687557818,0,0,0,0.345588235294118,1,0,0,0,1,0.530386740331492,61.0821917808219,247.850635656093,10,10,12,1786.19791666667,1054.40098853671,1000,1800,2500
WI,muni,1600000US5519350,,,85,213,2.50588235294118,0.325,265.322580645161,561.110484845068,0,0,180,0.419354838709677,1,0,0,0,1,0.623529411764706,14.15625,5.1999340876716,10,15,16,3296.22641509434,1274.86232501802,2500,4000,4500
WI,muni,1600000US5546850,,,12,25,2.08333333333333,0.818181818181818,410,902.404196207738,0,0,0,0.5,1,0,0,0,1,0.416666666666667,25,0,25,25,25,4080,2629.0682760248,1200,6000,6000
WI,muni,1600000US5548000,,,47725,128489,2.69227867993714,0.652745762711864,756.507106525214,1020.20678093823,0,300,1200,0.274678709821304,0.997904662126768,0.00184389732844421,0,0.000251440544787847,1,0.478111259797362,97.8064370086842,596.005792370125,30,36,45,156534.046470301,1215422.95359959,4000,5800,8000
WI,muni,1600000US5553675,,,4,10,2.5,1,249.666666666667,360.530627455329,43,86,374.5,0,1,0,0,0,1,0,27,0,27,27,27,,,,,
WI,muni,1600000US5548750,,,705,2048,2.90496453900709,0.648148148148148,1391.8014527845,1852.12131443811,0,425,2700,0.308724832214765,0.998581560283688,0.00141843971631206,0,0,1,0.917730496453901,1874.81034482759,3792.64850040317,50,75,85,13839.9536321484,8058.36533395154,8500,11000,16000
WI,muni,0600000US5502548025,,,39,129,3.30769230769231,0.542857142857143,355.157894736842,580.309042489708,0,0,510.5,0.25,1,0,0,0,1,0.564102564102564,33.3333333333333,15.8592292219752,15,30,50,2377.72727272727,2434.30146784732,11,2100,4000
WI,muni,1600000US5573750,,,376,977,2.59840425531915,0.762762762762763,926.119565217391,1497.2735865315,0,0,1438.75,0.216312056737589,1,0,0,0,1,0.805851063829787,120.616438356164,487.30006242267,15,30,65,372444.366336634,1871733.72803459,6000,8825,12000
WI,muni,0600000US5502508350,,,37,103,2.78378378378378,1,691.666666666667,909.265765265611,0,251.5,1215,0.0833333333333333,1,0,0,0,1,0.135135135135135,38.0625,16.3567831445767,35,40,43.75,2500,0,2500,2500,2500
WI,muni,1600000US5549575,,,403,895,2.22084367245658,0.406169665809769,300.558823529412,559.727227242498,0,0,424.5,0.285714285714286,1,0,0,0,1,0.62,148.907894736842,493.921413102698,10,12,15.5,2140.5685483871,1057.58014375473,1800,2100,2500
WI,muni,0600000US5502550250,,,3,6,2,0.333333333333333,421.666666666667,687.501515149846,25,50,632.5,0.666666666666667,1,0,0,0,1,1,,,,,,2000,0,2000,2000,2000
WI,muni,1600000US5554725,,,242,608,2.51239669421488,0.495575221238938,195.885245901639,501.934634060086,0,0,0,0.403225806451613,1,0,0,0,1,0.524793388429752,14.0377358490566,6.48797353100978,8.25,15,20,1419750.81889764,3500575.19998963,2500,3000,3800
WI,muni,1600000US5560200,,,981,2521,2.56982670744139,0.512359550561798,325.090185676393,593.730786498243,0,0,400,0.393184796854522,1,0,0,0,1,0.591233435270133,78.8807106598985,385.500465814912,15,18,25,37174.2689655172,586556.272198266,1500,2500,3600
WI,muni,1600000US5577675,,,4488,11686,2.60383244206774,0.505736137667304,296.538955354538,544.427397680751,0,0,450,0.280091927607009,0.999777183600713,0,0,0.000222816399286988,1,0.43954802259887,52.3714167012879,313.442366612497,11,14,20,454642.693059126,2078449.80735011,1200,2000,3000
WI,muni,0600000US5502582625,,,40,108,2.7,0.72972972972973,173.076923076923,312.803698581321,0,0,150,0.259259259259259,1,0,0,0,1,0.35,129.384615384615,320.676170230727,13,16,20,4571.42857142857,730.045911547372,4125,5000,5000
WI,muni,1600000US5584350,,,245,689,2.81224489795918,0.476851851851852,288.12972972973,503.460313655959,0,0,404,0.448648648648649,1,0,0,0,1,0.526530612244898,18.4224137931035,8.95122130318487,12,18,21.25,3044.61240310078,1361.3256998584,2500,3000,3500
WI,muni,1600000US5505900,,,10044,27028,2.69095977698128,0.503391107761869,383.542319353209,607.881116899833,0,0,750,0.268458917076865,0.999601752289924,9.95619275189168e-05,0.00029868578255675,0,1,0.538802214393558,60.3407139629462,338.588485861256,17,21,25,184737.657014758,1333525.12951409,2500,3300,4500
WI,muni,0600000US5502705925,,,55,157,2.85454545454545,0.604166666666667,504.277777777778,587.811272487601,0,200,886.25,0.166666666666667,1,0,0,0,1,0.363636363636364,15.9142857142857,2.61636735785717,15,16,16,2690,733.341307771634,1800,3000,3500
WI,muni,1600000US5527000,,,916,2236,2.4410480349345,0.424528301886792,208.539083557951,478.632053742616,0,0,178.75,0.423180592991914,0.986899563318777,0.0131004366812227,0,0,1,0.615300546448087,54.3187134502924,281.707998923668,10,13,17,161864.479573712,1255062.37261514,1200,2000,2600
WI,muni,1600000US5535750,,,2116,5534,2.61531190926276,0.513319672131147,388.954949238579,624.515929264937,0,0,750,0.314086294416244,1,0,0,0,1,0.650853889943074,21.6402777777778,41.6263235150585,13,16,20,207363.188046647,1413961.34564868,2500,3000,4000
WI,muni,1600000US5536625,,,563,1323,2.34991119005329,0,363.995024875622,603.665148031386,0,34.5,600,0.27007299270073,1,0,0,0,1,0.609236234458259,145.333333333333,654.041403994835,8,11,15,179140.577259475,1312335.58276165,2500,3500,6000
WI,muni,0600000US5502759000,,,786,2236,2.84478371501272,0.441828254847645,369.443262411348,635.120009616506,0,0,531.25,0.324013157894737,1,0,0,0,1,0.552564102564103,17.7988505747126,5.61952122942202,13.75,18,22,536879.429234339,2249430.65801038,2500,3200,4500
WI,muni,1600000US5538675,,,421,1075,2.55344418052257,0.467005076142132,275.644578313253,510.3409974877,0,0,296.25,0.325443786982249,1,0,0,0,1,0.543942992874109,18.5401069518717,5.67035736763318,15,18,22,134473.336244542,1139140.41336656,2500,3500,4000
WI,muni,1600000US5545475,,,570,1430,2.50877192982456,0.442307692307692,271.040302267003,529.676801005236,0,0,312,0.349633251833741,1,0,0,0,1,0.63556338028169,87.1568627450981,601.702801212653,10,15,16,30936.5152354571,526150.398292922,2000,2800,3500
WI,muni,1600000US5545950,,,236,621,2.63135593220339,0,296.090395480226,495.281351135119,0,0,450,0.194285714285714,1,0,0,0,1,0.576271186440678,42.67,138.128256531838,12,20,40,1968.89705882353,2045.68562183897,600,1500,2500
WI,muni,1600000US5550200,,,2753,7269,2.64039229930984,0.497995188452286,517.486731391586,652.858776146852,0,307,825,0.289940828402367,1,0,0,0,1,0.542199488491049,82.6067687348912,404.327440468042,12,15,20,30017.2351752022,518493.045696872,2000,3000,3500
WI,muni,1600000US5538900,,,2,2,1,1,0,,0,0,0,1,1,0,0,0,1,1,,,,,,10000,0,10000,10000,10000
WI,muni,0600000US5502745975,,,402,954,2.37313432835821,0,271.916666666667,493.993672920183,0,0,300,0.24,1,0,0,0,1,0.671641791044776,44.5692307692308,178.478754233051,10,17,20,3291.2962962963,2843.35463838306,1800,2800,4000
WI,muni,0600000US5502779425,,,406,1024,2.52216748768473,0.397402597402597,213.960486322188,477.207375814195,0,0,0,0.434650455927052,1,0,0,0,1,0.672413793103448,15.4628099173554,7.50115693556006,10,15,20,3313.91941391941,1777.19903779869,2200,3000,4000
WI,muni,1600000US5583975,,,6950,19788,2.84719424460432,0.426928385216991,405.771804511278,702.589216845449,0,0,700,0.271060275962237,1,0,0,0,1,0.589057043073341,226.208020050125,1041.39066126146,15,20,27,90325.5926383399,925581.635763258,2500,3500,5000
WI,muni,0600000US5502724000,,,153,408,2.66666666666667,0.278571428571429,382.1,555.412846696247,0,30.5,677,0.256,1,0,0,0,1,0.644736842105263,14.5555555555556,4.55849473114059,11,15,17.25,3191.83673469388,1052.23605495045,2550,3200,3500
WI,muni,1600000US5584425,,,6535,13554,2.07406273909717,0.608018178867067,474.409349715313,716.547537675964,0,25,850,0.341392368191087,0.978576893649579,0.0140780413159908,0.0071920428462127,0.000153022188217292,1,0.483343615052437,85.1248135256092,622.742050554049,17,22,27,2580686.62156988,4373547.17721509,2600,4000,9999998
WI,muni,0600000US5502714300,,,27,70,2.59259259259259,0.444444444444444,309.428571428571,474.719303991756,0,26,517.5,0.352941176470588,1,0,0,0,1,0.62962962962963,27.5,2.63523138347365,25,27.5,30,3117.64705882353,803.302008989806,2800,3000,3400
WI,muni,0600000US5503901525,,,10,27,2.7,0.4,246,239.075999074214,43,222,425,0.25,1,0,0,0,1,0.75,20,0,20,20,20,9999998,0,9999998,9999998,9999998
WI,muni,1600000US5578650,,,34270,100194,2.92366501313102,0.513107396084044,518.038814993954,782.326138933474,0,0,900,0.184013388587823,0.997986577181208,0.000641960898745258,0.00137146192004669,0,1,0.475620315905766,34.1774090619017,238.585165156808,12,15,25,142360.13660619,1174645.17154526,1100,2000,3500
WI,muni,0600000US5503323350,,,6,13,2.16666666666667,0.666666666666667,648.166666666667,843.669465292342,10,230,1304.25,0.166666666666667,1,0,0,0,1,0.666666666666667,,,,,,150,0,150,150,150
WI,muni,1600000US5539975,,,100,239,2.39,0.380434782608696,165.6,347.633249200026,0,0,171,0.35,1,0,0,0,1,0.51,7.12244897959184,3.3580292649436,5,6,10,848.627450980392,684.759869174131,250,600,1100
WI,muni,1600000US5551025,,,6374,16623,2.60793850015689,0.641882900864937,411.922134286444,657.967440703787,0,0,656,0.348854769695444,1,0,0,0,1,0.518209049345735,50.7638652602926,310.271252086796,10,15,25,270155.688469729,1614010.7406477,1200,2000,3500
WI,muni,0600000US5503387375,,,227,643,2.83259911894273,0.976851851851852,424.350877192982,745.803739154921,0,40,720,0.225433526011561,1,0,0,0,1,0.387665198237885,96.4710144927536,389.00515433939,8,10,12,1592211.15909091,3677998.77370114,1000,1400,3600
WI,muni,0600000US5503360725,,,128,413,3.2265625,0.875,397.35,582.582779415762,0,90,610,0.193548387096774,1,0,0,0,1,0.2890625,211.873563218391,371.494899792769,5,13,150,482.486486486487,392.637917851211,80,500,1000
WI,muni,1600000US5501550,,,687,3023,4.40029112081514,0.0636942675159236,581.031400966184,841.133739386665,0,0,1100,0.142284569138277,1,0,0,0,1,0.618296529968454,96.4340425531915,345.979062454168,10,15,25,231244.62244898,1499393.97350974,1000,1800,2500
WI,muni,0600000US5503509500,,,465,1320,2.83870967741936,0.539192399049881,208.368421052632,420.380385118311,0,0,226.5,0.336336336336336,1,0,0,0,1,0.576344086021505,11.5714285714286,5.35261206580971,8,10,13,150405.044776119,1214669.63415112,500,1000,1800
WI,muni,1600000US5522300,,,18498,49758,2.68991242296464,0.542915279319275,735.479897959184,882.825083223233,0,425,1285.25,0.2011641443539,0.999135041626122,0.000540598983673911,0.000324359390204346,0,1,0.521569053569488,41.6199334022276,263.328039099295,15,21,30,118317.752291667,1063943.41668586,2000,3300,4800
WI,muni,0600000US5503572675,,,1,1,1,,,,,,,,1,0,0,0,1,,,,,,,,,,,
WI,muni,1600000US5509300,,,706,1749,2.47733711048159,0.475,241.047619047619,456.967183244423,0,0,312.5,0.357394366197183,1,0,0,0,1,0.601983002832861,35.4889705882353,179.350138563165,9,12,20,143827.454117647,1180833.88555475,2000,2500,3200
WI,muni,1600000US5512325,,,233,735,3.15450643776824,0.392523364485981,285.806451612903,647.70968199739,0,0,206.25,0.258064516129032,1,0,0,0,1,0.643776824034335,376.590361445783,1432.43184008571,12,15,22.5,2642.93333333333,1519.97065790589,1200,2000,4500
WI,muni,1600000US5525075,,,293,666,2.27303754266212,0.366666666666667,272.170616113744,547.804448328659,0,0,342,0.279475982532751,1,0,0,0,1,0.600682593856655,65.6140350877193,214.389667098942,10,10,15,172931.613636364,1297773.56331133,1700,2500,3200
WI,muni,1600000US5526275,,,19709,53853,2.7324065147902,0.496951219512195,443.807923019245,737.326282651298,0,0,756.25,0.23505308251071,0.999949261758587,5.07382414125526e-05,0,0,1,0.527098614506928,33.2583804962995,189.786830113076,18,22,30,139855.016621569,1158952.19436004,2500,3500,4500
WI,muni,1600000US5558000,,,1636,4502,2.7518337408313,0.344383057090239,516.770320656227,828.606260697886,0,0,900,0.123188405797101,1,0,0,0,1,0.639975550122249,18.1453590192644,5.92540400597604,15,17,23,31285.4145176695,534636.219016694,2000,2500,3000
WI,muni,0600000US5503958925,,,643,1653,2.57076205287714,0.498360655737705,257.606463878327,526.665285479846,0,0,256,0.310606060606061,1,0,0,0,1,0.620528771384137,13.0785123966942,3.76900895239693,10,12,15,227753.273182957,1486374.73237215,1500,2000,3000
WI,muni,1600000US5558900,,,1,1,1,1,395,,395,395,395,0,1,0,0,0,1,1,,,,,,9999998,,9999998,9999998,9999998
WI,muni,1600000US5568175,,,4563,12457,2.73000219154065,0.474039580908033,416.209752111141,707.643300685937,0,0,760,0.350576184379001,1,0,0,0,1,0.627782724844168,48.8219346888478,343.530695576693,15,20,28,308372.580496454,1719190.5532054,2000,3000,4500
WI,muni,1600000US5569525,,,198,482,2.43434343434343,0.490322580645161,255.64,486.054769195528,0,0,258.75,0.310810810810811,1,0,0,0,1,0.606060606060606,122.282051282051,481.168839266896,10,12,14,2862.08333333333,1203.86275763298,2000,2600,3500
WI,muni,0600000US5503949650,,,6,21,3.5,0.333333333333333,335,584.32011774369,0,120,262.5,0.166666666666667,1,0,0,0,1,1,,,,,,9999998,0,9999998,9999998,9999998
WI,muni,1600000US5508850,,,1904,4856,2.55042016806723,0.533826037521319,239.250325945241,471.586831361859,0,0,294,0.338110749185668,0.999474789915966,0.000525210084033613,0,0,1,0.651602732527588,12.9454828660436,5.66279313179708,10,12,15,66728.9403225807,800770.035355808,1200,2000,3000
WI,muni,0600000US5504313075,,,931,2485,2.66917293233083,0.489117983963345,216.29403202329,517.484088860524,0,0,200,0.362445414847162,1,0,0,0,1,0.520697167755991,10.8545454545455,4.52698588021438,8,10,13,106586.631799163,1018252.78930482,1000,2000,3000
WI,muni,1600000US5525600,,,1548,4011,2.59108527131783,0.521646557842441,215.307755775578,444.066080559487,0,0,226.25,0.336079077429984,1,0,0,0,1,0.623948220064725,21.7773359840954,52.9040148204646,12,15,20,458644.404564315,2087698.97657991,1400,2500,3500
WI,muni,0600000US5504333525,,,307,796,2.5928338762215,0.270462633451957,206.821862348178,451.510104695394,0,0,140,0.327935222672065,1,0,0,0,1,0.576547231270358,27.6461538461539,126.899451226262,7,8,10,1357.51412429379,1476.17423640295,500,1000,1500
WI,muni,1600000US5542250,,,2858,7016,2.45486354093772,0.542488619119879,297.352242744063,568.207029794706,0,0,403.75,0.387423043095866,0.997550734779566,0.00244926522043387,0,0,1,0.58595988538682,23.5614186851211,97.6588311763467,10,15,25,45686.2053789731,652730.680001707,1600,2900,4000
WI,muni,0600000US5504361450,,,183,450,2.45901639344262,0.449704142011834,214.308219178082,397.76949771355,0,0,300,0.38,1,0,0,0,1,0.562841530054645,7.3125,2.45771196466669,5,7,10,1461.35922330097,955.242550600538,950,1300,2000
WI,muni,1600000US5563250,,,4690,12692,2.70618336886994,0.4994269997708,270.834389857369,609.441100298036,0,0,206,0.336939313984169,1,0,0,0,1,0.539569892473118,23.4981078524125,109.27702976595,10,15,25,46218.4248704663,660657.593723087,1300,2000,3000
WI,muni,1600000US5500750,,,6,21,3.5,0,150,300,0,0,150,0.5,1,0,0,0,1,1,,,,,,2500,0,2500,2500,2500
WI,muni,0600000US5510576325,,,5,9,1.8,0.6,16.6666666666667,28.8675134594813,0,0,25,0.6,1,0,0,0,1,1,,,,,,6000278.8,5476841.07381629,700,9999998,9999998
WI,muni,0600000US5504511725,,,193,482,2.49740932642487,0.461956521739131,289.978723404255,502.023810876466,0,0,528,0.221428571428571,1,0,0,0,1,0.404145077720207,10.7304347826087,3.82127410351811,8,10,13,1150.64102564103,895.93938185425,462.5,1000,1675
WI,muni,1600000US5553750,,,6137,16253,2.64836239204823,0.541009743135518,360.398857895893,632.865853413639,0,0,600,0.385157545605307,0.999022323610885,0.000977676389115203,0,0,1,0.549486924859318,24.5410447761194,88.8060438949889,15,20,25,54812.9792168675,713592.661379553,2000,3500,5000
WI,muni,0600000US5504553775,,,3,6,2,0.333333333333333,9.33333333333333,16.1658075373095,0,0,14,0.666666666666667,1,0,0,0,1,1,,,,,,1500,0,1500,1500,1500
WI,muni,0600000US5504583625,,,676,1595,2.3594674556213,0.416798732171157,242.295081967213,512.71588687201,0,0,257,0.356884057971014,1,0,0,0,1,0.566568047337278,16.1393728222997,28.3794484567648,10,13,17,3269.86945169713,2024.31624644842,2000,2800,4000
WI,muni,1600000US5556700,,,973,2403,2.46968139773895,0.367436743674367,288.522613065327,536.422016105062,0,0,376.25,0.255930087390762,1,0,0,0,1,0.611340206185567,36.7493261455526,292.253054395671,10,15,20,273719.187183811,1621021.62292319,2400,3200,4200
WI,muni,0600000US5504965700,,,86,246,2.86046511627907,0.333333333333333,235,463.795650903608,0,0,360,0.366197183098592,1,0,0,0,1,0.511627906976744,9.19047619047619,5.0761906940967,5,7,11.5,1383.86363636364,1009.57040347723,80,1500,2125
WI,muni,1600000US5515975,,,231,570,2.46753246753247,0.295774647887324,164.095238095238,404.945493348903,0,0,0,0.291005291005291,1,0,0,0,1,0.510822510822511,11.0275229357798,6.35880654362053,8,10,12,2219.87288135593,1435.09290652884,1050,2000,3000
WI,muni,1600000US5520350,,,1265,3049,2.4102766798419,0.565957446808511,312.818805093046,618.152411150137,0,0,442,0.401109057301294,1,0,0,0,1,0.591304347826087,59.5398058252427,278.895954038331,10,15,25,2834.72727272727,1623.83130514898,1900,2800,3500
WI,muni,0600000US5504934475,,,797,2292,2.87578419071518,0.43265306122449,192.504317789292,416.681752587994,0,0,175,0.316062176165803,1,0,0,0,1,0.540506329113924,12.8627450980392,48.1104264234429,6,8,11,118133.770491803,1076903.74585728,500,1000,1500
WI,muni,0600000US5504954425,,,283,735,2.59717314487633,0.607142857142857,209.932367149758,406.085271625033,0,0,345,0.365384615384615,1,0,0,0,1,0.424028268551237,31.717791411043,197.778854841089,7,10,10,2144.5,1013.868413387,1475,2000,3000
WI,muni,1600000US5544625,,,445,1149,2.58202247191011,0.521197007481297,175.005934718101,290.75501054178,0,0,300,0.327380952380952,1,0,0,0,1,0.38876404494382,6.98161764705882,2.0892521378075,5,7,8,913.93063583815,515.184699142363,600,900,1100
WI,muni,1600000US5553100,,,1470,3996,2.71836734693878,0.535952557449963,281.720149253731,543.088823026525,0,0,400,0.305738476011289,1,0,0,0,1,0.547619047619048,34.9422492401216,155.108013650934,8,10,15,275000.360248447,1631135.46521894,600,1500,2900
WI,muni,0600000US5504953125,,,787,2132,2.70902160101652,0.469135802469136,265.674740484429,443.54620049983,0,0,428.75,0.270408163265306,1,0,0,0,1,0.444726810673443,56.1303317535545,455.053503240846,7,10,15,287656.088571429,1668038.32292346,700,1500,3100
WI,muni,0600000US5504951725,,,5,15,3,1,363.666666666667,629.889143685882,0,0,545.5,0.333333333333333,1,0,0,0,1,0,32,0,32,32,32,,,,,
WI,muni,0600000US5504967900,,,426,1117,2.62206572769953,0.5525,205.461988304094,562.131946726341,0,0,200,0.35672514619883,1,0,0,0,1,0.448356807511737,8.85957446808511,4.14706463866842,7,8,10,1744.4502617801,1185.77382523749,1000,1500,2000
WI,muni,1600000US5526675,,,6029,15304,2.53839774423619,0.431605025659175,484.216940363008,753.039447711883,0,0,900,0.287807986406117,1,0,0,0,1,0.577328205985621,90.2004830917874,434.036851877261,18,22,27,105125.422820736,1001433.46442516,2500,3500,5000
WI,muni,1600000US5537900,,,3010,8144,2.70564784053156,0.416126709863211,386.495917642883,667.293677734799,0,0,700,0.265625,1,0,0,0,1,0.642832822608104,47.0760975609756,285.865417936931,16,20,25,88612.2235169492,916553.462726227,2750,3500,5000
WI,muni,1600000US5538350,,,471,1237,2.62632696390658,0.462616822429907,339.621621621622,630.559095113985,0,0,339.5,0.353099730458221,1,0,0,0,1,0.598726114649682,31.9668508287293,77.4973046522326,12,15,18,747414.921985816,2629201.26954029,2000,2800,4000
WI,muni,1600000US5541675,,,2183,5529,2.53275309207513,0.396585365853659,342.47661971831,609.385690999083,0,0,654.5,0.35815002820079,1,0,0,0,1,0.619202226345084,78.690036900369,511.967627961395,15,20,25,63331.1962546817,771817.533757511,2300,3000,4000
WI,muni,1600000US5561025,,,692,1695,2.44942196531792,0.536923076923077,304.769230769231,651.031093251918,0,0,400,0.176656151419558,1,0,0,0,1,0.562952243125905,25.5066225165563,122.330681503291,10,10,18,2390.69665809769,1481.82584000876,1000,2000,3500
WI,muni,0600000US5505578200,,,286,699,2.44405594405594,0.285714285714286,216.332155477032,514.364583483837,0,0,0,0.278169014084507,1,0,0,0,1,0.657342657342657,65.4591836734694,117.411178832301,12,20,30,4531.1170212766,7659.96274317797,2350,3000,4200
WI,muni,1600000US5583925,,,1455,3569,2.45292096219931,0.47032967032967,288.474874371859,486.367395813256,0,0,500,0.343053173241852,1,0,0,0,1,0.627491408934708,69.6307977736549,412.498253975705,12,15,20,47219.1314348302,660589.164843416,2500,3500,4000
WI,muni,0600000US5502743050,,,29,79,2.72413793103448,0.241379310344828,509.8,692.48868823493,0,0,800,0.12,1,0,0,0,1,0.758620689655172,30,0,30,30,30,5704.54545454546,1151.18045944867,4500,6250,6500
WI,muni,1600000US5539225,,,38464,107779,2.8020746672213,0.503509592887225,527.296588101756,777.153233433373,0,0,1000,0.180720085185678,0.998388103161398,0.00148190515806988,0,0.000129991680532446,1,0.479508841895367,48.3067634075803,257.902051170974,20,25,30,46605.0604070913,647467.143041852,3000,4000,5000
WI,muni,1600000US5574625,,,210,562,2.67619047619048,0.510204081632653,525.237804878049,820.913675193869,0,0,800,0.207317073170732,1,0,0,0,1,0.364077669902913,340.348837209302,1571.97716691414,18,23,25,3404.66666666667,1375.86074614868,3000,3500,4000
WI,muni,1600000US5563300,,,22,62,2.81818181818182,0.473684210526316,294.714285714286,536.356716628521,0,0,340.5,0.571428571428571,1,0,0,0,1,0.590909090909091,20.5555555555556,5.2704627669473,15,25,25,7923.07692307692,1891.27551586835,8000,8000,10000
WI,muni,0600000US5505974650,,,6,10,1.66666666666667,0.166666666666667,531.833333333333,857.632186118657,0,0,914.25,0,0.5,0.5,0,0,1,0,19,5.47722557505166,15,15,25,,,,,
WI,muni,1600000US5571163,,,4,10,2.5,1,600,848.528137423857,300,600,900,0,1,0,0,0,1,1,,,,,,2500,0,2500,2500,2500
WI,muni,1600000US5581250,,,409,958,2.34229828850856,0.38618925831202,217.871428571429,488.54944412337,0,0,167.5,0.324786324786325,1,0,0,0,1,0.56479217603912,19.3932584269663,11.2547471240137,13,18,22.75,3335.670995671,2682.54929935303,1750,2500,3500
WI,muni,1600000US5501000,,,2470,6617,2.67894736842105,0.448772226926334,327.768108108108,581.165948937685,0,0,600,0.199892530897367,1,0,0,0,1,0.549797570850202,16.3600729261623,27.9484465963309,10,14,18,120610.668630339,1079130.90041538,1800,2500,3500
WI,muni,0600000US5506144425,,,45,125,2.77777777777778,0.644444444444445,289.727272727273,577.648751011767,0,0,80,0.181818181818182,1,0,0,0,1,0.622222222222222,9.82352941176471,1.59041245112891,9,9,12,2385.71428571429,546.852465522118,2000,2400,3000
WI,muni,1600000US5539350,,,1386,3645,2.62987012987013,0.402325581395349,411.785849056604,692.805040241808,0,0,780,0.258734655335222,1,0,0,0,1,0.566666666666667,22.6352739726027,106.386873806303,10,15,20,80202.2800511509,872824.627575469,2000,3000,4500
WI,muni,0600000US5506185775,,,900,2501,2.77888888888889,0.364182692307692,392.915052160954,612.82037513131,0,0,800,0.186011904761905,1,0,0,0,1,0.652947719688543,23.6314102564103,72.0998015922697,10,14,20,855155.550255537,2792830.04171018,2200,3500,5000
WI,muni,1600000US5546400,,,468,1266,2.70512820512821,0.272151898734177,222.133903133903,441.491021447461,0,0,200,0.321937321937322,1,0,0,0,1,0.572649572649573,13.1948717948718,5.08109233719963,10,14,16,77760.4328358209,861977.700518061,2000,3000,4000
WI,muni,1600000US5540775,,,34211,96432,2.8187425097191,0.559136727019939,490.558727475314,777.44922207102,0,0,840,0.221605269204258,0.999707696354974,0.000146151822513227,5.84607290052907e-05,8.7691093507936e-05,1,0.490658269605638,34.8170840521087,195.261002059424,16,20,30,125983.976101705,1098472.90074039,2200,3200,4800
WI,muni,0600000US5506373125,,,31,64,2.06451612903226,0.466666666666667,659.633333333333,915.303924777253,0,0,1100,0.1,1,0,0,0,1,0.612903225806452,31.25,10.988630487918,21,25,40,3105.26315789474,2224.10373564287,1000,1750,4750
WI,muni,1600000US5559925,,,1612,4666,2.89454094292804,0.5875,329.795096322242,568.071660170609,0,0,535.25,0.18898931799507,1,0,0,0,1,0.565487274984482,34.9514285714286,293.243794896759,10,15,20,67961.9275521405,809149.259934465,1300,2000,3000
WI,muni,1600000US5586275,,,562,1439,2.56049822064057,0.469111969111969,254.275938189846,490.769845188452,0,0,360,0.306843267108168,1,0,0,0,1,0.50355871886121,16.0074349442379,5.55366798588384,12,16,20,38454.9399293286,594253.696157459,2000,3000,4000
WI,muni,1600000US5551250,,,8521,24121,2.83077103626335,0.476282671829623,400.63125,633.054706850595,0,34,660,0.227286869943995,1,0,0,0,1,0.626457768877371,119.052943110819,687.953357334026,9,12,20,272740.253854833,1622929.06554432,1000,1600,2500
WI,muni,0600000US5506972300,,,40,96,2.4,0.916666666666667,643,654.019877373769,0,421.5,1255,0.1,1,0,0,0,1,0.65,527.928571428572,834.921780241047,20,26,1356.5,3407.69230769231,1209.27187246643,2125,3800,4000
WI,muni,0600000US5506972100,,,4,10,2.5,0,557.5,634.274782724333,333.25,557.5,781.75,0,1,0,0,0,1,1,,,,,,1200,0,1200,1200,1200
WI,muni,0600000US5506962950,,,8,24,3,0,369.75,436.264732320488,150,239.5,459.25,0,1,0,0,0,1,1,,,,,,2150,648.074069840786,2150,2500,2500
WI,muni,1600000US5548225,,,262,853,3.25572519083969,0.214285714285714,475.191011235955,547.21962614729,0,305.5,876,0.197860962566845,1,0,0,0,1,0.0458015267175573,7.03734439834025,2.73455046611484,4,6,10,5416.66666666667,4806.876387641,1250,5000,5000
WI,muni,0600000US5507379350,,,4,10,2.5,0,150,300,0,0,150,0,1,0,0,0,1,1,,,,,,1500,0,1500,1500,1500
WI,muni,1600000US5580125,,,1842,5144,2.79261672095548,0.492700729927007,344.900213827513,603.984330382857,0,0,512,0.226818830242511,0.998914223669924,0.001085776330076,0,0,1,0.553561718325177,25.182382133995,151.978186526582,10,12,18,443945.515717092,2056088.75463071,1200,1700,2750
WI,muni,1600000US5539525,,,1474,3742,2.53867028493894,0.37946103423161,347.826724137931,609.716926194132,0,0,685,0.347602739726027,1,0,0,0,1,0.558723693143245,17.0753846153846,6.92456672103252,12,16,20,15698.4799513973,348457.04981987,3000,3500,4000
WI,muni,0600000US5507172075,,,198,517,2.61111111111111,0.301587301587302,343.594936708861,843.782045679536,0,0,400,0.310126582278481,1,0,0,0,1,0.570707070707071,32.0243902439024,88.2278161688246,8,15,20,622605.362831859,2420518.87423879,3000,3000,4500
WI,muni,1600000US5571025,,,10,34,3.4,0,354.333333333333,549.429400984937,0,0,769.5,0.166666666666667,1,0,0,0,1,1,,,,,,2450,724.568837309472,2000,2000,3125
WI,muni,0600000US5507122275,,,17,36,2.11764705882353,0.75,365.333333333333,707.933276382403,0,0,390,0.333333333333333,1,0,0,0,1,0.235294117647059,17.6153846153846,3.20256307610174,15,17,17,4250,2020.72594216369,2500,4250,6000
WI,muni,1600000US5548500,,,17160,45947,2.6775641025641,0.448542833763454,506.843203737191,772.301923325414,0,0,900,0.226194052267948,0.999475524475525,0,0.000524475524475525,0,1,0.520980055631177,35.8865619546248,228.771124161008,18,23.5,30,155757.340338521,1219340.41431402,3000,4200,5500
WI,muni,0600000US5507148575,,,7,28,4,1,675,954.594154601839,337.5,675,1012.5,0,1,0,0,0,1,0,25,0,25,25,25,,,,,
WI,muni,0600000US5507127275,,,660,1854,2.80909090909091,0.382695507487521,181.304703476483,407.861505140376,0,0,52,0.188524590163934,1,0,0,0,1,0.534848484848485,12.1628664495114,4.73957634324826,8,12,15,201135.291784703,1395735.06268042,1500,2500,4000
WI,muni,1600000US5566875,,,13,35,2.69230769230769,0.0769230769230769,414.75,732.434638722118,0,0,456,0.125,1,0,0,0,1,0.692307692307692,20,0,20,20,20,3255.55555555556,1475.72957474524,1700,4500,4500
WI,muni,1600000US5581325,,,10238,29614,2.89255714006642,0.41024550961845,480.291815417163,670.16810202566,0,0,937,0.175003282132073,1,0,0,0,1,0.505705292150305,19.7795118047219,7.11751359687087,15,20,24,64096.3971989885,773967.519234502,2500,3500,4500
WI,muni,0600000US5507153350,,,21,53,2.52380952380952,0.526315789473684,157.4375,328.431417244656,0,0,48,0.4375,1,0,0,0,1,0.238095238095238,24.125,2.39095517872391,25,25,25,2500,1369.30639376292,1500,1500,4000
WI,muni,0600000US5507332150,,,241,702,2.91286307053942,0.519047619047619,173.388535031847,361.264439861907,0,0,160,0.279761904761905,1,0,0,0,1,0.510373443983403,10.8173913043478,4.84058610467429,7,10,15,2373.41463414634,1144.93884815461,2000,2000,3000
WI,muni,0600000US5507387025,,,409,1223,2.99022004889976,0.470430107526882,717.384615384615,628.956973234325,205.25,600,1000,0.311787072243346,1,0,0,0,1,0.454545454545455,60.8708133971292,268.583924643191,8,10,15,218617.924324324,1458035.77586877,1300,2000,3500
WI,muni,1600000US5523075,,,81,207,2.55555555555556,0.37037037037037,292.909090909091,389.653502497356,0,165.5,466.25,0.25531914893617,1,0,0,0,1,0.62962962962963,8.03448275862069,3.5705417618208,6,7,10,981634.31372549,3002852.04321748,1000,1400,2000
WI,muni,0600000US5507366950,,,40,122,3.05,0.272727272727273,129.826086956522,238.691061677854,0,0,138,0.304347826086957,1,0,0,0,1,0.85,4,2.19089023002066,2,4,6,688.235294117647,536.975088797707,500,500,600
WI,muni,1600000US5549100,,,6,21,3.5,1,715,,715,715,715,0,1,0,0,0,1,0,12,0,12,12,12,,,,,
WI,muni,1600000US5554500,,,1314,3613,2.7496194824962,0.510344827586207,499.727941176471,785.989450257879,0,0,999.25,0.265432098765432,1,0,0,0,1,0.606544901065449,17.4647058823529,15.6987144685291,12,15,20,103616.491844417,997140.341902697,2000,3000,4000
WI,muni,1600000US5569725,,,627,1780,2.83891547049442,0.745974955277281,1425.62679425837,747.884776482314,1080,1300,1620,0.218487394957983,1,0,0,0,1,0.69016393442623,221.428571428571,562.095952227602,15.25,20,26,74302.9429928741,841880.334702921,2200,3000,3900
WI,muni,1600000US5586025,,,1382,4319,3.12518089725036,0.465721040189125,1016.3112745098,547.390614807834,600,1025,1400,0.18595041322314,0.989146164978292,0,0.0108538350217077,0,1,0.695369030390738,97.8421052631579,760.386973264394,10,12.5,17,96349.1997918835,963439.878719796,1500,2500,3500
WI,muni,1600000US5575400,,,5,15,3,1,450,636.396103067893,225,450,675,0,1,0,0,0,1,0,12,0,12,12,12,,,,,
WI,muni,1600000US5577750,,,769,2273,2.95578673602081,0.425587467362924,224.006711409396,502.608894464889,0,0,146.25,0.13728813559322,1,0,0,0,1,0.634590377113134,207.572953736655,652.784001561358,10,15,20,145742.635245902,1189997.17983218,1600,2000,3000
WI,muni,1600000US5584475,,,19816,56107,2.83139886960032,0.491450876903623,628.281489414285,836.807198004979,0,300,1050,0.173172462739532,0.999798142914816,0.000100928542591845,0,0.000100928542591845,1,0.609293528269093,44.6963329764454,256.066505314197,15,20,28,154518.433677322,1219206.94484249,2000,3000,4500
WI,muni,0600000US5507384500,,,584,1366,2.33904109589041,0.633663366336634,524.387012987013,731.709409346861,0,208,874,0.2590799031477,1,0,0,0,1,0.231833910034602,34.0079155672823,144.932888832109,12,15,20,2540460.01492537,4365944.09468743,1750,3450,7505248.5
WI,muni,1600000US5572150,,,12,25,2.08333333333333,0.9,819.714285714286,766.417361121583,91,900,1389.5,0.333333333333333,1,0,0,0,1,0.25,22.7777777777778,9.39118972465387,15,20,35,20,0,20,20,20
WI,muni,0600000US5507367325,,,18,44,2.44444444444444,1,383.2,441.648628562471,0,250,714,0,1,0,0,0,1,0.166666666666667,13.6,3.04255531702266,10,16,16,3200,0,3200,3200,3200
WI,muni,0600000US5507564775,,,3,6,2,1,440,622.253967444162,220,440,660,0,1,0,0,0,1,0,7,0,7,7,7,,,,,
WI,muni,1600000US5549300,,,13869,39763,2.86704160357632,0.398805313212293,370.217082187885,639.181501555226,0,0,600,0.211500330469266,0.998990554474007,0.000793135770423246,7.21032518566587e-05,0.000144206503713317,1,0.583806198166739,36.1848418756816,253.415616058016,10,14,20,305114.020934579,1713283.40392922,1200,2000,3000
WI,muni,0600000US5507562200,,,1251,3323,2.65627498001599,0.483274647887324,428.634989200864,620.798731040036,0,0,850,0.22354211663067,1,0,0,0,1,0.548878205128205,20.5160142348754,102.572128926771,10,12,15,104435.702189781,1006218.37481754,1500,2000,3000
WI,muni,0600000US5507557350,,,1850,5649,3.05351351351351,0.4,600.726004922067,800.968318165045,0,0,1416.5,0.105815831987076,1,0,0,0,1,0.745405405405406,133.988986784141,412.809698966195,15,20,25,53390.2487309645,710730.808954648,1700,2500,3520
WI,muni,1600000US5557325,,,294,878,2.98639455782313,0.788321167883212,503.431279620853,709.199037659335,0,0,1100,0.23963133640553,1,0,0,0,1,0.659863945578231,78.1958762886598,426.260108364386,10,13,23,3022.42268041237,1774.89138738005,2000,3000,4000
WI,muni,1600000US5562175,,,794,2231,2.80982367758186,0.460055096418733,448.386324786325,661.187110444651,0,0,998,0.194539249146758,1,0,0,0,1,0.709068010075567,14.0822510822511,5.27728406327627,10,13,18,2538.91651865009,1485.37630725593,1600,2000,3000
WI,muni,0600000US5508309375,,,310,953,3.0741935483871,0.527675276752768,188.767543859649,427.380581665955,0,0,0,0.331858407079646,1,0,0,0,1,0.506451612903226,100.895424836601,435.671731253177,8,11,20,1658.59872611465,1019.03955447672,1000,1600,2500
WI,muni,0500000US55079,,,507672,1414009,2.78528065365039,0.54663324909028,583.700502012596,884.287306743269,0,0,1037,0.192528434469714,0.991709213823098,0.00790274035203832,0.000218645109440741,0.000169400715422556,1,0.398393835910696,52.8203046296885,302.726282793307,22,30,38,69757.2033103448,800126.575848323,3000,4500,6000
WI,muni,0600000US5508329075,,,2,3,1.5,1,0,,0,0,0,0.5,1,0,0,0,1,0,10,0,10,10,10,,,,,
WI,muni,1600000US5543325,,,11,35,3.18181818181818,0.555555555555556,0,0,0,0,0,0.428571428571429,1,0,0,0,1,0.272727272727273,8,0,8,8,8,4000,0,4000,4000,4000
WI,muni,1600000US5559350,,,5328,15369,2.88457207207207,0.349532330215535,291.87595939589,551.323548823003,0,0,434,0.235977267111441,0.999812312312312,0,0.000187687687687688,0,1,0.681387414708112,168.467233009709,763.890297291863,8,12,20,173708.901529903,1301892.02128789,500,1000,1500
WI,muni,1600000US5559400,,,1631,4562,2.79705702023299,0.968085106382979,298.494137353434,535.416351344111,0,0,415,0.143702451394759,1,0,0,0,1,0.515634580012262,13.503259452412,31.4463308774574,7,10,15,406091.179548157,1970411.14250953,850,1500,2500
WI,muni,0600000US5508309425,,,5,15,3,1,480,,480,480,480,1,1,0,0,0,1,0,5,0,5,5,5,,,,,
WI,muni,1600000US5502375,,,22987,63514,2.76303997911863,0.459855713288341,521.396697927781,825.410611799146,0,0,902,0.21669449081803,0.999651977204507,0,0.000261017096619829,8.70056988732762e-05,1,0.617488006977759,32.8093425605536,223.46196843607,20,25,30,56176.7906631824,715881.54789905,3000,4000,5200
WI,muni,0600000US5508730075,,,208,530,2.54807692307692,0.683937823834197,487.331360946746,623.928440664601,0,96,900,0.137142857142857,1,0,0,0,1,0.25,20.2692307692308,7.80516467049215,15,18,25,3939.51923076923,1779.73044324227,2300,4500,5000
WI,muni,1600000US5544950,,,2589,9222,3.56199304750869,0.386915077989601,398.855295566503,618.488418817202,0,0,747.75,0.179644389944819,0.996523754345307,0,0.00347624565469293,0,1,0.746591820368885,15.9857142857143,4.9311429499297,13,15,18,116155.852309345,1055906.35844655,3000,3500,4000
WI,muni,0600000US5508710750,,,18,72,4,1,306,692.517689304757,0,0,0,0.222222222222222,1,0,0,0,1,1,,,,,,3061.11111111111,822.577647962856,2800,2800,2800
WI,muni,1600000US5516500,,,376,1308,3.47872340425532,0.375,540.491379310345,727.097931865278,0,0,1200,0.125,1,0,0,0,1,0.694148936170213,17.1578947368421,6.41565969592795,12,16,20,691946.030651341,2538198.24306562,1800,2500,3000
WI,muni,0600000US5508735825,,,480,1264,2.63333333333333,0.646370023419204,145.718918918919,400.784429914263,0,0,0,0.189839572192513,1,0,0,0,1,0.585416666666667,11.6030150753769,5.76020753648755,8,10,13,2608.75444839858,1324.25351486486,1900,2400,3000
WI,muni,1600000US5538800,,,5850,17517,2.99435897435897,0.385321100917431,425.56903864279,659.353074408152,0,0,874.25,0.230171805130619,0.998290598290598,0,0.00170940170940171,0,1,0.61437908496732,35.9531742458352,202.065925744302,13,16,20,19861.1889697648,409435.282921106,2100,2900,3700
WI,muni,1600000US5539650,,,2478,8614,3.47619047619048,0.196113074204947,536.784794604537,718.343881567757,0,0,1200,0.0783833435394979,1,0,0,0,1,0.76926196269262,18.563055062167,7.17455363290863,14,18,21,3578.94728518714,1192.38385062013,3000,3500,4000
WI,muni,1600000US5556925,,,724,1869,2.58149171270718,0.6,335.195777351248,607.164535472866,0,0,680,0.218809980806142,1,0,0,0,1,0.596662030598053,16.2214532871972,11.4742808703524,11,15,20,2532.96037296037,2180.64293246128,1600,2000,3000
WI,muni,1600000US5572725,,,1330,3392,2.55037593984962,0.468364831552999,285.199222546161,577.501906072097,0,0,410,0.34917555771096,1,0,0,0,1,0.609022556390977,24.2699029126214,128.559146885957,10,12,20,113359.324691358,1048630.01676982,1400,2000,3000
WI,muni,0600000US5508708975,,,8,11,1.375,0.666666666666667,297.333333333333,458.74248404379,0,2.5,660.5,0.333333333333333,1,0,0,0,1,0,,,,,,,,,,
WI,muni,1600000US5506150,,,313,829,2.64856230031949,0.555555555555556,422.356097560976,604.714504850722,0,60,750,0.253164556962025,1,0,0,0,1,0.680511182108626,20.87,3.95595702196017,19.5,20,25,3259.62441314554,1272.94927560729,2500,3000,4000
WI,muni,1600000US5513375,,,2249,5739,2.55180080035571,0.444901691815272,432.304249291785,741.003791374336,0,0,720,0.354344122657581,1,0,0,0,1,0.566071428571429,332.236570247934,954.603981748682,18,25,30,84100.905362776,884447.87178015,3500,4500,6000
WI,muni,1600000US5530000,,,1111,3081,2.77317731773177,0.350248756218906,634.780104712042,761.29689051942,0,422.5,985.5,0.159685863874346,1,0,0,0,1,0.524752475247525,31.1660231660232,172.689688948879,15,20,25,175893.245283019,1298940.44776372,3000,4000,5000
WI,muni,1600000US5564450,,,4030,11484,2.84962779156328,0.43446989877464,492.631684491979,731.803421314618,0,0,898.5,0.225435425566875,1,0,0,0,1,0.606565656565657,38.8995492594978,249.474946485145,15,20,25,117110.169442132,1053966.26857267,2800,4000,5800
WI,muni,0600000US5508906175,,,8,36,4.5,0,310.5,419.496126322997,117,156,349.5,0.25,1,0,0,0,1,1,,,,,,3000,0,3000,3000,3000
WI,muni,1600000US5523525,,,19,29,1.52631578947368,0.842105263157895,870,730.045660672445,410,800,1135,0.125,1,0,0,0,1,0.333333333333333,26.875,6.72813920358795,22,22,35,2025,350,2025,2200,2200
WI,muni,0600000US5509371150,,,159,390,2.45283018867925,1,300.212121212121,492.605158621544,0,0,400,0.425925925925926,1,0,0,0,1,0.616352201257862,7.14754098360656,3.14025511476255,5,6,10,1744.08163265306,1028.49688815159,1200,1650,2500
WI,muni,0600000US5509381600,,,234,585,2.5,0.504761904761905,172.425287356322,361.406489226631,0,0,198,0.574712643678161,1,0,0,0,1,0.484978540772532,8.63333333333333,4.3054261900387,6,7.5,10,1041.06194690266,685.400512255241,300,1000,1500
WI,muni,1600000US5565375,,,87,189,2.17241379310345,0.523255813953488,1482.13157894737,1123.93839811602,762.5,1162.5,1800,0.0545454545454545,1,0,0,0,1,0.609195402298851,7.35294117647059,4.2131277731394,5,5.5,8.75,1752.83018867925,968.862094970754,1200,1700,1900
WI,muni,1600000US5568275,,,2594,6706,2.5851966075559,0.91044776119403,840.591274397245,832.02994979091,260,624,1200,0.308198380566802,1,0,0,0,1,0.547619047619048,82.9650655021834,443.523111603855,12,17,25,101831.915181753,994083.443583467,1200,2000,3000
WI,muni,1600000US5577200,,,4999,15024,3.00540108021604,0.406,440.368571428571,765.315565625028,0,0,720,0.197167138810198,1,0,0,0,1,0.602533172496984,85.7813455657492,506.389818459347,13,18,30,86463.3820487154,909389.372562622,1500,2500,4000
WI,muni,0600000US5509736350,,,46,122,2.65217391304348,0.615384615384615,525.25,393.372342698365,116.75,580,826.5,0.25,1,0,0,0,1,0.478260869565217,11.0416666666667,4.62017472534899,8,10,12,1868.18181818182,462.278377929683,1800,1800,1950
WI,muni,1600000US5586975,,,48,133,2.77083333333333,0.214285714285714,421.541666666667,666.916198318582,0,0,622,0.620689655172414,1,0,0,0,1,0.645833333333333,305,462.481080694119,8,25,1000,2006.45161290323,1088.710394265,1300,1500,2000
WI,muni,0600000US5509712725,,,38,115,3.02631578947368,0.694444444444445,519.321428571429,923.643792714543,0,4.5,754.5,0.178571428571429,1,0,0,0,1,0.105263157894737,19,4.94821669744247,15,20,20,3250,288.675134594813,3000,3250,3500
WI,muni,0600000US5509719975,,,3,6,2,0,600,848.528137423857,300,600,900,0,1,0,0,0,1,0,6,0,6,6,6,,,,,
WI,muni,1600000US5511200,,,4304,11680,2.71375464684015,0.404422604422604,491.032181168057,721.256265865678,0,0,960,0.30812910938434,1,0,0,0,1,0.580765639589169,46.5462138084633,262.574064536603,18,23,30,133086.608118971,1126508.95667248,3000,4000,5000
WI,muni,1600000US5568550,,,353,957,2.71104815864023,0.369369369369369,289.024561403509,548.769079773761,0,0,350,0.382456140350877,1,0,0,0,1,0.515580736543909,19.2163742690058,7.82792668517728,15,17,23,2575.54945054945,1396.53022085529,1500,2500,3500
WI,muni,0600000US5510111225,,,36,98,2.72222222222222,0.3125,570.166666666667,849.194383783404,0,0,985,0.32,1,0,0,0,1,0.416666666666667,21.5238095238095,7.84613948142045,17,18,20,3180,1974.91410301454,1500,4300,5100
WI,muni,1600000US5566000,,,52825,145918,2.76229058211074,0.509952606635071,566.22975688658,848.913234238043,0,0,1069.25,0.204578558943484,0.995343114055845,0.00437292948414576,0.00024609559867487,3.78608613345954e-05,1,0.453153926901422,38.2983243356938,239.528312500614,20,28,35,52385.9593143242,687923.688057887,3100,4500,5600
WI,muni,1600000US5554875,,,28,68,2.42857142857143,0.357142857142857,457.2,1208.25725047828,0,0,0,0.2,1,0,0,0,1,0.178571428571429,40.3478260869565,13.3709613975829,25,45,45,6200,1788.85438199983,7000,7000,7000
WI,muni,1600000US5511950,,,76,183,2.40789473684211,0.563380281690141,566.868852459016,745.858107046504,0,0,1070,0.163934426229508,1,0,0,0,1,0.355263157894737,21.5106382978723,8.15307981398956,20,25,27,3088.92592592593,1658.78187293999,2000,3000,4600
WI,muni,1600000US5577925,,,346,1003,2.89884393063584,0.667692307692308,486.165254237288,734.338511294739,0,0,915,0.103448275862069,1,0,0,0,1,0.673410404624278,19.8407079646018,6.36335262555582,15,20,25,2656.9313304721,1237.19141206677,2000,2500,3000
WI,muni,1600000US5581775,,,923,2383,2.58179848320693,0.528103044496487,1083.79197080292,735.312390672623,525,1000,1477.75,0.34916864608076,1,0,0,0,1,0.475,25.2252873563218,60.0178145949487,15.5,20,25,895904.329519451,2853153.27198226,2500,3500,5000
WI,muni,0600000US5510183850,,,784,2075,2.64668367346939,0.449579831932773,241.85691318328,527.13354873784,0,0,150,0.316211878009631,1,0,0,0,1,0.580025608194622,19.0030581039755,6.50601348586127,15,20,25,113570.927152318,1045600.46273262,2000,3000,4000
WI,muni,1600000US5506500,,,19024,49022,2.57685029436501,0.565774616079494,544.649912055202,806.919983416588,0,0,1028,0.188582597560154,0.985176619007569,0.0141400336417157,0.000210260723296888,0.000473086627417998,1,0.523733926020003,35.5362790176068,173.546664513514,18,25,30,54269.4370011115,708756.713971667,2500,3500,4500
WI,muni,0600000US5510506525,,,199,473,2.37688442211055,0.668539325842697,741.680555555556,846.086562160292,0,492,1306.25,0.243243243243243,1,0,0,0,1,0.212121212121212,21.0202702702703,10.1829987661806,15,20,25,1194816.42857143,3276086.33904022,3500,4000,5600
WI,muni,1600000US5515625,,,315,750,2.38095238095238,0.522033898305085,312.162264150943,565.053061408374,0,0,400,0.427509293680297,1,0,0,0,1,0.650793650793651,16.5181818181818,5.71451045072187,12,15,20,2956.82926829268,1088.36975367188,2000,3000,3500
WI,muni,1600000US5522575,,,3249,8508,2.61865189289012,0.512024048096192,480.241264559068,666.202161542833,0,90,884,0.269386106623586,1,0,0,0,1,0.544181705040448,34.8688066992324,161.012498507848,14,20,25,192104.27672956,1360506.81603843,2000,3000,4000
WI,muni,0600000US5502521100,,,11,26,2.36363636363636,1,223.25,610.706324091797,0,0,13,0,1,0,0,0,1,0,33.6363636363636,5.04524979109513,30,30,40,,,,,
WI,muni,1600000US5524550,,,2252,5536,2.45825932504441,0.481463649494463,345.609702315325,584.408742590808,0,0,600,0.355155482815057,1,0,0,0,1,0.524044943820225,18.9101229895932,56.2367363291856,12,15,20,36806.4373927959,584807.944549071,1500,2000,3300
WI,muni,1600000US5537825,,,13590,36475,2.68395879323032,0.53355759763702,561.23934593766,807.812557409201,0,0,1080,0.244148829765953,0.999484915378955,0.000515084621044886,0,0,1,0.544487927342539,53.0715457827371,336.152466425195,20,25,30,154134.279224302,1217271.86103311,2300,3500,4700
WI,muni,0600000US5510537850,,,278,686,2.46762589928058,0.566265060240964,442.382075471698,570.816809168927,0,54,872,0.262910798122066,1,0,0,0,1,0.23021582733813,21.7403846153846,7.58971487158989,15,20,26,315011.734375,1753227.06246338,1500,2200,3500
WI,muni,1600000US5526400,,,35,95,2.71428571428571,0.542857142857143,400.607142857143,683.818220337546,0,0,443.75,0.357142857142857,1,0,0,0,1,0.657142857142857,23.3333333333333,2.46182981958666,20,25,25,3656.52173913044,856.964031788182,3000,4000,4200
WI,muni,1600000US5552200,,,1254,3247,2.58931419457735,0.543722943722944,414.017094017094,643.866527194815,0,0,800,0.390986601705238,1,0,0,0,1,0.577352472089314,16.9252873563218,18.7925377340424,10,15,20,417311.795580111,1993739.61897797,2000,3000,4000
WI,muni,0600000US5510552225,,,4,6,1.5,0.5,482.5,571.336153240805,0,405,887.5,0.5,1,0,0,0,1,0.5,10,0,10,10,10,3000,0,3000,3000,3000
WI,muni,1600000US5532325,,,13,39,3,0.769230769230769,820,843.168626867327,450,640,1010,0.142857142857143,1,0,0,0,1,0.615384615384615,17,0,17,17,17,1425,138.873014965883,1425,1500,1500
WI,muni,1600000US5536250,,,1682,4274,2.5410225921522,0.531513970110461,598.953656024717,801.308920772642,0,198,1100,0.285932721712538,1,0,0,0,1,0.607292289300658,42.6086286594761,311.980651385645,12,16,22,130908.011811024,1124121.14341817,1500,2500,4000
WI,muni,0600000US5510936275,,,1211,3376,2.78777869529315,0.521000893655049,517.770491803279,820.813817775335,0,0,952.5,0.359139784946237,1,0,0,0,1,0.66695427092321,16.6052631578947,7.37012250476982,10,15,20,817453.2923674,2737066.34201744,1500,2500,4000
WI,muni,1600000US5558050,,,67,203,3.02985074626866,0.403225806451613,523.583333333333,760.241028509098,0,0,856.25,0.302325581395349,1,0,0,0,1,0.727272727272727,22.3888888888889,3.59965503067576,20,25,25,3072.91666666667,1293.96957827591,2000,2500,3500
WI,muni,0600000US5510970825,,,18,70,3.88888888888889,1,1566.66666666667,321.455025366432,1450,1700,1750,0,1,0,0,0,1,0.5,14,0,14,14,14,2477.77777777778,1212.20643639788,1200,3500,3500
WI,muni,1600000US5557100,,,2118,6079,2.87016052880076,0.55567063697566,375.138519924099,673.40422371827,0,18,507,0.251576292559899,1,0,0,0,1,0.504015115729806,16.2404214559387,6.84261183576537,10,15,20,199172.983130272,1389345.7717494,1400,2000,3000
WI,muni,1600000US5574675,,,235,791,3.36595744680851,0.357487922705314,450.461538461538,539.17798647469,0,330,715,0.488095238095238,1,0,0,0,1,0.651063829787234,11.3508771929825,3.94828727818502,9,10,12,67944.431372549,808242.525196847,2000,2500,3500
WI,muni,1600000US5504625,,,6357,16183,2.5456976561271,0.517841898582892,396.44266559936,3224.94826029659,0,0,504,0.315421494206952,0.997483089507629,0.00235960358659745,0.000157306905773163,0,1,0.540325151418553,30.8965517241379,166.208770817957,12,16,23,23615.9,453881.039120997,1600,2500,3600
WI,muni,1600000US5585325,,,13,55,4.23076923076923,1,188.428571428571,258.578071474785,0,0,349.5,0,1,0,0,0,1,0,12.3076923076923,0.480384461415261,12,12,13,,,,,
WI,muni,0600000US5511104650,,,7,28,4,1,460,650.538238691624,230,460,690,0,0.142857142857143,0.857142857142857,0,0,1,0,8,0,8,8,8,,,,,
WI,muni,1600000US5542825,,,406,930,2.29064039408867,0.522427440633245,183.281524926686,431.204642878553,0,0,100,0.374269005847953,1,0,0,0,1,0.520987654320988,19.7628865979381,58.3033470179,7,8,12,1690.52132701422,1000.56708362244,1000,1500,2000
WI,muni,1600000US5544225,,,144,365,2.53472222222222,0.480916030534351,201.734513274336,411.215402750083,0,0,140,0.327433628318584,1,0,0,0,1,0.555555555555556,10.95,14.4133001196459,7,8,10,626582.125,2435475.27270296,1000,1800,2500
WI,muni,0600000US5511185625,,,187,455,2.4331550802139,0.284916201117318,212.135483870968,448.05706207533,0,0,240,0.346153846153846,1,0,0,0,1,0.689839572192513,54.6034482758621,185.533743056249,10,10,14.5,2346.78294573643,1826.87989633812,1200,2000,2500
WI,muni,0600000US5511151350,,,195,524,2.68717948717949,0.363128491620112,191.6,415.480822263874,0,0,144,0.378571428571429,1,0,0,0,1,0.625641025641026,324.722222222222,621.245664189188,8,9.5,11,165091.237704918,1274917.00455644,750,1150,1500
WI,muni,0600000US5511127675,,,546,1383,2.53296703296703,0.342412451361868,229.715859030837,486.044017178849,0,0,293.75,0.535242290748899,1,0,0,0,1,0.642857142857143,9.71794871794872,2.52154344352081,8,10,10,1259.23076923077,818.160589035276,700,1000,1800
WI,muni,0600000US5511127350,,,302,955,3.16225165562914,0.370786516853933,206.175115207373,439.462662982486,0,0,120,0.334883720930233,1,0,0,0,1,0.74914089347079,95.1,406.001326120487,8,10,12,94736.9816513761,955329.186006298,2200,3000,3825
WI,muni,1600000US5565100,,,877,1986,2.26453819840365,0.419235511713933,238.548830811554,542.636843408544,0,0,186,0.378266850068776,1,0,0,0,1,0.610034207525656,150.773529411765,640.206612026072,10,15,20,21604.8224299065,432213.454142842,2000,3000,4000
WI,muni,1600000US5566800,,,2931,7730,2.63732514500171,0.547723935389134,332.335985853227,595.479660391673,0,0,521.5,0.365376250543715,1,0,0,0,1,0.534288638689867,28.8087912087912,191.496642648199,10,15,20,41711.5402298851,617786.614831913,2500,3000,4000
WI,muni,1600000US5571650,,,1309,3442,2.62948815889992,0.494719740048741,271.151663405088,521.86399837822,0,0,365.5,0.465298142717498,1,0,0,0,1,0.630252100840336,13.7474120082816,6.40299208212504,9,12,18,2608.54545454545,1641.02819878442,1400,2500,3500
WI,muni,1600000US5576025,,,722,1911,2.64681440443213,0.711915535444947,257.693761814745,534.168297146995,0,0,250,0.411654135338346,1,0,0,0,1,0.632963988919668,208.885057471264,675.542091587661,10,15,20,68411.341356674,808216.625651804,1800,3000,4000
WI,muni,0600000US5511502100,,,56,150,2.67857142857143,0.647058823529412,170.5,340.003487377073,0,0,141,0.219512195121951,1,0,0,0,1,0.714285714285714,51.8,58.7174023040302,5,9,120,2020,758.946638440411,1275,2500,2500
WI,muni,0600000US5511533075,,,658,1576,2.3951367781155,0.424092409240924,425.702272727273,658.606145328547,0,0,733.5,0.269230769230769,1,0,0,0,1,0.5790273556231,13.4723247232472,5.47165843754225,10,12,16,213592.199475066,1435108.47853636,2500,3500,5000
WI,muni,0600000US5511583725,,,2,3,1.5,1,0,0,0,0,0,1,1,0,0,0,1,1,,,,,,1000,0,1000,1000,1000
WI,muni,0600000US5507323100,,,2,3,1.5,1,0,0,0,0,0,0.5,1,0,0,0,1,0,10,0,10,10,10,,,,,
WI,muni,1600000US5550000,,,64,158,2.46875,0.547169811320755,265.651162790698,411.495581398538,0,0,500,0.209302325581395,1,0,0,0,1,0.578125,6.82352941176471,1.81091462104261,6,6,8,679.054054054054,294.775898489565,400,600,1000
WI,muni,1600000US5572925,,,5276,14516,2.75132676269901,0.529600642183424,626.478568619741,731.391552925511,0,456,1000,0.247488278633624,0.999431387414708,0,0.000568612585291888,0,1,0.495796713794421,43.4084967320262,237.538259670353,12,15,22,450014.218882466,2066223.09873865,2000,3000,4000
WI,muni,1600000US5579825,,,393,1088,2.76844783715013,0.10580204778157,181.759581881533,384.500613416035,0,0,186,0.174216027874564,0.977099236641221,0,0.0229007633587786,0,1,0.49618320610687,26.7727272727273,125.743772443252,6,8,10,1748,1144.91146733764,700,1400,2500
WI,muni,1600000US5513475,,,397,972,2.44836272040302,0.418539325842697,334.296551724138,617.061073557698,0,0,494.75,0.368600682593857,1,0,0,0,1,0.534005037783375,15.4033149171271,4.67235249517469,12,15,18,144990.066037736,1183508.42553538,2725,3800,4000
WI,muni,0600000US5511767150,,,475,1201,2.52842105263158,0.489082969432314,305.827319587629,591.181083479164,0,0,337.75,0.36340206185567,1,0,0,0,1,0.574736842105263,22.8350515463918,24.3326175734672,14,15.5,21,77229.1794871795,854006.112368271,2800,3600,5000
WI,muni,0600000US5511731100,,,165,482,2.92121212121212,0.448051948051948,237.185840707965,497.467578783363,0,0,175,0.310344827586207,1,0,0,0,1,0.612121212121212,11.75,4.07469932672027,10,10,14,2647.52475247525,1300.73779520747,1500,2500,3000
WI,muni,1600000US5540275,,,1794,5907,3.29264214046823,0.381085618354785,817.171052631579,1060.08321089719,0,224,1543.5,0.249818445896877,1,0,0,0,1,0.781786941580756,26.1934604904632,10.442826950285,18,25,30,7224.3684981685,10018.9798081991,4600,5500,6500
WI,muni,1600000US5560100,,,16,42,2.625,0.1875,419.2,748.371387302677,0,0,624,0.333333333333333,1,0,0,0,1,0.8125,22,0,22,22,22,4269.23076923077,1508.5227958639,2500,5000,5000
WI,muni,1600000US5563700,,,4076,10498,2.57556427870461,0.473797947055646,391.36677987033,654.011257717307,0,0,743.5,0.291131498470948,1,0,0,0,1,0.514320987654321,35.6962351727695,337.837862139829,15,20,25,123319.645703313,1088837.11786736,2200,3000,4000
WI,muni,1600000US5529350,,,23,54,2.34782608695652,0.380952380952381,310.238095238095,411.929836836555,0,100,410,0.0952380952380952,1,0,0,0,1,0.304347826086957,16,2.63312235441753,15,15,17,2000,0,2000,2000,2000
WI,muni,0600000US5511773425,,,331,825,2.49244712990937,0.438095238095238,358.2,662.581343734969,0,0,454.5,0.398467432950192,1,0,0,0,1,0.66969696969697,200.532110091743,974.946965022992,14,16,22,93855.8642533937,948818.373109915,2000,3000,4500
WI,muni,1600000US5572975,,,33367,92976,2.78646566967363,0.460747277864195,446.567314828559,882.691544675676,0,0,812,0.159884794328336,1,0,0,0,1,0.508786762485657,93.9309097711542,412.960536619047,18,23,28,164473.731750742,1255166.07796215,3000,3900,5000
WI,muni,0600000US5511773000,,,245,583,2.37959183673469,0.641860465116279,470.692307692308,587.60209771951,0,145,860.5,0.0923913043478261,1,0,0,0,1,0.240816326530612,43.070652173913,232.121341942883,15,18,22,3259.32203389831,1626.94113706417,2400,2800,3000
WI,muni,1600000US5536025,,,21,60,2.85714285714286,0.142857142857143,321.75,582.989742168492,0,0,375,0.35,1,0,0,0,1,0.428571428571429,28.4,2.19089023002066,26,30,30,7777.77777777778,2108.18510677892,6000,6000,10000
WI,muni,1600000US5573025,,,3396,9216,2.71378091872792,0.491834774255524,496.115122342559,705.466880332125,0,0,1000,0.241749502982107,0.999116607773852,0,0.00088339222614841,0,1,0.493215339233038,87.2458233890215,465.67563544299,15,20,25,338743.785287081,1799024.01634203,3000,4000,5000
WI,muni,0600000US5503563400,,,243,634,2.60905349794239,0.666666666666667,152.801075268817,353.685779308872,0,0,84,0.308510638297872,1,0,0,0,1,0.518518518518519,206.62962962963,316.967511899661,9,15,400,159433.777777778,1254742.01842721,500,900,1000
WI,muni,1600000US5519450,,,3436,8102,2.35797438882421,0.522881880024737,397.089188205315,655.999436305363,0,0,650,0.409717186366933,0.990686845168801,0.00873108265424913,0.000291036088474971,0.000291036088474971,1,0.535171102661597,43.3611302549966,388.247120705842,15,20,25,157842.247483718,1231012.56264882,2200,3000,5000
WI,muni,0600000US5512722125,,,849,2150,2.53239104829211,0.512040557667934,304.935198821797,642.644661524823,0,0,255,0.392070484581498,1,0,0,0,1,0.541666666666667,34.0185185185185,122.977633453791,15,17,25,442864.054945055,2051521.51833307,2000,3000,4500
WI,muni,1600000US5523300,,,718,1684,2.34540389972145,0.451327433628319,386.495527728086,683.525967784602,0,0,560,0.348056537102474,1,0,0,0,1,0.619777158774373,114.841698841699,599.526630159137,15,22,30,520933.638202247,2215451.8194663,2700,3800,5000
WI,muni,0600000US5512778100,,,1522,3850,2.52956636005256,0.565742714996446,450.902395740905,738.009854025687,0,0,800,0.309106830122592,1,0,0,0,1,0.60228802153432,48.809009009009,279.731129788665,18,25,27,1210071.30949721,3258011.4564539,3000,3800,5000
WI,muni,1600000US5508265,,,133,365,2.74436090225564,0.387096774193548,225.376237623762,428.353448719283,0,0,300,0.366336633663366,1,0,0,0,1,0.556390977443609,13.6315789473684,2.89477101825348,11,13,15,2622.2972972973,836.338312776147,2000,2500,3000
WI,muni,1600000US5541450,,,2197,5621,2.55848884842968,0.519258898098489,343.789351851852,606.250940972687,0,0,500,0.315910396323952,1,0,0,0,1,0.591715976331361,31.8049052396879,136.159647542027,15,20,25,103527.487692308,995020.900693287,1800,3000,4000
WI,muni,0600000US5512728550,,,1014,2524,2.48915187376726,0.779427359490986,363.456204379562,673.034490199425,0,0,450,0.326456310679612,0.996055226824458,0.00394477317554241,0,0,1,0.469035532994924,171.766806722689,959.230170628122,15,20,25,719125.766233766,2576864.16347854,1600,3000,6500
WI,muni,1600000US5583250,,,728,1726,2.37087912087912,0.493449781659389,278.305227655987,529.780579506223,0,0,338,0.383838383838384,1,0,0,0,1,0.610497237569061,60.864768683274,430.786493608783,12,15,20,319278.42081448,1752837.68918309,2000,2500,3000
WI,muni,1600000US5586925,,,1815,4209,2.31900826446281,0.510724637681159,290.230921052632,613.620783596053,0,0,258.5,0.445466491458607,1,0,0,0,1,0.585555555555556,82.531713900135,513.653262089351,15,20,25,221725.848197343,1461178.84371965,2000,3300,5000
WI,muni,0600000US5512786950,,,1711,4174,2.43950905902981,0.505037783375315,318.033783783784,651.346559602515,0,0,328.25,0.385190725504862,1,0,0,0,1,0.564362336114422,94.4541547277937,452.402252151472,12,15,25,361728.996832101,1860941.98911109,1325,2000,4490
WI,muni,1600000US5587200,,,706,1668,2.36260623229462,0.449848024316109,307.366319444445,653.167194397851,0,0,300,0.426497277676951,0.997167138810198,0,0.0028328611898017,0,1,0.522662889518414,44.1204819277108,235.023230713463,15,20,25.25,276209.959349594,1625103.8982725,3000,4000,5000
WI,muni,1600000US5533000,,,3842,10085,2.6249349297241,0.47584063294716,386.742374005305,612.382393575881,0,0,700,0.294039735099338,1,0,0,0,1,0.475444096133751,45.4775967413442,299.500065709999,15,18,22,514423.607692308,2201804.06043428,2300,3000,4500
WI,muni,0600000US5502769962,,,10,23,2.3,0.6,488.5,300.645020865852,378,482.5,610.25,0,1,0,0,0,1,0.4,20,1.54919333848297,18.75,21,21,2000,0,2000,2000,2000
WI,muni,0600000US5513139325,,,768,2010,2.6171875,0.39943342776204,343.688442211055,668.278488108219,0,0,520,0.213689482470785,1,0,0,0,1,0.619791666666667,42.7800687285223,247.51522366554,15,18,22,109116.161764706,1020157.83873553,2590,4000,5000
WI,muni,1600000US5574400,,,775,2096,2.70451612903226,0.387640449438202,254.367479674797,466.329144760876,0,0,300,0.337662337662338,1,0,0,0,1,0.585806451612903,16.386292834891,17.8201167652314,10,15,20,112975.088105727,1044495.71097205,2000,2500,3500
WI,muni,1600000US5585350,,,3302,8575,2.5969109630527,0.549684280491858,556.963356973995,872.962702532412,0,0,973.5,0.256169212690952,1,0,0,0,1,0.549270072992701,62.982252559727,510.889146126798,20,25,30,171389.746400886,1277769.50469283,3820,5000,6500
WI,muni,0600000US5513180575,,,58,128,2.20689655172414,0.365384615384615,433,545.324268797506,0,142,776,0.0909090909090909,1,0,0,0,1,0.517241379310345,25.3461538461539,8.52263953334791,20,27,32,1335580.06666667,3456562.39275405,900,3500,5000
WI,muni,1600000US5556450,,,58,122,2.10344827586207,0.574074074074074,514.657894736842,825.565728269255,0,0,893.25,0.409090909090909,1,0,0,0,1,0.363636363636364,27.1142857142857,7.18565330678973,20,25,30,1008374.8,3075083.31084839,5000,6250,9000
WI,muni,1600000US5507200,,,116,261,2.25,0.333333333333333,280.305882352941,603.107785192849,0,0,128,0.473118279569893,1,0,0,0,1,0.681034482758621,14.1351351351351,5.43221952879383,10,15,20,3977.21518987342,1447.98262554109,2500,4000,5000
WI,muni,1600000US5511475,,,772,2250,2.91450777202073,0.562410329985653,523.793036750484,741.309642560361,0,48,905,0.177570093457944,0.996113989637306,0.0038860103626943,0,0,1,0.5,20.7349081364829,13.0700768855493,15,20,25,264276.919060052,1596178.978858,2500,3500,4000
WI,muni,0600000US5513351400,,,553,1481,2.67811934900543,0.339517625231911,536.217857142857,641.915496260589,0,240,900,0.449838187702265,1,0,0,0,1,0.592391304347826,21.8418604651163,9.60641901241671,15,20,25,310146.727828746,1723665.7565511,2500,3800,6500
WI,muni,0600000US5513360700,,,272,682,2.50735294117647,0.40234375,274.578947368421,529.666308901581,0,0,360,0.331730769230769,1,0,0,0,1,0.577777777777778,15.6315789473684,4.39078511715611,14,15,20,4500.64102564103,2479.55502758502,3000,4000,5000
WI,muni,1600000US5521425,,,308,809,2.62662337662338,0.439024390243902,287.893280632411,576.083465481091,0,0,225,0.413385826771654,1,0,0,0,1,0.616883116883117,13.8983050847458,6.48520977460696,10,12,17.25,2859.97368421053,1575.54597048894,2000,2500,3500
WI,muni,1600000US5533100,,,457,1160,2.5382932166302,0.425,599.367256637168,742.853736217296,0,300,1033.75,0.419230769230769,1,0,0,0,1,0.595185995623632,180.631868131868,556.05136262205,15,20,30,4617.61029411765,5129.92103644772,3000,3500,5000
WI,muni,1600000US5542450,,,239,743,3.10878661087866,0.251121076233184,454.794326241135,630.958641589249,0,0,850,0.1625,1,0,0,0,1,0.594142259414226,42.020618556701,104.038151994577,9,15,25,214928.971830986,1442621.54123021,1980,4000,5000
WI,muni,1600000US5551000,,,17,30,1.76470588235294,0.4375,313.625,407.414592276713,0,25,618.75,0.1875,1,0,0,0,1,0.294117647058824,33.25,22.1665771569979,17.5,18,60,9999998,0,9999998,9999998,9999998
WI,muni,1600000US5551375,,,90,198,2.2,0.369047619047619,251.576923076923,483.479824562764,0,0,285,0.333333333333333,1,0,0,0,1,0.677777777777778,288.931034482759,696.55488610705,12,18,20,2334.4262295082,1079.79708678709,1800,2000,2500
WI,muni,1600000US5555050,,,644,1546,2.40062111801242,0.391735537190083,271.835671342685,602.362294958483,0,0,204,0.49146110056926,1,0,0,0,1,0.638198757763975,70.5309734513275,328.713102082692,16,20,25,126266.739659367,1097068.12250203,3000,4000,5050
WI,muni,0600000US5513355075,,,189,495,2.61904761904762,0.541899441340782,248.132911392405,481.919306410143,0,0,225.5,0.425925925925926,1,0,0,0,1,0.527777777777778,119.772151898734,446.186834195511,16,20,25,1582421.52631579,3664254.57029275,2500,4500,6000
WI,muni,1600000US5558400,,,337,878,2.6053412462908,0.401993355481728,516.574297188755,713.04288563596,0,96,1070,0.27710843373494,1,0,0,0,1,0.504477611940299,19.109756097561,5.56612474935863,15,18,25,63065.550295858,768930.257479111,3000,4000,5000
WI,muni,1600000US5559250,,,4395,11572,2.63299203640501,0.492319315033997,456.617628607277,798.990444911784,0,0,728,0.276176890156919,1,0,0,0,1,0.536325775104119,34.6637884511603,137.598085063237,16,25,30,539726.09188956,2249529.61918545,3000,4000,6000
WI,muni,0600000US5502703200,,,29,81,2.79310344827586,0.541666666666667,374.545454545455,703.460069416928,0,0,619.5,0.304347826086957,1,0,0,0,1,0.655172413793103,22.2222222222222,2.63523138347365,20,20,25,2763.15789473684,1071.97145811703,2000,2000,3500
WI,muni,1600000US5562250,,,209,629,3.00956937799043,0.777173913043478,412.847222222222,663.65092475058,0,0,780,0.259493670886076,1,0,0,0,1,0.656565656565657,78.3559322033898,223.555266846684,14,20,25,1695101.2,3762796.12986203,2000,2800,5300
WI,muni,0600000US5513344850,,,203,596,2.93596059113301,0.718085106382979,307.507042253521,632.274064672794,0,0,265,0.295774647887324,1,0,0,0,1,0.477832512315271,17.4433962264151,9.30241155490056,12,15,20,3843.09278350516,2011.11565266269,2500,3500,5000
WI,muni,1600000US5583175,,,165,408,2.47272727272727,0.55921052631579,370.524193548387,577.920444404176,0,0,724.5,0.368852459016393,1,0,0,0,1,0.472727272727273,17.2183908045977,4.72850162450408,15,18,20,3721.79487179487,1903.20286679617,2250,3500,5000
WI,muni,1600000US5584250,,,14290,39244,2.74625612316305,0.514647844565877,545.106080951468,793.697537705429,0,0,1000,0.232823390965873,0.99741077676697,0.00258922323303009,0,0,1,0.466901656679591,65.2870220786214,368.631020690746,20,26,35,113966.644269968,1014716.90271544,4000,5000,6500
WI,muni,1600000US5562240,,,12,34,2.83333333333333,0.4,494,647.178319922553,0,132.5,994.5,0.2,1,0,0,0,1,0.5,30,0,30,30,30,5000,0,5000,5000,5000
WI,muni,0600000US5513988475,,,10,18,1.8,0.5,53.125,108.921252681533,0,0,31.25,0.625,1,0,0,0,1,0.7,8,0,8,8,8,1585.71428571429,422.013315068658,1350,1700,1850
WI,muni,1600000US5550825,,,10483,31085,2.96527711532958,0.471739356719059,571.521788413098,832.976124802246,0,0,1071.25,0.169142429159905,0.993513307259372,0.00057235524182009,0.00591433749880759,0,1,0.626927525057826,154.026932826363,712.041773180888,17,21,28,263535.809223674,1590271.171954,2700,3500,4500
WI,muni,1600000US5555750,,,8661,23139,2.67163145133356,0.449405514798887,593.836768972362,888.122262989401,0,0,1100,0.189275826897858,0.9953815956587,0.000461840434130008,0.00415656390717007,0,1,0.655733918466336,71.8526021655606,604.89508587769,18,24,30,191645.79059528,1352969.65835759,3000,4000,5000
WI,muni,0600000US5513955775,,,6,12,2,1,583,673.430026060615,0,572,1155,0,1,0,0,0,1,0.5,20,0,20,20,20,2000,0,2000,2000,2000
WI,muni,1600000US5526982,,,35,87,2.48571428571429,0.151515151515152,850.12,1028.0083624822,0,72,1872,0.36,1,0,0,0,1,0.828571428571429,21.6666666666667,14.4867755786671,9.75,30,31.5,2416989.17241379,4353105.9592246,3500,4500,6000
WI,muni,1600000US5559875,,,1213,3164,2.60840890354493,0.493188010899183,193.797566371681,447.55152756745,0,0,80,0.39344262295082,1,0,0,0,1,0.591096455070074,51.5446623093682,298.053202346277,8,10,13,1047825.73779637,3061925.77831795,1000,2000,3500
WI,muni,1600000US5560500,,,18470,50720,2.74607471575528,0.480268826469068,423.829801966487,692.93934934994,0,0,789.75,0.205342902711324,0.999837574445046,0,0.000162425554953979,0,1,0.57032356465846,77.9854488761855,409.552159000638,14,18,25,243026.850716332,1529219.20317007,2000,3000,4000
WI,muni,0600000US5513901025,,,22,58,2.63636363636364,0.772727272727273,422.583333333333,529.724192100917,0,15,913,0.0833333333333333,1,0,0,0,1,0,12.5454545454545,4.03233682369668,10,10,16,,,,,
WI,muni,0600000US5513960525,,,25,50,2,0.32,469.72,848.503070118194,0,0,890,0.4,1,0,0,0,1,0.8,32.4,5.81377674149945,35,35,35,3477.5,1050.99889829178,3000,3100,4500
WI,muni,1600000US5549675,,,7011,20148,2.87376979032948,0.541660153196811,453.380235197029,721.725542440137,0,0,800,0.250818094321463,1,0,0,0,1,0.52718709861567,26.2951917224589,121.415564567889,15,20,25,22069.721169464,434829.490936171,1800,2500,3800
WI,muni,0600000US5507346975,,,77,211,2.74025974025974,0.761194029850746,359.236363636364,509.124774186285,0,0,765,0.181818181818182,1,0,0,0,1,0.779220779220779,20.8,4.88730132953906,17.5,22,25,169020.7,1290685.50050588,2000,2650,3000
WI,muni,0600000US5514151900,,,6,21,3.5,0.333333333333333,345,414.387097611239,131.25,217.5,431.25,0,1,0,0,0,1,,,,,,,,,,,
WI,muni,1600000US5555875,,,1249,3828,3.0648518815052,0.424216765453006,600.152661064426,702.175833339191,0,226,1100,0.201388888888889,1,0,0,0,1,0.630904723779023,17.6008771929825,7.41802966184459,13,16,20,168526.350253807,1274135.53196532,2500,3200,4000
WI,muni,0600000US5514171600,,,923,2713,2.93932827735645,0.483119906868452,606.082872928177,711.972945180659,0,350,1102,0.201834862385321,1,0,0,0,1,0.639433551198257,19.7857142857143,38.6216657630227,12,15,20,156202.378194208,1229392.04156935,2400,3000,3500
WI,muni,0600000US5514112775,,,275,683,2.48363636363636,0.555118110236221,456.108333333333,637.369433600291,0,144,720,0.24390243902439,0.992727272727273,0,0.00727272727272727,0,1,0.544444444444444,14.4876033057851,17.5974030766282,10,10,13,205831.659863946,1418499.61289382,1000,1500,2500
WI,muni,1600000US5564175,,,1073,4025,3.75116495806151,0.392418032786885,655.918393782384,911.481526471231,0,0,1150,0.205692108667529,1,0,0,0,1,0.526732673267327,17.1734475374732,9.54084856330212,11,16,20,4195.95864661654,4005.01981653858,2500,3200,4500
WI,muni,1600000US5588200,,,8021,22147,2.76112704151602,0.592215651217164,520.626538526387,763.925911951921,0,0,1022.5,0.156800268321315,0.999376636329635,0,0.000623363670365291,0,1,0.599625234228607,34.7100063734863,230.424947419557,15,20,27,101064.770208333,984464.398639665,1900,2800,3900
WI,muni,0600000US5514130125,,,222,511,2.3018018018018,0.609137055837564,499.095808383234,714.651429344581,0,0,1000,0.176470588235294,1,0,0,0,1,0.513761467889908,23.1979166666667,7.25130810945485,20,21,28,91854,944667.737494126,1687.5,2500,3500
WV,muni,0500000US54003,,,10311,29665,2.87702453690234,0.52572080481228,432.872882504404,618.689938942026,0,111,720,0.13696715583508,0.968189312384832,0.0318106876151683,0,0,1,0.397873585641826,41.1798288910826,261.712862856733,10,15,20,258249.233145379,1575937.98461098,1800,2800,4000
WV,muni,0500000US54005,,,206,1073,5.20873786407767,0.748768472906404,524.857142857143,823.860389603992,0,0,900,0.171641791044776,1,0,0,0,1,0.319767441860465,15.034188034188,6.69654005352587,10,15,20,365716.290909091,1888778.09688645,1500,2000,3000
WV,muni,0500000US54081,,,8516,25502,2.99459840300611,0.750975800156128,463.33884924852,759.396021383119,0,0,832,0.142337426102774,0.798144668858619,0.201855331141381,0,0,1,0.44802825191289,50.125686662272,401.414732261179,12,18,27,308583.176037835,1718545.85436722,1800,3000,5000
WV,muni,0500000US54009,,,11466,34756,3.03122274550846,0.52179222243096,465.644121439456,705.75887831494,0,0,900,0.132727907789032,0.983865341008198,0.0160474446188732,0,8.72143729286587e-05,1,0.451335961454227,30.8508242206626,182.775673238016,14,20,25,67700.2732919255,797551.112778209,2400,3000,4500
WV,muni,0500000US54011,,,53491,153636,2.87218410573741,0.685487634157723,651.972799540274,918.025134752491,0,260,1050,0.163585796156872,0.942924978033688,0.0568132956946028,7.47789347740741e-05,0.000186947336935185,1,0.416089052964665,52.0065834951776,313.603168280052,12,18,26,217052.376940836,1442424.22311971,2000,3500,6000
WV,muni,0500000US54099,,,9451,29132,3.0824251401968,0.64890870687632,498.083564429654,714.658849984976,0,100,884,0.133599889700813,0.994180509998942,0.00581949000105809,0,0,1,0.463463781949305,18.9591463414634,75.074435906608,8,12,18,214983.65194508,1443056.95797723,1000,1800,3000
WV,muni,0500000US54015,,,504,1523,3.0218253968254,0.753812636165577,572.315789473684,765.591565029582,0,0,1060,0.047887323943662,1,0,0,0,1,0.53968253968254,278.088372093023,689.198835032354,10,20,27.5,664784.904411765,2489680.68975599,1500,3000,4200
WV,muni,0500000US54017,,,1000,2745,2.745,0.621475054229935,309.056532663317,619.130752445667,0,0,291,0.302383939774153,1,0,0,0,1,0.397989949748744,13.0443686006826,6.38626282331981,8,11,16,280207.318181818,1645023.78179219,1400,2200,3625
WV,muni,0500000US54019,,,5181,15833,3.05597375024127,0.67555740779329,555.422734026746,846.055103931496,0,0,1000,0.162641695416461,0.910441999613974,0.0895580003860259,0,0,1,0.412236121970289,44.6539898132428,279.443749696493,18,25,35,14213.8302513039,307758.2750231,2000,3500,6000
WV,muni,0500000US54039,,,52706,151842,2.88092437293667,0.727233241638917,639.080964311279,946.342380525262,0,0,1100,0.145315584349851,0.942036959738929,0.0577543353697871,0,0.000208704891283725,1,0.403787849714088,74.6111783366583,449.506701255297,18,25,35,130765.402651713,1110342.96080683,2500,4200,7000
WV,muni,0500000US54027,,,1189,3331,2.80151387720774,0.541102077687444,353.920685959271,644.86449164662,0,0,550,0.266737513283741,0.974768713204373,0.0252312867956266,0,0,1,0.528608027327071,657.039548022599,1567.80814440999,10,20,35,36178.2067851373,567744.609295765,2000,3800,6000
WV,muni,0500000US54029,,,5701,16528,2.89914050166637,0.527730131503716,500.451298701299,752.560167556583,0,0,922.5,0.0758620689655172,0.997368882652166,0.00263111734783371,0,0,1,0.539598732840549,98.2759953614225,435.038466683043,11,16,25,71381.523483366,824665.131561632,1500,2500,3600
WV,muni,0500000US54033,,,30128,85007,2.82152814657462,0.585558817212,466.701733751525,776.39851898487,0,0,800,0.191718783696355,0.974707912904939,0.0252920870950611,0,0,1,0.459173454399786,39.8707607122633,284.134694201424,12,19,25,200096.548018902,1386747.03680001,1800,3000,5000
WV,muni,0500000US54037,,,2519,7558,3.00039698292973,0.565768621236133,280.829295774648,505.028741787947,0,0,389,0.156741573033708,0.863834855101231,0.136165144898769,0,0,1,0.489479952362049,11.7007014809041,10.0355479469964,7,10,15,18043.5344687753,402514.390849849,500,1400,2500
WV,muni,0500000US54079,,,1633,4605,2.81996325780772,0.585128561501042,1063.24080882353,1040.63096514778,417,1100,1500,0.243523316062176,0.999387630128598,0.000612369871402327,0,0,1,0.53153704837722,49.6972602739726,291.824115279395,10,15,20,197938.875576037,1386204.887064,1500,2000,2500
WV,muni,0500000US54043,,,797,2277,2.85696361355082,0.602393617021277,437.450628366248,646.423233036327,0,0,800,0.236111111111111,1,0,0,0,1,0.72396486825596,14.2073732718894,6.57072216941301,8,13,20,2398.09358752166,1257.34847147725,1500,2000,3000
WV,muni,0500000US54045,,,4264,13147,3.08325515947467,0.763035622096025,578.373197115385,857.912354966101,0,12,991.25,0.145864661654135,0.942542213883677,0.0574577861163227,0,0,1,0.242402139557501,146.482808022923,847.239564512698,15,25,40,618622.595787362,2396141.71404411,3000,7000,10500
WV,muni,0500000US54049,,,22160,63788,2.87851985559567,0.562289400211803,470.766898912113,771.310352886677,0,0,860,0.130203670546106,0.939350180505415,0.0603790613718412,0.000270758122743682,0,1,0.454014135556361,80.1173909331512,468.69485190962,12,17,25,248731.437281708,1547009.46090539,1500,2700,4000
WV,muni,0500000US54061,,,15499,44947,2.89999354797084,0.558653779292122,475.489406392694,766.51408099059,0,0,780,0.16895776055986,0.983611845925544,0.0163881540744564,0,0,1,0.40748454279206,22.1378127075493,67.2259305738731,10,15,25,128504.196773678,1108838.15860118,2000,3000,5000
WV,muni,0500000US54051,,,24712,67195,2.71912431207511,0.522957636662913,408.11906784804,638.125430906428,0,0,720,0.131241424566008,0.967667529944966,0.032332470055034,0,0,1,0.418413447840775,96.0167656304576,844.990652054386,10,13,18,278150.178793774,1635794.47152695,1500,2500,4000
WV,muni,0500000US54053,,,4065,11883,2.92324723247233,0.555334281650071,479.680646791309,695.100701278951,0,182,780,0.172561629153269,0.973185731857319,0.0263222632226322,0,0.0004920049200492,1,0.479462285287528,78.5320481927711,346.54890839635,8,10,16,70717.3852544133,818741.448444515,1500,2800,4000
WV,muni,0500000US54055,,,28972,85813,2.9619287588016,0.622770511296076,481.061935308999,857.469492999455,0,0,720,0.153755762451415,0.855791798978324,0.144035620599199,0,0.000172580422476874,1,0.511838366831527,48.3527214123508,400.577014828934,10,15,25,82837.7378700658,883926.647858223,1500,3000,5000
WV,muni,0500000US54057,,,10642,30977,2.91082503288856,0.55029896150215,539.559693877551,669.691006915555,0,250,990,0.146237702738633,0.951982710016914,0.0480172899830859,0,0,1,0.391646891314665,34.9112292572902,237.2373864291,11,15,20,197139.155356277,1378630.83277808,1800,2700,4000
WV,muni,0500000US54069,,,60287,169669,2.81435467016106,0.532245041249781,467.881940469376,879.171983153757,0,0,780,0.163560281394033,0.971917660523828,0.0280325775042712,0,4.97619719010732e-05,1,0.409807653095902,75.9584191025113,428.318013231864,14,20,28,211541.693838627,1417540.23109822,2300,4000,6000
WV,muni,0500000US54077,,,4899,14347,2.9285568483364,0.517833259028087,314.185860889396,571.137221624472,0,0,420,0.195267881425075,0.994488671157379,0.00551132884262094,0,0,1,0.51788298532148,10.9479843953186,10.5791068316856,6,10,15,26156.4003992016,488814.987697938,1000,2000,3000
WV,muni,0500000US54083,,,9001,27371,3.04088434618376,0.518079096045198,628.08048147274,787.726004494998,0,375,1000,0.186050825449824,0.969781135429397,0.0302188645706033,0,0,1,0.493955485255903,29.9641025641026,241.156262480344,10,15,22,339473.470036597,1802173.5731229,1500,2500,4500
WV,muni,0500000US54091,,,7128,20766,2.91329966329966,0.417409387997623,391.052169137836,743.037167177631,0,0,485.5,0.120935330654001,0.981060606060606,0.0189393939393939,0,0,1,0.55635593220339,49.7547791694133,267.61216626252,10,12,18,246061.1614623,1541827.58711669,1200,2000,3000
WV,muni,0500000US54105,,,250,650,2.6,0.946188340807175,704.897959183674,717.107420036042,250,500,1000,0.257142857142857,1,0,0,0,1,0.52,60.8135593220339,387.595986438795,8,10,12,617571.415384616,2411888.29779708,1200,2200,3500
WV,muni,0500000US54107,,,24527,66000,2.69091205610144,0.635118416401555,556.133723738228,794.630273268611,0,142.5,960,0.223379371797728,0.986341582745546,0.0136584172544543,0,0,1,0.463305206832682,52.7121413493863,338.844552119019,15,20,26,131408.03127221,1119515.39653079,2500,3500,5000
WY,muni,0500000US56001,,,7650,22065,2.8843137254902,0.728453196347032,605.658294891509,934.039484612804,0,0,1000,0.232050641345994,0.995816993464052,0.00209150326797386,0,0.00209150326797386,1,0.539824187533298,36.3892145369285,108.505774566904,20,25,35,155186.697014557,1217129.70964216,2000,3500,6000
WY,muni,0500000US56005,,,118,324,2.74576271186441,0.657407407407407,322.543689320388,594.069048880041,0,0,518,0.288461538461538,1,0,0,0,1,0.483050847457627,23.2622950819672,6.33745911056964,18,25,27,3214.0350877193,2185.70343339321,1700,2600,4000
WY,muni,0500000US56013,,,4791,13652,2.84950949697349,0.694674556213018,381.415398126464,651.791738323239,0,0,600,0.300792303338993,0.998330202462951,0.0010436234606554,0.000208724692131079,0.000417449384262158,1,0.568452380952381,219.734939759036,717.189294540158,12,20,30,168005.881824981,1272048.53507963,500,1500,3500
WY,muni,0500000US56021,,,14385,38412,2.67028154327424,0.724748245346353,662.472352728587,941.325217517398,0,40,1200,0.184499557130204,0.989641988182134,0.00868960722975321,0.000139033715676051,0.00152937087243657,1,0.52540333993773,54.6622546782291,395.814900956803,19,27,37,79636.964040404,864866.271174884,2500,4000,5500
WY,muni,0500000US56025,,,12044,32149,2.66929591497841,0.676141022137196,633.837106299213,917.052799530488,0,70,1092,0.215418502202643,0.989372301560943,0.00597808037196945,0.00174360677515775,0.00290601129192959,1,0.521841595825267,35.3400576368876,192.351097448021,13,20,30,93548.7503225806,945856.991483381,1200,2560,4000
WY,muni,0500000US56033,,,10323,27926,2.70522135038264,0.699424429759113,460.004822335025,777.708853147231,0,0,720,0.266082984392844,0.998159449772353,0.001259323839969,9.68710646130001e-05,0.000484355323065001,1,0.520765512479037,32.672374190854,200.16581730745,15,20,27,99561.0753930669,977945.064487349,1500,2500,4000
WY,muni,0500000US56037,,,8530,23219,2.72203985932005,0.505110410094637,575.643327067669,799.531036842516,0,0,1200,0.169067000626174,0.991559202813599,0.00515826494724502,0,0.00328253223915592,1,0.325935544799906,20.0913580246914,80.6026282391061,13,15,23,50570.0007243752,684452.27787367,2000,3000,5000
WY,muni,0500000US56041,,,3071,8330,2.71247150765223,0.515426497277677,489.975532396919,841.379010597242,0,0,800,0.15513342379014,0.99641810485184,0.000976880494952784,0,0.00260501465320742,1,0.689677629436666,36.2447478991597,196.296268427789,12,18,25,63262.0500472144,781075.404150381,531,1500,2550
