fid,mode,region,agency,name,year_open,cost_usd,riders,status,notes,web,grade,construct,automated,year_clos,ffga_date,ffga_cost,ffga_shr,reference,limited,country,brt_rating,project,route_km,brt_year,through
"2",Light Rail,Guadalajara MEX,SITEUR,Tren Ligero Line 2,"1994",,,existing,,,subway,,,,,,,"Yonah Freemark; OpenStreetMap contributors","0",MEX,,Tren Ligero Line 2,8.63943251029075,,"0"
"3",Metro,Mexico MEX,Mexico City Metro,Linea 9,"1987",,,existing,,,"subway; elevated",,,,,,,"Yonah Freemark; OpenStreetMap contributors","0",MEX,,Linea 9 Centro Médico–Pantitlán,11.0287440532635,,"0"
"4",Metro,Mexico MEX,Mexico City Metro,Linea 4,"1981",,,existing,,,"elevated; at grade",,,,,,,"Yonah Freemark; OpenStreetMap contributors","0",MEX,,Linea 4 Martín Carrera–Candelaria,7.2748809592293,,"0"
"5",Metro,Mexico MEX,Mexico City Metro,Linea 6,"1986",,,existing,,,subway,,,,,,,"Yonah Freemark; OpenStreetMap contributors","0",MEX,,Linea 6 Instituto del Petróleo–Martín Carrera,4.32684164516467,,"0"
"6",Metro,Mexico MEX,Mexico City Metro,Linea 7,"1985",,,existing,,,subway,,,,,,,"Yonah Freemark; OpenStreetMap contributors","0",MEX,,Linea 7 Auditorio–Barranca del Muerto,7.13295815394975,,"0"
"9",Metro,Mexico MEX,Mexico City Metro,Linea 1,"1972",,,existing,,,subway,,,,,,,"Yonah Freemark; OpenStreetMap contributors","0",MEX,,Linea 1 Tacubaya–Observatorio,1.41904429930499,,"0"
"11",Metro,Mexico MEX,Mexico City Metro,Linea A,"1991",,,existing,,,"subway; at grade",,,,,,,"Yonah Freemark; OpenStreetMap contributors","0",MEX,,Linea A,15.5141693705947,,"0"
"12",Metro,Mexico MEX,Mexico City Metro,Linea 2,"1984",,,existing,,,"subway; at grade",,,,,,,"Yonah Freemark; OpenStreetMap contributors","0",MEX,,Linea 2 Tacuba–Cuatro Caminos,3.38840900047922,,"0"
"15",Metro,Mexico MEX,Mexico City Metro,Linea 8,"1994",,,existing,,,"subway; at grade",,,,,,,"Yonah Freemark; OpenStreetMap contributors","0",MEX,,Linea 8,11.7747514934971,,"0"
"16",Metro,Mexico MEX,Mexico City Metro,Linea 12,"2012",,,existing,,,"subway; elevated; at grade",,,,,,,"Yonah Freemark; OpenStreetMap contributors","0",MEX,,Linea 12,24.3740024045224,,"0"
"17",Metro,Mexico MEX,Mexico City Metro,Linea 8,"1994",,,existing,,,"subway; at grade",,,,,,,"Yonah Freemark; OpenStreetMap contributors","0",MEX,,Linea 8,7.62545704491548,,"0"
"19",Metro,Monterrey MEX,Monterrey Metro,Linea 1,"1991",,,existing,,,elevated,,,,,,,"Yonah Freemark; OpenStreetMap contributors","0",MEX,,Linea 1 Exposicion–San Bernabe,18.5254970778671,,"0"
"21",Metro,Monterrey MEX,Monterrey Metro,Linea 2,"2008",,,existing,,,elevated,,,,,,,"Yonah Freemark; OpenStreetMap contributors","0",MEX,,Linea 2 Universidad–Sendero,5.49778485628696,,"0"
"22",Metro,Montreal QC CAN,STM,Ligne Verte,"1976",,,existing,Other phases of the line opened up until 1978.,,subway,,,,,,,"Yonah Freemark; OpenStreetMap contributors","0",CAN,,Ligne Verte Frontenac–Honore-Beaugrand,7.60757480768146,,"0"
"23",Metro,Montreal QC CAN,STM,Ligne Orange,"1986",,,existing,Other phases of the line opened up until 1986.,,subway,,,,,,,"Yonah Freemark; OpenStreetMap contributors","0",CAN,,Ligne Orange Du College–Cote Vertu,1.0083132844408,,"0"
"24",Metro,Montreal QC CAN,STM,Ligne Bleue,"1986",,,existing,Other phases of the line opened up until 1988.,,subway,,,,,,,"Yonah Freemark; OpenStreetMap contributors","0",CAN,,Ligne Bleue Saint-Michel–De Castelnau,3.57700343137069,,"0"
"25",Metro,Montreal QC CAN,STM,Ligne Orange,"2007",,,existing,,,subway,,,,,,,"Yonah Freemark; OpenStreetMap contributors","0",CAN,,Ligne Orange (Extension to Laval),4.19614675937758,,"0"
"26",Metro,Montreal QC CAN,STM,Ligne Jaune,"1967",,,existing,,,subway,,,,,,,"Yonah Freemark; OpenStreetMap contributors","0",CAN,,Ligne Jaune,4.41304685377602,,"0"
"27",Metro,New York NY USA,PATH,PATH,"1908",,,existing,,,"subway; elevated; at grade",,,,,,,"Yonah Freemark; OpenStreetMap contributors","0",USA,,PATH,24.6362295103995,,"0"
"28",Metro,New York NY USA,MTA,S,"1878",,,existing,,,"subway; elevated; open cut; at grade",,,,,,,"Yonah Freemark; OpenStreetMap contributors","0",USA,,Franklin Avenue Shuttle (S),2.20361352778769,,"0"
"29",Metro,New York NY USA,MTA,S,"1904",,,existing,Became a shuttle service in 1918,,subway,,,,,,,"Yonah Freemark; OpenStreetMap contributors","0",USA,,42 St Shuttle (S),0.696564300849177,,"0"
"30",Metro,New York NY USA,MTA,"1","1918",,,existing,,,subway,,,,,,,"Yonah Freemark; OpenStreetMap contributors","0",USA,,IRT Broadway - 7th Avenue Line (1) South Ferry-Chambers,1.55133686406373,,"0"
"31",Metro,New York NY USA,MTA,3/4,"1922",,,existing,,,elevated,,,,,,,"Yonah Freemark; OpenStreetMap contributors","0",USA,,IRT New Lots Line (3/4) Pennsylvania-New Lots,1.27999341938927,,"0"
"32",Metro,New York NY USA,MTA,4/5,"1908",,,existing,,,subway,,,,,,,"Yonah Freemark; OpenStreetMap contributors","0",USA,,Joralemon Street Tunnel (4/5),2.66833430906626,,"0"
"33",Metro,New York NY USA,MTA,"7","2015",2400,,existing,,,subway,2007-2015,,,,,,"Yonah Freemark; OpenStreetMap contributors","0",USA,,IRT Flushing Line (7) Extension,1.32564934801191,,"0"
"34",Metro,New York NY USA,MTA,A,"1915",,,existing,,,elevated,,,,,,,"Yonah Freemark; OpenStreetMap contributors","0",USA,,IND Fulton Street Line (A),1.90091494652317,,"0"
"35",Metro,New York NY USA,MTA,E,"1932",,,existing,,,subway,,,,,,,"Yonah Freemark; OpenStreetMap contributors","0",USA,,IND 8th Avenue Line (World Trade Center) (E),0.73673883048214,,"0"
"39",Metro,New York NY USA,MTA,J/Z,"1931",,,existing,,,subway,,,,,,,"Yonah Freemark; OpenStreetMap contributors","0",USA,,BMT Nassau Street Line (J/Z) Chambers-Broad,0.758860524749807,,"0"
"40",Metro,New York NY USA,MTA,M,"1915",,,existing,,,elevated,,,,,,,"Yonah Freemark; OpenStreetMap contributors","0",USA,,BMT Myrtle Avenue Line (M) Wyckoff-Middle Village,2.43654329137672,,"0"
"41",Metro,New York NY USA,MTA,L,"1906",,,existing,,,"elevated; at grade",,,,,,,"Yonah Freemark; OpenStreetMap contributors","0",USA,,BMT Canarsie Line (L) Atlantic-Canarsie,3.50825749402569,,"0"
"42",Metro,New York NY USA,MTA,N,"1915",,,existing,,,"elevated; open cut",,,,,,,"Yonah Freemark; OpenStreetMap contributors","0",USA,,BMT Sea Beach Line (N),8.60439365132411,,"0"
"43",Metro,New York NY USA,MTA,B/Q,"1919",,,existing,,,elevated,,,,,,,"Yonah Freemark; OpenStreetMap contributors","0",USA,,BMT Brighton Line (B/Q) Ocean Parkway-Coney Island,1.25697813181306,,"0"
"44",Metro,New York NY USA,MTA,R,"1925",,,existing,,,subway,,,,,,,"Yonah Freemark; OpenStreetMap contributors","0",USA,,BMT 4th Avenue Line (R) 86-96,0.715923219904212,,"0"
"45",Metro,New York NY USA,MTA,Staten Island Railway,"1860",,,existing,,,at grade,,,,,,,"Yonah Freemark; OpenStreetMap contributors","0",USA,,Staten Island Railway,23.1917871080899,,"0"
"46",Metro,Toronto ON CAN,TTC,Line 4,"2002",1000,,existing,,,subway,1994-2002,,,,,,"Yonah Freemark; OpenStreetMap contributors","0",CAN,,4 Sheppard,5.73878256626847,,"0"
"47",Light Rail,Toronto ON CAN,TTC,512 St. Clair,"2010",,,existing,"Dedicated ROW achieved in 2010; previously streetcar service on this route.",,at grade,,,,,,,"Yonah Freemark; OpenStreetMap contributors","0",CAN,,512 St. Clair,6.7184067757271,,"0"
"49",Metro,Vancouver BC CAN,Translink,SkyTrain Canada Line,"2009",,,existing,,,"subway; elevated",,auto,,,,,"Yonah Freemark; OpenStreetMap contributors","0",CAN,,SkyTrain Canada Line,18.439870810672,,"0"
"52",Light Rail,St. Louis MO USA,St. Louis Metrolink,Blue Line,"2006",,,existing,,,at grade,,,,,,,"Yonah Freemark; OpenStreetMap contributors","0",USA,,Metrolink Shrewsbury Extension,12.2286647159145,,"0"
"53",Light Rail,Minneapolis MN USA,Metro Transit,Blue Line,"2004",,"24800",existing,,,"subway; at grade",,,,2001-01,675.4,0.495,"Yonah Freemark; OpenStreetMap contributors","0",USA,,Blue Line (Hiawatha),19.8245936340134,,"0"
"54",Light Rail,Minneapolis MN USA,Metro Transit,Green Line,"2014",,,existing,,,at grade,,,,2011-04,956.9,0.495,"Yonah Freemark; OpenStreetMap contributors","0",USA,,Green Line (Central Corridor),15.2375669299909,,"0"
"56",Light Rail,Houston TX USA,Houston Metro,Purple Line,"2015",,,existing,Part of Southeast Corridor Project.,,at grade,,,,2011-11,822.9,0.547,"Yonah Freemark; OpenStreetMap contributors","0",USA,,Purple Line,12.4485191461,,"0"
"57",Light Rail,Houston TX USA,Houston Metro,Green Line,"2015",,,existing,Part of Southeast Corridor Project.,,at grade,,,,2011-11,822.9,0.547,"Yonah Freemark; OpenStreetMap contributors","0",USA,,Green Line,3.35374153522347,,"0"
"58",Light Rail,Dallas TX USA,DART,Green Line,"2010",,,existing,Part of Dallas NW/SW LRT Project.,,at grade,,,,2006-07,1406.2,0.498,"Yonah Freemark; OpenStreetMap contributors","0",USA,,Green Line MLK Jr.–Buckner,11.7267424404874,,"0"
"59",Light Rail,Dallas TX USA,DART,Blue Line,"2012",,,existing,,,at grade,,,,,,,"Yonah Freemark; OpenStreetMap contributors","0",USA,,Blue Line,7.50486877774728,,"0"
"60",Streetcar,Dallas TX USA,DART,Dallas Streetcar,"2015",,,existing,,,at grade,,,,,,,"Yonah Freemark; OpenStreetMap contributors","0",USA,,S. Oak Cliff Streetcar,2.58113101226855,,"0"
"61",Light Rail,Dallas TX USA,DART,Green/Orange Line,"2010",,,existing,Part of Dallas NW/SW LRT Project.,,"elevated; at grade",,,,2006-07,1406.2,0.498,"Yonah Freemark; OpenStreetMap contributors","0",USA,,Green/Orange Line West End–Bachman,11.4545173413888,,"0"
"62",Light Rail,Dallas TX USA,DART,Green Line,"2010",,,existing,Part of Dallas NW/SW LRT Project.,,"elevated; at grade",,,,2006-07,1406.2,0.498,"Yonah Freemark; OpenStreetMap contributors","0",USA,,Green Line Bachman–North Carrollton,16.5626387893434,,"0"
"65",Light Rail,San Diego CA USA,San Diego MTS,Green Line,"2005",,,existing,,,"subway; at grade",,,,2000-06,431,0.766,"Yonah Freemark; OpenStreetMap contributors","0",USA,,Green Line Mission San Diego–70th St,9.25020961419061,,"0"
"66",Light Rail,Los Angeles CA USA,LA Metro,E,"2012",,,existing,,,"elevated; at grade",,,,,,,"Yonah Freemark; OpenStreetMap contributors","0",USA,,E Line (Expo) Phase 1,12.2391971651826,,"0"
"67",Light Rail,Los Angeles CA USA,LA Metro,E,"2009",,,existing,Previously L Line,,"subway; at grade",,,,2004-06,898.8,0.546,"Yonah Freemark; OpenStreetMap contributors","0",USA,,Gold Line East LA,8.17694495519605,,"0"
"70",Light Rail,Bay Area CA USA,Santa Clara VTA,Green Line,"2005",,,existing,,,at grade,,,,,,,"Yonah Freemark; OpenStreetMap contributors","0",USA,,Convention Center–Winchester,8.27405371829008,,"0"
"71",Light Rail,Bay Area CA USA,Santa Clara VTA,Orange Line,"2004",,,existing,,,at grade,,,,,,,"Yonah Freemark; OpenStreetMap contributors","0",USA,,Milpitas–Alum Rock,10.246155766219,,"0"
"72",Light Rail,Bay Area CA USA,SF Muni,T,"2007",,,existing,,,at grade,,,,,,,"Yonah Freemark; OpenStreetMap contributors","0",USA,,T-Third,8.42386832014623,,"0"
"73",Light Rail,Sacramento CA USA,Sacramento RTD,Gold Line,"2004",,,existing,,,at grade,,,,,,,"Yonah Freemark; OpenStreetMap contributors","0",USA,,Gold Line Mather Field–Sunrise,4.72746773594942,,"0"
"74",Light Rail,Sacramento CA USA,Sacramento RTD,Blue Line,"2003",,,existing,,,at grade,,,,,,,"Yonah Freemark; OpenStreetMap contributors","0",USA,,Blue Line Midtown–Meadowview,9.85104950270146,,"0"
"75",Bus Rapid Transit,Eugene OR USA,Lane Transit District,EmX,"2011",,,existing,,,at grade,,,,,,,"Yonah Freemark; OpenStreetMap contributors","0",USA,Bronze (55),EmX,16.0902474785004,"2013","0"
"76",Light Rail,Portland OR USA,TriMet,MAX Green Line,"2009",,,existing,,,highway,,,,2007-06,575.7,0.6,"Yonah Freemark; OpenStreetMap contributors","0",USA,,MAX Green Line (South Corridor),10.3586908947942,,"0"
"79",Streetcar,Portland OR USA,Portland Streetcar,Streetcar,"2007",,,existing,,,at grade,,,,,,,"Yonah Freemark; OpenStreetMap contributors","0",USA,,Portland Streetcar (South Waterfront),3.14275304493437,,"0"
"80",Aerial Tram,Portland OR USA,TriMet,Aerial Tram,"2006",,,existing,,,elevated,,,,,,,"Yonah Freemark; OpenStreetMap contributors","0",USA,,Aerial Tram,1.01055396155539,,"0"
"83",Monorail,Seattle WA USA,Seattle Monorail,Seattle Center Monorail,"1962",,,existing,,,elevated,,,,,,,"Yonah Freemark; OpenStreetMap contributors","0",USA,,Seattle Center Monorail,1.529669198435,,"0"
"86",Light Rail,Salt Lake UT USA,UTA,Green Line,"2011",,,existing,,,at grade,,,,,,,"Yonah Freemark; OpenStreetMap contributors","0",USA,,Green Line (West Valley Central),8.17990114931823,,"0"
"87",Streetcar,Salt Lake UT USA,UTA,S-Line,"2013",,,existing,,,at grade,,,,,,,"Yonah Freemark; OpenStreetMap contributors","0",USA,,S-Line,3.13727148967687,,"0"
"88",Light Rail,Salt Lake UT USA,UTA,Red Line,"2011",,,existing,,,at grade,,,,2009-01,535.4,0.8,"Yonah Freemark; OpenStreetMap contributors","0",USA,,Red Line (Mid-Jordan),17.114754450277,,"0"
"89",Light Rail,Salt Lake UT USA,UTA,Blue Line,"2013",,,existing,,,at grade,,,,,,,"Yonah Freemark; OpenStreetMap contributors","0",USA,,Blue Line (Draper Town Center),6.04617060025755,,"0"
"90",Light Rail,Denver CO USA,Denver RTD,E/F/R,"2006",,"38100",existing,,,at grade,,,,2000-11,879.3,0.597,"Yonah Freemark; OpenStreetMap contributors","0",USA,,Southeast Corridor,10.7725605990122,,"0"
"93",Light Rail,Denver CO USA,Denver RTD,W,"2013",,,existing,,,at grade,,,,2009-01,709.8,0.435,"Yonah Freemark; OpenStreetMap contributors","0",USA,,W Line,19.2938673213907,,"0"
"94",Light Rail,Pittsburgh PA USA,PAT,Blue/Red Lines,"2012",523,,existing,,,"subway; elevated",,,,2006-09,435,0.542,"Yonah Freemark; OpenStreetMap contributors","0",USA,,Blue/Red Lines (North Shore Connector),1.85420028368614,,"0"
"95",Cable Rail,Pittsburgh PA USA,Duquesne Incline,Duquesne Incline,"1877",,,existing,,,elevated,,,,,,,"Yonah Freemark; OpenStreetMap contributors","0",USA,,Duquesne Incline,0.217956727979,,"0"
"96",Cable Rail,Pittsburgh PA USA,Monongahela Incline,Monongahela Incline,"1869",,,existing,,,elevated,,,,,,,"Yonah Freemark; OpenStreetMap contributors","0",USA,,Monongahela Incline,0.165560840391798,,"0"
"98",Bus Rapid Transit,Cleveland OH USA,Cleveland RTA,HealthLine,"2008",,,existing,,,at grade,,,,2004-10,168.4,0.488,"Yonah Freemark; OpenStreetMap contributors","0",USA,Silver (76),HealthLine (Euclid Corridor),10.9961227030149,"2013","0"
"99",Light Rail,New York NY USA,New Jersey Transit,Hudson-Bergen Light Rail,"2011",100,,existing,,,at grade,,,,,,,"Yonah Freemark; OpenStreetMap contributors","0",USA,,Hudson-Bergen Light Rail South Extension,1.4658493034802,,"0"
"100",Light Rail,New York NY USA,New Jersey Transit,Hudson-Bergen Light Rail,"2004",1200,,existing,"This is one part of MOS-2 project. Portions opened in 2005, 2006.",,"subway; at grade",,,,2000-11,1215.4,0.411,"Yonah Freemark; OpenStreetMap contributors","0",USA,,Hudson-Bergen Light Rail MOS-2 North,8.60590893787123,,"0"
"101",Light Rail,New York NY USA,New Jersey Transit,Newark Light Rail,"2006",,"13300",existing,,,at grade,,,,2000-08,207.7,0.683,"Yonah Freemark; OpenStreetMap contributors","0",USA,,Newark Light Rail - Broad St Rail Link,2.34559095704837,,"0"
"102",Bus Rapid Transit,Boston MA USA,MBTA,Silver Line,"2002",,,existing,,,at grade,,,,,,,"Yonah Freemark; OpenStreetMap contributors","0",USA,,Silver Line (Washington Street),3.41908682942029,,"0"
"103",Bus Rapid Transit,Boston MA USA,MBTA,Silver Line,"2004",,,existing,,,subway,,,,1994-11,,,"Yonah Freemark; OpenStreetMap contributors","0",USA,,Silver Line (South Boston Piers Transitway),1.96496339501626,,"0"
"104",Bus Rapid Transit,Hartford CT USA,CT Transit,CTfastrak,"2015",,,existing,,,at grade,,,,2011-11,567.1,0.485,"Yonah Freemark; OpenStreetMap contributors","0",USA,Silver (76.2),CTfastrak,14.7237797783157,"2016","0"
"105",Metro,Washington DC USA,WMATA,Blue/Silver Lines,"2004",,,existing,,,"subway; elevated",,,,2000-05,607.2,0.599,"Yonah Freemark; OpenStreetMap contributors","0",USA,,Blue/Silver Lines (Largo Extension),5.23738230963982,,"0"
"106",Metro,Washington DC USA,WMATA,Silver Line,"2014",,,existing,,,"subway; elevated; open cut; at grade",,,,2009-03,3142.5,0.286,"Yonah Freemark; OpenStreetMap contributors","0",USA,,Silver Line (Phase 1),17.4837951466964,,"0"
"107",Light Rail,Norfolk VA USA,Hampton Roads Transit,The Tide,"2011",,,existing,,,at grade,,,,2007-10,232.1,0.551,"Yonah Freemark; OpenStreetMap contributors","0",USA,,The Tide,11.8056760471683,,"0"
"108",Metro,Miami FL USA,Miami-Dade Transit,Orange Line,"2012",,,existing,,,elevated,,,,,,,"Yonah Freemark; OpenStreetMap contributors","0",USA,,Orange Line,3.96093463550067,,"0"
"109",Streetcar,Tampa FL USA,Teco Line,Teco Line,"2002",,,existing,,,at grade,,,,,,,"Yonah Freemark; OpenStreetMap contributors","0",USA,,Teco Line,4.21753791402728,,"0"
"112",Streetcar,New Orleans LA USA,NORTA,UPT Line,"2013",,,existing,,,at grade,,,,,,,"Yonah Freemark; OpenStreetMap contributors","0",USA,,UPT Line,1.35648154078379,,"0"
"115",Monorail,Las Vegas NV USA,Las Vegas Monorail,Monorail,"2004",,,existing,,,elevated,,auto,,,,,"Yonah Freemark; OpenStreetMap contributors","0",USA,,Las Vegas Monorail,6.23931442573483,,"0"
"116",Bus Rapid Transit,Las Vegas NV USA,Las Vegas RTC,Sahara BRT,"2012",,,existing,,,at grade,,,,,,,"Yonah Freemark; OpenStreetMap contributors","0",USA,Basic,Sahara BRT,19.2304427070721,,"0"
"121",Metro,Chicago IL USA,Chicago Transit Authority,Green/Orange Lines,"1896",,,existing,,,elevated,,,,,,,"Yonah Freemark; OpenStreetMap contributors","0",USA,,South Side Elevated (Green/Orange),0.135372275200981,,"0"
"122",Streetcar,Seattle WA USA,Sound Transit,Link Line T,"2003",,,existing,,,at grade,,,,,,,"Yonah Freemark; OpenStreetMap contributors","0",USA,,Orange Line (Tacoma Link),2.76112619996086,,"0"
"123",Metro,Boston MA USA,MBTA,Orange Line,"1987",,,existing,,,"subway; open cut",,,,,,,"Yonah Freemark; OpenStreetMap contributors","0",USA,,Orange Line,7.63361672733701,,"0"
"124",Metro,Chicago IL USA,Chicago Transit Authority,Blue Line,"1958",,,existing,,,highway,,,,,,,"Yonah Freemark; OpenStreetMap contributors","0",USA,,Blue Line (Congress Branch),14.7916035194412,,"0"
"125",Metro,Chicago IL USA,Chicago Transit Authority,Loop (Brown/Green/Orange/Purple),"1896",,,existing,,,elevated,,,,,,,"Yonah Freemark; OpenStreetMap contributors","0",USA,,Loop (Brown/Green/Orange/Purple),1.35362293235147,,"0"
"126",Light Rail,Philadelphia PA USA,SEPTA,Sharon Hill Line (Route 102),"1906",,,existing,,,at grade,,,,,,,"Yonah Freemark; OpenStreetMap contributors","0",USA,,Sharon Hill Line (Route 102),5.15255761900147,,"0"
"127",Metro,Atlanta GA USA,MARTA,Gold Line,"1984",,,existing,,,"subway; elevated; at grade",,,,,,,"Yonah Freemark; OpenStreetMap contributors","0",USA,,Northeast Line Buckhead-Brookhaven,3.76701058946326,,"0"
"128",Light Rail,Cleveland OH USA,Cleveland RTA,Blue/Green Lines,"1920",,,existing,,,"subway; at grade",,,,,,,"Yonah Freemark; OpenStreetMap contributors","0",USA,,Blue/Green Lines,9.65965977128497,,"0"
"130",Metro,Atlanta GA USA,MARTA,Green Line,"1992",,,existing,,,"subway; at grade",,,,,,,"Yonah Freemark; OpenStreetMap contributors","0",USA,,West Line/Proctor Creek Branch,2.17924241846673,,"0"
"131",Light Rail,Boston MA USA,MBTA,Green Line,"1932",,,existing,,,at grade,,,,,,,"Yonah Freemark; OpenStreetMap contributors","0",USA,,Green Line-Cleveland Circle Branch,4.17212691631169,,"0"
"132",Metro,Chicago IL USA,Chicago Transit Authority,Pink Line,"1896",,,existing,,,elevated,,,,,,,"Yonah Freemark; OpenStreetMap contributors","0",USA,,Pink Line (Cermak Branch),3.66749715318312,,"0"
"133",Monorail,Jacksonville FL USA,JTA,Skyway,"1998",,,existing,Portions of the line opened after 1989.,,elevated,,auto,,,,,"Yonah Freemark; OpenStreetMap contributors","0",USA,,Skyway Central-San Marco,1.39989457243927,,"0"
"134",Light Rail,Cleveland OH USA,Cleveland RTA,Green Line,"1913",,,existing,,,at grade,,,,,,,"Yonah Freemark; OpenStreetMap contributors","0",USA,,Green Line Shaker Square–Attleboro,2.74152890402186,,"0"
"135",Metro,Chicago IL USA,Chicago Transit Authority,Yellow Line,"1964",,,existing,,,"open cut; at grade",,,,,,,"Yonah Freemark; OpenStreetMap contributors","0",USA,,Yellow Line (Skokie Branch),7.81595148813675,,"0"
"136",Streetcar,Bay Area CA USA,SF Muni,Powell-Mason Cable Car,"1888",,,existing,This is a cable car service.,,at grade,,,,,,,"Yonah Freemark; OpenStreetMap contributors","0",USA,,Powell-Mason Cable Car,1.30313257820251,,"0"
"137",Metro,Los Angeles CA USA,LA Metro,B,"2000",,,existing,,,subway,,,,,,,"Yonah Freemark; OpenStreetMap contributors","0",USA,,B Line (Red) MOS-3 North Hollywood,10.0776794605037,,"0"
"138",Light Rail,Denver CO USA,Denver RTD,C/E,"2002",,,existing,,,at grade,,,,,,,"Yonah Freemark; OpenStreetMap contributors","0",USA,,C/E Lines,0.369494226739038,,"0"
"141",Metro,Washington DC USA,WMATA,Orange/Silver Lines,"1979",,,existing,,,subway,,,,,,,"Yonah Freemark; OpenStreetMap contributors","0",USA,,Orange/Silver Lines,4.18840755065332,,"0"
"142",Metro,Atlanta GA USA,MARTA,Gold/Red Lines,"1981",,,existing,,,subway,,,,,,,"Yonah Freemark; OpenStreetMap contributors","0",USA,,North Line Five Points-North Ave,2.22541107791848,,"0"
"143",Metro,Bay Area CA USA,BART,Orange/Red/Yellow Lines,"1972",,,existing,,,"subway; highway",,,,,,,"Yonah Freemark; OpenStreetMap contributors","0",USA,,BART Downtown Oakland–MacArthur,3.70100846281058,,"0"
"144",Light Rail,Philadelphia PA USA,SEPTA,Media/Sharon Hill Lines (Routes 101/102),"1906",,,existing,,,at grade,,,,,,,"Yonah Freemark; OpenStreetMap contributors","0",USA,,Media/Sharon Hill Lines (Routes 101/102),3.35407767614124,,"0"
"145",Metro,Philadelphia PA USA,SEPTA,Market-Frankford Line,"1922",,,existing,,,"subway; elevated",,,,,,,"Yonah Freemark; OpenStreetMap contributors","0",USA,,Market-Frankford Line 2nd St–Frankford,10.580061219839,,"0"
"146",Metro,Washington DC USA,WMATA,Green/Yellow Lines,"1983",,,existing,,,subway,,,,,,,"Yonah Freemark; OpenStreetMap contributors","0",USA,,Green/Yellow Lines,1.48955551357517,,"0"
"147",Metro,Chicago IL USA,Chicago Transit Authority,Green Line,"1892",,,existing,,,elevated,,,,,,,"Yonah Freemark; OpenStreetMap contributors","0",USA,,South Side Elevated (Green),8.19570432607391,,"0"
"148",Light Metro,Miami FL USA,Miami Metromover,Downtown Loop,"1986",,,existing,,,elevated,,auto,,,,,"Yonah Freemark; OpenStreetMap contributors","0",USA,,Downtown Loop,0.794884022343263,,"0"
"149",Light Rail,Portland OR USA,TriMet,MAX Red Line,"2001",,,existing,,,at grade,,,,,,,"Yonah Freemark; OpenStreetMap contributors","0",USA,,MAX Red Line (Airport Extension),9.05084344676059,,"0"
"150",Light Rail,Portland OR USA,TriMet,MAX Blue/Red Lines,"1986",,,existing,,,"highway; at grade",,,,,,,"Yonah Freemark; OpenStreetMap contributors","0",USA,,MAX Blue/Red Lines Gateway–Rose Quarter,9.18034825219843,,"0"
"151",Light Rail,Philadelphia PA USA,SEPTA,Route 36,"1904",,,existing,,,at grade,,,,,,,"Yonah Freemark; OpenStreetMap contributors","0",USA,,Route 36,5.92029030593926,,"0"
"153",Metro,Chicago IL USA,Chicago Transit Authority,Brown/Purple Lines,"1907",,,existing,,,elevated,,,,,,,"Yonah Freemark; OpenStreetMap contributors","0",USA,,North Side Main Line (Brown/Purple),4.370967044482,,"0"
"154",Metro,Bay Area CA USA,BART,Blue/Green Lines,"1974",,,existing,,,subway,,,,,,,"Yonah Freemark; OpenStreetMap contributors","0",USA,,BART Downtown Oakland junction,0.172787744760517,,"0"
"155",Light Rail,Bay Area CA USA,Santa Clara VTA,Blue Line,"1999",,,existing,,,at grade,,,,,,,"Yonah Freemark; OpenStreetMap contributors","0",USA,,Baypointe-Santa Teresa/Mt View-I880/Milpitas Lines,0.0493608518059745,,"0"
"156",Metro,Atlanta GA USA,MARTA,Blue/Green Lines,"1979",,,existing,,,"subway; elevated; at grade",,,,,,,"Yonah Freemark; OpenStreetMap contributors","0",USA,,West Line Five Points-Ashby,2.69746460560055,,"0"
"158",Streetcar,Bay Area CA USA,SF Muni,Powell-Hyde/Powell-Mason Cable Car,"1888",,,existing,This is a cable car service.,,at grade,,,,,,,"Yonah Freemark; OpenStreetMap contributors","0",USA,,Powell-Hyde/Powell-Mason Cable Car,1.5163076771995,,"0"
"159",Light Rail,Cleveland OH USA,Cleveland RTA,Waterfront Line,"1996",,,existing,,,at grade,,,,,,,"Yonah Freemark; OpenStreetMap contributors","0",USA,,Waterfront Line,3.61530500989708,,"0"
"160",Streetcar,Bay Area CA USA,SF Muni,F-Market and Wharves,"1995",,,existing,,,at grade,,,,,,,"Yonah Freemark; OpenStreetMap contributors","0",USA,,F-Market and Wharves,9.26733157816919,,"0"
"161",Metro,Chicago IL USA,Chicago Transit Authority,Brown/Purple/Red Lines,"1900",,,existing,,,elevated,,,,,,,"Yonah Freemark; OpenStreetMap contributors","0",USA,,North Side Main Line (Brown/Purple/Red),0.311056145075004,,"0"
"162",Metro,Chicago IL USA,Chicago Transit Authority,Green Line,"1907",,,existing,,,elevated,,,,,,,"Yonah Freemark; OpenStreetMap contributors","0",USA,,Green Line (Englewood Branch),4.88815221562922,,"0"
"163",Metro,Bay Area CA USA,BART,Orange/Red Lines,"1972",,,existing,,,"subway; elevated; at grade",,,,,,,"Yonah Freemark; OpenStreetMap contributors","0",USA,,BART MacArthur–Richmond,16.3538529916024,,"0"
"164",Light Rail,Boston MA USA,MBTA,Green Line,"1932",,,existing,,,at grade,,,,,,,"Yonah Freemark; OpenStreetMap contributors","0",USA,,Green Line-Cleveland Circle/Riverside Branches,0.440093051722131,,"0"
"165",Metro,Chicago IL USA,Chicago Transit Authority,Brown Line (Ravenswood Branch),"1907",,,existing,,,"elevated; at grade",,,,,,,"Yonah Freemark; OpenStreetMap contributors","0",USA,,Brown Line (Ravenswood Branch),7.57146199615232,,"0"
"167",Light Rail,Bay Area CA USA,SF Muni,J/K/L/M/N,"1980",,,existing,,,subway,,,,,,,"Yonah Freemark; OpenStreetMap contributors","0",USA,,"J, K, L, M, N Lines",3.66940961893528,,"0"
"168",Light Rail,San Diego CA USA,San Diego MTS,Copper Line,"1995",,,existing,Previously Green/Orange Lines,,at grade,,,,,,,"Yonah Freemark; OpenStreetMap contributors","0",USA,,Copper Line El Cajon–Santee,6.13942653683563,,"0"
"169",Light Rail,Philadelphia PA USA,SEPTA,Route 34,"1906",,,existing,,,at grade,,,,,,,"Yonah Freemark; OpenStreetMap contributors","0",USA,,Route 34,3.9429785592357,,"0"
"171",Light Rail,Philadelphia PA USA,SEPTA,Route 10/Route 15,"1906",,,existing,,,at grade,,,,,,,"Yonah Freemark; OpenStreetMap contributors","0",USA,,Route 10/Route 15,0.0697789633735667,,"0"
"172",Streetcar,Bay Area CA USA,SF Muni,Powell-Hyde Cable Car,"1957",,,existing,This is a cable car service.,,at grade,,,,,,,"Yonah Freemark; OpenStreetMap contributors","0",USA,,Powell-Hyde Cable Car,2.6951108189417,,"0"
"174",Metro,Philadelphia PA USA,SEPTA,Broad Street Line,"1956",,,existing,,,subway,,,,,,,"Yonah Freemark; OpenStreetMap contributors","0",USA,,Broad Street Line Olney–Fern Rock,0.900578349445676,,"0"
"175",Metro,Bay Area CA USA,BART,Blue/Green/Orange Lines,"1972",,,existing,,,"subway; elevated; at grade",,,,,,,"Yonah Freemark; OpenStreetMap contributors","0",USA,,BART Downtown Oakland–Bay Fair,18.5016941513479,,"0"
"176",Streetcar,New Orleans LA USA,NORTA,St Charles Line,"1835",,,existing,,,at grade,,,,,,,"Yonah Freemark; OpenStreetMap contributors","0",USA,,St Charles Line,11.8953332964845,,"0"
"177",Metro,Bay Area CA USA,BART,Red/Yellow Lines,"1972",,,existing,,,subway,,,,,,,"Yonah Freemark; OpenStreetMap contributors","0",USA,,BART Downtown Oakland junction,0.234470938921567,,"0"
"178",Metro,Chicago IL USA,Chicago Transit Authority,Purple Line,"1908",,,existing,"Portion of line is being reconstructed through RPM project; $2.1 b; to be complete 2025.",http://www.transitchicago.com/rpmproject/,"elevated; at grade",,,,,,,"Yonah Freemark; OpenStreetMap contributors","0",USA,,Purple Line (Evanston Branch),6.07604547853084,,"0"
"179",Metro,Philadelphia PA USA,SEPTA,Broad/Ridge Spur,"1932",,,existing,,,subway,,,,,,,"Yonah Freemark; OpenStreetMap contributors","0",USA,,Broad Street Line (Broad/Ridge Spur),1.91274794245878,,"0"
"180",Light Rail,Bay Area CA USA,Santa Clara VTA,Ohlone/Chynoweth-Almaden Line,,,,closed,Spur closed in 2019 due to low ridership.,,at grade,,,"2019",,,,"Yonah Freemark; OpenStreetMap contributors","0",USA,,Ohlone/Chynoweth-Almaden Line,1.89632542955542,,"0"
"181",Light Rail,Pittsburgh PA USA,PAT,Blue Line,"1872",,,existing,,,at grade,,,,,,,"Yonah Freemark; OpenStreetMap contributors","0",USA,,Blue Line,8.1497629584511,,"0"
"182",Light Rail,Bay Area CA USA,SF Muni,J/N,"1980",,,existing,,,at grade,,,,,,,"Yonah Freemark; OpenStreetMap contributors","0",USA,,J-Church/N-Judah Lines,0.247645784649396,,"0"
"183",Light Rail,Dallas TX USA,DART,Blue/Red Lines,"1996",,,existing,,,"subway; elevated; at grade",,,,,,,"Yonah Freemark; OpenStreetMap contributors","0",USA,,Blue/Red Lines,13.6905877145985,,"0"
"184",Light Rail,Los Angeles CA USA,LA Metro,A,"2003",,,existing,Previously L Line,,"elevated; at grade",,,,,,,"Yonah Freemark; OpenStreetMap contributors","0",USA,,Gold Line Phase 1 to Pasadena,22.146040087083,,"0"
"185",Metro,Bay Area CA USA,BART,Green/Orange Lines,"1972",,,existing,,,"elevated; at grade",,,,,,,"Yonah Freemark; OpenStreetMap contributors","0",USA,,BART Bay Fair–Fremont,19.6289373438133,,"0"
"186",Light Rail,Dallas TX USA,DART,Red Line,"1996",,,existing,,,at grade,,,,,,,"Yonah Freemark; OpenStreetMap contributors","0",USA,,Red Line,4.25879398064227,,"0"
"187",Light Rail,Baltimore MD USA,MTA,Light RailLink,"1997",,,existing,Part of Baltimore LRT Extensions Program.,,at grade,,,,,106.1,0.8,"Yonah Freemark; OpenStreetMap contributors","0",USA,,Light RailLink (former Yellow Line) to BWI,3.43752507330454,,"0"
"188",Metro,Baltimore MD USA,MTA,Metro SubwayLink,"1995",,,existing,,,subway,,,,,,,"Yonah Freemark; OpenStreetMap contributors","0",USA,,Metro SubwayLink,2.12035398118578,,"0"
"189",Streetcar,New Orleans LA USA,NORTA,Riverfront Line,"1988",,,existing,,,at grade,,,,,,,"Yonah Freemark; OpenStreetMap contributors","0",USA,,Riverfront Line,2.54778393302145,,"0"
"190",Metro,Bay Area CA USA,BART,Orange Line,"1972",,,existing,,,subway,,,,,,,"Yonah Freemark; OpenStreetMap contributors","0",USA,,BART Downtown Oakland junction,0.186416367289818,,"0"
"191",Light Rail,Denver CO USA,Denver RTD,C/D,"2000",,,existing,,,at grade,,,,,,,"Yonah Freemark; OpenStreetMap contributors","0",USA,,C/D Lines,14.3108520602215,,"0"
"192",Metro,Washington DC USA,WMATA,Green/Yellow Lines,"1991",,,existing,,,subway,,,,,,,"Yonah Freemark; OpenStreetMap contributors","0",USA,,Green/Yellow Lines,1.84477981607433,,"0"
"193",Light Rail,New York NY USA,New Jersey Transit,Newark City Subway,"1935",,,existing,,,"subway; at grade",,,,,,,"Yonah Freemark; OpenStreetMap contributors","0",USA,,Newark City Subway,8.15162290428493,,"0"
"196",Streetcar,Memphis TN USA,MATA,Riverfront Loop,"1997",,,existing,,,at grade,,,,,,,"Yonah Freemark; OpenStreetMap contributors","0",USA,,Riverfront Loop,3.51065417461638,,"0"
"197",Light Rail,Boston MA USA,MBTA,Green Line,"1896",,,existing,Portions of the line opened in 1900,,at grade,,,,,,,"Yonah Freemark; OpenStreetMap contributors","0",USA,,Green Line-Boston College Branch,6.70978843891161,,"0"
"198",Light Rail,Dallas TX USA,DART,Blue Line,"2001",,,existing,,,"elevated; at grade",,,,1993-09,,,"Yonah Freemark; OpenStreetMap contributors","0",USA,,Blue Line Mockingbird–White Rock,4.865429255489,,"0"
"200",Metro,Miami FL USA,Miami MetroRail,Metrorail,"1984",,,existing,,,elevated,,,,,,,"Yonah Freemark; OpenStreetMap contributors","0",USA,,Metrorail,24.1213336449977,,"0"
"202",Light Rail,Bay Area CA USA,SF Muni,M,"1925",,,existing,,,at grade,,,,,,,"Yonah Freemark; OpenStreetMap contributors","0",USA,,M-Ocean View,5.09934947577022,,"0"
"203",Metro,Chicago IL USA,Chicago Transit Authority,Loop (Brown/Orange/Purple),"1897",,,existing,,,elevated,,,,,,,"Yonah Freemark; OpenStreetMap contributors","0",USA,,Loop (Brown/Orange/Purple),1.63267587159238,,"0"
"204",Light Rail,Philadelphia PA USA,SEPTA,Route 10/Route 11/Route 13/Route 34/Route 36,"1858",,,existing,,,subway,,,,,,,"Yonah Freemark; OpenStreetMap contributors","0",USA,,Route 10/Route 11/Route 13/Route 34/Route 36,2.84221419544146,,"0"
"205",Light Rail,Philadelphia PA USA,SEPTA,Route 11/Route 13/Route 36,"1858",,,existing,,,at grade,,,,,,,"Yonah Freemark; OpenStreetMap contributors","0",USA,,Route 11/Route 13/Route 36,0.200771516617807,,"0"
"206",Light Rail,Philadelphia PA USA,SEPTA,Route 10,"1906",,,existing,,,at grade,,,,,,,"Yonah Freemark; OpenStreetMap contributors","0",USA,,Route 10,6.70748183421703,,"0"
"207",Metro,Washington DC USA,WMATA,Red Line,"1984",,,existing,,,"subway; elevated; at grade",,,,,,,"Yonah Freemark; OpenStreetMap contributors","0",USA,,Red Line,22.5916886065211,,"0"
"208",Metro,Bay Area CA USA,BART,Blue/Green/Red/Yellow Lines,"1973",,,existing,,,"subway; highway",,,,,,,"Yonah Freemark; OpenStreetMap contributors","0",USA,,BART Embarcardero–Daly City,13.3485694319394,,"0"
"209",Light Rail,Bay Area CA USA,SF Muni,L,"1919",,,existing,,,at grade,,,,,,,"Yonah Freemark; OpenStreetMap contributors","0",USA,,L-Taraval,4.64223903498475,,"0"
"210",Light Rail,Philadelphia PA USA,SEPTA,Route 13,"1858",,,existing,,,at grade,,,,,,,"Yonah Freemark; OpenStreetMap contributors","0",USA,,Route 13,6.62720483235675,,"0"
"211",Light Rail,Bay Area CA USA,SF Muni,K/L/M,"1918",,,existing,,,"subway; at grade",,,,,,,"Yonah Freemark; OpenStreetMap contributors","0",USA,,"K, L, M Lines",4.76896023618342,,"0"
"212",Streetcar,Bay Area CA USA,SF Muni,California Cable Car,"1878",,,existing,This is a cable car service.,,at grade,,,,,,,"Yonah Freemark; OpenStreetMap contributors","0",USA,,California Cable Car,2.33380191334921,,"0"
"213",Light Rail,Bay Area CA USA,SF Muni,N,"1928",,,existing,,,at grade,,,,,,,"Yonah Freemark; OpenStreetMap contributors","0",USA,,N-Judah,10.3973784359427,,"0"
"214",Light Rail,Portland OR USA,TriMet,MAX Yellow Line,"2004",,,existing,,,at grade,,,,2000-09,350,0.736,"Yonah Freemark; OpenStreetMap contributors","0",USA,,MAX Yellow Line (Interstate MAX),9.2667830193138,,"0"
"215",Metro,Chicago IL USA,Chicago Transit Authority,Blue Line,"1951",,,existing,,,subway,,,,,,,"Yonah Freemark; OpenStreetMap contributors","0",USA,,Dearborn Subway (Blue),5.79930578768571,,"0"
"216",Metro,Chicago IL USA,Chicago Transit Authority,Green/Pink Lines,"1893",,,existing,,,elevated,,,,,,,"Yonah Freemark; OpenStreetMap contributors","0",USA,,Lake Street Elevated (Green/Pink),2.93777112967355,,"0"
"217",Streetcar,Memphis TN USA,MATA,Main Street Trolley,"1993",,,existing,,,at grade,1991-1993,,,,,,"Yonah Freemark; OpenStreetMap contributors","0",USA,,Main Street Trolley,3.00027258270854,,"0"
"218",Light Metro,Miami FL USA,Miami Metromover,Brickell Loop,"1994",,,existing,,,elevated,,auto,,,,,"Yonah Freemark; OpenStreetMap contributors","0",USA,,Brickell Loop,1.82270488660109,,"0"
"219",Metro,Washington DC USA,WMATA,Blue/Orange/Silver Lines,"1977",,,existing,,,subway,,,,,,,"Yonah Freemark; OpenStreetMap contributors","0",USA,,Blue/Orange/Silver Lines,10.5916514807388,,"0"
"220",Light Rail,Buffalo NY USA,NFTA,Metro Rail,"1986",,,existing,,,subway,,,,,,,"Yonah Freemark; OpenStreetMap contributors","0",USA,,Metro Rail Amherst St–University,2.17088063673248,,"0"
"221",Light Rail,Philadelphia PA USA,SEPTA,Route 11/Route 13/Route 34/Route 36,"1858",,,existing,,,at grade,,,,,,,"Yonah Freemark; OpenStreetMap contributors","0",USA,,Route 11/Route 13/Route 34/Route 36,1.23657185368236,,"0"
"222",Metro,Bay Area CA USA,BART,Blue Line,"1997",,,existing,,,highway,,,,,,,"Yonah Freemark; OpenStreetMap contributors","0",USA,,BART Bay Fair–Dublin/Pleasanton,20.3838224871525,,"0"
"223",Light Rail,Pittsburgh PA USA,PAT,Blue Line,"1872",,,existing,,,at grade,,,,,,,"Yonah Freemark; OpenStreetMap contributors","0",USA,,Blue Line,8.0249120433082,,"0"
"224",Metro,Atlanta GA USA,MARTA,Blue/Green Lines,"1979",,,existing,,,"subway; elevated; at grade",,,,,,,"Yonah Freemark; OpenStreetMap contributors","0",USA,,East Line Five Points/Avondale,11.5902011855211,,"0"
"225",Light Rail,Bay Area CA USA,SF Muni,J,"1917",,,existing,,,at grade,,,,,,,"Yonah Freemark; OpenStreetMap contributors","0",USA,,J-Church,6.5967673260529,,"0"
"227",Light Rail,Philadelphia PA USA,SEPTA,Media Line (Route 101),"1906",,,existing,,,at grade,,,,,,,"Yonah Freemark; OpenStreetMap contributors","0",USA,,Media Line (Route 101),10.4250088641668,,"0"
"228",Metro,Boston MA USA,MBTA,Blue Line,"1916",,,existing,,,subway,,,,,,,"Yonah Freemark; OpenStreetMap contributors","0",USA,,Bowdoin Extension,0.459327236498295,,"0"
"230",Metro,Philadelphia PA USA,PATCO,Speedline,"1969",,,existing,,,"subway; elevated; at grade",,,,,,,"Yonah Freemark; OpenStreetMap contributors","0",USA,,Speedline,22.9729577870104,,"0"
"231",Light Rail,Cleveland OH USA,Cleveland RTA,Blue Line,"1920",,,existing,,,at grade,,,,,,,"Yonah Freemark; OpenStreetMap contributors","0",USA,,Blue Line,5.23374360037223,,"0"
"232",Metro,Chicago IL USA,Chicago Transit Authority,Loop (Green/Orange/Brown/Purple),"1895",,,existing,,,elevated,,,,,,,"Yonah Freemark; OpenStreetMap contributors","0",USA,,Loop (Green/Orange/Brown/Purple),0.252231841866059,,"0"
"233",Light Metro,Miami FL USA,Miami Metromover,Brickell/Downtown/Omni Loops,"1986",,,existing,,,elevated,,auto,,,,,"Yonah Freemark; OpenStreetMap contributors","0",USA,,Brickell/Downtown/Omni Loops,2.63909559195309,,"0"
"234",Light Rail,Pittsburgh PA USA,PAT,Blue/Red Lines,"1872",,,existing,,,at grade,,,,,,,"Yonah Freemark; OpenStreetMap contributors","0",USA,,Blue/Red Lines,0.242431152783899,,"0"
"235",Metro,Atlanta GA USA,MARTA,Gold/Red Lines,"1981",,,existing,,,subway,,,,,,,"Yonah Freemark; OpenStreetMap contributors","0",USA,,South Line Five Points-Garnett,0.787576807198831,,"0"
"236",Light Rail,Charlotte NC USA,CATS,Lynx Blue Line,"2007",463,,existing,,,at grade,,,,2005-05,426.9,0.452,"Yonah Freemark; OpenStreetMap contributors","0",USA,,Lynx Blue Line,15.1154392701511,,"0"
"237",Metro,Chicago IL USA,Chicago Transit Authority,Purple/Red Lines,"1900",,,existing,,,elevated,,,,,,,"Yonah Freemark; OpenStreetMap contributors","0",USA,,North Side Main Line (Purple/Red),2.95549674783739,,"0"
"238",Light Rail,Seattle WA USA,Sound Transit,Link Line 1,"2009",,,existing,,,"subway; elevated; at grade",,,,2003-10,2436.9,0.205,"Yonah Freemark; OpenStreetMap contributors","0",USA,,Central Link Phase 1,24.6442008944871,,"0"
"239",Light Rail,Boston MA USA,MBTA,Red Line,"1929",,,existing,,,at grade,,,,,,,"Yonah Freemark; OpenStreetMap contributors","0",USA,,Red Line-Mattapan/Ashmont Branch,4.22263138238001,,"0"
"240",Light Rail,St. Louis MO USA,St. Louis Metrolink,Red Line,"1994",,,existing,,,at grade,,,,,,,"Yonah Freemark; OpenStreetMap contributors","0",USA,,Metrolink Lambert Airport Extension,4.94983805261991,,"0"
"241",Metro,Chicago IL USA,Chicago Transit Authority,Purple/Yellow Lines,"1908",,,existing,,,elevated,,,,,,,"Yonah Freemark; OpenStreetMap contributors","0",USA,,Purple/Yellow Lines,0.293101155744448,,"0"
"244",Light Metro,Miami FL USA,Miami Metromover,Brickell/Omni Loops,"1986",,,existing,,,elevated,,auto,,,,,"Yonah Freemark; OpenStreetMap contributors","0",USA,,Brickell/Omni Loops,0.529288850270093,,"0"
"246",Light Rail,New York NY USA,New Jersey Transit,Hudson-Bergen Light Rail,"2000",992,,existing,Portion to Hoboken Terminal opened in 2002.,,at grade,,,,,,,"Yonah Freemark; OpenStreetMap contributors","0",USA,,Hudson-Bergen Light Rail MOS-1,14.3432390957364,,"0"
"247",Light Rail,Los Angeles CA USA,LA Metro,C,"1995",,,existing,,,"elevated; at grade",1987-1995,,,,,,"Yonah Freemark; OpenStreetMap contributors","0",USA,,C Line (Green),31.914511535744,,"0"
"249",Light Rail,Bay Area CA USA,SF Muni,K,"1918",,,existing,,,at grade,,,,,,,"Yonah Freemark; OpenStreetMap contributors","0",USA,,K-Ingleside,3.13126499028509,,"0"
"250",Metro,Cleveland OH USA,Cleveland RTA,Red Line,"1955",,,existing,,,"subway; elevated; at grade",,,,,,,"Yonah Freemark; OpenStreetMap contributors","0",USA,,Red Line West 117th-Madison–Windermere,8.83770542804196,,"0"
"251",Metro,Bay Area CA USA,BART,Yellow Line,"1973",,,existing,,,"elevated; highway; at grade",,,,,,,"Yonah Freemark; OpenStreetMap contributors","0",USA,,BART Orinda–Concord,20.9304188785072,,"0"
"253",Metro,Chicago IL USA,Chicago Transit Authority,Blue Line,"1895",,,existing,,,elevated,,,,,,,"Yonah Freemark; OpenStreetMap contributors","0",USA,,Blue Line (O'Hare Branch),4.26331414447713,,"0"
"254",Metro,Chicago IL USA,Chicago Transit Authority,Red Line,"1943",,,existing,,,subway,,,,,,,"Yonah Freemark; OpenStreetMap contributors","0",USA,,State Street Subway (Red),6.76302969538533,,"0"
"255",Light Rail,Boston MA USA,MBTA,Green Line,"1897",,,closed,Replaced by new alignment.,,"subway; elevated",,,"2022",,,,"Yonah Freemark; OpenStreetMap contributors","0",USA,,Green Line (old Lechmere),0.245386398600686,,"0"
"256",Light Rail,Bay Area CA USA,SF Muni,K/M,"1918",,,existing,,,at grade,,,,,,,"Yonah Freemark; OpenStreetMap contributors","0",USA,,K-Ingleside/M-Ocean View,0.848292195225612,,"0"
"257",Metro,Chicago IL USA,Chicago Transit Authority,Brown/Purple/Red Lines,"1900",,,existing,,,elevated,,,,,,,"Yonah Freemark; OpenStreetMap contributors","0",USA,,North Side Main Line (Brown/Purple/Red),2.73750028089293,,"0"
"258",Light Rail,Philadelphia PA USA,SEPTA,Norristown Line (Route 100),"1907",,,existing,,,at grade,,,,,,,"Yonah Freemark; OpenStreetMap contributors","0",USA,,Norristown Line (Route 100),21.4843118016303,,"0"
"259",Light Rail,Boston MA USA,MBTA,Green Line,"1894",,,existing,Huntington subway opened in 1941.,,at grade,,,,,,,"Yonah Freemark; OpenStreetMap contributors","0",USA,,Green Line-Arborway Branch,4.09581538223102,,"0"
"260",Light Rail,Philadelphia PA USA,SEPTA,Route 11,"1858",,,existing,,,at grade,,,,,,,"Yonah Freemark; OpenStreetMap contributors","0",USA,,Route 11,5.337688887487,,"0"
"261",Light Rail,Los Angeles CA USA,LA Metro,A,"1990",,,existing,,,"subway; at grade",,,,,,,"Yonah Freemark; OpenStreetMap contributors","0",USA,,A Line (Blue),35.6680263345538,,"0"
"262",Light Rail,Salt Lake UT USA,UTA,Red Line,"2003",,,existing,,,at grade,,,,,,,"Yonah Freemark; OpenStreetMap contributors","0",USA,,TRAX East/West University Second Phase,2.62697914255664,,"0"
"265",Light Rail,Philadelphia PA USA,SEPTA,Route 11/Route 36,"1858",,,existing,,,at grade,,,,,,,"Yonah Freemark; OpenStreetMap contributors","0",USA,,Route 11/Route 36,1.0712516215794,,"0"
"266",Light Rail,Boston MA USA,MBTA,Green Line,"1848",,,existing,Previously commuter rail. Converted to light rail in 1959.,,at grade,,,,,,,"Yonah Freemark; OpenStreetMap contributors","0",USA,,Green Line-Riverside Branch,15.084429266091,,"0"
"267",Light Rail,San Diego CA USA,San Diego MTS,Blue/Orange/Silver Lines,"1981",,,existing,,,at grade,,,,,,,"Yonah Freemark; OpenStreetMap contributors","0",USA,,Blue/Orange/Silver Lines Courthouse–12th/Imperial,2.45418493663605,,"0"
"269",Metro,Bay Area CA USA,BART,Red/Yellow Lines,"1996",,,existing,,,highway,,,,,,,"Yonah Freemark; OpenStreetMap contributors","0",USA,,BART Daly City-Colma,2.34010364985945,,"0"
"270",Metro,Bay Area CA USA,BART,Yellow Line,"1996",,,existing,,,"highway; at grade",,,,,,,"Yonah Freemark; OpenStreetMap contributors","0",USA,,BART North Concord–Pittsburg/Bay Point,8.17318853896729,,"0"
"271",Light Metro,Miami FL USA,Miami Metromover,Omni Loop,"1994",,,existing,,,elevated,,auto,,,,,"Yonah Freemark; OpenStreetMap contributors","0",USA,,Omni Loop,2.49149593183371,,"0"
"272",Metro,Chicago IL USA,Chicago Transit Authority,Orange Line,"1993",,,existing,,,"elevated; at grade",,,,,,,"Yonah Freemark; OpenStreetMap contributors","0",USA,,Orange Line,14.6895851073589,,"0"
"273",Streetcar,Dallas TX USA,McKinney Ave Transit,M-Line,"1989",,,existing,,,at grade,,,,,,,"Yonah Freemark; OpenStreetMap contributors","0",USA,,M-Line,6.20353179587629,,"0"
"274",Metro,Bay Area CA USA,BART,Yellow Line,"1973",,,existing,,,"subway; highway",,,,,,,"Yonah Freemark; OpenStreetMap contributors","0",USA,,BART MacArthur–Orinda,9.26588190378215,,"0"
"275",Streetcar,Charlotte NC USA,CATS,CityLynx Gold Line,"2015",,,existing,,,at grade,,,,,,,"Yonah Freemark; OpenStreetMap contributors","0",USA,,CityLynx Gold Line,2.08944024172989,,"0"
"276",Arterial Rapid Transit,Orlando FL USA,LYNX,Lymmo Grapefruit Line,"2014",,,existing,,,at grade,,,,,,,"Yonah Freemark; OpenStreetMap contributors","0",USA,Not BRT,Lymmo Grapefruit Line,5.6618140665883,,"0"
"277",Arterial Rapid Transit,Orlando FL USA,LYNX,Lymmo Orange Line,"1997",,,existing,,,at grade,,,,,,,"Yonah Freemark; OpenStreetMap contributors","0",USA,Not BRT,Lymmo Orange Line,4.9358177155542,,"0"
"280",Bus Rapid Transit,Ottawa ON CAN,OC Transpo,Transitway,"2011",,,existing,,,at grade,,,,,,,"Yonah Freemark; OpenStreetMap contributors","0",CAN,Bronze (64),Transitway,3.94459669414366,,"0"
"281",Bus Rapid Transit,Ottawa ON CAN,OC Transpo,Transitway,"1995",,,existing,Year open is estimated,,at grade,,,,,,,"Yonah Freemark; OpenStreetMap contributors","0",CAN,Bronze (64),Transitway,7.32409784998729,,"0"
"282",Metro,Chicago IL USA,Chicago Transit Authority,Pink Line,"2006",,,existing,"Originally opened in 1896, closed for a period; Pink was previously a Blue Line branch.",,elevated,,,,,,,"Yonah Freemark; OpenStreetMap contributors","0",USA,,Paulina Connector (Pink),1.18169509213596,,"0"
"283",Metro,San Juan PR USA,ATI,Tren Urbano,"2004",,,existing,,,elevated,,auto,,1996-03,1653.6,0.186,"Yonah Freemark; OpenStreetMap contributors","0",USA,,Tren Urbano,16.9997131336928,,"0"
"284",Light Metro,Morgantown WV USA,WVU,Morgantown PRT,"1975",,,existing,,,elevated,,auto,,,,,"Yonah Freemark; OpenStreetMap contributors","0",USA,,Morgantown PRT,4.97813759589514,,"0"
"285",Bus Rapid Transit,Miami FL USA,Miami-Dade Transit,South Miami-Dade Busway,"1997",,,existing,Replaced by TransitWay,,at grade,,,"2025",,,,"Yonah Freemark; OpenStreetMap contributors","0",USA,Basic,South Miami-Dade Busway,31.1701253967288,"2016","0"
"286",Light Metro,Miami FL USA,Miami Airport,MIA Mover,"2011",,,existing,,,elevated,,auto,,,,,"Yonah Freemark; OpenStreetMap contributors","1",USA,,MIA Mover,2.06700810807999,,"0"
"287",Light Metro,Miami FL USA,Miami Airport,MIA Skytrain,"2010",,,existing,,,elevated,,auto,,,,,"Yonah Freemark; OpenStreetMap contributors","1",USA,,MIA Skytrain,1.13396210516385,,"0"
"288",Light Metro,Miami FL USA,Miami Airport,Concourse E People Mover,"1980",,,existing,,,elevated,,auto,,,,,"Yonah Freemark; OpenStreetMap contributors","2",USA,,Concourse E People Mover,0.409483483826267,,"0"
"289",Bus Rapid Transit,Minneapolis MN USA,Metro Transit,Red Line,"2013",,,existing,,,highway,,,,,,,"Yonah Freemark; OpenStreetMap contributors","0",USA,,Red Line,15.6728984844062,,"0"
"291",Bus Rapid Transit,Los Angeles CA USA,LA Metro,J,"1996",,,existing,,,at grade,,,,,,,"Yonah Freemark; OpenStreetMap contributors","0",USA,,J Line (Silver)/Harbor Transitway,26.5329833416808,,"0"
"292",Bus Rapid Transit,Los Angeles CA USA,LA Metro,El Monte Busway,"1973",,,existing,,,at grade,,,,,,,"Yonah Freemark; OpenStreetMap contributors","0",USA,,El Monte Busway,18.9228000796518,,"0"
"293",Cable Rail,Dubuque IA USA,Fenelon Place Elevator Co,Fenelon Place Elevator,"1882",,,existing,,,at grade,,,,,,,"Yonah Freemark; OpenStreetMap contributors","0",USA,,Fenelon Place Elevator,0.0723871445958836,,"0"
"294",Cable Rail,Johnstown PA USA,CamTran,Johnstown Inclined Plane,"1891",,,existing,,,at grade,,,,,,,"Yonah Freemark; OpenStreetMap contributors","0",USA,,Johnstown Inclined Plane,0.22810093516338,,"0"
"295",Cable Rail,Los Angeles CA USA,Getty Museum,Hovertrain Funicular,"1997",,,existing,,,at grade,,,,,,,"Yonah Freemark; OpenStreetMap contributors","2",USA,,Hovertrain Funicular,1.11818939078234,,"0"
"296",Cable Rail,Chattanooga TN USA,CARTA,Lookout Mountain Incline Railway,"1895",,,existing,,,at grade,,,,,,,"Yonah Freemark; OpenStreetMap contributors","0",USA,,Lookout Mountain Incline Railway,1.38837422359075,,"0"
"297",Aerial Tram,New York NY USA,RI Operating Corp,Roosevelt Island Tramway,"1976",,,existing,,,elevated,,,,,,,"Yonah Freemark; OpenStreetMap contributors","0",USA,,Roosevelt Island Tramway,0.956007659002326,,"0"
"298",Light Metro,Toronto ON CAN,Toronto Pearson Airport,LINK Train,"2006",,,existing,,,elevated,,auto,,,,,"Yonah Freemark; OpenStreetMap contributors","1",CAN,,LINK Train,1.56499548178745,,"0"
"299",Light Metro,Chicago IL USA,O'Hare Airport,Airport Transit System,"1993",,,existing,,,elevated,,auto,,,,,"Yonah Freemark; OpenStreetMap contributors","1",USA,,Airport Transit System Airport–Remote Parking,4.37845461808939,,"0"
"300",Light Metro,Washington DC USA,MWAA,AeroTrain,"2010",,,existing,,,subway,,auto,,,,,"Yonah Freemark; OpenStreetMap contributors","2",USA,,AeroTrain,3.77446777146627,,"0"
"301",Light Metro,Atlanta GA USA,Atlanta Airport,ATL Skytrain,"2009",,,existing,,,elevated,,auto,,,,,"Yonah Freemark; OpenStreetMap contributors","1",USA,,ATL Skytrain,2.36774038596294,,"0"
"302",Light Metro,Atlanta GA USA,Atlanta Airport,The Plane Train,"1980",,,existing,,,subway,,auto,,,,,"Yonah Freemark; OpenStreetMap contributors","2",USA,,The Plane Train,2.15433916514917,,"0"
"303",Light Metro,New York NY USA,PANYNJ,AirTrain JFK,"2003",,,existing,,,elevated,,auto,,,,,"Yonah Freemark; OpenStreetMap contributors","1",USA,,AirTrain JFK,7.94923907685071,,"0"
"304",Light Metro,New York NY USA,PANYNJ,AirTrain JFK,"2003",,,existing,,,elevated,,auto,,,,,"Yonah Freemark; OpenStreetMap contributors","1",USA,,AirTrain JFK,4.83028091595283,,"0"
"305",Metro,Bay Area CA USA,BART,Red/Yellow Lines,"2003",,"73800",existing,,,"subway; elevated",,,,2000-06,1552.2,0.483,"Yonah Freemark; OpenStreetMap contributors","0",USA,,SFO Extension Daly City–SFO,10.830461064701,,"0"
"306",Light Metro,Bay Area CA USA,SFO Airport,AirTrain,"2003",,,existing,,,elevated,,auto,,,,,"Yonah Freemark; OpenStreetMap contributors","1",USA,,AirTrain,4.81447672114265,,"0"
"307",Cable Rail,Bay Area CA USA,BART,Coliseum–Oakland International Airport Line,"2014",484,,existing,,,elevated,,auto,,,,,"Yonah Freemark; OpenStreetMap contributors","1",USA,,Coliseum–Oakland International Airport line,5.01054029884742,,"0"
"308",Light Metro,Dallas TX USA,DFW Airport,DFW Skylink,"2005",868,,existing,,,elevated,,auto,,,,,"Yonah Freemark; OpenStreetMap contributors","2",USA,,DFW Skylink,7.48506464354945,,"0"
"309",Light Metro,Dallas TX USA,Dallas County,Las Colinas APT,"1989",,,closed,Line closed after Covid,,elevated,,auto,"2020",,,,"Yonah Freemark; OpenStreetMap contributors","0",USA,,Las Colinas APT,2.51277774746753,,"0"
"310",Light Metro,Dallas TX USA,Dallas County,Las Colinas APT,"1989",,,closed,Line closed after Covid,,elevated,,auto,"2020",,,,"Yonah Freemark; OpenStreetMap contributors","0",USA,,Las Colinas APT,0.702394602489325,,"0"
"311",Light Metro,Phoenix AZ USA,Phoenix Airport,PHX Sky Train,"2013",1000,,existing,,,elevated,,auto,,,,,"Yonah Freemark; OpenStreetMap contributors","1",USA,,PHX Sky Train,4.33298649284401,,"0"
"313",Light Metro,Denver CO USA,Denver Airport,Denver AGT System,"1995",,,existing,,,subway,,auto,,,,,"Yonah Freemark; OpenStreetMap contributors","2",USA,,Denver AGT System,1.97556686672317,,"0"
"314",Light Metro,Minneapolis MN USA,MSP Airport,C Concourse People Mover,"2004",,,existing,,,elevated,,auto,,,,,"Yonah Freemark; OpenStreetMap contributors","2",USA,,C Concourse People Mover,0.834817515042582,,"0"
"315",Light Metro,Minneapolis MN USA,MSP Airport,Hub Tram,"2011",25,,existing,,,elevated,,auto,,,,,"Yonah Freemark; OpenStreetMap contributors","1",USA,,Hub Tram,0.351297800830011,,"0"
"316",Bus Rapid Transit,Guadalajara MEX,SITEUR,Mi Macro Calzada,"2009",,,existing,,,at grade,,,,,,,"Yonah Freemark; OpenStreetMap contributors","0",MEX,Gold (93),Macrobus,16.017054906338,"2013","0"
"317",Light Rail,Sacramento CA USA,Sacramento RTD,Blue Line,"2015",270,,existing,,,at grade,,,,2012-12,270,0.5,"Yonah Freemark; OpenStreetMap contributors","0",USA,,Blue Line South Extension,7.11563437367267,,"0"
"318",Arterial Rapid Transit,Seattle WA USA,Community Transit,Swift Blue Line,"2009",29,,existing,,,at grade,,,,,,,"Yonah Freemark; OpenStreetMap contributors","0",USA,,Swift,27.0807398891777,,"0"
"319",Bus Rapid Transit,Grand Rapids MI USA,The Rapid,Silver Line,"2014",39,,existing,,,at grade,,,,,,,"Yonah Freemark; OpenStreetMap contributors","0",USA,,Silver Line,15.33104535279,,"0"
"324",Streetcar,Atlanta GA USA,MARTA,Atlanta Streetcar,"2014",90,,existing,,,at grade,,,,,,,"Yonah Freemark; OpenStreetMap contributors","0",USA,,Atlanta Streetcar,4.22326343775034,,"0"
"325",Bus Rapid Transit,San Diego CA USA,San Diego MTS,Mid-City Rapid,"2014",44,,existing,,,at grade,,,,,,,"Yonah Freemark; OpenStreetMap contributors","0",USA,,Mid-City Rapid,15.6925085272796,,"0"
"326",Streetcar,Seattle WA USA,Sound Transit,First Hill Streetcar,"2016",134,,existing,,,at grade,,,,,,,"Yonah Freemark; OpenStreetMap contributors","0",USA,,First Hill Streetcar,4.03000035557002,,"0"
"327",Metro,Toronto ON CAN,TTC,Line 2,"1980",,,existing,,,"subway; at grade",,,,,,,"Yonah Freemark; OpenStreetMap contributors","0",CAN,,2 - Bloor-Danforth Islington–Kipling,1.38258277089995,,"0"
"328",Metro,Toronto ON CAN,TTC,Line 1,"1996",,,existing,,,"subway; highway",,,,,,,"Yonah Freemark; OpenStreetMap contributors","0",CAN,,1 Yonge-University Wilson–Sheppard West,1.81728138803807,,"0"
"330",Metro,Santo Domingo DOM,OPRET,Linea 2,"2013",,,existing,,,subway,,,,,,,"Yonah Freemark; OpenStreetMap contributors","0",DOM,,Linea 2,10.248370878631,,"0"
"331",Metro,Santo Domingo DOM,OPRET,Linea 1,"2008",,,existing,,,"subway; elevated",,,,,,,"Yonah Freemark; OpenStreetMap contributors","0",DOM,,Linea 1,13.4498408558304,,"0"
"332",Streetcar,Washington DC USA,DC DOT,H Street/Benning Road Streetcar,"2016",200,,closed,Closing in 2026,,at grade,,,"2026",,,,"Yonah Freemark; OpenStreetMap contributors","0",USA,,H Street/Benning Road Streetcar,3.12695651908979,,"0"
"333",Streetcar,Fort Collins CO USA,FCMRS,Fort Collins Municipal Railway,"1919",,,existing,,,at grade,,,,,,,"Yonah Freemark; OpenStreetMap contributors","0",USA,,Fort Collins Municipal Railway,2.1252631623049,,"0"
"334",Bus Rapid Transit,Fort Collins CO USA,Transfort,MAX BRT,"2014",87,,existing,,,at grade,,,,,,,"Yonah Freemark; OpenStreetMap contributors","0",USA,Basic,Mason Corridor Express (MAX),8.37223171674878,,"0"
"335",Light Metro,Detroit MI USA,Detroit Transportation Co,People Mover,"1987",,,existing,,,elevated,,auto,,,,,"Yonah Freemark; OpenStreetMap contributors","0",USA,,Detroit People Mover,4.62264506890226,,"0"
"336",Light Metro,Cincinnati OH USA,Cincinnati Airport,Underground Train,"1994",,,existing,,,subway,,auto,,,,,"Yonah Freemark; OpenStreetMap contributors","2",USA,,Underground Train,0.425521692501358,,"0"
"337",Light Metro,Detroit MI USA,Wayne County Airports,ExpressTram,"2002",,,existing,,,elevated,,auto,,,,,"Yonah Freemark; OpenStreetMap contributors","2",USA,,ExpressTram,1.19174605793887,,"0"
"338",Light Metro,Seattle WA USA,Port of Seattle,Concourse C STS,"1969",,,existing,,,subway,,auto,,,,,"Yonah Freemark; OpenStreetMap contributors","2",USA,,Concourse C STS,0.949837455276029,,"0"
"339",Light Metro,Seattle WA USA,Port of Seattle,Concourse B STS,"1969",,,existing,,,subway,,auto,,,,,"Yonah Freemark; OpenStreetMap contributors","2",USA,,Concourse B STS,0.895133326848601,,"0"
"340",Light Metro,Seattle WA USA,Port of Seattle,Main STS,"1969",,,existing,,,subway,,auto,,,,,"Yonah Freemark; OpenStreetMap contributors","2",USA,,Main STS,0.338040408148095,,"0"
"341",Light Metro,Houston TX USA,Bush Airport,Subway,"1969",,,existing,,,elevated,,auto,,,,,"Yonah Freemark; OpenStreetMap contributors","1",USA,,Subway,1.65468250900673,,"0"
"342",Light Metro,Houston TX USA,Bush Airport,Skyway,"1999",,,existing,,,elevated,,auto,,,,,"Yonah Freemark; OpenStreetMap contributors","2",USA,,Skyway,1.66688610480536,,"0"
"343",Light Metro,Las Vegas NV USA,Las Vegas Airport,Green Line,"1985",,,existing,,,at grade,,auto,,,,,"Yonah Freemark; OpenStreetMap contributors","2",USA,,Green Line,0.445108218495453,,"0"
"344",Light Metro,Las Vegas NV USA,Las Vegas Airport,Blue Line,"1998",,,existing,,,at grade,,auto,,,,,"Yonah Freemark; OpenStreetMap contributors","2",USA,,Blue Line,1.18195670300955,,"0"
"345",Light Metro,Las Vegas NV USA,Las Vegas Airport,Red Line,"2012",,,existing,,,elevated,,auto,,,,,"Yonah Freemark; OpenStreetMap contributors","2",USA,,Red Line,0.459686981365088,,"0"
"346",Light Metro,Orlando FL USA,Orlando Airport,Airside 1 Tram,"1981",,,existing,,,elevated,,auto,,,,,"Yonah Freemark; OpenStreetMap contributors","2",USA,,Airside 1 Tram,0.570762241934669,,"0"
"347",Light Metro,Orlando FL USA,Orlando Airport,Airside 3 Tram,"1981",,,existing,,,elevated,,auto,,,,,"Yonah Freemark; OpenStreetMap contributors","2",USA,,Airside 3 Tram,0.582339038927273,,"0"
"348",Light Metro,Orlando FL USA,Orlando Airport,Airside 2 Tram,"2000",,,existing,,,elevated,,auto,,,,,"Yonah Freemark; OpenStreetMap contributors","2",USA,,Airside 2 Tram,0.557904472610263,,"0"
"349",Light Metro,Orlando FL USA,Orlando Airport,Airside 4 Tram,"1990",,,existing,,,elevated,,auto,,,,,"Yonah Freemark; OpenStreetMap contributors","2",USA,,Airside 4 Tram,0.626652550189387,,"0"
"350",Light Metro,Tampa FL USA,Tampa Airport,Airside A People Mover,"1995",,,existing,,,elevated,,auto,,,,,"Yonah Freemark; OpenStreetMap contributors","2",USA,,Airside A People Mover,0.396765439269443,,"0"
"351",Light Metro,Tampa FL USA,Tampa Airport,Airside F People Mover,"1987",,,existing,,,elevated,,auto,,,,,"Yonah Freemark; OpenStreetMap contributors","2",USA,,Airside F People Mover,0.333974276789132,,"0"
"352",Light Metro,Tampa FL USA,Tampa Airport,Airside E People Mover,"2002",,,existing,,,elevated,,auto,,,,,"Yonah Freemark; OpenStreetMap contributors","2",USA,,Airside E People Mover,0.240543855337006,,"0"
"353",Light Metro,Tampa FL USA,Tampa Airport,Airside C People Mover,"2005",,,existing,,,elevated,,auto,,,,,"Yonah Freemark; OpenStreetMap contributors","2",USA,,Airside C People Mover,0.299740596757894,,"0"
"354",Monorail,Tampa FL USA,Tampa Airport,Airport Monorail,"1991",,,existing,,,elevated,,auto,,,,,"Yonah Freemark; OpenStreetMap contributors","1",USA,,Airport Monorail,0.833891875779114,,"0"
"355",Light Metro,Mexico MEX,Mexico Airport,Aerotren,"2007",,,existing,,,elevated,,auto,,,,,"Yonah Freemark; OpenStreetMap contributors","2",MEX,,Aerotren,3.04434290138582,,"0"
"356",Light Metro,Sacramento CA USA,Sacramento Airport,SMF Automated People Mover,"2011",,,existing,,,elevated,,auto,,,,,"Yonah Freemark; OpenStreetMap contributors","2",USA,,SMF Automated People Mover,0.410246009282472,,"0"
"357",Light Metro,Pittsburgh PA USA,PAT,Airport People Movers,"1992",14,,closed,,,subway,,auto,"2025",,,,"Yonah Freemark; OpenStreetMap contributors","2",USA,,Airport People Movers,0.710000443677993,,"0"
"359",Monorail,Memphis TN USA,Mud Island River Park,Mud Island Monorail,"1982",,,existing,This is a suspended monorail service.,,elevated,,,,,,,"Yonah Freemark; OpenStreetMap contributors","1",USA,,Mud Island Monorail,0.543257062404251,,"0"
"360",Monorail,New York NY USA,PANYNJ,AirTrain Newark,"1996",,,existing,This is a monorail service.,,elevated,,auto,,,,,"Yonah Freemark; OpenStreetMap contributors","1",USA,,AirTrain Newark,4.71301712765246,,"0"
"361",Light Rail,Pittsburgh PA USA,PAT,Red Line,"1872",,,existing,,,at grade,,,,,,,"Yonah Freemark; OpenStreetMap contributors","0",USA,,Red Line,8.61845364373038,,"0"
"363",Metro,New York NY USA,MTA,Q,"1976",,,existing,Regular service began in 2016.,,subway,,,,,,,"Yonah Freemark; OpenStreetMap contributors","0",USA,,BMT 63rd Street Line (Q),0.872604983440453,,"0"
"364",Light Rail,Los Angeles CA USA,LA Metro,A,"2016",735,,existing,Previously L Line,,at grade,,,,,,,"Yonah Freemark; OpenStreetMap contributors","0",USA,,Gold Line Phase 2A to Azusa,18.1875701773245,,"0"
"365",Metro,New York NY USA,MTA,R,"1924",,,existing,,,subway,,,,,,,"Yonah Freemark; OpenStreetMap contributors","0",USA,,BMT 4th Avenue Line (R) Court-Jay-DeKalb,0.895383742064823,,"0"
"366",Metro,New York NY USA,MTA,B/D,"1912",,,existing,,,elevated,,,,,,,"Yonah Freemark; OpenStreetMap contributors","0",USA,,Manhattan Bridge (B/D),2.73840098581032,,"0"
"367",Metro,New York NY USA,MTA,"2","1904",,,existing,,,subway,,,,,,,"Yonah Freemark; OpenStreetMap contributors","0",USA,,IRT White Plains Road Line (2),0.902350975802897,,"0"
"368",Metro,New York NY USA,MTA,M,"1967",,,existing,,,subway,,,,,,,"Yonah Freemark; OpenStreetMap contributors","0",USA,,Chrystie Street Connection (M),0.392397697606621,,"0"
"369",Metro,New York NY USA,MTA,2/3,"1904",,,existing,,,subway,,,,,,,"Yonah Freemark; OpenStreetMap contributors","0",USA,,IRT Lenox Avenue Line (2/3),4.02306829216005,,"0"
"371",Metro,New York NY USA,MTA,A/S,"1880",,,existing,Converted to Subway service in 1956.,,elevated,,,,,,,"Yonah Freemark; OpenStreetMap contributors","0",USA,,IND Rockaway Line (A/S),1.73446224851658,,"0"
"372",Metro,New York NY USA,MTA,A/C,"1932",,,existing,,,subway,,,,,,,"Yonah Freemark; OpenStreetMap contributors","0",USA,,IND 8th Avenue Line (A/C) 145-Inwood,5.50204377312923,,"0"
"373",Metro,New York NY USA,MTA,E,"1933",,,existing,,,subway,,,,,,,"Yonah Freemark; OpenStreetMap contributors","0",USA,,Link IND 8th Avenue / Queens Blvd Line (E),0.256393344419922,,"0"
"374",Metro,New York NY USA,MTA,"6","1918",,,existing,,,subway,,,,,,,"Yonah Freemark; OpenStreetMap contributors","0",USA,,IRT Pelham Line (6) 138,0.582009416903058,,"0"
"376",Metro,New York NY USA,MTA,F,"1937",,,existing,,,subway,,,,,,,"Yonah Freemark; OpenStreetMap contributors","0",USA,,IND Queens Boulevard Line (F) - Briarwood-169,2.26998721224108,,"0"
"377",Metro,New York NY USA,MTA,"4","1917",,,existing,,,"subway; elevated",,,,,,,"Yonah Freemark; OpenStreetMap contributors","0",USA,,IRT Jerome Avenue Line (4),6.42593811162943,,"0"
"378",Metro,New York NY USA,MTA,G,"1937",,,existing,,,subway,,,,,,,"Yonah Freemark; OpenStreetMap contributors","0",USA,,IND Crosstown Line (G),6.18813663492361,,"0"
"379",Metro,New York NY USA,MTA,G,"1937",,,existing,,,subway,,,,,,,"Yonah Freemark; OpenStreetMap contributors","0",USA,,IND Crosstown Line (G),0.229405682930888,,"0"
"380",Metro,New York NY USA,MTA,F,"1940",,,existing,,,subway,,,,,,,"Yonah Freemark; OpenStreetMap contributors","0",USA,,Link IND 6th Avenue/Queens Blvd Line,0.173183196722107,,"0"
"381",Metro,New York NY USA,MTA,N/W,"1917",,,existing,,,elevated,,,,,,,"Yonah Freemark; OpenStreetMap contributors","0",USA,,BMT Astoria Line (N/W),4.40115866820951,,"0"
"382",Metro,New York NY USA,MTA,B/D,"1933",,,existing,,,subway,,,,,,,"Yonah Freemark; OpenStreetMap contributors","0",USA,,Link IND 6th Avenue / Queens Blvd Line (B/D),0.222864484033642,,"0"
"383",Metro,New York NY USA,MTA,M/R,"1933",,,existing,,,subway,,,,,,,"Yonah Freemark; OpenStreetMap contributors","0",USA,,IND Queens Boulevard Line Local (M/R),2.06418780963074,,"0"
"384",Streetcar,Toronto ON CAN,TTC,506 Carlton,"1923",,,existing,,,at grade,,,,,,,"Yonah Freemark; OpenStreetMap contributors","0",CAN,,506 Carlton,15.1171764418973,,"0"
"385",Streetcar,Toronto ON CAN,TTC,505 Dundas,,,,existing,,,at grade,,,,,,,"Yonah Freemark; OpenStreetMap contributors","0",CAN,,505 Dundas,0.377017214262847,,"0"
"386",Streetcar,Toronto ON CAN,TTC,504 King,"1923",,,existing,,,at grade,,,,,,,"Yonah Freemark; OpenStreetMap contributors","0",CAN,,504 King,13.0244691678108,,"0"
"387",Streetcar,Toronto ON CAN,TTC,501 Queen,"1893",,,existing,,,at grade,,,,,,,"Yonah Freemark; OpenStreetMap contributors","0",CAN,,501 Queen,24.6651820743788,,"0"
"388",Light Rail,Toronto ON CAN,TTC,509 Harbourfront,"1990",,,existing,,,at grade,,,,,,,"Yonah Freemark; OpenStreetMap contributors","0",CAN,,509 Harbourfront,4.64603882871844,,"0"
"389",Streetcar,Toronto ON CAN,TTC,511 Bathurst,"1885",,,existing,,,at grade,,,,,,,"Yonah Freemark; OpenStreetMap contributors","0",CAN,,511 Bathurst,3.64209090578007,,"0"
"392",Streetcar,Toronto ON CAN,TTC,504 King,"1923",,,existing,,,at grade,,,,,,,"Yonah Freemark; OpenStreetMap contributors","0",CAN,,504 King,2.98584828080783,,"0"
"393",Metro,Vancouver BC CAN,Translink,SkyTrain Expo Line,"2002",,,existing,Originally Millennium Line,,elevated,,auto,,,,,"Yonah Freemark; OpenStreetMap contributors","0",CAN,,SkyTrain Expo Line Columbia–Lougheed Town Centre,5.39706213568616,,"0"
"394",Light Rail,Calgary AB CAN,Calgary Transit,CTrain Red Line,"2004",,,existing,,,at grade,,,,,,,"Yonah Freemark; OpenStreetMap contributors","0",CAN,,CTrain Red Line Fish Creek–Somerset,2.72058877056175,,"0"
"395",Light Rail,Calgary AB CAN,Calgary Transit,CTrain Blue Line,"2012",,,existing,,,at grade,,,,,,,"Yonah Freemark; OpenStreetMap contributors","0",CAN,,CTrain Blue Line,8.26375428069019,,"0"
"396",Light Rail,Calgary AB CAN,Calgary Transit,CTrain Blue Line,"1985",,,existing,,,"highway; at grade",,,,,,,"Yonah Freemark; OpenStreetMap contributors","0",CAN,,CTrain Blue Line City Hall–Whitehorn,9.82771230477328,,"0"
"397",Light Rail,Seattle WA USA,Sound Transit,Link Line 1,"2016",1948,"71000",existing,,,subway,,,,2009-01,1947.7,0.417,"Yonah Freemark; OpenStreetMap contributors","0",USA,,University Link,5.27854696803917,,"0"
"398",Light Rail,Phoenix AZ USA,Valley Metro,B Line,"2016",327,"5000",existing,,,at grade,,,,,,,"Yonah Freemark; OpenStreetMap contributors","0",USA,,Northwest Phase 1,5.2254723767488,,"0"
"399",Bus Rapid Transit,Pittsburgh PA USA,PAT,West Busway,"2000",,,existing,,,at grade,1994-2000,,,,,,"Yonah Freemark; OpenStreetMap contributors","0",USA,Basic (51),West Busway,8.05114819835971,"2013","0"
"404",Metro,Washington DC USA,WMATA,Red Line,"1976",,,existing,,,"subway; at grade",,,,,,,"Yonah Freemark; OpenStreetMap contributors","0",USA,,Red Line,6.36595338613628,,"0"
"405",Metro,Washington DC USA,WMATA,Red Line,"1978",,,existing,,,at grade,,,,,,,"Yonah Freemark; OpenStreetMap contributors","0",USA,,Red Line,8.91202694253567,,"0"
"406",Metro,Washington DC USA,WMATA,Red Line,"1977",,,existing,,,subway,,,,,,,"Yonah Freemark; OpenStreetMap contributors","0",USA,,Red Line,0.892187360045928,,"0"
"407",Metro,Washington DC USA,WMATA,Blue/Yellow Lines,"1983",,,existing,,,"elevated; at grade",,,,,,,"Yonah Freemark; OpenStreetMap contributors","0",USA,,Blue/Yellow Lines,5.76102698359697,,"0"
"409",Metro,Washington DC USA,WMATA,Red Line,"1990",,,existing,,,"subway; at grade",,,,,,,"Yonah Freemark; OpenStreetMap contributors","0",USA,,Red Line,5.52251118159052,,"0"
"410",Metro,Washington DC USA,WMATA,Orange/Silver Lines,"1986",,,existing,,,highway,,,,,,,"Yonah Freemark; OpenStreetMap contributors","0",USA,,Orange/Silver Lines,6.88010633266972,,"0"
"411",Metro,Washington DC USA,WMATA,Blue/Orange/Silver Lines,"1978",,,existing,,,"subway; elevated",,,,,,,"Yonah Freemark; OpenStreetMap contributors","0",USA,,Blue/Orange/Silver Lines,2.80716956255931,,"0"
"412",Metro,Washington DC USA,WMATA,Blue/Silver Lines,"1980",,,existing,,,subway,,,,,,,"Yonah Freemark; OpenStreetMap contributors","0",USA,,Blue/Silver Lines,5.41769331664076,,"0"
"413",Metro,Washington DC USA,WMATA,Red Line,"1981",,,existing,,,subway,,,,,,,"Yonah Freemark; OpenStreetMap contributors","0",USA,,Red Line,4.11563813279234,,"0"
"414",Metro,Washington DC USA,WMATA,Green/Yellow Lines,"1991",,,existing,,,subway,,,,,,,"Yonah Freemark; OpenStreetMap contributors","0",USA,,Green/Yellow Lines,0.812722523913268,,"0"
"415",Metro,Washington DC USA,WMATA,Yellow Line,"1983",,,existing,,,elevated,,,,,,,"Yonah Freemark; OpenStreetMap contributors","0",USA,,Yellow Line,2.23135405385007,,"0"
"416",Metro,Washington DC USA,WMATA,Yellow Line,"1983",,,existing,,,"subway; elevated",,,,,,,"Yonah Freemark; OpenStreetMap contributors","0",USA,,Yellow Line,3.1284002975515,,"0"
"417",Metro,Washington DC USA,WMATA,Red Line,"1998",,,existing,,,subway,,,,,,,"Yonah Freemark; OpenStreetMap contributors","0",USA,,Red Line,2.63908849435988,,"0"
"418",Metro,Washington DC USA,WMATA,Green/Yellow Lines,"1999",,,existing,,,subway,,,,,,,"Yonah Freemark; OpenStreetMap contributors","0",USA,,Green/Yellow Lines,4.97374039281213,,"0"
"419",Metro,Washington DC USA,WMATA,Green Line,"1991",,,existing,,,subway,,,,,,,"Yonah Freemark; OpenStreetMap contributors","0",USA,,Green Line,4.45093839649677,,"0"
"420",Metro,Washington DC USA,WMATA,Blue Line,"1991",,,existing,,,at grade,,,,,,,"Yonah Freemark; OpenStreetMap contributors","0",USA,,Blue Line,5.91577199460375,,"0"
"421",Metro,Washington DC USA,WMATA,Blue Line,"1977",,,existing,,,"subway; open cut",,,,,,,"Yonah Freemark; OpenStreetMap contributors","0",USA,,Blue Line,3.58430550425476,,"0"
"422",Metro,Washington DC USA,WMATA,Green Line,"2001",,,existing,,,"subway; elevated; at grade",,,,,,,"Yonah Freemark; OpenStreetMap contributors","0",USA,,Green Line,11.0254305249975,,"0"
"423",Metro,Washington DC USA,WMATA,Green/Yellow Lines,"1993",,,existing,,,"subway; elevated; at grade",,,,,,,"Yonah Freemark; OpenStreetMap contributors","0",USA,,Green/Yellow Lines,12.7004500060075,,"0"
"424",Metro,Washington DC USA,WMATA,Blue Line,"1997",,,existing,,,at grade,,,,,,,"Yonah Freemark; OpenStreetMap contributors","0",USA,,Blue Line,5.93729907124507,,"0"
"425",Metro,Bay Area CA USA,BART,Blue/Green/Red/Yellow Lines,"1974",,,existing,,,"subway; elevated",,,,,,,"Yonah Freemark; OpenStreetMap contributors","0",USA,,BART Embarcadero–Downtown Oakland,10.9252752940071,,"0"
"426",Metro,Bay Area CA USA,BART,Red Line,"2003",,"73800",existing,Operated by Yellow Line at night,,"subway; elevated",,,,2000-06,1552.2,0.483,"Yonah Freemark; OpenStreetMap contributors","0",USA,,SFO Extension SFO–Millbrae,2.3450299130883,,"0"
"427",Metro,Bay Area CA USA,BART,Yellow Line,"1995",,,existing,,,"elevated; at grade",,,,,,,"Yonah Freemark; OpenStreetMap contributors","0",USA,,BART Concord–North Concord,3.28720659749747,,"0"
"428",Metro,Atlanta GA USA,MARTA,Blue Line,"1993",,,existing,,,"subway; at grade",,,,,,,"Yonah Freemark; OpenStreetMap contributors","0",USA,,East Line Avondale-Indian Creek,5.34734597940845,,"0"
"429",Metro,Atlanta GA USA,MARTA,Gold/Red Lines,"1982",,,existing,,,"subway; elevated",,,,,,,"Yonah Freemark; OpenStreetMap contributors","0",USA,,South Line Garnett-West End,2.37620565224109,,"0"
"430",Metro,Atlanta GA USA,MARTA,Gold/Red Lines,"1982",,,existing,,,subway,,,,,,,"Yonah Freemark; OpenStreetMap contributors","0",USA,,North Line North Ave-Arts Center,2.07449414388376,,"0"
"431",Metro,Atlanta GA USA,MARTA,Gold/Red Lines,"1984",,,existing,,,"subway; at grade",,,,,,,"Yonah Freemark; OpenStreetMap contributors","0",USA,,North Line Arts Center-Buckhead,5.90874690845193,,"0"
"432",Metro,Atlanta GA USA,MARTA,Gold/Red Lines,"1984",,,existing,,,"elevated; at grade",,,,,,,"Yonah Freemark; OpenStreetMap contributors","0",USA,,South Line West End-Lakewood,4.34375867888187,,"0"
"433",Metro,Atlanta GA USA,MARTA,Red Line,"1996",,,existing,,,"subway; highway; open cut; at grade",,,,,,,"Yonah Freemark; OpenStreetMap contributors","0",USA,,North Line Buckhead-Dunwoody,11.0894499593814,,"0"
"434",Metro,Atlanta GA USA,MARTA,Gold Line,"1987",,,existing,,,at grade,,,,,,,"Yonah Freemark; OpenStreetMap contributors","0",USA,,Northeast Line Brookhaven-Chamblee,4.6796161749601,,"0"
"435",Metro,Atlanta GA USA,MARTA,Gold/Red Lines,"1986",,,existing,,,at grade,,,,,,,"Yonah Freemark; OpenStreetMap contributors","0",USA,,South Line Lakewood-East Point,3.0705524916307,,"0"
"436",Metro,Atlanta GA USA,MARTA,Gold/Red Lines,"1988",,,existing,,,"elevated; at grade",,,,,,,"Yonah Freemark; OpenStreetMap contributors","0",USA,,South Line East Point-Airport,4.38935558339968,,"0"
"437",Metro,Atlanta GA USA,MARTA,Gold Line,"1992",,,existing,,,"elevated; at grade",,,,,,,"Yonah Freemark; OpenStreetMap contributors","0",USA,,Northeast Line Chamblee-Doraville,2.83586651426528,,"0"
"438",Metro,Atlanta GA USA,MARTA,Red Line,"2000",,,existing,,,"subway; elevated; at grade",,,,1994-12,381.3,0.8,"Yonah Freemark; OpenStreetMap contributors","0",USA,,North Line Dunwoody-North Springs,3.44884928736214,,"0"
"439",Metro,Baltimore MD USA,MTA,Metro SubwayLink,"1987",,,existing,,,"highway; at grade",,,,,,,"Yonah Freemark; OpenStreetMap contributors","0",USA,,Metro SubwayLink,9.77422276861451,,"0"
"440",Metro,Baltimore MD USA,MTA,Metro SubwayLink,"1983",,,existing,,,"subway; elevated",,,,,,,"Yonah Freemark; OpenStreetMap contributors","0",USA,,Metro SubwayLink,12.0878150972199,,"0"
"441",Metro,Miami FL USA,Miami MetroRail,Metrorail,"1985",,,existing,,,elevated,,,,,,,"Yonah Freemark; OpenStreetMap contributors","0",USA,,Metrorail,10.671120563542,,"0"
"442",Metro,Miami FL USA,Miami MetroRail,Metrorail,"2003",,,existing,,,elevated,,,,,,,"Yonah Freemark; OpenStreetMap contributors","0",USA,,Metrorail,2.55269407673617,,"0"
"443",Metro,Chicago IL USA,Chicago Transit Authority,Green/Orange Lines,"1892",,,existing,,,elevated,,,,,,,"Yonah Freemark; OpenStreetMap contributors","0",USA,,South Side Elevated (Green/Orange),1.91078063690863,,"0"
"444",Metro,Chicago IL USA,Chicago Transit Authority,Green Line,"1889",,,existing,,,elevated,,,,,,,"Yonah Freemark; OpenStreetMap contributors","0",USA,,Lake Street Elevated (Green),4.8641204896387,,"0"
"445",Metro,Chicago IL USA,Chicago Transit Authority,Green Line,"1962",,,existing,,,elevated,,,,,,,"Yonah Freemark; OpenStreetMap contributors","0",USA,,Lake Street Elevated (Green),4.31776562872644,,"0"
"446",Metro,Chicago IL USA,Chicago Transit Authority,Blue Line,"1970",,,existing,,,"subway; highway",,,,,,,"Yonah Freemark; OpenStreetMap contributors","0",USA,,Blue Line (O'Hare Branch),7.18209698800057,,"0"
"447",Metro,Chicago IL USA,Chicago Transit Authority,Blue Line,"1984",,,existing,,,"subway; highway",,,,,,,"Yonah Freemark; OpenStreetMap contributors","0",USA,,Blue Line (O'Hare Branch),12.6344745392791,,"0"
"448",Metro,Chicago IL USA,Chicago Transit Authority,Purple/Red Lines,"1908",,,existing,,,elevated,,,,,,,"Yonah Freemark; OpenStreetMap contributors","0",USA,,North Side Main Line (Purple/Red),6.14628120474292,,"0"
"449",Metro,Chicago IL USA,Chicago Transit Authority,Red Line,"1969",,,existing,,,"subway; highway",,,,,,,"Yonah Freemark; OpenStreetMap contributors","0",USA,,Dan Ryan Branch (Red),16.2766342529646,,"0"
"450",Metro,Chicago IL USA,Chicago Transit Authority,Pink Line,"1907",,,existing,,,elevated,,,,,,,"Yonah Freemark; OpenStreetMap contributors","0",USA,,Pink Line (Cermak Branch),5.0482400164246,,"0"
"451",Metro,Chicago IL USA,Chicago Transit Authority,Pink Line,"1910",,,existing,,,at grade,,,,,,,"Yonah Freemark; OpenStreetMap contributors","0",USA,,Pink Line (Cermak Branch),1.05735485531977,,"0"
"452",Light Rail,Los Angeles CA USA,LA Metro,E,"2016",1500,"64000",existing,,,"elevated; at grade",,,,,,,"Yonah Freemark; OpenStreetMap contributors","0",USA,,E Line (Expo) Phase 2,10.3938154749921,,"0"
"453",Streetcar,Toronto ON CAN,TTC,Cherry Street Streetcar,"2016",,,existing,,,at grade,,,,,,,"Yonah Freemark; OpenStreetMap contributors","0",CAN,,Cherry Street Streetcar,0.689926484943939,,"0"
"454",Regional Rail,Denver CO USA,Denver RTD,B,"2016",2100,"18000",existing,Part of Eagle P3 federal grant agreement.,,at grade,,,,2011-08,2043.1,0.504,"Yonah Freemark; OpenStreetMap contributors","0",USA,,Northwest Line (B),3.54286213563531,,"0"
"455",Regional Rail,Denver CO USA,Denver RTD,B/G,"2016",2100,"18000",existing,Part of Eagle P3 federal grant agreement.,,at grade,,,,2011-08,2043.1,0.504,"Yonah Freemark; OpenStreetMap contributors","0",USA,,Northwest Line,6.6666930203086,,"0"
"456",Streetcar,New Orleans LA USA,NORTA,N. Rampart/St. Claude Streetcar,"2016",41.5,,existing,,,at grade,,,,,,,"Yonah Freemark; OpenStreetMap contributors","0",USA,,N. Rampart/St. Claude Streetcar,2.20500529590047,,"0"
"458",Light Rail,Seattle WA USA,Sound Transit,Link Line 1,"2016",383,"5400",existing,,,elevated,,,,,,,"Yonah Freemark; OpenStreetMap contributors","0",USA,,South 200th Link Extension,2.66504968690854,,"0"
"460",Bus Rapid Transit,Puebla MEX,RUTA,Linea 1,"2013",,,existing,,,at grade,,,,,,,"Yonah Freemark; OpenStreetMap contributors","0",MEX,Bronze (69),L1,18.1327238098456,"2014","0"
"461",Bus Rapid Transit,Leon MEX,Transportistas Coordinados de León,Optibus L1,"2003",,,existing,,,at grade,,,,,,,"Yonah Freemark; OpenStreetMap contributors","0",MEX,Basic,Optibus L1,13.6435459217977,,"0"
"462",Metro,Vancouver BC CAN,Translink,SkyTrain Millennium Line,"2016",1310,"70000",existing,Originally Evergreen Line,,elevated,,auto,,,,,"Yonah Freemark; OpenStreetMap contributors","0",CAN,,SkyTrain Millennium Line Lougheed Town Centre–Lafarge Lake-Douglas,10.9628745715516,,"0"
"463",Bus Rapid Transit,Toronto ON CAN,Viva,Viva Next Highway 7 Rapidway,"2017",,,existing,,,at grade,,,,,,,"Yonah Freemark; OpenStreetMap contributors","0",CAN,BRT,Viva Next Highway 7 Rapidway (Phase 1),3.78824286326924,,"0"
"464",Streetcar,Kansas City MO USA,KCATA,Kansas City Streetcar,"2016",103,"2700",existing,,,at grade,,,,,,,"Yonah Freemark; OpenStreetMap contributors","0",USA,,Kansas City Streetcar,3.63889030258947,,"0"
"465",Metro,New York NY USA,MTA,Q,"2016",4867,"213000",existing,,,subway,,,,2007-11,4866.6,0.267,"Yonah Freemark; OpenStreetMap contributors","0",USA,,IND Second Avenue Line (Q) 2nd Avenue Subway Phase 1,2.91804942028192,,"0"
"466",Light Rail,Dallas TX USA,DART,Blue Line,"2016",240,,existing,,,"elevated; at grade",,,,,,,"Yonah Freemark; OpenStreetMap contributors","0",USA,,South Oak Cliff Blue Line Extension,4.26911806860002,,"0"
"467",Commuter Rail,Boston MA USA,MBTA,Wachusett Extension,"2016",72,,existing,,,at grade,,,,,,,"Yonah Freemark; OpenStreetMap contributors","0",USA,,Wachusett Extension,7.58630736259522,,"0"
"468",Bus Rapid Transit,Las Vegas NV USA,Las Vegas RTC,Flamingo Corridor BRT,"2016",42,,existing,,,at grade,,,,,,,"Yonah Freemark; OpenStreetMap contributors","0",USA,,Flamingo Corridor BRT,27.7771709136785,,"0"
"469",Streetcar,Dallas TX USA,DART,Dallas Streetcar,"2016",,,existing,,,at grade,,,,,,,"Yonah Freemark; OpenStreetMap contributors","0",USA,,Dallas Streetcar Extension Phase 2,1.18309983673526,,"0"
"470",Arterial Rapid Transit,Denver CO USA,Denver RTD,US 36 BRT,"2016",,,existing,,,highway,,,,,,,"Yonah Freemark; OpenStreetMap contributors","0",USA,,US 36 BRT,39.3363219546593,,"0"
"471",Arterial Rapid Transit,Jacksonville FL USA,JTA,First Coast Flyer Blue Line,"2016",24,,existing,,,at grade,,,,,,,"Yonah Freemark; OpenStreetMap contributors","0",USA,,First Coast Flyer Southeast Corridor,17.8177902204883,,"0"
"472",Arterial Rapid Transit,Washington DC USA,WMATA,Metroway,"2016",11,,existing,,,at grade,,,,,,,"Yonah Freemark; OpenStreetMap contributors","0",USA,Not BRT,Crystal City Potomac Yard Transitway/Metroway,7.4170971233802,,"0"
"473",Arterial Rapid Transit,Orlando FL USA,LYNX,Lymmo Lime Line,"2016",,,existing,,,at grade,,,,,,,"Yonah Freemark; OpenStreetMap contributors","0",USA,Not BRT,Lymmo Lime Line,3.22265995614608,,"0"
"474",Arterial Rapid Transit,Portland OR USA,C-Tran,The Vine,"2017",53,"5700",existing,,,at grade,"-2017",,,,,,"Yonah Freemark; OpenStreetMap contributors","0",USA,,The Vine BRT,10.7209932493251,,"0"
"475",Light Rail,Houston TX USA,Houston Metro,Green Line,"2017",,,existing,,,at grade,,,,,,,"Yonah Freemark; OpenStreetMap contributors","0",USA,,East End Line Phase 2,1.8309348031439,,"0"
"477",Bus Rapid Transit,Tijuana MEX,SITT,La Ruta Troncal,"2016",,,existing,,,at grade,,,,,,,"Yonah Freemark; OpenStreetMap contributors","0",MEX,Basic,La Ruta Troncal,32.8567192691756,,"0"
"478",Arterial Rapid Transit,Aspen CO USA,Roaring Fork T.A.,VelociRFTA,"2013",46.2,,existing,,,at grade,,,,,,,"Yonah Freemark; OpenStreetMap contributors","0",USA,,VelociRFTA,68.4300288571116,,"0"
"479",Metro,Bay Area CA USA,BART,Green/Orange Lines,"2017",890,"7000",existing,,,"subway; at grade",,,,,,,"Yonah Freemark; OpenStreetMap contributors","0",USA,,BART Fremont–Warm Springs,7.77195901398047,,"0"
"480",Bus Rapid Transit,New York NY USA,MTA,M79 SBS,"2017",,,existing,,,at grade,,,,,,,"Yonah Freemark; OpenStreetMap contributors","0",USA,,M79 SBS,4.01186629254342,,"0"
"481",Bus Rapid Transit,Toronto ON CAN,Viva,Davis Drive Rapidway,"2015",267.7,,existing,,,at grade,,,,,,,"Yonah Freemark; OpenStreetMap contributors","0",CAN,BRT,Davis Drive Rapidway,2.97687394894194,,"0"
"482",Regional Rail,Bay Area CA USA,SMART,SMART Train,"2017",360,"5000",existing,,,at grade,,,,,,,"Yonah Freemark; OpenStreetMap contributors","0",USA,,SMART Train Phase 1,69.9350624497658,,"0"
"483",Metro,Toronto ON CAN,TTC,Line 1,"2017",2450,"102200",existing,,,subway,,,,,,,"Yonah Freemark; OpenStreetMap contributors","0",CAN,,Toronto-York Spadina Subway Extension,8.66822321649088,,"0"
"486",Bus Rapid Transit,Bay Area CA USA,Santa Clara VTA,Santa Clara-Alum Rock BRT,"2017",114,"17070",existing,,,at grade,,,,,,,"Yonah Freemark; OpenStreetMap contributors","0",USA,,Santa Clara-Alum Rock BRT,11.6941849085511,,"0"
"487",Light Rail,Denver CO USA,Denver RTD,R,"2017",350,"34400",existing,,,highway,,,,,,,"Yonah Freemark; OpenStreetMap contributors","0",USA,,I-225 Rail Line (R),16.0693018891008,,"0"
"489",Arterial Rapid Transit,Eugene OR USA,Lane Transit District,West Eugene EmX,"2017",96,"7400",existing,,,at grade,,,,,,,"Yonah Freemark; OpenStreetMap contributors","0",USA,Not BRT,West Eugene EmX,7.75342462897664,,"0"
"490",Bus Rapid Transit,New York NY USA,MTA,Woodhaven/Cross Bay Boulevard SBS,"2017",,"30000",existing,,,at grade,,,,,,,"Yonah Freemark; OpenStreetMap contributors","0",USA,,Woodhaven/Cross Bay Boulevard SBS,22.7887121401091,,"0"
"491",Bus Rapid Transit,Toronto ON CAN,City of Mississauga,Mississauga Transitway,"2017",244,,existing,,,highway,,,,,,,"Yonah Freemark; OpenStreetMap contributors","0",CAN,Basic,Mississauga Transitway,19.181568990544,,"0"
"492",Arterial Rapid Transit,El Paso TX USA,Sun Metro,Brio Mesa,"2014",27,,existing,,,at grade,,,,,,,"Yonah Freemark; OpenStreetMap contributors","0",USA,,Brio Mesa Corridor,14.9918508541501,,"0"
"493",Light Rail,Mexico MEX,Mexico City Metro,Tren ligero,"1986",,,existing,,,at grade,,,,,,,"Yonah Freemark; OpenStreetMap contributors","0",MEX,,Tren ligero,12.624585172303,,"0"
"494",Metro,Panama PAN,Metro de Panama,Linea 1,"2014",,,existing,,,"subway; elevated",,,,,,,"Yonah Freemark; OpenStreetMap contributors","0",PAN,,Linea 1,15.4921204992159,,"0"
"495",Arterial Rapid Transit,Philadelphia PA USA,SEPTA,Boulevard Direct,"2017",2,,existing,,,at grade,,,,,,,"Yonah Freemark; OpenStreetMap contributors","0",USA,,Boulevard Direct,17.0801471437054,,"0"
"496",Arterial Rapid Transit,Minneapolis MN USA,Metro Transit,A,"2016",27,"8000",existing,,,at grade,,,,,,,"Yonah Freemark; OpenStreetMap contributors","0",USA,,A Line,15.7930827530417,,"0"
"497",Bus Rapid Transit,Boston MA USA,MBTA,Silver Line,"2018",83,"8730",existing,,,at grade,,,,,,,"Yonah Freemark; OpenStreetMap contributors","0",USA,,Silver Line Gateway,4.77559728127397,,"0"
"498",Light Rail,Charlotte NC USA,CATS,Lynx Blue Line,"2018",1160,"24600",existing,,,at grade,,,,2012-10,1160.1,0.5,"Yonah Freemark; OpenStreetMap contributors","0",USA,,Lynx Blue Line Extension,15.049620893766,,"0"
"499",Arterial Rapid Transit,Columbus OH USA,COTA,CMAX BRT,"2018",49,"6600",existing,,,at grade,,,,2016-06,48.7,0.77,"Yonah Freemark; OpenStreetMap contributors","0",USA,,CMAX/Cleveland Avenue BRT,27.1031452255336,,"0"
"500",Bus Rapid Transit,Mexico MEX,Mexico City Metrobus,Metrobus Linea 7,"2018",,"130000",existing,,,at grade,,,,,,,"Yonah Freemark; OpenStreetMap contributors","0",MEX,Basic,Metrobus Reforma Linea 7,13.3878494333588,,"0"
"501",Bus Rapid Transit,Mexico MEX,Mexico City Metrobus,Metrobus Linea 1,"2005",,,existing,,,at grade,,,,,,,"Yonah Freemark; OpenStreetMap contributors","0",MEX,Silver (73),Metrobus Linea 1,28.0636016856073,"2013","0"
"502",Bus Rapid Transit,Mexico MEX,Mexico City Metrobus,Metrobus Linea 2,"2009",,,existing,,,at grade,,,,,,,"Yonah Freemark; OpenStreetMap contributors","0",MEX,Silver (75),Metrobus Linea 2,22.7842374087854,"2013","0"
"503",Bus Rapid Transit,Mexico MEX,Mexico City Metrobus,Metrobus Linea 3,"2011",,,existing,,,at grade,,,,,,,"Yonah Freemark; OpenStreetMap contributors","0",MEX,Silver (78),Metrobus Linea 3,17.9596152663021,"2013","0"
"504",Bus Rapid Transit,Mexico MEX,Mexico City Metrobus,Metrobus Linea 4,"2012",,,existing,,,at grade,,,,,,,"Yonah Freemark; OpenStreetMap contributors","0",MEX,Bronze (55),Metrobus Linea 4,24.3263951959674,"2013","0"
"505",Bus Rapid Transit,Mexico MEX,Mexico City Metrobus,Metrobus Linea 5,"2013",,,existing,,,at grade,,,,,,,"Yonah Freemark; OpenStreetMap contributors","0",MEX,Silver (82),Metrobus Linea 5,8.87819831841588,"2014","0"
"506",Aerial Tram,Mexico MEX,Estado de Mexico,Mexicable Linea 1,"2016",,,existing,,,elevated,,auto,,,,,"Yonah Freemark; OpenStreetMap contributors","0",MEX,,Mexicable Linea 1,4.75845217949896,,"0"
"507",Arterial Rapid Transit,Jacksonville FL USA,JTA,First Coast Flyer Green Line,"2015",,,existing,,,at grade,,,,,,,"Yonah Freemark; OpenStreetMap contributors","0",USA,,First Coast Flyer North Corridor/Green Line,15.7270560540515,,"0"
"508",Streetcar,Milwaukee WI USA,City of Milwaukee,The Hop,"2018",99,"1800",existing,,,at grade,,,,,,,"Yonah Freemark; OpenStreetMap contributors","0",USA,,The Hop Milwaukee Streetcar,4.20081811590588,,"0"
"509",Arterial Rapid Transit,Jacksonville FL USA,JTA,First Coast Flyer Red Line,"2018",34,"3700",existing,,,at grade,,,,,,,"Yonah Freemark; OpenStreetMap contributors","0",USA,,First Coast Flyer East Corridor/Red Line,29.0175943795838,,"0"
"510",Bus Rapid Transit,San Bernardino CA USA,OmniTrans,sbX Green Line,"2014",,,existing,,,at grade,,,,,,,"Yonah Freemark; OpenStreetMap contributors","0",USA,Bronze (63),sbX Green Line,26.5821905110576,"2014","0"
"511",Bus Rapid Transit,Calgary AB CAN,Calgary Transit,MAX Purple,"2018",,,existing,,,at grade,,,,,,,"Yonah Freemark; OpenStreetMap contributors","0",CAN,,MAX Purple,13.5084061619923,,"0"
"513",Bus Rapid Transit,Calgary AB CAN,Calgary Transit,MAX Teal,"2018",,,existing,,,at grade,,,,,,,"Yonah Freemark; OpenStreetMap contributors","0",CAN,,MAX Teal - South Crosstown,22.3679153843217,,"0"
"514",Bus Rapid Transit,Calgary AB CAN,Calgary Transit,MAX Orange,"2018",17,,existing,,,at grade,,,,,,,"Yonah Freemark; OpenStreetMap contributors","0",CAN,,MAX Orange North Crosstown BRT,23.5162620169626,,"0"
"515",Arterial Rapid Transit,Chicago IL USA,GPTC,Gary Broadway Metro Express,"2018",10,,existing,,,at grade,,,,,,,"Yonah Freemark; OpenStreetMap contributors","0",USA,,Gary Broadway Metro Express,17.2381477560714,,"0"
"517",Bus Rapid Transit,Fresno CA USA,Fresno Area Express,FAX Q,"2018",54,,existing,,,at grade,,,,,,,"Yonah Freemark; OpenStreetMap contributors","0",USA,,FAX Q / Blackstone/Kings Canyon BRT,27.0989655773955,,"0"
"518",Light Rail,Ottawa ON CAN,OC Transpo,Line 2,"2001",,"12000",existing,,https://www.octranspo.com/en/o-train-extension/,"subway; at grade",,,,,,,"Yonah Freemark; OpenStreetMap contributors","0",CAN,,O-Train Trillium Line Bayview–Greensboro,7.92437393070798,,"0"
"519",Bus Rapid Transit,Richmond VA USA,GRTC,GRTC Pulse,"2018",54,"3000",existing,,,at grade,,,,,,,"Yonah Freemark; OpenStreetMap contributors","0",USA,Bronze (57.6),GRTC Pulse,11.8406783034621,"2019","0"
"520",Bus Rapid Transit,Salt Lake UT USA,UTA,Utah Valley Express,"2018",190,"12900",existing,,,at grade,,,,2016-12,150,0.5,"Yonah Freemark; OpenStreetMap contributors","0",USA,Basic,Utah Valley Express Provo-Orem BRT,18.5750224721385,,"0"
"521",Streetcar,St. Louis MO USA,Loop Trolley,Loop Trolley,"2018",51,,existing,Line ceased operations in 2019 due to a lack of funding. Restarted in 2022 with seasonal service.,,at grade,,,"2019",,,,"Yonah Freemark; OpenStreetMap contributors","0",USA,,Loop Trolley,3.31330621346007,,"0"
"522",Arterial Rapid Transit,Reno NV USA,Reno RTC,Lincoln Line,"2018",58,,existing,,,at grade,,,,2016-12,,,"Yonah Freemark; OpenStreetMap contributors","0",USA,,Lincoln Line,5.19337569073679,,"0"
"523",Bus Rapid Transit,Seattle WA USA,King County Metro,RapidRide A,"2010",,"10100",existing,,,at grade,,,,,,,"Yonah Freemark; OpenStreetMap contributors","0",USA,,RapidRide A,18.3771637571195,,"0"
"524",Bus Rapid Transit,Seattle WA USA,King County Metro,RapidRide B,"2011",,"6600",existing,,,at grade,,,,,,,"Yonah Freemark; OpenStreetMap contributors","0",USA,,RapidRide B Bellevue–Redmond Transit Center,16.3031705135704,,"0"
"529",Arterial Rapid Transit,Albany NY USA,CDTA,BusPlus Red Line,"2011",,"12000",existing,,,at grade,,,,,,,"Yonah Freemark; OpenStreetMap contributors","0",USA,,BusPlus Red Line,26.1138164957365,,"0"
"531",Bus Rapid Transit,Fort-de-France MQ FRA,Mozaik,TCSP Martinique,"2018",,,existing,,,at grade,,,,,,,"Yonah Freemark; OpenStreetMap contributors","0",FRA,,TCSP Martinique,12.4852254092168,,"0"
"532",Bus Rapid Transit,Fort-de-France MQ FRA,Mozaik,TCSP Martinique,"2018",,,existing,,,at grade,,,,,,,"Yonah Freemark; OpenStreetMap contributors","0",FRA,,TCSP Martinique,1.00038066223022,,"0"
"533",Bus Rapid Transit,Fort-de-France MQ FRA,Mozaik,TCSP Martinique,"2018",,,existing,,,at grade,,,,,,,"Yonah Freemark; OpenStreetMap contributors","0",FRA,,TCSP Martinique,0.830691805148506,,"0"
"534",Regional Rail,Denver CO USA,Denver RTD,G,"2019",2100,"18000",existing,Part of Eagle P3 federal grant agreement.,,at grade,,,,2011-08,2043.1,0.504,"Yonah Freemark; OpenStreetMap contributors","0",USA,,Gold Line (G),11.4731752056452,,"0"
"535",Arterial Rapid Transit,Seattle WA USA,Community Transit,Swift Green Line,"2019",67,"4700",existing,,,at grade,,,,2018-04,73.6,0.587,"Yonah Freemark; OpenStreetMap contributors","0",USA,,Swift 2 Green Line,19.8284529283932,,"0"
"536",Bus Rapid Transit,Indianapolis IN USA,IndyGO,Red Line,"2019",96,"11000",existing,,,at grade,,,,2018-05,96,0.78,"Yonah Freemark; OpenStreetMap contributors","0",USA,Basic,Red Line,21.2334115090009,,"0"
"537",Arterial Rapid Transit,Tulsa OK USA,Tulsa Transit,Aero BRT,"2019",,,existing,,,at grade,,,,,,,"Yonah Freemark; OpenStreetMap contributors","0",USA,,Aero BRT,28.3716323532198,,"0"
"539",Bus Rapid Transit,San Diego CA USA,San Diego MTS,South Bay Rapid,"2019",128,,existing,,,"highway; at grade",,,,,,,"Yonah Freemark; OpenStreetMap contributors","0",USA,,South Bay Rapid,36.1905192312529,,"0"
"540",Arterial Rapid Transit,Chicago IL USA,Pace,Pace Pulse Milwaukee Line,"2019",14,"4100",existing,,,at grade,,,,,,,"Yonah Freemark; OpenStreetMap contributors","0",USA,,Pace Pulse Milwaukee Line,11.3290055086468,,"0"
"541",Arterial Rapid Transit,El Paso TX USA,Sun Metro,Brio Alameda,"2019",36,,existing,,,at grade,,,,,,,"Yonah Freemark; OpenStreetMap contributors","0",USA,,Brio Alameda Corridor,20.699029674062,,"0"
"542",Bus Rapid Transit,Calgary AB CAN,Calgary Transit,Southwest Transitway,"2019",304,"46000",existing,,,"highway; at grade",,,,,,,"Yonah Freemark; OpenStreetMap contributors","0",CAN,,Southwest Transitway,22.2768234093026,,"0"
"543",Arterial Rapid Transit,El Paso TX USA,Sun Metro,Brio Dyer,"2019",36,,existing,,,at grade,,,,,,,"Yonah Freemark; OpenStreetMap contributors","0",USA,,Brio Dyer Corridor,16.6326161868169,,"0"
"545",Regional Rail,Bay Area CA USA,SMART,SMART Train,"2019",43,"800",existing,,,at grade,,,,2018-04,55.4,0.406,"Yonah Freemark; OpenStreetMap contributors","0",USA,,SMART Train Phase 2,2.5796760165282,,"0"
"546",Metro,Panama PAN,Metro de Panama,Linea 2,"2019",,,existing,,,elevated,,,,,,,"Yonah Freemark; OpenStreetMap contributors","0",PAN,,Linea 2,21.9335325710094,,"0"
"547",Light Rail,Ottawa ON CAN,OC Transpo,Line 1,"2019",2100,"240000",existing,"Once Line 3 opens, this segment will also include Line 3.",,"subway; at grade",,,,,,,"Yonah Freemark; OpenStreetMap contributors","0",CAN,,Confederation Line,12.605923074721,,"0"
"548",Light Rail,Phoenix AZ USA,Valley Metro,A Line,"2019",184,"4000",existing,,,at grade,,,,,,,"Yonah Freemark; OpenStreetMap contributors","0",USA,,Gilbert Road Extension,3.25403188153759,,"0"
"549",Light Rail,Denver CO USA,Denver RTD,E/F/R,"2019",233,"6800",existing,,,at grade,,,,,,,"Yonah Freemark; OpenStreetMap contributors","0",USA,,Southeast Rail Extension,3.67238378888763,,"0"
"553",Bus Rapid Transit,New York NY USA,MTA,M60 SBS,"2014",,,existing,,,at grade,,,,,,,"Yonah Freemark; OpenStreetMap contributors","0",USA,,M60 - 125-La Guardia SBS,14.4036491770625,,"0"
"554",Bus Rapid Transit,New York NY USA,MTA,M23 SBS,"2016",,,existing,,,at grade,,,,,,,"Yonah Freemark; OpenStreetMap contributors","0",USA,,M23 SBS,4.65018816656668,,"0"
"555",Arterial Rapid Transit,New York NY USA,MTA,M34 SBS,"2011",,,existing,,,at grade,,,,,,,"Yonah Freemark; OpenStreetMap contributors","0",USA,Not BRT,M34 SBS,3.60488006161302,,"0"
"556",Arterial Rapid Transit,New York NY USA,MTA,M86 SBS,"2015",,,existing,,,at grade,,,,,,,"Yonah Freemark; OpenStreetMap contributors","0",USA,,M86 SBS,4.40472307024405,,"0"
"557",Arterial Rapid Transit,New York NY USA,MTA,M15 SBS,"2010",,,existing,,,at grade,,,,,,,"Yonah Freemark; OpenStreetMap contributors","0",USA,Not BRT,M15 SBS,23.8914258940311,,"0"
"558",Arterial Rapid Transit,New York NY USA,MTA,Bx12 SBS,"2008",,,existing,,,at grade,,,,,,,"Yonah Freemark; OpenStreetMap contributors","0",USA,Not BRT,Bx12 SBS,11.9112721691928,,"0"
"559",Arterial Rapid Transit,New York NY USA,MTA,S79 SBS,"2012",,,existing,,,at grade,,,,,,,"Yonah Freemark; OpenStreetMap contributors","0",USA,Not BRT,S79 SBS,24.6014923148921,,"0"
"562",Bus Rapid Transit,New York NY USA,MTA,Bx6 SBS,"2017",,,existing,,,at grade,,,,,,,"Yonah Freemark; OpenStreetMap contributors","0",USA,,Bx6 SBS,10.9369569073767,,"0"
"563",Bus Rapid Transit,New York NY USA,MTA,B82 SBS,"2018",,,existing,,,at grade,,,,,,,"Yonah Freemark; OpenStreetMap contributors","0",USA,,B82 SBS,14.3511206703012,,"0"
"564",Bus Rapid Transit,New York NY USA,MTA,Q44 SBS,"2015",,,existing,,,at grade,,,,,,,"Yonah Freemark; OpenStreetMap contributors","0",USA,,Q44 SBS,22.7927141085462,,"0"
"565",Arterial Rapid Transit,New York NY USA,MTA,B46 SBS,"2016",,,existing,,,at grade,,,,,,,"Yonah Freemark; OpenStreetMap contributors","0",USA,Not BRT,B46 SBS,9.76979608614654,,"0"
"566",Arterial Rapid Transit,New York NY USA,MTA,Bx41 SBS,"2013",,,existing,,,at grade,,,,,,,"Yonah Freemark; OpenStreetMap contributors","0",USA,Not BRT,Bx41 SBS,8.62129821406227,,"0"
"567",Bus Rapid Transit,New York NY USA,MTA,Q70 SBS,"2016",,,existing,,,at grade,,,,,,,"Yonah Freemark; OpenStreetMap contributors","0",USA,,Q70 SBS,5.7742394933351,,"0"
"568",Bus Rapid Transit,Cleveland OH USA,Cleveland RTA,Cleveland State Line (55 buses),"2014",,,existing,,,at grade,,,,,,,"Yonah Freemark; OpenStreetMap contributors","0",USA,,Cleveland State Line (55 buses),6.50722535738337,,"0"
"569",Metro,Toronto ON CAN,TTC,Line 3,"1985",,,closed,,,elevated,,,"2023",,,,"Yonah Freemark; OpenStreetMap contributors","0",CAN,,3 Scarborough,7.24869119599997,,"0"
"570",Light Rail,Seattle WA USA,Sound Transit,Link Line 1,"2021",2100,"60000",existing,,http://www.soundtransit.org/northgatelink,"subway; highway",2012-2021,,,,,,"Yonah Freemark; OpenStreetMap contributors","0",USA,,Northgate Link,6.96652926468167,,"0"
"571",Metro,Bay Area CA USA,BART,Green/Orange Lines,"2020",2400,"46000",existing,Opened June 2020.,http://www.vta.org/bart/,at grade,2013-2020,,,2012-03,2230,0.404,"Yonah Freemark; OpenStreetMap contributors","0",USA,,BART Warm Springs–Berryessa,16.5557525754889,,"0"
"573",Light Rail,Bay Area CA USA,SF Muni,Central Subway,"2022",1578,"35100",existing,,https://www.sfmta.com/projects/central-subway-project,subway,2013-2022,,,2012-10,1578.3,0.597,"Yonah Freemark; OpenStreetMap contributors","0",USA,,Central Subway (T-3rd P2),2.36273769290147,,"0"
"574",Light Rail,Los Angeles CA USA,LA Metro,K,"2022",2058,"16000",existing,,http://www.metro.net/projects/crenshaw_corridor/,"subway; elevated; at grade",2014-2022,,,,,,"Yonah Freemark; OpenStreetMap contributors","0",USA,,Crenshaw Line Phase 1 Exp–Westchester/Veterans,9.76588045322642,,"0"
"575",Metro,Los Angeles CA USA,LA Metro,D,,2822,"33700",uc,,http://www.metro.net/projects/westside/,subway,2014-2026,,,2014-05,2822,0.443,"Yonah Freemark; OpenStreetMap contributors","0",USA,,D Line (Purple) Extension Phase 1,5.982287401921,,"0"
"576",Light Rail,Los Angeles CA USA,LA Metro,A/E,"2023",1756,"90000",existing,Delayed opening from 2022.,https://www.metro.net/projects/connector-2/,subway,2014-2023,,,2014-02,1402.9,0.477,"Yonah Freemark; OpenStreetMap contributors","0",USA,,Regional Connector,2.3951068838336,,"0"
"577",Metro,Washington DC USA,WMATA,Silver Line,"2022",2778,,existing,"Project repeatedly pushed off; most recently from 2021 completion.",http://www.dullesmetro.com,"elevated; highway; at grade",2014-2022,,,,,,"Yonah Freemark; OpenStreetMap contributors","0",USA,,Silver Line (Phase 2),18.3826720063694,,"0"
"578",Regional Rail,Denver CO USA,Denver RTD,N,"2020",343,,existing,,http://www.rtd-denver.com/n-line.shtml,at grade,2014-2020,,,,,,"Yonah Freemark; OpenStreetMap contributors","0",USA,,North Metro Phase 1 (N),20.9749657192529,,"0"
"579",Light Rail,Toronto ON CAN,TTC,Line 5,"2026",6430,"170000",existing,Completion date was originally 2020. ,https://www.metrolinx.com/en/projects-and-programs/eglinton-crosstown-lrt,"subway; at grade",2011-2026,,,,,,"Yonah Freemark; OpenStreetMap contributors","0",CAN,,Line 5 Eglinton Crosstown,18.9404909801683,,"0"
"580",Bus Rapid Transit,Toronto ON CAN,Viva,Viva Next Rapidways Yonge,"2020",,,existing,,http://www.metrolinx.com/en/greaterregion/projects/york-viva-bus-rapid-transit.aspx,at grade,2015-2020,,,,,,"Yonah Freemark; OpenStreetMap contributors","0",CAN,BRT,Viva Next Rapidways Yonge (Phase 1),8.07371168839276,,"0"
"581",Bus Rapid Transit,Toronto ON CAN,Viva,Viva Next Rapidways Yonge,"2020",,,existing,,http://www.metrolinx.com/en/greaterregion/projects/york-viva-bus-rapid-transit.aspx,at grade,2015-2020,,,,,,"Yonah Freemark; OpenStreetMap contributors","0",CAN,BRT,Viva Next Rapidways Yonge (Phase 2),2.47638964914708,,"0"
"582",Commuter Rail,New York NY USA,Long Island Rail Road,East Side Access,"2023",11100,"162000",existing,Delayed from 2022 opening.,https://new.mta.info/projects/east-side-access,subway,2006-2023,,,2006-12,7386,0.356,"Yonah Freemark; OpenStreetMap contributors","0",USA,,East Side Access,5.26871700940181,,"0"
"586",Metro,Mexico MEX,Mexico City Metro,Linea 12,,153,"26000",uc,,https://www.fonadin.gob.mx/fni2/fp91/,subway,2016-2026,,,,,,"Yonah Freemark; OpenStreetMap contributors","0",MEX,,Linea 12 Extension Mixcoac–Observatorio,4.33391703296644,,"0"
"587",Bus Rapid Transit,Bay Area CA USA,SF Muni,Van Ness Avenue BRT,"2022",170,"25000",existing,,https://www.sfmta.com/projects/van-ness-improvement-project,at grade,2016-2022,,,2016-12,223,0.202,"Yonah Freemark; OpenStreetMap contributors","0",USA,Basic,Van Ness Avenue BRT,3.20785192446599,,"0"
"588",Light Rail,San Diego CA USA,San Diego MTS,Blue Line,"2021",2112,"33800",existing,,"http://www.sandag.org/index.asp?projectid=250&amp;fuseaction=projects.detail","elevated; at grade",2015-2021,,,2016-09,2171.2,0.481,"Yonah Freemark; OpenStreetMap contributors","0",USA,,Mid-Coast Corridor Transit,17.538371680788,,"0"
"589",Bus Rapid Transit,Houston TX USA,Houston Metro,Silver Line,"2020",193,"19000",existing,,https://www.ridemetro.org/riding-metro/transit-services/metrorapid,at grade,2016-2020,,,,,,"Yonah Freemark; OpenStreetMap contributors","0",USA,Basic,Uptown (Post Oak) BRT,7.57029503386517,,"0"
"590",Light Rail,Washington DC USA,Maryland DOT,Purple Line,,3400,"69000",uc,"Completion delayed due to design changes that reduced cost; to be built through PPP, which caused problems, delaying project further.",http://www.purplelinemd.com/en/,"subway; elevated; open cut; at grade",2017-2027,,,2017-08,2407,0.374,"Yonah Freemark; OpenStreetMap contributors","0",USA,,Purple Line,26.2215755588059,,"0"
"591",Metro,Honolulu HI USA,HART,Skyline,"2023",8165,"119600",existing,"Project cost increased from $5.2 billion; initial phase delayed from 2017.",http://www.honolulutransit.org/,elevated,2011-2023,auto,,2012-12,5121.7,0.303,"Yonah Freemark; OpenStreetMap contributors","0",USA,,Skyline Kualaka'i/East Kapolei–Halawa/Aloha Stadium,17.2817328576431,,"0"
"592",Metro,Honolulu HI USA,HART,Skyline,"2025",8165,"119600",existing,"Project cost increased from $5.2 billion; second phase delayed from 2020.",http://www.honolulutransit.org/,elevated,2011-2025,auto,,2012-12,5121.7,0.303,"Yonah Freemark; OpenStreetMap contributors","0",USA,,Skyline Halawa/Aloha Stadium–Kahauiki/Middle Street,8.29118957232176,,"0"
"593",Light Rail,Seattle WA USA,Sound Transit,Link Line 2,"2026",2800,"50000",existing,,https://www.soundtransit.org/system-expansion/east-link-extension,"subway; elevated; at grade",2016-2026,,,,,,"Yonah Freemark; OpenStreetMap contributors","0",USA,,East Link Blue Line South Bellevue–Stadium,11.9598565276292,,"0"
"594",Light Rail,Edmonton AB CAN,ETS,Valley Line,"2023",1800,"42000",existing,Delays because of pier damage.,https://www.edmonton.ca/projects_plans/transit/valley-line-lrt-mill-woods-to-lewis-farms,"subway; at grade",2016-2023,,,,,,"Yonah Freemark; OpenStreetMap contributors","0",CAN,,Valley Line Stage 1 Southeast,13.2079652952957,,"0"
"596",Bus Rapid Transit,Toronto ON CAN,Viva,Viva Rapidway Highway 7 West,"2020",,,existing,,http://www.metrolinx.com/en/greaterregion/projects/york-viva-bus-rapid-transit.aspx,at grade,2016-2020,,,,,,"Yonah Freemark; OpenStreetMap contributors","0",CAN,BRT,Viva Rapidway Highway 7 West Phase 2,3.8483381173424,,"0"
"597",Bus Rapid Transit,Toronto ON CAN,Viva,Viva Highway 7 Rapidway,"2020",,,existing,,http://www.metrolinx.com/en/greaterregion/projects/york-viva-bus-rapid-transit.aspx,at grade,2016-2020,,,,,,"Yonah Freemark; OpenStreetMap contributors","0",CAN,Basic,Viva Highway 7 Rapidway Phase 2,9.054462069418,"2019","0"
"598",Commuter Rail,New York NY USA,New Jersey Transit,Lackawanna Cutoff,,,,uc,Restores line that opened in 1911,,"subway; at grade",2021-2026,,,,,,"Yonah Freemark; OpenStreetMap contributors","0",USA,,Lackawanna Cut-Off Phase 1,11.699483667577,,"0"
"599",Light Rail,Guadalajara MEX,SITEUR,Linea 3,"2020",994,"348000",existing,,http://www.l3gdl.com,"subway; elevated",2014-2020,,,,,,"Yonah Freemark; OpenStreetMap contributors","0",MEX,,Linea 3,20.6153366994947,,"0"
"600",Light Rail,Minneapolis MN USA,Metro Transit,Green Line,,2700,"34000",uc,"Project shortened in 2015 to reduce project costs. Delayed, cost increase in 2022.",https://metrocouncil.org/Transportation/Projects/Light-Rail-Projects/METRO-Green-Line-Extension.aspx,"subway; at grade",2017-2027,,,2020-09,2003,0.464,"Yonah Freemark; OpenStreetMap contributors","0",USA,,Southwest Corridor/Green Line Extension LRT,23.4154835496,,"0"
"601",Light Rail,Toronto ON CAN,TTC,Line 6,"2025",1200,"40000",existing,Completion date was originally 2021. Subway section is very short,https://www.metrolinx.com/en/greaterregion/projects/finchwest-lrt.aspx,"subway; at grade",2018-2025,,,,,,"Yonah Freemark; OpenStreetMap contributors","0",CAN,,Line 6 Finch West LRT,10.5778672714865,,"0"
"602",Bus Rapid Transit,Bay Area CA USA,SF Muni,Geary BRT,,48,"94000",planned,,https://www.sfmta.com/projects/geary-boulevard-improvement-project,at grade,2026-2027,,,,,,"Yonah Freemark; OpenStreetMap contributors","0",USA,,Geary BRT,8.98713203795125,,"0"
"604",Commuter Rail,Philadelphia PA USA,SEPTA,Media/Elwyn Line,"2022",151,,existing,,https://middletowndelcopa.gov/septa,at grade,2018-2022,,,,,,"Yonah Freemark; OpenStreetMap contributors","0",USA,,Media/Elwyn Extension to Wawa,4.94234246053682,,"0"
"606",Streetcar,Seattle WA USA,City of Seattle,Culture Connector,,286,"20100",cancelled,"Previously Center City Connector; removed from city wish list in 2024",https://www.seattle.gov/transportation/projects-and-programs/programs/transit-program/culture-connector,at grade,,,"2024",,,,"Yonah Freemark; OpenStreetMap contributors","0",USA,,Center City Connector,1.86572440704165,,"0"
"607",Regional Rail,San Bernardino CA USA,OmniTrans,Arrow Redlands,"2022",360,"1200",existing,,https://www.gosbcta.com/project/redlands-passenger-rail-project-arrow/,at grade,2019-2022,,,,,,"Yonah Freemark; OpenStreetMap contributors","0",USA,,Arrow Redlands Passenger Rail Project,14.4126145954194,,"0"
"608",Bus Rapid Transit,Grand Rapids MI USA,The Rapid,Laker Line,"2020",71,"4400",existing,,http://lakerline.org,at grade,2019-2020,,,,,,"Yonah Freemark; OpenStreetMap contributors","0",USA,,Laker Line,21.5961124797397,,"0"
"610",Streetcar,Charlotte NC USA,CATS,CityLynx Gold Line,"2021",150,"5700",existing,Funded through federal Small Starts grant at 50% of costs,http://charlottenc.gov/cats/transit-planning/gold-line/Pages/default.aspx,at grade,2017-2021,,,,150,0.5,"Yonah Freemark; OpenStreetMap contributors","0",USA,,CityLYNX Gold Line Phase 2,4.13290226869871,,"0"
"611",Streetcar,Milwaukee WI USA,City of Milwaukee,The Hop L-Line,"2023",29,,existing,,https://thehopmke.com/,at grade,2017-2023,,,,,,"Yonah Freemark; OpenStreetMap contributors","0",USA,,Lakefront Line,1.19363721646435,,"0"
"612",Light Rail,Seattle WA USA,Sound Transit,Link Line 1,"2024",3070,"70000",existing,,http://www.soundtransit.org/LLE,"highway; elevated",2018-2024,,,2018-12,3260.4,0.36,"Yonah Freemark; OpenStreetMap contributors","0",USA,,Lynnwood Link,13.7007199576612,,"0"
"613",Streetcar,Seattle WA USA,Sound Transit,Link Line T,"2023",166,,existing,Name changed from Tacoma Link.,http://www.soundtransit.org/tacomalinkexpansion,at grade,2018-2023,,,2018-05,166,0.45,"Yonah Freemark; OpenStreetMap contributors","0",USA,,Line T Hilltop Extension,3.76171487663521,,"0"
"614",Metro,Los Angeles CA USA,LA Metro,D,,2499,"36100",uc,,http://www.metro.net/projects/westside/,subway,2018-2027,,,2016-12,2499.2,0.475,"Yonah Freemark; OpenStreetMap contributors","0",USA,,D Line (Purple) Extension Phase 2,4.5391449476164,,"0"
"615",Metro,Los Angeles CA USA,LA Metro,D,,3599,"42900",uc,,http://www.metro.net/projects/westside/,subway,2018-2028,,,2020-03,3599.3,0.361,"Yonah Freemark; OpenStreetMap contributors","0",USA,,D Line (Purple) Extension Phase 3,3.8578561971893,,"0"
"617",Commuter Rail,Mexico MEX,Mexico City Metro,El Insurgente,"2023",1978,"230000",existing,,https://trenelinsurgente.mx/,"subway; elevated; at grade",2014-2023,,,,,,"Yonah Freemark; OpenStreetMap contributors","0",MEX,,Tren Interurbano Lerma–Zinacantepec,20.7871782202554,,"0"
"618",Bus Rapid Transit,Minneapolis MN USA,Metro Transit,Orange Line,"2021",151,,existing,,http://www.metrotransit.org/metro-orange-line,highway,2017-2021,,,2019-06,150.7,0.492,"Yonah Freemark; OpenStreetMap contributors","0",USA,,Orange Line,29.4772420525861,,"0"
"619",Light Rail,Los Angeles CA USA,LA Metro,A,"2025",,,existing,Previously L Line,https://foothillgoldline.org/construction_phases/glendora_to_montclair/,at grade,2017-2025,,,,,,"Yonah Freemark; OpenStreetMap contributors","0",USA,,Gold Line Phase 2B to Montclair (Pomona segment),14.9476251026641,,"0"
"620",Commuter Rail,Toronto ON CAN,GO Transit,Richmond Hill Line,"2021",82,,existing,,http://www.metrolinx.com/en/news/announcements/201703_New_Station_Bloomington_Road.aspx,at grade,2017-2021,,,,,,"Yonah Freemark; OpenStreetMap contributors","0",CAN,,Richmond Hill Line Extension to Bloomington,4.36457443931887,,"0"
"622",Regional Rail,Dallas TX USA,DART,Silver Line,"2025",1100,"5630",existing,Previously known as Cotton Belt.,https://www.dart.org/about/expansion/silverline.asp,at grade,2019-2025,,,,,,"Yonah Freemark; OpenStreetMap contributors","0",USA,,Silver Line,44.8405638010541,,"0"
"623",Bus Rapid Transit,Montreal QC CAN,STM,SRB Pie-IX,"2022",394,"70000",existing,,https://www.stm.info/en/about/major_projects/major-bus-projects/pie-ix-brt,at grade,2018-2022,,,,,,"Yonah Freemark; OpenStreetMap contributors","0",CAN,Basic,SRB Pie-IX,11.2428589967982,,"0"
"624",Bus Rapid Transit,Montreal QC CAN,STM,Sauve/Cote-Vertu,"2020",,"44000",existing,,http://www.stm.info/en/about/major_projects/bus-preferential-measures-bpm/srb-sauve-cote-vertu,at grade,2019-2020,,,,,,"Yonah Freemark; OpenStreetMap contributors","0",CAN,,Sauve/Cote-Vertu,4.68149178537513,,"0"
"625",Arterial Rapid Transit,Chicago IL USA,Pace,Pace Pulse Dempster,"2023",10,,existing,,https://www.pacebus.com/project/pulse-dempster-line,at grade,2021-2023,,,,,,"Yonah Freemark; OpenStreetMap contributors","0",USA,,Pace Pulse Dempster,25.1385775602881,,"0"
"626",Bus Rapid Transit,Milwaukee WI USA,Milwaukee County,Connect 1,"2023",54,"9500",existing,,https://eastwestbrtmke.com/,at grade,2021-2023,,,2020-05,54.8,0.75,"Yonah Freemark; OpenStreetMap contributors","0",USA,,East-West BRT,15.0397662227507,,"0"
"630",Light Rail,Ottawa ON CAN,OC Transpo,Line 1/3,,1300,,uc,Estimated cost,https://www.octranspo.com/en/o-train-extension/,at grade,2019-2026,,,,,,"Yonah Freemark; OpenStreetMap contributors","0",CAN,,Confederation Line East,12.6120475654158,,"0"
"632",Light Metro,Los Angeles CA USA,LAWA,LAX Airport Connector,,2700,"95000",uc,Opening delayed from 2024,https://www.lawa.org/transforminglax/projects/underway/apm,elevated,2020-2026,auto,,,,,"Yonah Freemark; OpenStreetMap contributors","1",USA,,LAX Airport Connector,3.57244597260083,,"0"
"633",Bus Rapid Transit,Omaha NE USA,Metro Omaha,OBRT,"2020",31,,existing,,http://www.rideorbt.com/,at grade,2019-2020,,,,,,"Yonah Freemark; OpenStreetMap contributors","0",USA,,Omaha BRT,16.9038631684961,,"0"
"638",Bus Rapid Transit,Spokane WA USA,Spokane STA,City Line,"2023",92.2,"3000",existing,Opening delayed from 2022.,https://citylinespokane.com/,at grade,2019-2023,,,2020-01,92.2,0.579,"Yonah Freemark; OpenStreetMap contributors","0",USA,,City Line,12.3456713168923,,"0"
"641",Commuter Rail,Monterey CA USA,TAMC,Monterey County Rail Extension,,137,,uc,,https://www.tamcmonterey.org/monterey-county-rail-extension,at grade,2018-2026,,,,,,"Yonah Freemark; OpenStreetMap contributors","0",USA,,Monterey County Rail Extension,60.4023956096689,,"0"
"643",Bus Rapid Transit,Washington DC USA,Montgomery County DOT,US 29 Flash BRT,"2020",31,,existing,,http://www.ridetheflash.com/us29/,at grade,2018-2020,,,,,,"Yonah Freemark; OpenStreetMap contributors","0",USA,,US 29 Flash BRT,16.1951338388536,,"0"
"644",Bus Rapid Transit,Vancouver BC CAN,Translink,R4 41st Avenue RapidBus,"2020",,"35000",existing,,https://vancouver.ca/streets-transportation/41st-ave-b-line.aspx,at grade,2019-2020,,,,,,"Yonah Freemark; OpenStreetMap contributors","0",CAN,,R4 41st Avenue RapidBus,19.0272659060727,,"0"
"645",Bus Rapid Transit,Vancouver BC CAN,Translink,R2 Marine Drive RapidBus,"2020",,,existing,,https://www.cnv.org/sustainable-travel-options/transit/translink-b-line,at grade,2019-2020,,,,,,"Yonah Freemark; OpenStreetMap contributors","0",CAN,,R2 Marine Drive RapidBus,9.54087900862212,,"0"
"646",Bus Rapid Transit,Vancouver BC CAN,Translink,R3 Lougheed Highway RapidBus,"2020",,,existing,,https://www.translink.ca/Plans-and-Projects/B-Line-Consultation.aspx,at grade,2019-2020,,,,,,"Yonah Freemark; OpenStreetMap contributors","0",CAN,,R3 Lougheed Highway RapidBus,17.2218090131411,,"0"
"649",Regional Rail,Bay Area CA USA,SMART,SMART Train,"2025",65,,existing,Construction has been paused due to lack of funds.,https://www.sonomamarintrain.org/stations/WIN#WIN,at grade,2019-2025,,,,,,"Yonah Freemark; OpenStreetMap contributors","0",USA,,SMART Train Phase 2 to Windsor,5.07383011260692,,"0"
"650",Bus Rapid Transit,Vancouver BC CAN,Translink,R1 King George Blvd RapidBus,"2020",,,existing,,https://www.translink.ca/Plans-and-Projects/RapidBus-Program/R1-King-George-Blvd.aspx,at grade,2019-2020,,,,,,"Yonah Freemark; OpenStreetMap contributors","0",CAN,,R1 King George Blvd RapidBus,10.0688184699462,,"0"
"651",Bus Rapid Transit,Vancouver BC CAN,Translink,R5 Hastings St RapidBus,"2020",,,existing,,https://www.translink.ca/schedules-and-maps/rapidbus,at grade,2019-2020,,,,,,"Yonah Freemark; OpenStreetMap contributors","0",CAN,,R5 Hastings St RapidBus,19.6158010312768,,"0"
"652",Light Rail,New York NY USA,New Jersey Transit,Hudson-Bergen Light Rail,,220,,proposed,,https://hblr440.com/project-overview/,"elevated; at grade",,,,,,,"Yonah Freemark; OpenStreetMap contributors","0",USA,,Hudson-Bergen Light Rail Bayfront Extension,1.12776986050201,,"0"
"653",Light Rail,Phoenix AZ USA,Valley Metro,B Line,"2024",,,existing,,https://www.valleymetro.org/project/northwest-extension-phase-ii,"elevated; at grade",2020-2024,,,2021-11,401.3,0.39,"Yonah Freemark; OpenStreetMap contributors","0",USA,,Northwest Phase 2,2.50936226383712,,"0"
"656",Bus Rapid Transit,Triangle NC USA,Chapel Hill Transit,Chapel Hill North-South Corridor,,141,"9000",planned,,https://nsbrt.org/,at grade,2027-2029,,,,,,"Yonah Freemark; OpenStreetMap contributors","0",USA,,Chapel Hill North-South Corridor,12.7341701155887,,"0"
"661",Light Rail,Seattle WA USA,Sound Transit,Link Line 1,"2025",,"32000",existing,,https://www.soundtransit.org/system-expansion/federal-way-link-extension,elevated,2020-2025,,,2020-01,3160.7,0.25,"Yonah Freemark; OpenStreetMap contributors","0",USA,,Federal Way Link Extension,12.5578392458729,,"0"
"662",Light Rail,Seattle WA USA,Sound Transit,Link Line 2,"2025",,,existing,,https://www.soundtransit.org/system-expansion/downtown-redmond-link-extension/,"elevated; at grade",2019-2025,,,,,,"Yonah Freemark; OpenStreetMap contributors","0",USA,,Downtown Redmond Link Extension,5.37768324244988,,"0"
"663",Bus Rapid Transit,Seattle WA USA,King County Metro,RapidRide G,"2024",120,,existing,,http://www.seattle.gov/transportation/projects-and-programs/programs/transit-program/transit-plus-multimodal-corridor-program/madison-brt---rapidride-g-line,at grade,2021-2024,,,"202104",133,0.45,"Yonah Freemark; OpenStreetMap contributors","0",USA,,Madison St RapidRide G,4.63223761713366,,"0"
"664",Bus Rapid Transit,Seattle WA USA,King County Metro,RapidRide H,"2023",,"7000",existing,,https://www.seattle.gov/transportation/projects-and-programs/programs/transit-program/transit-plus-multimodal-corridor-program/rapidride-h-line,at grade,2020-2023,,,,,,"Yonah Freemark; OpenStreetMap contributors","0",USA,,Delridge/East Marginal RapidRide H,18.8443239134216,,"0"
"665",Arterial Rapid Transit,Portland OR USA,Vancouver C-Tran,The Vine Mill Plain,"2023",49.9,,existing,,https://www.catchthevine.com/,at grade,2021-2023,,,2020-05,49.9,0.5,"Yonah Freemark; OpenStreetMap contributors","0",USA,,The Vine Mill Plain,16.3508785644459,,"0"
"666",Metro,Vancouver BC CAN,Translink,SkyTrain Millennium Line,,2830,,uc,,https://www.broadwaysubway.ca/,subway,2020-2027,auto,,,,,"Yonah Freemark; OpenStreetMap contributors","0",CAN,,Broadway Subway - Skytrain to Arbutus,5.647238701392,,"0"
"673",Light Rail,Bay Area CA USA,Santa Clara VTA,Eastridge to BART Regional Connector Capitol Expressway Light Rail,,453,,uc,,https://www.vta.org/projects/eastridge-bart-regional-connector,at grade,2021-2027,,,,,,"Yonah Freemark; OpenStreetMap contributors","0",USA,,Eastridge to BART Regional Connector Capitol Expressway Light Rail,4.0317522180876,,"0"
"674",Metro,Panama PAN,Metro de Panama,Linea 2,"2023",89,,existing,,https://www.elmetrodepanama.com/red-maestra/,elevated,2019-2023,,,,,,"Yonah Freemark; OpenStreetMap contributors","0",PAN,,Linea 2 Airport Extension,2.0034013133136,,"0"
"677",Commuter Rail,New York NY USA,Long Island Rail Road,Long Beach,"1880",,,existing,,,at grade,,,,,,,"Yonah Freemark; OpenStreetMap contributors","0",USA,,NY&LB,8.37030200005045,,"0"
"678",Commuter Rail,New York NY USA,Metro-North,Hudson Line,"1849",,,existing,,,at grade,,,,,,,"Yonah Freemark; OpenStreetMap contributors","0",USA,,Hudson,97.2592668777982,,"0"
"679",Commuter Rail,New York NY USA,Metro-North,Harlem Line,"1852",,,existing,,,at grade,,,,,,,"Yonah Freemark; OpenStreetMap contributors","0",USA,,Harlem,8.94100572861166,,"0"
"680",Commuter Rail,Minneapolis MN USA,Metro Transit,Northstar,"2009",,,closed,,,at grade,,,"2026",2007-12,317.4,0.494,"Yonah Freemark; OpenStreetMap contributors","0",USA,,Northstar,62.3968084446454,,"0"
"681",Commuter Rail,Albuquerque NM USA,NMT,Rail Runner Express,"2006",,,existing,,,at grade,,,,,,,"Yonah Freemark; OpenStreetMap contributors","0",USA,,Rail Runner Express,154.8133522165,,"0"
"682",Regional Rail,Austin TX USA,Capital Metro,Capital Metrorail,"2010",,,existing,,,at grade,,,,,,,"Yonah Freemark; OpenStreetMap contributors","0",USA,,Capital Metrorail,51.3685138665155,,"0"
"683",Regional Rail,Dallas TX USA,DCTA,A-Train,"2011",,,existing,,,at grade,,,,,,,"Yonah Freemark; OpenStreetMap contributors","0",USA,,A-Train,33.86422180735,,"0"
"684",Regional Rail,San Diego CA USA,NCTD,Sprinter,"2008",,,existing,,,at grade,,,,2003-02,351.5,0.433,"Yonah Freemark; OpenStreetMap contributors","0",USA,,Sprinter,35.4642974725845,,"0"
"685",Regional Rail,Portland OR USA,TriMet,WES,"2009",166,,existing,,,at grade,,,,,,,"Yonah Freemark; OpenStreetMap contributors","0",USA,,WES,23.5831465181713,,"0"
"686",Commuter Rail,Salt Lake UT USA,UTA,FrontRunner,"2008",,,existing,A portion of the line opened in 2012.,,at grade,,,,2006-06,611.7,0.8,"Yonah Freemark; OpenStreetMap contributors","0",USA,,FrontRunner,140.954374787946,,"0"
"687",Regional Rail,Philadelphia PA USA,New Jersey Transit,River Line,"2004",,,existing,,,at grade,,,,,,,"Yonah Freemark; OpenStreetMap contributors","0",USA,,River Line,54.4264984177583,,"0"
"688",Commuter Rail,Providence RI USA,MBTA,Providence Line,"1837",,,existing,,,at grade,,,,,,,"Yonah Freemark; OpenStreetMap contributors","0",USA,,"New York, Providence and Boston Railroad",30.9744082034597,,"0"
"689",Regional Rail,Orlando FL USA,SunRail,SunRail,"2014",,,existing,,,at grade,,,,2011-07,357.2,0.5,"Yonah Freemark; OpenStreetMap contributors","0",USA,,SunRail (First Phase),51.123512730329,,"0"
"690",Commuter Rail,Nashville TN USA,Tennessee DOT,Music City Star,"2006",,"1500",existing,,,at grade,,,,,,,"Yonah Freemark; OpenStreetMap contributors","0",USA,,Music City Star,50.2702815594393,,"0"
"691",Commuter Rail,Philadelphia PA USA,SEPTA,R1,"1985",,,existing,Portion of line opened in 1838.,,at grade,,,,,,,"Yonah Freemark; OpenStreetMap contributors","0",USA,,R1 Airport,8.85199965060771,,"0"
"692",Commuter Rail,Philadelphia PA USA,SEPTA,R1/R2/R3/R5/R7/R8,"1832",,,existing,,,at grade,,,,,,,"Yonah Freemark; OpenStreetMap contributors","0",USA,,"Philadelphia, Germantown and Norristown Railroad",2.79554501937432,,"0"
"694",Commuter Rail,New York NY USA,New Jersey Transit,North Jersey Coast/NE Corridor/Raritan Lines,"1835",,,existing,Year open is estimated.,,at grade,,,,,,,"Yonah Freemark; OpenStreetMap contributors","0",USA,,North Jersey Coast/NE Corridor/Raritan Lines,7.40145079903087,,"0"
"696",Commuter Rail,Chicago IL USA,Metra,SouthWest Service,"1893",,,existing,,,at grade,,,,,,,"Yonah Freemark; OpenStreetMap contributors","0",USA,,Chicago and Western Indiana Railroad,14.3328390977978,,"0"
"699",Commuter Rail,Chicago IL USA,Metra,Heritage Corridor,"1853",,,existing,,,at grade,,,,,,,"Yonah Freemark; OpenStreetMap contributors","0",USA,,"Chicago, Rock Island and Pacific Railroad",57.0340243593392,,"0"
"701",Commuter Rail,Baltimore MD USA,MARC,Camden/Penn Lines,"1907",,,existing,,,at grade,,,,,,,"Yonah Freemark; OpenStreetMap contributors","0",USA,,PRR Magruder Branch,1.95332065772574,,"0"
"702",Commuter Rail,Chicago IL USA,Metra,Milwaukee District-North Line,"1895",,,existing,Year open is estimated.,,at grade,,,,,,,"Yonah Freemark; OpenStreetMap contributors","0",USA,,Milwaukee & St. Paul Railroad,13.9273620911962,,"0"
"703",Commuter Rail,Chicago IL USA,Metra,BNSF,"1864",,,existing,,,at grade,,,,,,,"Yonah Freemark; OpenStreetMap contributors","0",USA,,Chicago and Aurora Railroad,57.9852106065262,,"0"
"704",Commuter Rail,Baltimore MD USA,MARC,Brunswick/Camden/Penn Lines,"1907",,,existing,,,at grade,,,,,,,"Yonah Freemark; OpenStreetMap contributors","0",USA,,PRR Magruder Branch,1.51253454208631,,"0"
"705",Commuter Rail,Dallas TX USA,Trinity Railway Express,Trinity Railway Express,"1996",,,existing,,,at grade,,,,,,,"Yonah Freemark; OpenStreetMap contributors","0",USA,,Trinity Railway Express,54.3273667930735,,"0"
"706",Commuter Rail,Los Angeles CA USA,LA Metrolink,Riverside Line,"1993",,,existing,,,at grade,,,,,,,"Yonah Freemark; OpenStreetMap contributors","0",USA,,Riverside Line,23.6130535538534,,"0"
"708",Commuter Rail,Philadelphia PA USA,SEPTA,R5/R6,"1834",,,existing,,,at grade,,,,,,,"Yonah Freemark; OpenStreetMap contributors","0",USA,,Main Line of Public Works,2.74622193003638,,"0"
"709",Commuter Rail,New York NY USA,New Jersey Transit,Main Line/Bergen County Line,"1833",,,existing,,,at grade,,,,,,,"Yonah Freemark; OpenStreetMap contributors","0",USA,,Paterson and Hudson River Railroad,4.28332714852067,,"0"
"710",Commuter Rail,Los Angeles CA USA,LA Metrolink,Ventura County Line,"1992",,,existing,,,at grade,,,,,,,"Yonah Freemark; OpenStreetMap contributors","0",USA,,Ventura County Line,39.4968172736852,,"0"
"711",Commuter Rail,Boston MA USA,MBTA,Haverhill Line,"1845",,,existing,,,at grade,,,,,,,"Yonah Freemark; OpenStreetMap contributors","0",USA,,Boston and Maine Railroad Extension,24.8525505005195,,"0"
"713",Commuter Rail,Chicago IL USA,Metra,North Central Service,"1886",,,existing,,,at grade,,,,,,,"Yonah Freemark; OpenStreetMap contributors","0",USA,,Waukesha Subdivision,45.2354999674522,,"0"
"714",Commuter Rail,Los Angeles CA USA,LA Metrolink,San Bernardino Line,"1992",,,existing,,,at grade,,,,,,,"Yonah Freemark; OpenStreetMap contributors","0",USA,,San Bernardino Line,66.2795015471236,,"0"
"715",Commuter Rail,Los Angeles CA USA,LA Metrolink,Antelope Val/Riverside/San Bernardino/Ventura Lines,"1990",,,existing,,,at grade,,,,,,,"Yonah Freemark; OpenStreetMap contributors","0",USA,,Antelope Val/Riverside/San Bernardin/Ventura Lines,0.190160334530443,,"0"
"716",Commuter Rail,Chicago IL USA,Metra,MD-N/MD-W/NCS,"1872",,,existing,,,at grade,,,,,,,"Yonah Freemark; OpenStreetMap contributors","0",USA,,Milwaukee & St. Paul Railroad,8.94996043824742,,"0"
"718",Commuter Rail,Philadelphia PA USA,SEPTA,R5,"1855",,,existing,,,at grade,,,,,,,"Yonah Freemark; OpenStreetMap contributors","0",USA,,R5,8.22788103539035,,"0"
"719",Commuter Rail,Los Angeles CA USA,LA Metrolink,91/Orange County Lines,"1990",,,existing,,,at grade,,,,,,,"Yonah Freemark; OpenStreetMap contributors","0",USA,,91/Orange County Lines,40.8666646202938,,"0"
"720",Commuter Rail,Bay Area CA USA,Caltrain,Caltrain,"1863",,,existing,,,at grade,,,,,,,"Yonah Freemark; OpenStreetMap contributors","0",USA,,Peninsula Commute,52.1322523175523,,"0"
"721",Commuter Rail,Philadelphia PA USA,SEPTA,R6,"1884",,,existing,,,at grade,,,,,,,"Yonah Freemark; OpenStreetMap contributors","0",USA,,Schuylkill Branch,3.46986072777461,,"0"
"722",Commuter Rail,Boston MA USA,MBTA,Newburyport/Rockport Lines,"1836",,,existing,,,at grade,,,,,,,"Yonah Freemark; OpenStreetMap contributors","0",USA,,Eastern Railroad,27.0634727113473,,"0"
"723",Commuter Rail,Boston MA USA,MBTA,Fairmount Line,"1855",,"7300",existing,"Passenger service closed from 1944-1987, with breaks.",,open cut,,,,,,,"Yonah Freemark; OpenStreetMap contributors","0",USA,,Fairmount Line,14.7507356349302,,"0"
"724",Commuter Rail,Los Angeles CA USA,LA Metrolink,Riverside/San Bernardino Lines,"1990",,,existing,,,at grade,,,,,,,"Yonah Freemark; OpenStreetMap contributors","0",USA,,Riverside/San Bernardino Lines,0.218973443858432,,"0"
"725",Commuter Rail,Chicago IL USA,Metra,Union Pacific North/Northwest Lines,"1855",,,existing,,,at grade,,,,,,,"Yonah Freemark; OpenStreetMap contributors","0",USA,,Chicago & Milwaukee Railroad,3.80093340573646,,"0"
"726",Commuter Rail,Los Angeles CA USA,LA Metrolink,91/Inland Empire-Orange County Lines,"1990",,,existing,,,at grade,,,,,,,"Yonah Freemark; OpenStreetMap contributors","0",USA,,91/Inland Empire-Orange County Lines,26.4390394499982,,"0"
"727",Commuter Rail,Chicago IL USA,NICTD,South Shore Line,"1903",,,existing,,,at grade,,,,,,,"Yonah Freemark; OpenStreetMap contributors","0",USA,,Chicago and Indiana Air Line Railway,11.4878537549109,,"0"
"728",Commuter Rail,Los Angeles CA USA,LA Metrolink,91/Inland Empire-Orange County/Riverside Lines,"1990",,,existing,,,at grade,,,,,,,"Yonah Freemark; OpenStreetMap contributors","0",USA,,91/Inland Empire-Orange County/Riverside Lines,0.766124689140289,,"0"
"729",Commuter Rail,Philadelphia PA USA,New Jersey Transit,Atlantic City Line,"1989",,,existing,Line operates on tracks previously opened in the 1800s,,at grade,,,,,,,"Yonah Freemark; OpenStreetMap contributors","0",USA,,Atlantic City Line,26.4966215031812,,"0"
"730",Commuter Rail,Philadelphia PA USA,SEPTA,R5/R6/R7/R8,"1834",,,existing,,,at grade,,,,,,,"Yonah Freemark; OpenStreetMap contributors","0",USA,,Main Line of Public Works,1.15889967791479,,"0"
"731",Commuter Rail,Boston MA USA,MBTA,Haverhill/Newburyport/Rockport/Lowell Lines,"1836",,,existing,,,at grade,,,,,,,"Yonah Freemark; OpenStreetMap contributors","0",USA,,Eastern Railroad,0.541277181448811,,"0"
"732",Commuter Rail,Los Angeles CA USA,LA Metrolink,Inland Empire-Orange County/San Bernardino Lines,"1990",,,existing,,,at grade,,,,,,,"Yonah Freemark; OpenStreetMap contributors","0",USA,,Inland Empire-Orange County/San Bernardino Lines,2.00596254206341,,"0"
"734",Commuter Rail,Chicago IL USA,Metra,Milwaukee District West Line,"1879",,,existing,,,at grade,,,,,,,"Yonah Freemark; OpenStreetMap contributors","0",USA,,Chicago and Pacific Railroad Company,44.1936300818582,,"0"
"735",Commuter Rail,Philadelphia PA USA,SEPTA,R1/R2/R3/R5,"1855",,,existing,,,at grade,,,,,,,"Yonah Freemark; OpenStreetMap contributors","0",USA,,R1/R2/R3/R5,7.38171456740569,,"0"
"736",Commuter Rail,New York NY USA,New Jersey Transit,North Jersey Coast Line,"1873",,,existing,,,at grade,,,,,,,"Yonah Freemark; OpenStreetMap contributors","0",USA,,Perth Amboy and Elizabethport Railroad,10.5925942814553,,"0"
"738",Commuter Rail,Los Angeles CA USA,LA Metrolink,Inland Empire/Orange County Line,"1990",,,existing,,,at grade,,,,,,,"Yonah Freemark; OpenStreetMap contributors","0",USA,,Inland Empire/Orange County Line,15.7783114409346,,"0"
"739",Commuter Rail,New York NY USA,New Jersey Transit,Raritan Valley Line,"1839",,,existing,,,at grade,,,,,,,"Yonah Freemark; OpenStreetMap contributors","0",USA,,Raritan Valley Line,23.5807824676347,,"0"
"740",Commuter Rail,Los Angeles CA USA,LA Metrolink,Inland Empire/Orange County Line,"1990",,,existing,,,at grade,,,,,,,"Yonah Freemark; OpenStreetMap contributors","0",USA,,Inland Empire/Orange County Line,8.65652851771045,,"0"
"741",Commuter Rail,Chicago IL USA,Metra,Rock Island District,"1870",,,existing,,,at grade,,,,,,,"Yonah Freemark; OpenStreetMap contributors","0",USA,,Rock Island District,75.1543548541578,,"0"
"742",Commuter Rail,Chicago IL USA,Metra,BNSF/Heritage Corridor/Southwest Service,"1881",,,existing,,,at grade,,,,,,,"Yonah Freemark; OpenStreetMap contributors","0",USA,,Union Station,1.88560439335966,,"0"
"744",Commuter Rail,Boston MA USA,MBTA,Worcester Line,"1834",,,existing,,,at grade,,,,,,,"Yonah Freemark; OpenStreetMap contributors","0",USA,,Boston and Worcester Railroad,54.7530309310619,,"0"
"745",Commuter Rail,Boston MA USA,MBTA,Fitch/Haverhill/Lowell/Newburyport/Rockport Lines,"1836",,,existing,,,at grade,,,,,,,"Yonah Freemark; OpenStreetMap contributors","0",USA,,Eastern Railroad,1.12770234349224,,"0"
"746",Commuter Rail,Los Angeles CA USA,LA Metrolink,Orange County Line,"1990",,,existing,,,at grade,,,,,,,"Yonah Freemark; OpenStreetMap contributors","0",USA,,Orange County Line,36.2475271641507,,"0"
"748",Commuter Rail,Chicago IL USA,Metra,North Central Service,"1886",,,existing,,,at grade,,,,,,,"Yonah Freemark; OpenStreetMap contributors","0",USA,,Waukesha Subdivision,19.5705608696956,,"0"
"749",Commuter Rail,Boston MA USA,MBTA,Fall River/New Bedford Line,"1997",,,existing,Previous service in place before 1959.,,at grade,,,,,,,"Yonah Freemark; OpenStreetMap contributors","0",USA,,Middleborough Line,38.8899376214844,,"0"
"750",Commuter Rail,Philadelphia PA USA,SEPTA,R1/R2/R3,"1858",,,existing,,,at grade,,,,,,,"Yonah Freemark; OpenStreetMap contributors","0",USA,,West Chester and Philadelphia Railroad,2.62720232953348,,"0"
"751",Commuter Rail,Los Angeles CA USA,LA Metrolink,San Bernardino Line,"1992",,,existing,,,at grade,,,,,,,"Yonah Freemark; OpenStreetMap contributors","0",USA,,San Bernardino Line,22.9050921644625,,"0"
"752",Commuter Rail,Boston MA USA,MBTA,Foxboro Line,"1870",,,existing,,,at grade,,,,,,,"Yonah Freemark; OpenStreetMap contributors","0",USA,,Foxborough Branch Railroad,13.6076128224159,,"0"
"753",Commuter Rail,Miami FL USA,Tri-Rail,Tri-Rail,"1989",,,existing,,,at grade,,,,,,,"Yonah Freemark; OpenStreetMap contributors","0",USA,,Tri-Rail,114.36113408784,,"0"
"754",Commuter Rail,Los Angeles CA USA,LA Metrolink,91/Inland Empire-Orange County Lines,"1990",,,existing,,,at grade,,,,,,,"Yonah Freemark; OpenStreetMap contributors","0",USA,,91/Inland Empire-Orange County Lines,29.6772061980398,,"0"
"755",Commuter Rail,Philadelphia PA USA,SEPTA,R1/R2,"1838",,,existing,,,at grade,,,,,,,"Yonah Freemark; OpenStreetMap contributors","0",USA,,R1/R2,0.490004983426931,,"0"
"756",Commuter Rail,Boston MA USA,MBTA,Franklin Line,"1835",,,existing,,,at grade,,,,,,,"Yonah Freemark; OpenStreetMap contributors","0",USA,,Boston and Providence Railroad,4.36832503997753,,"0"
"757",Commuter Rail,Boston MA USA,MBTA,Franklin/Providence/Stoughton Lines,"1835",,,existing,,,at grade,,,,,,,"Yonah Freemark; OpenStreetMap contributors","0",USA,,Boston and Providence Railroad,6.36766858657213,,"0"
"758",Commuter Rail,Bay Area CA USA,Caltrain,Caltrain,"1863",,,existing,,,at grade,,,,,,,"Yonah Freemark; OpenStreetMap contributors","0",USA,,Peninsula Commute,56.3685506206617,,"0"
"760",Commuter Rail,Los Angeles CA USA,LA Metrolink,91/Inland Empire-Orange County Lines,"1990",,,existing,,,at grade,,,,,,,"Yonah Freemark; OpenStreetMap contributors","0",USA,,91/Inland Empire-Orange County Lines,21.8327877053282,,"0"
"761",Commuter Rail,Philadelphia PA USA,SEPTA,R2,"1872",,,existing,,,at grade,,,,,,,"Yonah Freemark; OpenStreetMap contributors","0",USA,,R2,10.4913983516844,,"0"
"762",Commuter Rail,Chicago IL USA,Metra,Union Pacific North,"1855",,,existing,,,at grade,,,,,,,"Yonah Freemark; OpenStreetMap contributors","0",USA,,Chicago & Milwaukee Railroad,68.0057815083424,,"0"
"763",Commuter Rail,Los Angeles CA USA,LA Metrolink,Antelope Valley Line,"1992",,,existing,,,at grade,,,,,,,"Yonah Freemark; OpenStreetMap contributors","0",USA,,Antelope Valley Line,50.8377458892904,,"0"
"764",Commuter Rail,New York NY USA,New Jersey Transit,Morris and Essex Lines,"1836",,,existing,,,at grade,,,,,,,"Yonah Freemark; OpenStreetMap contributors","0",USA,,Morristown Line,4.33665682760288,,"0"
"765",Commuter Rail,Chicago IL USA,Metra,Union Pacific North,"1855",,,existing,,,at grade,,,,,,,"Yonah Freemark; OpenStreetMap contributors","0",USA,,Chicago & Milwaukee Railroad,10.5947454604036,,"0"
"769",Commuter Rail,Chicago IL USA,Metra,Milwaukee District West/North Central Service,"1879",,,existing,,,at grade,,,,,,,"Yonah Freemark; OpenStreetMap contributors","0",USA,,Chicago and Pacific Railroad Company,11.6356627842075,,"0"
"770",Commuter Rail,Chicago IL USA,Metra,Milwaukee District North Line,"1872",,,existing,,,at grade,,,,,,,"Yonah Freemark; OpenStreetMap contributors","0",USA,,Milwaukee & St. Paul Railroad,43.473709892548,,"0"
"771",Commuter Rail,New York NY USA,New Jersey Transit,Pascack Valley Line,"1861",,,existing,,,at grade,,,,,,,"Yonah Freemark; OpenStreetMap contributors","0",USA,,Hackensack and New York Railroad,8.15178362055043,,"0"
"773",Commuter Rail,Philadelphia PA USA,New Jersey Transit,Atlantic City Line,"1989",,,existing,Line ran on former alignment that was closed during much of the 20th century.,,at grade,,,,,,,"Yonah Freemark; OpenStreetMap contributors","0",USA,,Atlantic City Line,52.5641181422692,,"0"
"774",Commuter Rail,Los Angeles CA USA,LA Metrolink,91/Antelope/Orange/Riverside/San Ber/Ventura Lines,"1990",,,existing,,,at grade,,,,,,,"Yonah Freemark; OpenStreetMap contributors","0",USA,,91/Antelope/Orange/Riverside/San Ber/Ventura Lines,0.953829945252697,,"0"
"776",Commuter Rail,Philadelphia PA USA,SEPTA,R1/R2/R3/R5/R6/R7/R8,"1832",,,existing,,,"subway; elevated",,,,,,,"Yonah Freemark; OpenStreetMap contributors","0",USA,,"Philadelphia, Germantown and Norristown Railroad ",3.84648543401653,,"0"
"777",Commuter Rail,Boston MA USA,MBTA,Haverhill/Newburyport/Rockport Lines,"1836",,,existing,,,at grade,,,,,,,"Yonah Freemark; OpenStreetMap contributors","0",USA,,Eastern Railroad,1.30831370678283,,"0"
"781",Commuter Rail,Washington DC USA,Virginia Railway Express,Manassas Line,"1914",,,existing,,,at grade,,,,,,,"Yonah Freemark; OpenStreetMap contributors","0",USA,,Southern Railroad,42.1315603084446,,"0"
"782",Commuter Rail,Boston MA USA,MBTA,Worcester Line,"1835",,,existing,,,at grade,,,,,,,"Yonah Freemark; OpenStreetMap contributors","0",USA,,Boston and Worcester Railroad,16.7832469387553,,"0"
"783",Commuter Rail,New York NY USA,New Jersey Transit,Boonton/Main/M&E/NE Cor/NJ Coast/Pascack/Raritan,"1877",,,existing,,,at grade,1873-1877,,,,,,"Yonah Freemark; OpenStreetMap contributors","0",USA,,Bergen Tunnels,3.14422255667377,,"0"
"784",Commuter Rail,Los Angeles CA USA,LA Metrolink,Ventura County Line,"1990",,,existing,,,at grade,,,,,,,"Yonah Freemark; OpenStreetMap contributors","0",USA,,Ventura County Line,21.4119257931326,,"0"
"785",Commuter Rail,Los Angeles CA USA,LA Metrolink,Inland Empire-Orange County/Orange County Lines,"1990",,,existing,,,at grade,,,,,,,"Yonah Freemark; OpenStreetMap contributors","0",USA,,Inland Empire-Orange County/Orange County Lines,20.5536994499546,,"0"
"786",Commuter Rail,Seattle WA USA,Sound Transit,Sounder,"2000",,,existing,North Line opened in 2003.,,at grade,,,,,,,"Yonah Freemark; OpenStreetMap contributors","0",USA,,Sounder,131.67756303076,,"0"
"787",Commuter Rail,Philadelphia PA USA,SEPTA,R1/R2/R3/R5/R8,"1855",,,existing,,,at grade,,,,,,,"Yonah Freemark; OpenStreetMap contributors","0",USA,,R1/R2/R3/R5/R8,1.88196676781999,,"0"
"789",Commuter Rail,Boston MA USA,MBTA,Lowell Line,"1835",,,existing,,,at grade,,,,,,,"Yonah Freemark; OpenStreetMap contributors","0",USA,,Boston and Lowell Railroad,39.7095474942714,,"0"
"790",Commuter Rail,Chicago IL USA,Metra,Union Pacific West,"1848",,,existing,,,at grade,,,,,,,"Yonah Freemark; OpenStreetMap contributors","0",USA,,Galena and Chicago Union Railroad,56.9964370121953,,"0"
"791",Commuter Rail,Los Angeles CA USA,LA Metrolink,Antelope Valley Line,"1992",,,existing,,,at grade,,,,,,,"Yonah Freemark; OpenStreetMap contributors","0",USA,,Antelope Valley Line,24.204159217413,,"0"
"792",Commuter Rail,Los Angeles CA USA,LA Metrolink,Inland Empire-Orange County/Orange County Lines,"1990",,,existing,,,at grade,,,,,,,"Yonah Freemark; OpenStreetMap contributors","0",USA,,Inland Empire-Orange County/Orange County Lines,19.6186329204331,,"0"
"793",Commuter Rail,Los Angeles CA USA,LA Metrolink,Orange County Line,"1990",,,existing,,,at grade,,,,,,,"Yonah Freemark; OpenStreetMap contributors","0",USA,,Orange County Line,10.4484478182704,,"0"
"794",Commuter Rail,Los Angeles CA USA,LA Metrolink,Antelope Valley/Ventura County Lines,"1990",,,existing,,,at grade,,,,,,,"Yonah Freemark; OpenStreetMap contributors","0",USA,,Antelope Valley/Ventura County Lines,17.4504525506173,,"0"
"795",Commuter Rail,Boston MA USA,MBTA,Newburyport Line,"1836",,,existing,,,at grade,,,,,,,"Yonah Freemark; OpenStreetMap contributors","0",USA,,Eastern Railroad,28.4459140359832,,"0"
"796",Commuter Rail,San Diego CA USA,NCTD,Coaster,"1995",,,existing,,,at grade,,,,,,,"Yonah Freemark; OpenStreetMap contributors","0",USA,,Coaster,66.0262135974073,,"0"
"797",Commuter Rail,New York NY USA,New Jersey Transit,Northeast Corridor Line,"1835",,,existing,Year open is estimated.,,at grade,,,,,,,"Yonah Freemark; OpenStreetMap contributors","0",USA,,Northeast Corridor Line,43.5832082388658,,"0"
"798",Commuter Rail,Bay Area CA USA,Capitol Corridor/ACE,Capitol Corridor/Altamont Corridor Express,"1991",,,existing,ACE service began in 1998.,,at grade,,,,,,,"Yonah Freemark; OpenStreetMap contributors","0",USA,,Capitol Corridor/Altamont Corridor Express,23.8867960008645,,"0"
"800",Commuter Rail,Chicago IL USA,Metra,Union Pacific Northwest,"1848",,,existing,Year opened is estimated,,at grade,,,,,,,"Yonah Freemark; OpenStreetMap contributors","0",USA,,Union Pacific Northwest,23.3649263980858,,"0"
"802",Commuter Rail,New York NY USA,New Jersey Transit,Main and Bergen County/Pascack Valley Lines,"1833",,,existing,,,at grade,,,,,,,"Yonah Freemark; OpenStreetMap contributors","0",USA,,Paterson and Hudson River Railroad,4.98977273864251,,"0"
"803",Commuter Rail,Chicago IL USA,NICTD,South Shore Line,"1903",,,existing,,,at grade,,,,,,,"Yonah Freemark; OpenStreetMap contributors","0",USA,,Chicago and Indiana Air Line Railway,58.3548769620153,,"0"
"804",Commuter Rail,Baltimore MD USA,MARC,Penn Line,"1907",,,existing,,,at grade,,,,,,,"Yonah Freemark; OpenStreetMap contributors","0",USA,,PRR Magruder Branch,8.85432093996995,,"0"
"805",Commuter Rail,Los Angeles CA USA,LA Metrolink,Orange County Line,"1990",,,existing,,,at grade,,,,,,,"Yonah Freemark; OpenStreetMap contributors","0",USA,,Orange County Line,10.7976977047044,,"0"
"806",Commuter Rail,Bay Area CA USA,ACE,Altamont Corridor Express,"1998",,,existing,,,at grade,,,,,,,"Yonah Freemark; OpenStreetMap contributors","0",USA,,Altamont Corridor Express,6.29024661892583,,"0"
"808",Commuter Rail,Boston MA USA,MBTA,Plymouth Line,"1997",,,existing,Previous service in place before 1959.,,at grade,,,,,,,"Yonah Freemark; OpenStreetMap contributors","0",USA,,Plymouth Line,42.1473957026669,,"0"
"809",Commuter Rail,Los Angeles CA USA,LA Metrolink,Ventura County Line,"1990",,,existing,,,at grade,,,,,,,"Yonah Freemark; OpenStreetMap contributors","0",USA,,Ventura County Line,34.517865066889,,"0"
"810",Commuter Rail,Boston MA USA,MBTA,Stoughton Line,"1845",,,existing,,,at grade,,,,,,,"Yonah Freemark; OpenStreetMap contributors","0",USA,,Stoughton Branch Railroad,6.53088346924092,,"0"
"812",Commuter Rail,New York NY USA,New Jersey Transit,North Jersey Coast/Northeast Corridor Lines,"1835",,,existing,Year open is estimated.,,at grade,,,,,,,"Yonah Freemark; OpenStreetMap contributors","0",USA,,North Jersey Coast/Northeast Corridor Lines,15.415246563255,,"0"
"813",Commuter Rail,Los Angeles CA USA,LA Metrolink,91 Line,"2002",,,existing,,,at grade,,,,,,,"Yonah Freemark; OpenStreetMap contributors","0",USA,,91 Line,7.78328374133297,,"0"
"814",Commuter Rail,Bay Area CA USA,Caltrain,Caltrain,"1863",,,existing,,,at grade,,,,,,,"Yonah Freemark; OpenStreetMap contributors","0",USA,,Peninsula Commute,16.1451903462249,,"0"
"815",Commuter Rail,Baltimore MD USA,MARC,Brunswick Line,"1873",,,existing,,,at grade,,,,,,,"Yonah Freemark; OpenStreetMap contributors","0",USA,,Frederick Extension,17.0881655284506,,"0"
"817",Commuter Rail,Boston MA USA,MBTA,Fitchburg Line,"1843",,,existing,,,at grade,,,,,,,"Yonah Freemark; OpenStreetMap contributors","0",USA,,Fitchburg Railroad,15.4097866122401,,"0"
"818",Commuter Rail,Washington DC USA,Virginia Railway Express,Fredericksburg/Manassas Lines,"1873",,,existing,,,at grade,,,,,,,"Yonah Freemark; OpenStreetMap contributors","0",USA,,Long Bridge,6.17079100626587,,"0"
"820",Commuter Rail,Chicago IL USA,Metra,Union Pacific North/Northwest/West Lines,"1911",,,existing,,,at grade,,,,,,,"Yonah Freemark; OpenStreetMap contributors","0",USA,,Chicago and North Western Terminal,0.804150398404842,,"0"
"821",Commuter Rail,Los Angeles CA USA,LA Metrolink,Riverside Line,"1993",,,existing,,,at grade,,,,,,,"Yonah Freemark; OpenStreetMap contributors","0",USA,,Riverside Line,69.2460583940726,,"0"
"822",Commuter Rail,Boston MA USA,MBTA,Needham Line,"1850",,,existing,,,at grade,,,,,,,"Yonah Freemark; OpenStreetMap contributors","0",USA,,Boston and Providence Railroad,4.79010272721021,,"0"
"823",Commuter Rail,New York NY USA,New Jersey Transit,Northeast Corridor Line,"1839",,,existing,,,at grade,,,,,,,"Yonah Freemark; OpenStreetMap contributors","0",USA,,United New Jersey Railroad and Canal Company,15.5311218079526,,"0"
"824",Commuter Rail,Boston MA USA,MBTA,Greenbush Line,"2007",,,existing,Passenger service previously in place up until 1959.,,at grade,,,,,,,"Yonah Freemark; OpenStreetMap contributors","0",USA,,Greenbush Line,28.4603551766276,,"0"
"826",Commuter Rail,New Haven CT USA,Shoreline East,Shoreline East,"1852",,,existing,Reopened for commuter service in 1990.,,at grade,,,,,,,"Yonah Freemark; OpenStreetMap contributors","0",USA,,New Haven and New London Railroad,81.6081244193613,,"0"
"827",Commuter Rail,Boston MA USA,MBTA,Rockport Line,"1847",,,existing,,,at grade,,,,,,,"Yonah Freemark; OpenStreetMap contributors","0",USA,,Gloucester Branch,20.8859084260372,,"0"
"828",Commuter Rail,Chicago IL USA,Metra,Heritage Corridor/Southwest Service,"1881",,,existing,,,at grade,,,,,,,"Yonah Freemark; OpenStreetMap contributors","0",USA,,Union Station,0.796715032259608,,"0"
"829",Commuter Rail,New York NY USA,New Jersey Transit,Montclair-Boonton/Morris and Essex Lines,"1848",,,existing,,,at grade,,,,,,,"Yonah Freemark; OpenStreetMap contributors","0",USA,,Morristown Line,6.71744404768421,,"0"
"830",Commuter Rail,Philadelphia PA USA,SEPTA,R1/R2/R5,"1855",,,existing,,,at grade,,,,,,,"Yonah Freemark; OpenStreetMap contributors","0",USA,,R1/R2/R5,2.03064105400134,,"0"
"831",Commuter Rail,New York NY USA,New Jersey Transit,Montclair-Boonton Line,"1856",,,existing,,,at grade,,,,,,,"Yonah Freemark; OpenStreetMap contributors","0",USA,,Newark and Bloomfield Railroad,6.3623944576449,,"0"
"832",Commuter Rail,Toronto ON CAN,GO Transit,Milton Line,,,,existing,,,at grade,,,,,,,"Yonah Freemark; OpenStreetMap contributors","0",CAN,,Milton Line,0.325836028064996,,"0"
"834",Commuter Rail,Toronto ON CAN,GO Transit,Hurontario/407 GO Park and Ride,,,,existing,,,at grade,,,,,,,"Yonah Freemark; OpenStreetMap contributors","0",CAN,,Hurontario/407 GO Park and Ride,0.399339574682164,,"0"
"835",Commuter Rail,Toronto ON CAN,GO Transit,Milton Line,,,,existing,,,at grade,,,,,,,"Yonah Freemark; OpenStreetMap contributors","0",CAN,,Milton Line,34.5370898276081,,"0"
"836",Commuter Rail,Toronto ON CAN,GO Transit,Milton Line,,,,existing,,,at grade,,,,,,,"Yonah Freemark; OpenStreetMap contributors","0",CAN,,Milton Line,8.2828895963691,,"0"
"837",Commuter Rail,Toronto ON CAN,GO Transit,Kitchener Line,"1974",,,existing,,,at grade,,,,,,,"Yonah Freemark; OpenStreetMap contributors","0",CAN,,Kitchener Line,67.7747362481346,,"0"
"838",Commuter Rail,Toronto ON CAN,GO Transit,Lakeshore West Line,,,,existing,,,at grade,,,,,,,"Yonah Freemark; OpenStreetMap contributors","0",CAN,,Lakeshore West Line,12.9922568166788,,"0"
"839",Commuter Rail,Toronto ON CAN,GO Transit,Lakeshore West Line,,,,existing,,,at grade,,,,,,,"Yonah Freemark; OpenStreetMap contributors","0",CAN,,Lakeshore West Line,2.96855849918412,,"0"
"840",Commuter Rail,Vancouver BC CAN,Translink,West Coast Express,"1995",,,existing,,,at grade,,,,,,,"Yonah Freemark; OpenStreetMap contributors","0",CAN,,West Coast Express,67.7330993705769,,"0"
"842",Commuter Rail,Toronto ON CAN,GO Transit,GO Transit,,,,existing,,,at grade,,,,,,,"Yonah Freemark; OpenStreetMap contributors","0",CAN,,GO Transit,3.55413527405415,,"0"
"843",Commuter Rail,Montreal QC CAN,Exo,Exo 6,"1918",,,closed,"Closed at the end of 2020; replaced by REM service.",,at grade,,,"2020",,,,"Yonah Freemark; OpenStreetMap contributors","0",CAN,,Exo 6 Deux-Montagnes line,29.8027173143937,,"0"
"845",Commuter Rail,Montreal QC CAN,Exo,Exo 14,"1887",,,existing,,,at grade,,,,,,,"Yonah Freemark; OpenStreetMap contributors","0",CAN,,Exo 14 Candiac Line,18.3697081551093,,"0"
"846",Commuter Rail,Montreal QC CAN,Exo,Exo 12,"1882",,,existing,,,at grade,,,,,,,"Yonah Freemark; OpenStreetMap contributors","0",CAN,,Exo 12 Saint-Jerome Line,54.1196906530453,,"0"
"847",Commuter Rail,Montreal QC CAN,Exo,Exo 13,"1859",,,existing,,,at grade,,,,,,,"Yonah Freemark; OpenStreetMap contributors","0",CAN,,Exo 13 Mont-Saint-Hilaire Line,34.9065190730644,,"0"
"848",Commuter Rail,Toronto ON CAN,GO Transit,Barrie Line,"1982",,,existing,,,at grade,,,,,,,"Yonah Freemark; OpenStreetMap contributors","0",CAN,,Barrie Line,96.5499198625934,,"0"
"849",Commuter Rail,Toronto ON CAN,York-Durham Heritage Railway,York-Durham Heritage Railway,"1868",,,existing,Historic version of railway opened in 1996.,https://ydhr.ca/,at grade,,,,,,,"Yonah Freemark; OpenStreetMap contributors","0",CAN,,York-Durham Heritage Railway,16.7755268786795,,"0"
"850",Commuter Rail,Toronto ON CAN,GO Transit,Lakeshore East Line,"1967",,,existing,,,at grade,,,,,,,"Yonah Freemark; OpenStreetMap contributors","0",CAN,,Lakeshore East Line,48.9309533840669,,"0"
"851",Commuter Rail,Toronto ON CAN,GO Transit,Lakeshore West Line,"1967",,,existing,,,at grade,,,,,,,"Yonah Freemark; OpenStreetMap contributors","0",CAN,,Lakeshore West Line,50.2144629669641,,"0"
"852",Commuter Rail,Toronto ON CAN,GO Transit,Richmond Hill Line,"1978",,,existing,,,at grade,,,,,,,"Yonah Freemark; OpenStreetMap contributors","0",CAN,,Richmond Hill Line,31.1373160237624,,"0"
"853",Regional Rail,Toronto ON CAN,Metrolinx,Union Pearson Express,"2015",,,existing,,,"elevated; at grade",,,,,,,"Yonah Freemark; OpenStreetMap contributors","0",CAN,,Union Pearson Express,2.94910548295756,,"0"
"854",Commuter Rail,Toronto ON CAN,GO Transit,Kitchener Line,"1974",,,existing,"SmartTrack project would add new stations. Funded; construction to begin soon, with completion by 2025.",http://smarttrack.to/smarttrack/smarttrack-current-work/,at grade,,,,,,,"Yonah Freemark; OpenStreetMap contributors","0",CAN,,Kitchener Line,31.5836480291271,,"0"
"855",Commuter Rail,New York NY USA,Metro-North,New Canaan Branch,"1868",,,existing,,,at grade,,,,,,,"Yonah Freemark; OpenStreetMap contributors","0",USA,,New Canaan Railroad,10.1387627454145,,"0"
"856",Commuter Rail,New York NY USA,Metro-North,Danbury Branch,"1852",,,existing,,,at grade,,,,,,,"Yonah Freemark; OpenStreetMap contributors","0",USA,,Danbury and Norwalk Railroad,37.6725502244879,,"0"
"857",Commuter Rail,New York NY USA,Metro-North,Waterbury Branch,"1848",,,existing,,,at grade,,,,,,,"Yonah Freemark; OpenStreetMap contributors","0",USA,,Waterbury Branch,43.5072966959159,,"0"
"858",Commuter Rail,New York NY USA,Long Island Rail Road,Port Washington,"1854",,,existing,,,at grade,,,,,,,"Yonah Freemark; OpenStreetMap contributors","0",USA,,Flushing Railroad,6.29538879248228,,"0"
"859",Commuter Rail,New York NY USA,Long Island Rail Road,West Hempstead Branch,"1893",,,existing,,,at grade,,,,,,,"Yonah Freemark; OpenStreetMap contributors","0",USA,,New York Bay Extension Railroad Company,6.99528946005177,,"0"
"860",Commuter Rail,New York NY USA,Long Island Rail Road,Far Rockaway,"1869",,,existing,,,at grade,,,,,,,"Yonah Freemark; OpenStreetMap contributors","0",USA,,South Side Railroad of Long Island,8.00386431932575,,"0"
"861",Commuter Rail,New York NY USA,Long Island Rail Road,Belmont,"1905",,,existing,,,at grade,,,,,,,"Yonah Freemark; OpenStreetMap contributors","0",USA,,Belmont Park Branch,0.825730466380752,,"0"
"862",Commuter Rail,New York NY USA,Long Island Rail Road,Hempstead,"1873",,,existing,,,at grade,,,,,,,"Yonah Freemark; OpenStreetMap contributors","0",USA,,Central Railroad of Long Island,7.83391050291843,,"0"
"863",Commuter Rail,New York NY USA,Long Island Rail Road,Port Jefferson,"1854",,,existing,,,at grade,,,,,,,"Yonah Freemark; OpenStreetMap contributors","0",USA,,Hicksville and Syosset Railroad,7.13362810658811,,"0"
"864",Commuter Rail,New York NY USA,Long Island Rail Road,Ronkonkoma,"1841",,,existing,,,at grade,,,,,,,"Yonah Freemark; OpenStreetMap contributors","0",USA,,Long Island Rail Road,2.45371575782222,,"0"
"865",Commuter Rail,New York NY USA,Long Island Rail Road,Oyster Bay,"1865",,,existing,,,at grade,,,,,,,"Yonah Freemark; OpenStreetMap contributors","0",USA,,Glen Cove Branch Rail Road,10.9202354691458,,"0"
"866",Commuter Rail,Chicago IL USA,Metra,Union Pacific Northwest,"1910",,,existing,Year open is estimated.,,at grade,,,,,,,"Yonah Freemark; OpenStreetMap contributors","0",USA,,Union Pacific Northwest,18.5321466529172,,"0"
"870",Commuter Rail,Philadelphia PA USA,New Jersey Transit,Atlantic City Line,"1989",,,existing,Line operates on tracks previously opened in the 1800s,,at grade,,,,,,,"Yonah Freemark; OpenStreetMap contributors","0",USA,,Atlantic City Line,17.4801629329139,,"0"
"871",Commuter Rail,New York NY USA,Metro-North,New Haven Line,"1849",,,existing,,,at grade,,,,,,,"Yonah Freemark; OpenStreetMap contributors","0",USA,,New York and New Haven Railroad,97.6179791231882,,"0"
"872",Regional Rail,Denver CO USA,Denver RTD,A,"2016",2100,"37900",existing,Part of Eagle P3 federal grant agreement.,,at grade,,,,2011-08,2043.1,0.504,"Yonah Freemark; OpenStreetMap contributors","0",USA,,University Line (A),37.5457683507144,,"0"
"873",Commuter Rail,Los Angeles CA USA,LA Metrolink,Perris Valley Line,"2016",248,"4350",existing,,,at grade,,,,,,,"Yonah Freemark; OpenStreetMap contributors","0",USA,,Perris Valley Line,34.2516259098442,,"0"
"874",Commuter Rail,Toronto ON CAN,Metrolinx,GO to Gormley,"2016",13,,existing,,,at grade,,,,,,,"Yonah Freemark; OpenStreetMap contributors","0",CAN,,GO to Gormley,8.60268205450891,,"0"
"875",Commuter Rail,Mexico MEX,Ferrocarriles Suburbanos,Ferrocarriles Suburbanos,"2008",706,"88000",existing,,,at grade,,,,,,,"Yonah Freemark; OpenStreetMap contributors","0",MEX,,Ferrocarriles Suburbanos,26.6495920005208,,"0"
"876",Commuter Rail,Boston MA USA,MBTA,Providence/Stoughton Line,"1835",,,existing,,,at grade,,,,,,,"Yonah Freemark; OpenStreetMap contributors","0",USA,,Boston and Providence Railroad,9.13028544298754,,"0"
"877",Commuter Rail,Hartford CT USA,CT Rail,Hartford Line,"2018",750,,existing,,,at grade,,,,,,,"Yonah Freemark; OpenStreetMap contributors","0",USA,,Hartford Line,96.1243960238108,,"0"
"878",Regional Rail,Bay Area CA USA,BART,eBART,"2018",462,"14000",existing,,,highway,,,,,,,"Yonah Freemark; OpenStreetMap contributors","0",USA,,eBART,15.0602500084125,,"0"
"879",Commuter Rail,Montreal QC CAN,Exo,Exo 11,"1887",,,existing,,,at grade,,,,,,,"Yonah Freemark; OpenStreetMap contributors","0",CAN,,Exo 11 Vaudreuil–Hudson line,51.7478287717989,,"0"
"880",Regional Rail,Orlando FL USA,SunRail,SunRail,"2018",174,"5800",existing,,,at grade,,,,2015-09,186.9,0.5,"Yonah Freemark; OpenStreetMap contributors","0",USA,,SunRail Phase 2 (South),27.5776451863196,,"0"
"881",Regional Rail,Dallas TX USA,Trinity Metro,TEXRail,"2019",996,"13700",existing,,,at grade,,,,2016-12,1034.4,0.483,"Yonah Freemark; OpenStreetMap contributors","0",USA,,TEXRail,42.2760763039797,,"0"
"882",Commuter Rail,Havana CUB,Suburbanos,Guines-Palos,,,,existing,,,at grade,,,,,,,"Yonah Freemark; OpenStreetMap contributors","0",CUB,,Guines-Palos,31.2811052506698,,"0"
"883",Commuter Rail,Havana CUB,Suburbanos,Santiago-Bejucal,,,,existing,,,at grade,,,,,,,"Yonah Freemark; OpenStreetMap contributors","0",CUB,,Santiago-Bejucal,25.6822888986365,,"0"
"884",Commuter Rail,Havana CUB,Suburbanos,ExpoCuba,,,,existing,,,at grade,,,,,,,"Yonah Freemark; OpenStreetMap contributors","0",CUB,,ExpoCuba,4.0547056083915,,"0"
"885",Commuter Rail,Havana CUB,Suburbanos,FerroSur,,,,existing,,,at grade,,,,,,,"Yonah Freemark; OpenStreetMap contributors","0",CUB,,FerroSur,31.3049103860709,,"0"
"886",Commuter Rail,Havana CUB,Ferrocarriles Suburbanos,Mariel-Artemisa,,,,existing,,,at grade,,,,,,,"Yonah Freemark; OpenStreetMap contributors","0",CUB,,Mariel-Artemisa,12.23468490836,,"0"
"887",Commuter Rail,Havana CUB,Suburbanos,Hershey,,,,existing,,,at grade,,,,,,,"Yonah Freemark; OpenStreetMap contributors","0",CUB,,Hershey,24.5639438845751,,"0"
"888",Commuter Rail,Toronto ON CAN,GO Transit,GO to Niagara Falls,"2019",120,,existing,,,at grade,,,,,,,"Yonah Freemark; OpenStreetMap contributors","0",CAN,,GO Extension to Niagara Falls,60.2537551924021,,"0"
"889",Commuter Rail,Toronto ON CAN,GO Transit,GO to Niagara Falls,"2019",120,,existing,,,at grade,,,,,,,"Yonah Freemark; OpenStreetMap contributors","0",CAN,,GO Extension to Niagara Falls,8.99872624491915,,"0"
"890",Metro,Bay Area CA USA,BART,BART Silicon Valley,,12746,,planned,,https://www.vta.org/projects/bart-sv/phase-ii,subway,2027-2036,,,,,,"Yonah Freemark; OpenStreetMap contributors","0",USA,,BART Silicon Valley Phase II,9.23095662179299,,"0"
"891",Light Rail,Phoenix AZ USA,Valley Metro,Capitol Extension,,,,cancelled,Project cancelled because of GOP opposition.,https://www.valleymetro.org/project/capitol-extension,at grade,,,"2026",,,,"Yonah Freemark; OpenStreetMap contributors","0",USA,,Capitol Extension,2.80742185623347,,"0"
"892",Bus Rapid Transit,El Paso TX USA,Sun Metro,Brio Montana,"2022",49,,existing,,http://www.sunmetrobrio.net/,at grade,2020-2022,,,2020-03,49.2,0.574,"Yonah Freemark; OpenStreetMap contributors","0",USA,,Brio Montana Corridor,30.895745375906,,"0"
"893",Streetcar,Los Angeles CA USA,LA Metro,Downtown Streetcar,,270,,proposed,,https://fastlinkdtla.org/la-streetcar/,at grade,,,,,,,"Yonah Freemark; OpenStreetMap contributors","0",USA,,Downtown Streetcar,5.46721825946237,,"0"
"894",Streetcar,Minneapolis MN USA,City of Minneapolis,Nicollet-Central Modern Streetcar,,200,,cancelled,"Mostly funded, but not under construction",http://www.minneapolismn.gov/nicollet-central/,at grade,,,,,,,"Yonah Freemark; OpenStreetMap contributors","0",USA,,Nicollet-Central Modern Streetcar,6.85765993236644,,"0"
"896",Streetcar,Washington DC USA,DC DOT,Union Station to Georgetown Streetcar,,360,,cancelled,Cancelled in 2020.,http://unionstationtogeorgetown.com/,at grade,"-2020",,,,,,"Yonah Freemark; OpenStreetMap contributors","0",USA,,Union Station to Georgetown Streetcar,5.57160356940912,,"0"
"897",Streetcar,Washington DC USA,DC DOT,Benning Road Streetcar Extension,,130,,cancelled,Project dead because streetcar on H St was killed,https://www.benningproject.com/,at grade,,,"2025",,,,"Yonah Freemark; OpenStreetMap contributors","0",USA,,Benning Road Streetcar Extension,3.00038607707587,,"0"
"898",Bus Rapid Transit,Washington DC USA,Maryland DOT,Corridor Cities Transitway,,545,,cancelled,Replaced with MD 355 BRT,http://www.cctmaryland.com/,at grade,,,"2022",,,,"Yonah Freemark; OpenStreetMap contributors","0",USA,,Corridor Cities Transitway Phase 1,14.8199197055418,,"0"
"899",Bus Rapid Transit,Seattle WA USA,King County Metro,RapidRide J,,,,uc,,https://www.seattle.gov/transportation/projects-and-programs/programs/transit-program/transit-plus-multimodal-corridor-program/rapidride-roosevelt,at grade,2024-2027,,,,,,"Yonah Freemark; OpenStreetMap contributors","0",USA,,RapidRide J,7.99832183706951,,"0"
"901",Bus Rapid Transit,Seattle WA USA,King County Metro,Market/45th St RapidRide 44,,,,cancelled,"Funded by Let's Move Seattle 2015 referendum, but cancelled in 2020 due to insufficient funds.",https://www.theurbanist.org/2018/09/26/seattle-shelves-promised-rapidride-upgrades-for-routes-40-44-,at grade,,,,,,,"Yonah Freemark; OpenStreetMap contributors","0",USA,,Market/45th St RapidRide 44,9.02508675706388,,"0"
"902",Bus Rapid Transit,Seattle WA USA,King County Metro,23rd Ave RapidRide 48,,,,cancelled,"Funded by Let's Move Seattle 2015 referendum, but cancelled in 2020 due to insufficient funds.",https://www.theurbanist.org/2018/09/26/seattle-shelves-promised-rapidride-upgrades-for-routes-40-44-,at grade,,,,,,,"Yonah Freemark; OpenStreetMap contributors","0",USA,,23rd Ave RapidRide 48,8.90863197525702,,"0"
"903",Bus Rapid Transit,Seattle WA USA,King County Metro,RapidRide R,,,,proposed,"Completion possible by 2024; in limbo due to funding constraints.",https://kingcounty.gov/depts/transportation/metro/travel-options/bus/rapidride/r-line.aspx,at grade,,,,,,,"Yonah Freemark; OpenStreetMap contributors","0",USA,,Rainier Ave RapidRide R,12.0049710395535,,"0"
"905",Light Rail,Minneapolis MN USA,Metro Transit,Blue Line,,,,planned,,https://metrocouncil.org/Transportation/Projects/Light-Rail-Projects/METRO-Blue-Line-Extension/Route.aspx,at grade,2026-2030,,,,,,"Yonah Freemark; OpenStreetMap contributors","0",USA,,Blue Line Extension (Bottineau),20.7060020710805,,"0"
"906",Light Rail,Calgary AB CAN,Calgary Transit,CTrain Green Line,,,,proposed,"In planning; funding necessary for this extension.",https://www.calgary.ca/green-line.html,at grade,,,,,,,"Yonah Freemark; OpenStreetMap contributors","0",CAN,,Green Line North,16.7774572475709,,"0"
"907",Bus Rapid Transit,Toronto ON CAN,Metrolinx,A-Line,,,,proposed,,https://news.ontario.ca/mto/en/2017/02/ontario-moving-forward-with-more-transit-options-for-hamilton,at grade,,,,,,,"Yonah Freemark; OpenStreetMap contributors","0",CAN,,A-Line,15.5548579526732,,"0"
"908",Bus Rapid Transit,Mexico MEX,Mexico City Metrobus,Metrobus Linea 5,"2020",,,existing,,https://www.metrobus.cdmx.gob.mx/linea-5,at grade,"-2021",,,,,,"Yonah Freemark; OpenStreetMap contributors","0",MEX,Basic,Metrobus Linea 5 Extension,18.4188193414611,"2020","0"
"911",Bus Rapid Transit,Seattle WA USA,Sound Transit,Stride S3,,,,uc,Funded by 2016 referendum.,https://www.soundtransit.org/system-expansion/sr-522-ne-145th-brt,highway,2024-2028,,,,,,"Yonah Freemark; OpenStreetMap contributors","0",USA,,SR 522-145 St BRT UW Bothel to 145th St,14.5897679404201,,"0"
"912",Light Rail,Seattle WA USA,Sound Transit,West Seattle Link Extension,,,,planned,Funded by 2016 referendum.,https://www.soundtransit.org/system-expansion/west-seattle-ballard-link-extensions,"subway; elevated",2026-2032,,,,,,"Yonah Freemark; OpenStreetMap contributors","0",USA,,West Seattle to Downtown Seattle,6.65110982543339,,"0"
"913",Light Rail,Seattle WA USA,Sound Transit,Link Line 1,,,,planned,Funded by 2016 referendum.,https://www.soundtransit.org/system-expansion/everett-link-extension,"elevated; at grade",2030-2037,,,,,,"Yonah Freemark; OpenStreetMap contributors","0",USA,,"Everett Link Extension; Lynnwood to 128th St-Mariner",8.99111511472176,,"0"
"914",Light Rail,Seattle WA USA,Sound Transit,Ballard-Downtown Link Extension,,,,planned,Funded by 2016 referendum.,https://www.soundtransit.org/system-expansion/west-seattle-ballard-link-extensions,subway,2026-2039,,,,,,"Yonah Freemark; OpenStreetMap contributors","0",USA,,Ballard to Downtown Seattle,11.8327945917448,,"0"
"915",Streetcar,Seattle WA USA,Sound Transit,Link Line T,,,,proposed,"Funded by 2016 referendum; in planning; to be completed 2041",https://www.soundtransit.org/system-expansion/tcc-tacoma-link-extension,at grade,,,,,,,"Yonah Freemark; OpenStreetMap contributors","0",USA,,Tacoma Link to Tacoma Community College,5.51530351072816,,"0"
"916",Light Rail,Seattle WA USA,Sound Transit,South Kirkland-Issaquah Link,,,,planned,"Funded by 2016 referendum; in planning.",https://www.soundtransit.org/system-expansion/south-kirkland-issaquah-link,"elevated; at grade",2038-2044,,,,,,"Yonah Freemark; OpenStreetMap contributors","0",USA,,South Kirkland-Issaquah Link,13.220332229663,,"0"
"917",Light Rail,Seattle WA USA,Sound Transit,Link Line 1,,,,planned,"Funded by 2016 referendum; in planning; to be completed 2041",https://www.soundtransit.org/system-expansion/everett-link-extension,"elevated; at grade","-2041",,,,,,"Yonah Freemark; OpenStreetMap contributors","0",USA,,"Everett Link Extension; 128th St-Mariner-Everett",17.0718676060906,,"0"
"918",Commuter Rail,Seattle WA USA,Sound Transit,Lakewood to DuPont Sounder,,,,proposed,Funded by 2016 referendum.,https://www.soundtransit.org/system-expansion/dupont-sounder-extension,at grade,2034-2045,,,,,,"Yonah Freemark; OpenStreetMap contributors","0",USA,,Lakewood to DuPont Sounder,12.9449964576188,,"0"
"919",Light Rail,Los Angeles CA USA,LA Metro,Crenshaw Northern Extension,,2240,,proposed,"Funded in part by 2016 Measure M; could be completed by 2057",https://www.metro.net/projects/crenshaw-northern-extension/,subway,,,,,,,"Yonah Freemark; OpenStreetMap contributors","0",USA,,Crenshaw Northern Extension,10.0994974301756,,"0"
"920",Bus Rapid Transit,Los Angeles CA USA,LA Metro,North Hollywood to Pasadena Transit Corridor,,267,,planned,Funded by part by 2016 Measure M.,https://www.metro.net/projects/noho-pasadena-corridor/,at grade,"-2028",,,,,,"Yonah Freemark; OpenStreetMap contributors","0",USA,,North Hollywood to Pasadena Transit Corridor,30.3216923140625,,"0"
"921",Bus Rapid Transit,Los Angeles CA USA,LA Metro,Lincoln Blvd BRT,,102,,proposed,"Funded in part by 2016 Measure M; could be completed by 2056",,at grade,,,,,,,"Yonah Freemark; OpenStreetMap contributors","0",USA,,Lincoln Blvd BRT,11.6245707860273,,"0"
"922",Light Rail,Los Angeles CA USA,LA Metro,C,,770,,proposed,"Funded in part by 2016 Measure M; could be completed by 2059",,"elevated; at grade",,,,,,,"Yonah Freemark; OpenStreetMap contributors","0",USA,,C Line (Green) to Norwalk Metrolink,4.19985100909044,,"0"
"923",Bus Rapid Transit,Los Angeles CA USA,LA Metro,Vermont Avenue BRT,,339,"42900",planned,Funded in part by 2016 Measure M.,https://www.metro.net/projects/vermont-corridor/,at grade,2026-2028,,,,,,"Yonah Freemark; OpenStreetMap contributors","0",USA,,Vermont Transit Corridor,18.903415031468,,"0"
"924",Light Rail,Seattle WA USA,Sound Transit,Link Line 1,,,,planned,Funded in part by 2016 referendum.,https://www.soundtransit.org/system-expansion/tacoma-dome-link-extension,"elevated; at grade",2026-2032,,,,,,"Yonah Freemark; OpenStreetMap contributors","0",USA,,"Tacoma Dome Link Extension; Federal Way to Tacoma Dome",16.3513432539875,,"0"
"925",Bus Rapid Transit,Seattle WA USA,Sound Transit,Stride S2,,,,uc,Funded by 2016 referendum.,https://www.soundtransit.org/system-expansion/i-405-brt,highway,2024-2029,,,,,,"Yonah Freemark; OpenStreetMap contributors","0",USA,,I-405 BRT Lynnwood to Bellevue,30.5239975681109,,"0"
"926",Light Rail,Seattle WA USA,Sound Transit,South Kirkland-Issaquah Link,,,,planned,Funded by 2016 referendum. Part of Bellevue-Issaquah Line.,https://www.soundtransit.org/system-expansion/south-kirkland-issaquah-link,"subway; at grade",2038-2044,,,,,,"Yonah Freemark; OpenStreetMap contributors","0",USA,,South Kirkland to Bellevue,2.82874488102212,,"0"
"927",Metro,Panama PAN,Metro de Panama,Linea 2,,,,proposed,Planned,http://www.elmetrodepanama.com/linea-2/#tab-id-2,elevated,,,,,,,"Yonah Freemark; OpenStreetMap contributors","0",PAN,,Linea 2 Extension to Felipillo,2.01974081117058,,"0"
"928",Monorail,Panama PAN,Metro de Panama,Linea 3,,2800,"160000",uc,Monorail,http://www.elmetrodepanama.com/linea-3/,elevated,2021-2027,,,,,,"Yonah Freemark; OpenStreetMap contributors","0",PAN,,Linea 3 Ciudad del Future–Panama Pacifico,18.914302435082,,"0"
"929",Metro,Montreal QC CAN,STM,Ligne Bleue,,3900,,uc,,http://www.stm.info/fr/a-propos/grands-projets/grands-projets-metro/prolongement-de-la-ligne-bleue,subway,2021-2031,,,,,,"Yonah Freemark; OpenStreetMap contributors","0",CAN,,Blue Line Extension,5.30321694486344,,"0"
"930",Light Rail,Los Angeles CA USA,LA Metro,East San Fernando Valley Light Rail Transit Project,,,"30000",uc,Project shortened from initial plan,https://www.metro.net/projects/east-sfv/,at grade,2025-2031,,,"202409",3635,24.5,"Yonah Freemark; OpenStreetMap contributors","0",USA,,East San Fernando Valley Transit Corridor,10.8178660136028,,"0"
"933",Bus Rapid Transit,London ON CAN,London Transit,SHIFT South BRT,,,,uc,"City applied for funding; not yet confirmed",http://www.londontransit.ca/initiatives/brt-summary-information/,at grade,2024-2027,,,,,,"Yonah Freemark; OpenStreetMap contributors","0",CAN,,South BRT,6.00538085873547,,"0"
"934",Bus Rapid Transit,London ON CAN,London Transit,SHIFT East Corridor BRT,,,,uc,City applied for funding,http://www.londontransit.ca/initiatives/brt-summary-information/,at grade,2024-2027,,,,,,"Yonah Freemark; OpenStreetMap contributors","0",CAN,,East Corridor BRT,6.37260697431786,,"0"
"935",Bus Rapid Transit,Los Angeles CA USA,LA Metro,North San Fernando Valley BRT,,280,,cancelled,BRT project replaced by bus improvements in San Fernando Valley.,https://www.metro.net/projects/north-sfv-brt/,at grade,,,"2022",,,,"Yonah Freemark; OpenStreetMap contributors","0",USA,,North San Fernando Valley BRT,28.8796268571579,,"0"
"936",Metro,Vancouver BC CAN,Translink,Surrey-Langley SkyTrain,,,,uc,Estimated $4.01 B CAD cost.,https://www2.gov.bc.ca/gov/content/transportation-projects/surrey-langley-skytrain/surrey-langley-skytrain-project-project-overview,elevated,2024-2029,auto,,,,,"Yonah Freemark; OpenStreetMap contributors","0",CAN,,Surrey-Langley SkyTrain,15.7167583049789,,"0"
"938",Bus Rapid Transit,Indianapolis IN USA,IndyGO,Purple Line,"2024",162,,existing,,https://www.indygo.net/purple-line/,at grade,2021-2024,,,2020-05,155,0.5,"Yonah Freemark; OpenStreetMap contributors","0",USA,,Purple Line,15.9954430169416,,"0"
"940",Bus Rapid Transit,Triangle NC USA,Go Raleigh,New Bern Avenue BRT,,97,,uc,,https://raleighnc.gov/business/content/PlanDev/Articles/UrbanDesign/NewBernAvenueCorridorStudy.html,at grade,2023-2028,,,2022-08,96.7,36.2,"Yonah Freemark; OpenStreetMap contributors","0",USA,,Raleigh East BRT - New Bern Ave,10.4258888118945,,"0"
"945",Metro,Toronto ON CAN,TTC,Line 3,,8640,"388000",uc,Replaced Relief Line proposal. Construction could begin in 2023.,http://www.metrolinx.com/en/greaterregion/projects/ontario-line.aspx,"subway; elevated; at grade",2022-2030,auto,,,,,"Yonah Freemark; OpenStreetMap contributors","0",CAN,,Ontario Line,16.2977209200158,,"0"
"946",Light Rail,New York NY USA,New Jersey Transit,Hudson-Bergen Light Rail,,,,proposed,Future project (early planning),https://njtplans.com/,at grade,,,,,,,"Yonah Freemark; OpenStreetMap contributors","0",USA,,Northern Branch HBLR Extension,14.2814612470104,,"0"
"947",Metro,Philadelphia PA USA,SEPTA,King of Prussia Rail,,,,cancelled,Cancelled in 2023 due to poor FTA rating,http://www.kingofprussiarail.com/,"elevated; at grade",,,"2023",,,,"Yonah Freemark; OpenStreetMap contributors","0",USA,,King of Prussia Rail Project (Norristown High Speed Line Extension),5.60737138579698,,"0"
"948",Metro,New York NY USA,PATH,PATH,,,,proposed,Future project (early planning),https://www.panynj.gov/path/en/modernizing-path/extension-project.html,at grade,,,,,,,"Yonah Freemark; OpenStreetMap contributors","0",USA,,Newark Airport PATH Extension,3.84395003178147,,"0"
"949",Light Rail,Philadelphia PA USA,PATCO,Glassboro-Camden Line,,1600,"18000",proposed,Future project (EIS completed),http://www.glassborocamdenline.com,at grade,,,,,,,"Yonah Freemark; OpenStreetMap contributors","0",USA,,Glassboro-Camden Line,29.5670661849298,,"0"
"950",Streetcar,Washington DC USA,DC DOT,DC Streetcar North-South Corridor,,,,cancelled,Project disappeared from city planning processes as funding dried up.,http://www.dcstreetcar.com/projects/future-lines/northsouth/,at grade,,,,,,,"Yonah Freemark; OpenStreetMap contributors","0",USA,,DC Streetcar North-South Corridor,14.3149243803708,,"0"
"951",Metro,Montreal QC CAN,STM,Ligne Jaune,,,,cancelled,"Project was proposed in the 2000s, but has been replaced by other priorities",,elevated,,,,,,,"Yonah Freemark; OpenStreetMap contributors","0",CAN,,Yellow Line Extension,5.89294277561701,,"0"
"952",Metro,Montreal QC CAN,STM,Ligne Orange,,,,cancelled,"Project was proposed in the 2000s, but has been replaced by other priorities",,subway,,,,,,,"Yonah Freemark; OpenStreetMap contributors","0",CAN,,Orange Line Extension,8.76231943410645,,"0"
"954",Metro,Bay Area CA USA,BART,BART to Livermore,,,,cancelled,"BART announced it did not want to fund it, though local cities did. Project cancelled due to high costs.",http://www.bart.gov/about/projects/liv,highway,,,"2018",,,,"Yonah Freemark; OpenStreetMap contributors","0",USA,,BART to Livermore,8.29689671009623,,"0"
"955",Light Rail,Denver CO USA,Denver RTD,L,,,,proposed,Future project (early planning),https://www.rtd-denver.com/reports-and-policies/facts-figures/l-line-extension,at grade,,,,,,,"Yonah Freemark; OpenStreetMap contributors","0",USA,,Central Rail Extension (L),1.34243579357576,,"0"
"956",Regional Rail,Denver CO USA,Denver RTD,N,,,,proposed,Future project (early planning),https://www.rtd-denver.com/reports-and-policies/facts-figures/n-line,at grade,,,,,,,"Yonah Freemark; OpenStreetMap contributors","0",USA,,North Metro Rail Line (N) Phase 2,7.98732850340453,,"0"
"957",Regional Rail,Denver CO USA,Denver RTD,B,,,,proposed,Future project (early planning),https://www.rtd-denver.com/reports-and-policies/facts-figures/b-line,at grade,,,,,,,"Yonah Freemark; OpenStreetMap contributors","0",USA,,Northwest Rail Line (B) Phase 2,54.5752575043648,,"0"
"958",Light Rail,Denver CO USA,Denver RTD,C/D,,,,proposed,Future project (early planning),https://www.rtd-denver.com/reports-and-policies/facts-figures/efr-line-extension,at grade,,,,,,,"Yonah Freemark; OpenStreetMap contributors","0",USA,,Southwest Rail Extension,2.84897211969008,,"0"
"959",Light Rail,Los Angeles CA USA,LA Metro,C,,,,proposed,Project could open by 2030-2033.,https://www.metro.net/projects/green-line-extension/,elevated,2026-2030,,,,,,"Yonah Freemark; OpenStreetMap contributors","0",USA,,C Line (Green) South Bay Extension,7.55554027936512,,"0"
"960",Light Rail,Houston TX USA,Houston Metro,University Line,,,,cancelled,Project was replaced by a BRT project.,,at grade,,,,,,,"Yonah Freemark; OpenStreetMap contributors","0",USA,,University Line,17.8038817818737,,"0"
"961",Light Rail,Atlanta GA USA,City of Atlanta,BeltLine West,,,,proposed,"In initial planning, but not part of More Marta funding package.",https://beltline.org/the-project/project-goals/project-goal-transit/,at grade,,,,,,,"Yonah Freemark; OpenStreetMap contributors","0",USA,,BeltLine West,2.9059098112445,,"0"
"962",Arterial Rapid Transit,Atlanta GA USA,City of Atlanta,North Avenue BRT,,,,proposed,,https://www.itsmarta.com/moremarta.aspx,at grade,"-2035",,,,,,"Yonah Freemark; OpenStreetMap contributors","0",USA,,North Avenue BRT,6.2330118212425,,"0"
"963",Light Rail,Atlanta GA USA,City of Atlanta,BeltLine Northeast,,,,proposed,"3.1 miles; In planning; full funding not yet established; completion date unknown; planning expected by 2025.",https://beltline.org/the-project/project-goals/project-goal-transit/,at grade,,,,,,,"Yonah Freemark; OpenStreetMap contributors","0",USA,,BeltLine Northeast,5.23441750220559,,"0"
"964",Light Rail,Atlanta GA USA,MARTA,Streetcar East Extension,,230,,proposed,Project may be delayed based on mayor's preference for alternative route,https://beltline.org/the-project/project-goals/project-goal-transit/,at grade,2026-2028,,,,,,"Yonah Freemark; OpenStreetMap contributors","0",USA,,Streetcar East Extension,3.1646469168726,,"0"
"965",Commuter Rail,Charlotte NC USA,CATS,Red Line,,674,,planned,"Replaced with BRT project in 2019, then commuter rail again in 2023",https://www.charlottenc.gov/CATS/Transit-Planning/Red-Line,at grade,,,"2019",,,,"Yonah Freemark; OpenStreetMap contributors","0",USA,,Red Line,38.3320710805187,,"0"
"966",Streetcar,Winston-Salem NC USA,,Winston-Salem Streetcar,,200,,cancelled,Long-proposed lines unlikely to be implemented due to minimal city support for project.,https://www.cityofws.org/1360/Urban-Circulator,at grade,,,"2019",,,,"Yonah Freemark; OpenStreetMap contributors","0",USA,,Winston-Salem Streetcar,6.26839045051176,,"0"
"967",Metro,Atlanta GA USA,MARTA,I-20 East Heavy Rail,,,,proposed,"Future project (early planning); 12-mile rail extension with 5 stations",https://www.itsmarta.com/i20-east-corridor-overview.aspx,highway,,,,,,,"Yonah Freemark; OpenStreetMap contributors","0",USA,,I-20 East Heavy Rail,19.6512462480077,,"0"
"968",Bus Rapid Transit,Atlanta GA USA,MARTA,I-20 East BRT,,,,proposed,"Future project (early planning); 12.8-mile BRT",https://www.itsmarta.com/i20-east-corridor-overview.aspx,highway,,,,,,,"Yonah Freemark; OpenStreetMap contributors","0",USA,,I-20 East BRT,19.1988139136053,,"0"
"969",Bus Rapid Transit,Atlanta GA USA,MARTA,Clifton Corridor,,1400,"23300",proposed,Changed to BRT from light rail in 2023,https://www.itsmarta.com/clifton-corridor-overview.aspx,at grade,,,,,,,"Yonah Freemark; OpenStreetMap contributors","0",USA,,Clifton Corridor,13.504144907103,,"0"
"970",Bus Rapid Transit,Atlanta GA USA,MARTA,GA 400 Corridor,,,,proposed,,https://www.itsmarta.com/ga400-corridor.aspx,highway,,,,,,,"Yonah Freemark; OpenStreetMap contributors","0",USA,,GA 400 Corridor (North Line),18.829316574637,,"0"
"971",Light Rail,Virginia Beach VA USA,,Virginia Beach Light Rail,,,,cancelled,"Local groups recommended against project completion; project failed in a referendum in 2016.",,at grade,,,,,,,"Yonah Freemark; OpenStreetMap contributors","0",USA,,Virginia Beach Light Rail,19.60575750738,,"0"
"972",Metro,Chicago IL USA,Chicago Transit Authority,Red Line,,2500,,proposed,Requires federal funds to be undertaken. Corridor selected. Project could be completed in 2029.,https://www.transitchicago.com/rle/,elevated,,,,,,,"Yonah Freemark; OpenStreetMap contributors","0",USA,,Red Line Extension,8.69846926835628,,"0"
"973",Metro,New York NY USA,MTA,Q,,6900,"100000",uc,,http://web.mta.info/capital/phase2_sas.html,subway,2024-2033,,,,,,"Yonah Freemark; OpenStreetMap contributors","0",USA,,2nd Ave Subway Phase 2 96-125,3.48001894730867,,"0"
"974",Metro,Toronto ON CAN,TTC,Line 1,,4410,"94100",uc,,https://www.vivanext.com/YongeSubwayExt,subway,2023-2030,,,,,,"Yonah Freemark; OpenStreetMap contributors","0",CAN,,Yonge Subway Extension,7.52126599049552,,"0"
"975",Light Rail,Monterey CA USA,,Monterey Peninsula Light Rail/Branch Line,,,,cancelled,Replaced by a busway project.,https://www.tamcmonterey.org/monterey-branch-line,at grade,,,,,,,"Yonah Freemark; OpenStreetMap contributors","0",USA,,Monterey Peninsula Light Rail/Branch Line,25.1481545870184,,"0"
"976",Commuter Rail,New York NY USA,Metro-North,Danbury Branch,,,,proposed,Future project (early planning),https://www.dotdata.ct.gov/DanburyBranchStudy/html-study_info/history.html,at grade,,,,,,,"Yonah Freemark; OpenStreetMap contributors","0",USA,,Danbury Branch Extension (Metro-North),23.0333916929577,,"0"
"977",Light Rail,Portland OR USA,TriMet,Southwest Corridor,,2700,,proposed,"Project was supposed to be funded by 2020 referendum, which failed.",https://trimet.org/swcorridor/,at grade,,,,,,,"Yonah Freemark; OpenStreetMap contributors","0",USA,,Southwest Corridor,17.9753500367576,,"0"
"978",Light Rail,Los Angeles CA USA,LA Metro,Southeast Gateway Line,,10552,"27900",planned,Formerly West Santa Ana Corridor,https://www.metro.net/projects/west-santa-ana/,"subway; elevated; at grade","-2039",,,,,,"Yonah Freemark; OpenStreetMap contributors","0",USA,,Southeast Gateway Line,29.3490075480058,,"0"
"979",Light Rail,Los Angeles CA USA,LA Metro,Eastside Transit Corridor Phase 2 - SR-60,,,,cancelled,Route was elimitated from consideration in favor of Whittier-bound Gold Line.,https://www.metro.net/projects/eastside_phase2/,highway,,,,,,,"Yonah Freemark; OpenStreetMap contributors","0",USA,,Eastside Transit Corridor Phase 2 - SR-60,11.0922960018269,,"0"
"980",Light Rail,Los Angeles CA USA,LA Metro,Eastside Transit Corridor Phase 2 Washington Blvd,,,,proposed,"In initial study, funding would allow for completion in 2020s. Construction now planned 2029-2035.",https://www.metro.net/projects/eastside_phase2/,"subway; elevated; at grade","-2035",,,,,,"Yonah Freemark; OpenStreetMap contributors","0",USA,,Eastside Transit Corridor Phase 2 Washington Blvd,14.4644627220522,,"0"
"981",Light Rail,Dallas TX USA,DART,D2,,1700,,cancelled,Removed from long-term planning in 2023.,http://www.dart.org/about/expansion/downtowndallas.asp,"subway; at grade",,,"2023",,,,"Yonah Freemark; OpenStreetMap contributors","0",USA,,D2,3.12022352103491,,"0"
"983",Bus Rapid Transit,Minneapolis MN USA,Metro Transit,Red Rock Corridor,,,,proposed,Initial study,http://www.redrockcorridor.com/,at grade,,,,,,,"Yonah Freemark; OpenStreetMap contributors","0",USA,,Red Rock Corridor,30.5218115779015,,"0"
"984",Bus Rapid Transit,Atlanta GA USA,City of Atlanta,Northside Drive,,,,proposed,"In planning; full funding not yet established; completion date expected 2025.",https://www.itsmarta.com/moremarta.aspx,at grade,,,,,,,"Yonah Freemark; OpenStreetMap contributors","0",USA,,Northside Drive Line,7.28310460187438,,"0"
"985",Bus Rapid Transit,Atlanta GA USA,City of Atlanta,A Line,,58.5,,uc,,https://itsmarta.com/summerhill.aspx,at grade,2022-2026,,,,,,"Yonah Freemark; OpenStreetMap contributors","0",USA,,Summerhill BRT,5.4176850026905,,"0"
"986",Light Rail,Atlanta GA USA,City of Atlanta,BeltLine Southeast,,,,proposed,"In initial planning, but not part of More Marta funding package.",http://beltline.org,at grade,,,,,,,"Yonah Freemark; OpenStreetMap contributors","0",USA,,BeltLine Southeast,8.83453553901506,,"0"
"987",Light Rail,Atlanta GA USA,City of Atlanta,Crosstown Downtown,,,,proposed,"In planning; full funding not yet established; completion date unknown.",https://www.itsmarta.com/moremarta.aspx,at grade,,,,,,,"Yonah Freemark; OpenStreetMap contributors","0",USA,,Crosstown Downtown West Extension,4.29467130561912,,"0"
"988",Bus Rapid Transit,Atlanta GA USA,MARTA,Campbellton Road BRT,,320,"6400",planned,,https://www.itsmarta.com/campbellton-corridor.aspx,at grade,2027-2031,,,,,,"Yonah Freemark; OpenStreetMap contributors","0",USA,,Campbellton Road BRT,8.87747452508228,,"0"
"989",Arterial Rapid Transit,Jacksonville FL USA,JTA,First Coast Flyer Orange Line,"2021",33.2,,existing,,https://fcf.jtafla.com/rider-tools/view-all-lines/orange/,at grade,2020-2021,,,2020-01,33.2,0.5,"Yonah Freemark; OpenStreetMap contributors","0",USA,,First Coast Flyer Orange Line,19.6253829966367,,"0"
"990",Streetcar,Charlotte NC USA,CATS,CityLynx Gold Line,,,,proposed,"In preliminary design; could be complete by 2033.",https://charlottenc.gov/cats/transit-planning/gold-line/Pages/phase-two.aspx,at grade,,,,,,,"Yonah Freemark; OpenStreetMap contributors","0",USA,,CityLynx Gold Line Future Phase (east),6.87712422446642,,"0"
"991",Streetcar,Charlotte NC USA,CATS,CityLynx Gold Line,,,,proposed,"In preliminary design; could be complete by 2033.",https://charlottenc.gov/cats/transit-planning/gold-line/Pages/phase-two.aspx,at grade,,,,,,,"Yonah Freemark; OpenStreetMap contributors","0",USA,,CityLynx Gold Line Future Phase (west),2.93364832667519,,"0"
"992",Bus Rapid Transit,Triangle NC USA,Go Raleigh,Western Corridor,,180,,planned,,https://raleighnc.gov/bus-rapid-transit-western,at grade,2026-2028,,,,,,"Yonah Freemark; OpenStreetMap contributors","0",USA,,Raleigh West BRT - Western Blvd,16.4751360374507,,"0"
"993",Bus Rapid Transit,Triangle NC USA,Go Raleigh,Southern Corridor,,126,,planned,,https://raleighnc.gov/projects/wake-brt-southern-corridor,at grade,2026-2028,,,,,,"Yonah Freemark; OpenStreetMap contributors","0",USA,,Raleigh South BRT - Southern Corridor,9.50564727605815,,"0"
"994",Commuter Rail,Triangle NC USA,Go Triangle,Durham-Wake Commuter Rail,,,,proposed,"In initial planning; needs significant funding",https://www.readyforrailnc.com/,at grade,,,,,,,"Yonah Freemark; OpenStreetMap contributors","0",USA,,Durham-Wake Commuter Rail,53.9942070975754,,"0"
"995",Commuter Rail,Washington DC USA,Virginia Railway Express,VRE Gainesville-Haymarket,,,,proposed,"In initial planning; funding needed",https://www.vre.org/development/system-enhancements/broad-run/ghx-archive/gh-study/,at grade,,,,,,,"Yonah Freemark; OpenStreetMap contributors","0",USA,,VRE Gainesville-Haymarket Extension,15.8007250173152,,"0"
"996",Bus Rapid Transit,Washington DC USA,Montgomery County DOT,Veirs Mill Rd BRT,,194,"10200",planned,"In initial study; funding not yet secured",https://www.montgomerycountymd.gov/dot-dte/projects/VeirsMillBRT/,at grade,2026-2028,,,,,,"Yonah Freemark; OpenStreetMap contributors","0",USA,,Veirs Mill Rd BRT,10.2017273853793,,"0"
"998",Bus Rapid Transit,Washington DC USA,MTA Maryland,SMRT Study,,,,proposed,"In initial planning; funding needed",http://smrtmaryland.com/,at grade,,,,,,,"Yonah Freemark; OpenStreetMap contributors","0",USA,,SMRT Study,30.1295706305069,,"0"
"999",Commuter Rail,New York NY USA,Amtrak/NJ Transit,Gateway Tunnel,,9800,,uc,"In initial planning; funding committed in theory from federal government, New Jersey, and New York",http://www.hudsontunnelproject.com/,subway,2023-2035,,,,,,"Yonah Freemark; OpenStreetMap contributors","0",USA,,Gateway Program - Hudson Tunnel,8.79824396338769,,"0"
"1000",Light Rail,Buffalo NY USA,NFTA,Amherst-Buffalo Corridor,,1200,,proposed,Supported by NY Governor Cuomo.,https://www.nftametrotransitexpansion.com/,"subway; at grade",,,,,,,"Yonah Freemark; OpenStreetMap contributors","0",USA,,Amherst-Buffalo Corridor,11.6015716486017,,"0"
"1001",Bus Rapid Transit,Birmingham AL USA,BJCTA,Xpress BRT,"2022",,,existing,,https://www.birminghamal.gov/brt,at grade,2020-2022,,,,,,"Yonah Freemark; OpenStreetMap contributors","0",USA,,Birmingham Xpress BRT,16.2629570986403,,"0"
"1002",Light Rail,Edmonton AB CAN,ETS,Capital Line,,,,planned,,https://www.edmonton.ca/projects_plans/transit/south-lrt-study,"elevated; at grade",2025-2028,,,,,,"Yonah Freemark; OpenStreetMap contributors","0",CAN,,Capital Line - South,8.92371029398581,,"0"
"1003",Light Rail,Edmonton AB CAN,ETS,Capital Line,,,,proposed,In project development awaiting funding,https://www.edmonton.ca/projects_plans/transit/north-lrt-study.aspx,at grade,,,,,,,"Yonah Freemark; OpenStreetMap contributors","0",CAN,,Capital Line North,4.16807343723529,,"0"
"1004",Light Rail,Edmonton AB CAN,ETS,Valley Line,,2040,,uc,,https://www.edmonton.ca/projects_plans/transit/valley-line-west.aspx,"subway; at grade",2021-2027,,,,,,"Yonah Freemark; OpenStreetMap contributors","0",CAN,,Valley Line Stage 2 West,14.1107801323894,,"0"
"1005",Light Rail,Edmonton AB CAN,ETS,Metro Line,"2024",,,existing,,https://www.edmonton.ca/projects_plans/transit/nw-lrt,at grade,2020-2024,,,,,,"Yonah Freemark; OpenStreetMap contributors","0",CAN,,Metro Line Northwest Extension Phase I (a),0.344363566936552,,"0"
"1006",Light Rail,Waterloo ON CAN,ION,ION,,,,proposed,"In design; replaces BRT in the corridor.",https://www.regionofwaterloo.ca/en/exploring-the-region/stage2ion.aspx,at grade,,,,,,,"Yonah Freemark; OpenStreetMap contributors","0",CAN,,Stage 2 ION,17.5522709317288,,"0"
"1007",Metro,Mexico MEX,Mexico City Metro,Linea 4,,,,proposed,In planning,,subway,,,,,,,"Yonah Freemark; OpenStreetMap contributors","0",MEX,,Linea 4 Extension,25.4077051960099,,"0"
"1008",Metro,Mexico MEX,Mexico City Metro,Linea A,,,,proposed,In planning,,subway,,,,,,,"Yonah Freemark; OpenStreetMap contributors","0",MEX,,Linea A Extension,12.5716728385606,,"0"
"1009",Light Rail,Sacramento CA USA,Sacramento RTD,Green Line,,,,proposed,,https://www.sacrt.com/apps/green-line-to-the-airport/,at grade,,,,,,,"Yonah Freemark; OpenStreetMap contributors","0",USA,,Green Line to the Airport,17.2350539354405,,"0"
"1010",Commuter Rail,New York NY USA,New Jersey Transit,Lackawanna Cutoff,,,,proposed,"Has been studied; no funding for line past Andover, NJ; project would cost more than $500 m.",,at grade,,,,,,,"Yonah Freemark; OpenStreetMap contributors","0",USA,,Lackawanna Cutoff (Phase 2),131.14669168836,,"0"
"1011",Bus Rapid Transit,Washington DC USA,Maryland DOT,Corridor Cities Transitway,,,,cancelled,Replaced with MD 355 BRT,http://www.cctmaryland.com,at grade,,,"2022",,,,"Yonah Freemark; OpenStreetMap contributors","0",USA,,Corridor Cities Transitway Phase 2,10.1597193477085,,"0"
"1014",Light Metro,New York NY USA,PANYNJ,LaGuardia Airport AirTrain,,,,cancelled,"Proposed by Gov Cuomo in 2015; cancelled by Hochul",https://www.anewlga.com/airtrain/,elevated,,auto,"2023",,,,"Yonah Freemark; OpenStreetMap contributors","1",USA,,LaGuardia Airport AirTrain,3.34106510961612,,"0"
"1015",Metro,Philadelphia PA USA,SEPTA,Broad Street Line,,,,proposed,"In planning; funding not yet identified",http://www.septa.org/notice/pdf/2019-BSL-Extension-Study.pdf,subway,,,,,,,"Yonah Freemark; OpenStreetMap contributors","0",USA,,Broad Street Line Extension,2.62833985436003,,"0"
"1016",Bus Rapid Transit,Washington DC USA,,Route 7 Transit Corridor,,,,proposed,"In initial planning; not yet funded",https://novatransit.org/programs/route7/,at grade,,,,,,,"Yonah Freemark; OpenStreetMap contributors","0",USA,,Route 7 Transit Corridor,21.2583389163888,,"0"
"1017",Bus Rapid Transit,Washington DC USA,,Richmond Highway BRT,,937,"17400",planned,,https://www.fairfaxcounty.gov/transportation/richmond-hwy-brt,at grade,,,,,,,"Yonah Freemark; OpenStreetMap contributors","0",USA,,Richmond Highway BRT,12.9094002128269,,"0"
"1019",Commuter Rail,Baltimore MD USA,MARC,MARC Extension to Newark DE,,,,proposed,"In MARC long-term plans; no funding currently available.",,at grade,,,,,,,"Yonah Freemark; OpenStreetMap contributors","0",USA,,MARC Extension to Newark DE,32.3196173945803,,"0"
"1020",Metro,Los Angeles CA USA,LA Metro,Sepulveda Pass Corridor,,,,proposed,"Initial phase from SFV to UCLA could open by 2035; LAX by 2059.",https://www.metro.net/projects/sepulvedacorridor/,subway,,,,,,,"Yonah Freemark; OpenStreetMap contributors","0",USA,,Sepulveda Pass Corridor,22.3894841647873,,"0"
"1021",Commuter Rail,Chicago IL USA,South Shore Line,South Shore Monon Corridor,"2026",945,"7200",existing,,http://www.nictdwestlake.com/,at grade,2020-2026,,,2020-10,933,0.38,"Yonah Freemark; OpenStreetMap contributors","0",USA,,West Lake South Shore Extension,12.553282775329,,"0"
"1022",Light Rail,Toronto ON CAN,TTC,Line 5,,,"37000",uc,,http://www.metrolinx.com/en/greaterregion/projects/eglinton-crosstown-west.aspx,"subway; at grade",2021-2031,,,,,,"Yonah Freemark; OpenStreetMap contributors","0",CAN,,Line 5 - Eglinton West,9.03468930550797,,"0"
"1029",Streetcar,Miami FL USA,,Central Broward Transit,,,,proposed,"In New Starts Project Development; could be completed by 2022; 5-mile line",https://www.fdot.gov/projects/centralbrowardtransit/,at grade,,,,,,,"Yonah Freemark; OpenStreetMap contributors","0",USA,,Central Broward Transit,5.92865846248885,,"0"
"1030",Regional Rail,Orlando FL USA,Brightline/SunRail,Brightline Orlando-Tampa/SunRail OIA Connector,,,,proposed,Shared corridor for Sunrail commuter trains and Brightline intercity trains.,,at grade,,,,,,,"Yonah Freemark; OpenStreetMap contributors","0",USA,,Brightline Orlando-Tampa/SunRail OIA Connector,7.9622095455269,,"0"
"1032",Light Rail,Ann Arbor MI USA,,Ann Arbor Connector,,,,cancelled,Project disappeared after some discussion.,,at grade,,,,,,,"Yonah Freemark; OpenStreetMap contributors","0",USA,,Ann Arbor Connector Phase 1,8.75097566090065,,"0"
"1033",Light Rail,Bay Area CA USA,SF Muni,19th Avenue-M,,,,proposed,"Subway would replace existing at-grade light rail line; $2.5-3 b project; would speed up service.",https://www.sfmta.com/projects/muni-subway-expansion-project,subway,,,,,,,"Yonah Freemark; OpenStreetMap contributors","0",USA,,19th Avenue-M,3.24737253167296,,"0"
"1034",Streetcar,Baton Rouge LA USA,,TramLinkBR,,,,cancelled,Mayor replaced plan with a BRT proposal in 2018.,http://www.tramlinkbr.com,at grade,,,"2018",,,,"Yonah Freemark; OpenStreetMap contributors","0",USA,,TramLinkBR,4.73293763757991,,"0"
"1035",Light Rail,Miami FL USA,Miami-Dade Transit,SMART North Corridor,,,,proposed,"In planning, part of Miami-Dade SMART plan; no current funding. Could be light rail, heavy rail, bus rapid transit.",http://www.miamidadetpo.org/smartplan-north-corridor.asp,at grade,,,,,,,"Yonah Freemark; OpenStreetMap contributors","0",USA,,SMART North Corridor,14.0292880880495,,"0"
"1036",Bus Rapid Transit,Miami FL USA,Miami-Dade Transit,SMART East-West Corridor,,281,"11000",proposed,,http://www.miamidadetpo.org/smartplan.asp,"highway; at grade",,,,,,,"Yonah Freemark; OpenStreetMap contributors","0",USA,,SMART East-West Corridor,21.5082399629934,,"0"
"1037",Bus Rapid Transit,Miami FL USA,Miami-Dade Transit,South Dade TransitWay,,368,,existing,Conversion of 20 mi. South Busway to BRT.,https://www8.miamidade.gov/global/transportation/smart-plan-south-dade-transit-way-corridor.page,at grade,2021-2025,,,2020-05,299.8,0.33,"Yonah Freemark; OpenStreetMap contributors","0",USA,,South Dade TransitWay Corridor,31.1701253967288,,"0"
"1038",Bus Rapid Transit,Miami FL USA,Miami-Dade Transit,SMART Kendall Corridor,,,,proposed,"In planning, part of Miami-Dade SMART plan; no current funding.",http://www.miamidadetpo.org/smartplan.asp,at grade,,,,,,,"Yonah Freemark; OpenStreetMap contributors","0",USA,,SMART Kendall Corridor,16.931423882925,,"0"
"1039",Regional Rail,Philadelphia PA USA,New Jersey Transit,River Line,,,,proposed,"Proposed by local mayor; has no funding associated with it",,at grade,,,,,,,"Yonah Freemark; OpenStreetMap contributors","0",USA,,River Line extension,1.98257395644143,,"0"
"1041",Commuter Rail,Philadelphia PA USA,SEPTA,West Chester railroad restoration,,,,proposed,"Proposed; not currently funded",http://www.west-chester.com/430/West-Chester-Railroad,at grade,,,,,,,"Yonah Freemark; OpenStreetMap contributors","0",USA,,West Chester railroad restoration,14.8551792116469,,"0"
"1042",Bus Rapid Transit,Triangle NC USA,Go Raleigh,Raleigh Northern BRT,,,,proposed,"In initial planning; needs significant funding",https://raleighnc.gov/projects/wake-brt-northern-corridor,at grade,,,,,,,"Yonah Freemark; OpenStreetMap contributors","0",USA,,Raleigh Northern BRT,3.65273335237651,,"0"
"1043",Arterial Rapid Transit,Flagstaff AZ USA,,Mountain Line,,33,,proposed,,https://nelsonnygaard.com/projects/naipta-brt/,at grade,,,,,,,"Yonah Freemark; OpenStreetMap contributors","0",USA,,Mountain Line BRT,19.1181504416443,,"0"
"1044",Regional Rail,Orlando FL USA,SunRail,SunRail,"2024",44.9,"600",existing,"Denied federal funding, but local funding established.",https://corporate.sunrail.com/stations-trains/northern-expansion-stations/,at grade,2022-2024,,,,,,"Yonah Freemark; OpenStreetMap contributors","0",USA,,SunRail Phase 2 (North),18.9574534987928,,"0"
"1045",Bus Rapid Transit,Washington DC USA,,Alexandria West End Transitway,,,,planned,"In federal process; could be completed by 2028.",https://www.alexandriava.gov/WestEndTransitway,at grade,2025-2027,,,,,,"Yonah Freemark; OpenStreetMap contributors","0",USA,,Alexandria West End Transitway,13.3857211674913,,"0"
"1046",Light Rail,Miami FL USA,,Miami Beach Light Rail,,,,cancelled,Project replaced by the SMART plan.,http://www.miamibeachfl.gov/transportation/scroll.aspx?id=86591,at grade,,,"2019",,,,"Yonah Freemark; OpenStreetMap contributors","0",USA,,Miami Beach Light Rail,6.49010961694302,,"0"
"1047",Streetcar,Milwaukee WI USA,City of Milwaukee,The Hop,,40,,proposed,"90% dedicated lanes; In initial planning; does not yet have funding.",,at grade,,,,,,,"Yonah Freemark; OpenStreetMap contributors","0",USA,,Fourth Street Extension,1.83183493671167,,"0"
"1048",Light Rail,St. Louis MO USA,St. Louis Metrolink,Northside-Southside Metrolink,,800,"47000",cancelled,Project cancelled because of inadequate funds,,at grade,,,"2025",,,,"Yonah Freemark; OpenStreetMap contributors","0",USA,,Northside-Southside Metrolink,8.91159872565689,,"0"
"1049",Commuter Rail,Stockton CA USA,ACE,ACE Valley Rail,,,,planned,,https://acerail.com/merced-extension-eir/,at grade,2025-2030,,,,,,"Yonah Freemark; OpenStreetMap contributors","0",USA,,ACE Valley Rail Merced Extension,54.156442352533,,"0"
"1050",Bus Rapid Transit,Philadelphia PA USA,SEPTA,Roosevelt Boulevard BRT,,,,proposed,"In early planning; no funding allocated",,at grade,,,,,,,"Yonah Freemark; OpenStreetMap contributors","0",USA,,Roosevelt Boulevard BRT Phase 2,13.1324803337802,,"0"
"1051",Light Rail,Quebec QC CAN,CDPQ,TramCité,,,,planned,Replaced a city-managed project that failed to get off the ground,https://www.cdpqinfra.com/en/tramcite,"subway; at grade",,,,,,,Yonah Freemark,"0",CAN,,TramCité,19.3712418734735,,"0"
"1058",Light Metro,Los Angeles CA USA,City of Inglewood,Inglewood Transit Connector,,746,,cancelled,Essentially cancelled by funding choices,https://envisioninglewood.org/transportation-solutions/itc/,elevated,,auto,"2025",,,,"Yonah Freemark; OpenStreetMap contributors","0",USA,,Inglewood Transit Connector,2.97911755336182,,"0"
"1060",Light Rail,Montreal QC CAN,STM,Ligne Rose,,,,proposed,"In planning; funding partly allocated by Quebec government in 2019.",,at grade,,,,,,,"Yonah Freemark; OpenStreetMap contributors","0",CAN,,Pink Line Western Segment,12.6922717867606,,"0"
"1061",Streetcar,New Orleans LA USA,NORTA,St. Claude and Elysian Fields Streetcar Extensions,,,,proposed,Project lacks urgency and has yet to be funded.,,at grade,,,,,,,"Yonah Freemark; OpenStreetMap contributors","0",USA,,St. Claude and Elysian Fields Streetcar Extensions,1.86926807430956,,"0"
"1062",Monorail,Jacksonville FL USA,JTA,Skyway,,,,proposed,,https://u2c.jtafla.com/,elevated,,auto,,,,,"Yonah Freemark; OpenStreetMap contributors","0",USA,,Skyway UF Health Extension,2.65851366671353,,"0"
"1063",Monorail,Jacksonville FL USA,JTA,Skyway,,,,proposed,,https://u2c.jtafla.com/,elevated,,auto,,,,,"Yonah Freemark; OpenStreetMap contributors","0",USA,,Sports Complex Extension,2.2462560312375,,"0"
"1064",Monorail,Jacksonville FL USA,JTA,Skyway,,,,proposed,,https://u2c.jtafla.com/,elevated,,auto,,,,,"Yonah Freemark; OpenStreetMap contributors","0",USA,,Riverside Extension,1.51076952597875,,"0"
"1065",Monorail,Jacksonville FL USA,JTA,Skyway,,,,proposed,,https://u2c.jtafla.com/,elevated,,auto,,,,,"Yonah Freemark; OpenStreetMap contributors","0",USA,,Five Points Extension,1.16099499911467,,"0"
"1066",Monorail,Jacksonville FL USA,JTA,Skyway,,,,proposed,,https://u2c.jtafla.com/,elevated,,auto,,,,,"Yonah Freemark; OpenStreetMap contributors","0",USA,,Medical Complex Extension,0.613068554234753,,"0"
"1067",Monorail,Jacksonville FL USA,JTA,Skyway,,,,proposed,,https://u2c.jtafla.com/,elevated,,auto,,,,,"Yonah Freemark; OpenStreetMap contributors","0",USA,,District/San Marco Extension,2.49724508349042,,"0"
"1070",Metro,Bay Area CA USA,SF MTC,New Transbay Rail Crossing,,,,proposed,"Currently in preliminary planning; no clear alignment yet selected; may be linked to BART and Caltra",https://mtc.ca.gov/planning/transportation/regional-transportation-studies/core-capacity-transit-study-ccts,subway,,,,,,,"Yonah Freemark; OpenStreetMap contributors","0",USA,,New Transbay Rail Crossing,12.2060157331569,,"0"
"1071",Light Rail,Bay Area CA USA,SF Muni,Central Subway,,,,proposed,"In initial planning; awaiting funding; no current timeline.",https://www.sfmta.com/projects/central-subway-extension,"subway; at grade",,,,,,,"Yonah Freemark; OpenStreetMap contributors","0",USA,,Central Subway Extension,1.7362103725843,,"0"
"1072",Arterial Rapid Transit,Chicago IL USA,Pace,Pace Pulse 95th Street Line,,,,proposed,"In planning; 12.4 miles; would have shared ROW.",https://www.pacebus.com/project/pulse-95th-street-line,at grade,,,,,,,"Yonah Freemark; OpenStreetMap contributors","0",USA,,Pace Pulse 95th Street Line,20.144275522226,,"0"
"1073",Light Rail,Edmonton AB CAN,ETS,Centre Line,,,,proposed,"In design; river crossing has not yet been determined.",https://www.edmonton.ca/projects_plans/transit/centre-lrt-study,at grade,,,,,,,"Yonah Freemark; OpenStreetMap contributors","0",CAN,,Centre LRT,6.87972003203524,,"0"
"1074",Light Rail,Ann Arbor MI USA,,Ann Arbor Connector,,,,cancelled,Project disappeared after initial study.,http://www.aaconnector.com/,at grade,,,,,,,"Yonah Freemark; OpenStreetMap contributors","0",USA,,Ann Arbor Connector Phase 2,3.93526899617475,,"0"
"1078",Bus Rapid Transit,Salt Lake UT USA,UTA,OGX,"2023",99.7,,existing,"$79 m project initially, planned for construction from 2020 to 2022. 3300 daily riders.",https://www.rideuta.com/news/2021/03/Ogden-BRT,at grade,2020-2023,,,2020-05,99.7,0.65,"Yonah Freemark; OpenStreetMap contributors","0",USA,,Ogden/Weber State University BRT,9.01514584022304,,"0"
"1079",Arterial Rapid Transit,Minneapolis MN USA,Metro Transit,B,"2025",60,,existing,Funded by state legislature in 2020.,https://www.metrotransit.org/b-line-project,at grade,2023-2025,,,,,,"Yonah Freemark; OpenStreetMap contributors","0",USA,,B Line,18.8288058238571,,"0"
"1080",Bus Rapid Transit,Seattle WA USA,Pierce Transit,Pacific Avenue/SR 7 BRT,,170,"5900",cancelled,"Due to high costs, project was cancelled in 2023",https://www.piercetransit.org/brt/,at grade,,,"2023",,,,"Yonah Freemark; OpenStreetMap contributors","0",USA,,Pacific Avenue/SR 7 BRT,21.8012526665776,,"0"
"1082",Streetcar,Kansas City MO USA,KCATA,Kansas City Streetcar,"2025",263,,existing,,http://kcstreetcar.org/about-streetcar/mainstreet-extension/,at grade,2021-2025,,,,,,"Yonah Freemark; OpenStreetMap contributors","0",USA,,Main Street Extension to UMO-KC,5.51552964319088,,"0"
"1083",Streetcar,Kansas City MO USA,KCATA,Kansas City Streetcar,,22.2,,uc,,http://kcstreetcar.org/about-streetcar/streetcar-riverfront-extension/,at grade,2023-2026,,,,,,"Yonah Freemark; OpenStreetMap contributors","0",USA,,Riverfront Extension,1.25212431580561,,"0"
"1084",Streetcar,Tampa FL USA,Teco Line,Teco Line,,132,,proposed,"In federal planning process; construction could occur 2023-2025.",https://www.tampa.gov/tss-transportation/projects/SpecialProjects/Streetcar,at grade,,,,,,,"Yonah Freemark; OpenStreetMap contributors","0",USA,,Tampa Streetcar Extension,4.3733229063873,,"0"
"1087",Light Rail,Atlanta GA USA,City of Atlanta,BeltLine Southwest,,,,proposed,"3.5 miles; In planning; full funding not yet established; completion date unknown; planning expected by 2025.",http://beltline.org,at grade,,,,,,,"Yonah Freemark; OpenStreetMap contributors","0",USA,,BeltLine Southwest,5.05518238893628,,"0"
"1088",Metro,Toronto ON CAN,TTC,Line 2,,,"105000",uc,3 stations.,http://www.metrolinx.com/en/greaterregion/projects/scarborough-subway-extension.aspx,subway,2021-2030,,,,,,"Yonah Freemark; OpenStreetMap contributors","0",CAN,,Scarborough Subway Extension,7.63537300843016,,"0"
"1089",Light Rail,Guatemala GTM,,Metro Riel,,,"250000",proposed,In planning,https://www.guatemala.com/noticias/tecnologia/detalles-primer-metro-riel-ciudad-guatemala.html,at grade,,,,,,,"Yonah Freemark; OpenStreetMap contributors","0",GTM,,Metro Riel,20.2148478222007,,"0"
"1090",Streetcar,Washington DC USA,DC DOT,Anacostia Initial Line,,,,cancelled,"Tracks completed from Suitland Parkway to maintenance yard, but project essentially stopped; killed by failure of rest of streetcar.",,at grade,,,"2025",,,,"Yonah Freemark; OpenStreetMap contributors","0",USA,,Anacostia Initial Line,2.30334594594024,,"0"
"1091",Light Rail,Norfolk VA USA,Hampton Roads Transit,The Tide,,,,proposed,"Proposed; currently unfunded; exact route to be determined in 2021.",https://www.navalstationnorfolktransit.com/,at grade,,,,,,,"Yonah Freemark; OpenStreetMap contributors","0",USA,,Tide Extension to Naval Station Norfolk,16.1931650736787,,"0"
"1092",Bus Rapid Transit,London ON CAN,London Transit,North BRT,,,,proposed,"Future project; not currently funded",http://www.londontransit.ca/initiatives/brt-summary-information/,at grade,,,,,,,"Yonah Freemark; OpenStreetMap contributors","0",CAN,,North BRT,7.06315948780047,,"0"
"1093",Bus Rapid Transit,London ON CAN,London Transit,West BRT,,,,proposed,"Future project; not currently funded",http://www.londontransit.ca/initiatives/brt-summary-information/,at grade,,,,,,,"Yonah Freemark; OpenStreetMap contributors","0",CAN,,West BRT,4.1595622344876,,"0"
"1094",Metro,Vancouver BC CAN,Translink,SkyTrain Millennium Line,,,,proposed,Future project—extension of Broadway Line,https://skytrain.ubc.ca/,subway,,auto,,,,,"Yonah Freemark; OpenStreetMap contributors","0",CAN,,Broadway Subway - Skytrain to UBC,6.4404013721382,,"0"
"1095",Light Rail,Atlanta GA USA,City of Atlanta,BeltLine Northwest,,,,proposed,"In initial planning; has yet to acquire sufficient funding.",https://www.itsmarta.com/atlanta-beltline.aspx,at grade,,,,,,,"Yonah Freemark; OpenStreetMap contributors","0",USA,,BeltLine Northwest,7.37252417037115,,"0"
"1098",Light Rail,Guadalajara MEX,SITEUR,Linea 4,"2025",,"104000",existing,Funded through federal government grant.,https://linea4.jalisco.gob.mx/,at grade,2021-2025,,,,,,"Yonah Freemark; OpenStreetMap contributors","0",MEX,,Linea 4,20.306789930824,,"0"
"1099",Regional Rail,Bay Area CA USA,SMART,SMART Train,,,,planned,"In planning; not yet funded",http://main.sonomamarintrain.org,at grade,,,,,,,"Yonah Freemark; OpenStreetMap contributors","0",USA,,SMART Train Phase 2 Windsor–Healdsburg,8.61136492234221,,"0"
"1100",Aerial Tram,Vancouver BC CAN,,Burnaby Mountain Gondola,,197,"25000",proposed,"In initial planning; currently not funded.",https://www.translink.ca/plans-and-projects/projects/rapid-transit-projects/burnaby-mountain-gondola,elevated,,,,,,,"Yonah Freemark; OpenStreetMap contributors","0",CAN,,Burnaby Mountain Gondola,2.77563752504878,,"0"
"1101",Metro,Montreal QC CAN,STM,Ligne Rose,,,,cancelled,Replaced with REM de l'Est Project,,subway,,,,,,,"Yonah Freemark; OpenStreetMap contributors","0",CAN,,Pink Line Eastern Segment,15.6252116447197,,"0"
"1102",Streetcar,Minneapolis MN USA,Metro Transit,Riverview Corridor,,2066,"20400",cancelled,"Cancelled due to disagreement about mode choice, location.",https://www.ramseycounty.us/residents/roads-transportation/transit-corridors-studies/riverview-corridor,"subway; at grade",,,"2024",,,,"Yonah Freemark; OpenStreetMap contributors","0",USA,,Riverview Corridor,10.8426566083461,,"0"
"1105",Bus Rapid Transit,New York NY USA,MTA,North Shore BRT,,,,proposed,Mostly in dedicated busway. Could be completed in 2027. Funding currently unavailable.,https://new.mta.info/system_modernization/northshorebrt,at grade,,,,,,,"Yonah Freemark; OpenStreetMap contributors","0",USA,,North Shore BRT,13.2904469179339,,"0"
"1106",Bus Rapid Transit,Charleston SC USA,,Low Country Rapid Transit,,625,"5800",planned,,https://lowcountryrapidtransit.com/,at grade,2027-2029,,,,,,"Yonah Freemark; OpenStreetMap contributors","0",USA,,Low Country Rapid Transit,33.980945183693,,"0"
"1107",Light Rail,Houston TX USA,Houston Metro,Purple Line,,,,proposed,Partly funded as part of MetroNext plan passed in 2019.,,at grade,,,,,,,"Yonah Freemark; OpenStreetMap contributors","0",USA,,Purple Line Extension to Hobby Airport,8.47879530420823,,"0"
"1108",Light Rail,Houston TX USA,Houston Metro,Green Line,,,,proposed,Partly funded as part of MetroNext plan passed in 2019.,,at grade,,,,,,,"Yonah Freemark; OpenStreetMap contributors","0",USA,,Green Line Extension to Hobby Airport,8.39289271025743,,"0"
"1109",Light Rail,Houston TX USA,Houston Metro,Red Line,,,,proposed,Partly funded as part of MetroNext plan passed in 2019.,,at grade,,,,,,,"Yonah Freemark; OpenStreetMap contributors","0",USA,,Red Line Extension to N. Shepherd,7.43601607586153,,"0"
"1111",Bus Rapid Transit,Houston TX USA,Houston Metro,Gulfton Corridor,,220,,planned,,,at grade,,,,,,,"Yonah Freemark; OpenStreetMap contributors","0",USA,,Uptown BRT Extension to Gulfton,6.4600111078519,,"0"
"1112",Bus Rapid Transit,Houston TX USA,Houston Metro,Beltway Corridor,,,,proposed,Partly funded as part of MetroNext plan passed in 2019.,,at grade,,,,,,,"Yonah Freemark; OpenStreetMap contributors","0",USA,,Beltway Corridor BRT,29.6360066689998,,"0"
"1113",Bus Rapid Transit,Houston TX USA,Houston Metro,IH 45 North to IAH BRT,,,,proposed,Partly funded as part of MetroNext plan passed in 2019.,,at grade,,,,,,,"Yonah Freemark; OpenStreetMap contributors","0",USA,,IH 45 North to IAH BRT,33.2279735289867,,"0"
"1114",Light Rail,Houston TX USA,Houston Metro,Green/Purple Lines,,,,proposed,Partly funded as part of MetroNext plan passed in 2019.,,at grade,,,,,,,"Yonah Freemark; OpenStreetMap contributors","0",USA,,Courthouse Extension of Green and Purple Lines,0.497761681310303,,"0"
"1115",Bus Rapid Transit,Houston TX USA,Houston Metro,Inner Katy Corridor BRT,,,,cancelled,"Cancalled, replaced with HOV lanes",,"highway; at grade",,,"2024",,,,"Yonah Freemark; OpenStreetMap contributors","0",USA,,Inner Katy Corridor BRT,16.3887138474109,,"0"
"1116",Commuter Rail,Toronto ON CAN,GO Transit,Lakeshore Line,,,,proposed,"Project costs have escalated, thus several new routes are now under consideration. Roughly 12 mile p",http://www.metrolinx.com/en/greaterregion/projects/bowmanville-expansion.aspx,at grade,,,,,,,"Yonah Freemark; OpenStreetMap contributors","0",CAN,,Lakeshore East Bowmanville Extension,20.5687708148911,,"0"
"1117",Light Rail,Baltimore MD USA,Maryland DOT,Red Line,,2057,,cancelled,"Funded under Gov O'Malley, received federal New Starts grant; cancelled by Gov Hogan due to costs.",http://www.red-line-now.com,"subway; elevated; at grade",2001-2015,,,,,,"Yonah Freemark; OpenStreetMap contributors","0",USA,,Red Line,23.1872863174763,,"0"
"1118",Metro,Boston MA USA,MBTA,Red Line,,476,,cancelled,Additional extension would have run to Rte 128. Cancelled by local opposition in Arlington.,http://tuftsobserver.org/red-tape-why-the-red-line-stopped-short/,subway,1970-1977,,,,,,"Yonah Freemark; OpenStreetMap contributors","0",USA,,Red Line Extension,5.04800603039359,,"0"
"1119",Metro,Boston MA USA,MBTA,Red/Blue Connector,,,,cancelled,"Subject to EIS in 2010; cancelled by Gov Patrick; was required as part of Big Dig settlement.",http://commonwealthmagazine.org/transportation/need-blue-red-connector/,subway,"-2014",,,,,,"Yonah Freemark; OpenStreetMap contributors","0",USA,,Red/Blue Connector,0.784478855265846,,"0"
"1120",Metro,New York NY USA,MTA,N,,645,,cancelled,"Endorsed by Mayor Giuliani and Bloomberg; included in 2000-2004 MTA  plan; cancelled due to funding.",http://secondavenuesagas.com/2014/02/06/revisiting-an-n-train-extension-to-laguardia/,elevated,1998-2003,,,,,,"Yonah Freemark; OpenStreetMap contributors","0",USA,,N Train to LaGuardia,4.63398612099394,,"0"
"1121",Metro,Chicago IL USA,Chicago Transit Authority,Mid-City Transitway,,,,cancelled,"Project would have run in alignment of proposed, cancelled Crosstown Expressway; not in plans today.",http://www.chicagonow.com/blogs/elevating-chicago/2010/04/re-introducing-the-mid-city-transitway.htm,open cut,2002-2009,,,,,,"Yonah Freemark; OpenStreetMap contributors","0",USA,,Mid-City Transitway,32.3096527021131,,"0"
"1122",Metro,Chicago IL USA,Chicago Transit Authority,Circle Line,,,,cancelled,"Project would extend Pink Line to Orange Line; studied by CTA in 2000s; no longer in official plans.",http://www.chicago-l.org/plans/CircleLine.html,elevated,2002-2012,,,,,,"Yonah Freemark; OpenStreetMap contributors","0",USA,,Circle Line Phase 2,1.95618446752904,,"0"
"1123",Metro,Chicago IL USA,Chicago Transit Authority,Circle Line,,,,cancelled,"Project would connect Pink/Green with Blue, Red Lines; studied by CTA; no longer in official plans.",http://www.chicago-l.org/plans/CircleLine.html,"subway; elevated",2002-2012,,,,,,"Yonah Freemark; OpenStreetMap contributors","0",USA,,Circle Line Phase 3,4.65360210300419,,"0"
"1126",Metro,Chicago IL USA,Chicago Transit Authority,Canal Street Subway,,,,cancelled,,http://www.chicagoarchitecture.org/2011/12/15/two-new-skyscrapers-otherwise-a-modest-future-for-unio,subway,"-2012",,,,,,"Yonah Freemark; OpenStreetMap contributors","0",USA,,Canal Street Subway,5.8308019231013,,"0"
"1127",Metro,Bay Area CA USA,BART,BART Marin Line,,,,cancelled,Cancelled after Marin County voted against joining BART system.,http://sf.curbed.com/archives/2013/04/23/imagine_hopping_on_bart_to_get_to_marin_county.php,elevated,1960-1961,,,,,,"Yonah Freemark; OpenStreetMap contributors","0",USA,,BART Marin Line,34.4912302899294,,"0"
"1128",Metro,Seattle WA USA,,Forward Thrust N-S Line,,1321,,cancelled,"Federally funded transit referendum would have supported major rail across region; referendum failed",seattle forward thrust,elevated,1968-1970,,,,,,"Yonah Freemark; OpenStreetMap contributors","0",USA,,Forward Thrust N-S Line,35.3722419754676,,"0"
"1129",Metro,Seattle WA USA,,Forward Thrust NE Line,,1321,,cancelled,"Federally funded transit referendum would have supported major rail across region; referendum failed",seattle forward thrust,elevated,1968-1970,,,,,,"Yonah Freemark; OpenStreetMap contributors","0",USA,,Forward Thrust NE Line,8.25183761882911,,"0"
"1130",Metro,Seattle WA USA,,Forward Thrust E Line,,1321,,cancelled,"Federally funded transit referendum would have supported major rail across region; referendum failed",seattle forward thrust,elevated,1968-1970,,,,,,"Yonah Freemark; OpenStreetMap contributors","0",USA,,Forward Thrust E Line,15.3916801727853,,"0"
"1131",Metro,Seattle WA USA,,Forward Thrust N Line,,1321,,cancelled,"Federally funded transit referendum would have supported major rail across region; referendum failed",seattle forward thrust,elevated,1968-1970,,,,,,"Yonah Freemark; OpenStreetMap contributors","0",USA,,Forward Thrust N Line,16.9171369035624,,"0"
"1132",Metro,Miami FL USA,Miami-Dade Transit,Orange Line,,1600,,cancelled,"Line would have carried 23000 daily riders; cancelled due to lack of funding.",http://www.transitmiami.com/miami-dade-transit/metrorail/the-metro-rail-orange-line-what-comes-next,elevated,2002-2010,,,,,,"Yonah Freemark; OpenStreetMap contributors","0",USA,,Orange Line North,14.3139687343213,,"0"
"1133",Metro,Miami FL USA,Miami-Dade Transit,Orange Line,,,,cancelled,Cancelled due to lack of funding and low expected ridership.,http://www.transitmiami.com/miami-dade-transit/metrorail/the-metro-rail-orange-line-what-comes-next,elevated,2002-2010,,,,,,"Yonah Freemark; OpenStreetMap contributors","0",USA,,Orange Line West,17.7576313517567,,"0"
"1134",Streetcar,Providence RI USA,,Streetcar,,100,,cancelled,"Cancelled due to cost and ridership uncertainty; replaced by bus project.",http://www.providencejournal.com/article/20160106/NEWS/160109587,at grade,2005-2015,,,,,,"Yonah Freemark; OpenStreetMap contributors","0",USA,,Providence Streetcar,2.6818705541888,,"0"
"1135",Streetcar,San Antonio TX USA,,Streetcar,,216,,cancelled,"Despite full local and state funding committed, significant opposition caused project cancellation.",http://www.mysanantonio.com/news/local/article/Sources-say-streetcar-project-at-least-on-hold-565203,at grade,"-2014",,,,,,"Yonah Freemark; OpenStreetMap contributors","0",USA,,San Antonio Streetcar,4.9533449773192,,"0"
"1136",Streetcar,Dallas TX USA,Trinity Metro,Fort Worth Streetcar,,88,,cancelled,"Despite federal grant, local opposition to project resulted in cancellation before studies completed",http://www.star-telegram.com/living/family/moms/article3826499.html,at grade,"-2010",,,,,,"Yonah Freemark; OpenStreetMap contributors","0",USA,,Fort Worth Streetcar,4.96386631924379,,"0"
"1137",Bus Rapid Transit,Nashville TN USA,,The AMP,,174,,cancelled,"Opposition from West End section of city, funded by Koch Brothers, brought down project.",http://usa.streetsblog.org/2015/01/23/the-koch-brothers-win-nashville-abandons-amp-brt-plans/,at grade,"-2015",,,,,,"Yonah Freemark; OpenStreetMap contributors","0",USA,,The AMP,12.0648652085236,,"0"
"1138",Light Rail,Cincinnati OH USA,,I-71 Corridor,,,,cancelled,"Part of MetroMoves major transit plan for Cincinnati region; lost in major referendum in 2002.",http://www.uc.edu/cdc/urban_database/subregional/I-71_Light_Rail_Drawings.pdf,highway,2001-2002,,,,,,"Yonah Freemark; OpenStreetMap contributors","0",USA,,I-71 Corridor,29.3321206557127,,"0"
"1139",Metro,Cincinnati OH USA,,Cincinnati Subway,,,,cancelled,"Project began construction between 1920-1925, and elements remain, but project was abandoned.",http://www.urbancincy.com/tag/subway/,subway,1914-1947,,,,,,"Yonah Freemark; OpenStreetMap contributors","0",USA,,Cincinnati Subway,18.4197643478446,,"0"
"1140",Metro,Seattle WA USA,,Green Line Monorail,,2000,,cancelled,"Voters decided in a 2005 referendum not to fund the project; project initially approved in 1997.",http://www.seattlemonorail.org,elevated,1997-2005,,,,,,"Yonah Freemark; OpenStreetMap contributors","0",USA,,Green Line Monorail,22.558134940161,,"0"
"1141",Streetcar,Toronto ON CAN,,Flying U Queen St Subway,,,,cancelled,Project was to provide subway service for city's streetcars. Abandoned in favor of Bloor St Line.,http://transit.toronto.on.ca/subway/5104.shtmlLL,subway,1942-1958,,,,,,"Yonah Freemark; OpenStreetMap contributors","0",CAN,,Flying U Queen St Subway,16.4752703663208,,"0"
"1142",Metro,Detroit MI USA,,Woodward Subway,,,,cancelled,"Federal government committed to $600 m for region, but plans never final; funding revoked by Reagan.",http://www.metrotimes.com/detroit/how-detroit-ended-up-with-the-worst-public-transit/Content?oid=214,subway,1949-1982,,,,,,"Yonah Freemark; OpenStreetMap contributors","0",USA,,Woodward Subway,15.6147331125613,,"0"
"1145",Metro,Philadelphia PA USA,SEPTA,Roosevelt Boulevard Subway,,,,cancelled,"Project would have extended Broad Street Line; station was built at Roosevelt and Adams.",http://www.phillymag.com/news/2013/08/06/northeast-subway-star-crossed-histor/,subway,1950-1975,,,,,,"Yonah Freemark; OpenStreetMap contributors","0",USA,,Roosevelt Boulevard Subway,23.018461159881,,"0"
"1148",Metro,New York NY USA,MTA,Nostrand Line,,60,,cancelled,"Proposed as part of Program for Action, $2.9 b improvement plan; abandoned due to lack of funds.",http://www.nycsubway.org/wiki/The_New_York_Transit_Authority_in_the_1970s#The_1968_MTA_.22Program_fo,subway,1968-1975,,,,,,"Yonah Freemark; OpenStreetMap contributors","0",USA,,Nostrand Line,4.14549628687598,,"0"
"1149",Metro,New York NY USA,MTA,Queens Super-Express,,70,,cancelled,"Proposed as part of Program for Action, $2.9 b improvement plan; abandoned due to lack of funds.",http://www.nycsubway.org/wiki/The_New_York_Transit_Authority_in_the_1970s#The_1968_MTA_.22Program_fo,subway,1968-1975,,,,,,"Yonah Freemark; OpenStreetMap contributors","0",USA,,Queens Super-Express,9.64222640827603,,"0"
"1150",Metro,New York NY USA,MTA,Long Island Expy Line,,150,,cancelled,"Proposed as part of Program for Action, $2.9 b improvement plan; abandoned due to lack of funds.",http://www.nycsubway.org/wiki/The_New_York_Transit_Authority_in_the_1970s#The_1968_MTA_.22Program_fo,highway,1968-1975,,,,,,"Yonah Freemark; OpenStreetMap contributors","0",USA,,Long Island Expy Line,10.0595107168171,,"0"
"1151",Metro,New York NY USA,MTA,Southeast Queens Line,,100,,cancelled,"Proposed as part of Program for Action, $2.9 b improvement plan; abandoned due to lack of funds.",http://www.nycsubway.org/wiki/The_New_York_Transit_Authority_in_the_1970s#The_1968_MTA_.22Program_fo,subway,1968-1975,,,,,,"Yonah Freemark; OpenStreetMap contributors","0",USA,,Southeast Queens Line,5.37669694372589,,"0"
"1152",Metro,New York NY USA,MTA,Second Avenue Subway,,60,,cancelled,"Proposed as part of Program for Action, $2.9 b improvement plan; abandoned due to lack of funds.",http://www.nycsubway.org/wiki/The_New_York_Transit_Authority_in_the_1970s#The_1968_MTA_.22Program_fo,subway,1968-1975,,,,,,"Yonah Freemark; OpenStreetMap contributors","0",USA,,Second Avenue Subway,1.76288122478125,,"0"
"1153",Metro,New York NY USA,MTA,Second Avenue Subway,,19,,cancelled,"Proposed as part of Program for Action, $2.9 b improvement plan; abandoned due to lack of funds.",http://www.nycsubway.org/wiki/The_New_York_Transit_Authority_in_the_1970s#The_1968_MTA_.22Program_fo,subway,1968-1975,,,,,,"Yonah Freemark; OpenStreetMap contributors","0",USA,,Second Avenue Subway,0.781136211041064,,"0"
"1154",Metro,New York NY USA,MTA,New Lots Avenue Line,,12,,cancelled,"Proposed as part of Program for Action, $2.9 b improvement plan; abandoned due to lack of funds.",http://www.nycsubway.org/wiki/The_New_York_Transit_Authority_in_the_1970s#The_1968_MTA_.22Program_fo,subway,1968-1975,,,,,,"Yonah Freemark; OpenStreetMap contributors","0",USA,,New Lots Avenue Line,0.898785656018565,,"0"
"1155",Metro,New York NY USA,MTA,Second Avenue Subway,,115,,cancelled,"Proposed as part of Program for Action, $2.9 b improvement plan; abandoned due to lack of funds.",http://www.nycsubway.org/wiki/The_New_York_Transit_Authority_in_the_1970s#The_1968_MTA_.22Program_fo,subway,1968-1975,,,,,,"Yonah Freemark; OpenStreetMap contributors","0",USA,,Second Avenue Subway,5.32229884154007,,"0"
"1156",Metro,New York NY USA,MTA,Park Avenue Line,,95,,cancelled,"Proposed as part of Program for Action, $2.9 b improvement plan; abandoned due to lack of funds.",http://www.nycsubway.org/wiki/The_New_York_Transit_Authority_in_the_1970s#The_1968_MTA_.22Program_fo,subway,1968-1975,,,,,,"Yonah Freemark; OpenStreetMap contributors","0",USA,,Park Avenue Line,9.80656467621209,,"0"
"1157",Metro,New York NY USA,MTA,Co-op City Extension,,20,,cancelled,"Proposed as part of Program for Action, $2.9 b improvement plan; abandoned due to lack of funds.",http://www.nycsubway.org/wiki/The_New_York_Transit_Authority_in_the_1970s#The_1968_MTA_.22Program_fo,elevated,1968-1975,,,,,,"Yonah Freemark; OpenStreetMap contributors","0",USA,,Co-op City Extension,2.7133604686277,,"0"
"1158",Metro,New York NY USA,MTA,White Plains Rd Extension,,19,,cancelled,"Proposed as part of Program for Action, $2.9 b improvement plan; abandoned due to lack of funds.",http://www.nycsubway.org/wiki/The_New_York_Transit_Authority_in_the_1970s#The_1968_MTA_.22Program_fo,subway,1968-1975,,,,,,"Yonah Freemark; OpenStreetMap contributors","0",USA,,White Plains Rd Extension,0.950248762313707,,"0"
"1159",Commuter Rail,New York NY USA,Long Island Rail Road,LIRR to Downtown,,65,,cancelled,"Proposed as part of Program for Action, $2.9 b improvement plan; abandoned due to lack of funds.",http://www.nycsubway.org/wiki/The_New_York_Transit_Authority_in_the_1970s#The_1968_MTA_.22Program_fo,subway,1968-1975,,,,,,"Yonah Freemark; OpenStreetMap contributors","0",USA,,LIRR to Downtown,4.16689091650403,,"0"
"1160",Metro,New York NY USA,MTA,Utica Avenue Line,,,,cancelled,"Proposed as part of Program for Action, $2.9 b improvement plan; abandoned due to lack of funds.",http://www.nycsubway.org/wiki/The_New_York_Transit_Authority_in_the_1970s#The_1968_MTA_.22Program_fo,subway,1968-1975,,,,,,"Yonah Freemark; OpenStreetMap contributors","0",USA,,Utica Avenue Line,6.69461615575361,,"0"
"1161",Metro,New York NY USA,MTA,Bay Ridge Cut Line,,,,cancelled,"Proposed as part of Program for Action, $2.9 b improvement plan; abandoned due to lack of funds.",http://www.nycsubway.org/wiki/The_New_York_Transit_Authority_in_the_1970s#The_1968_MTA_.22Program_fo,subway,1968-1975,,,,,,"Yonah Freemark; OpenStreetMap contributors","0",USA,,Bay Ridge Cut Line,5.38051158446253,,"0"
"1162",Metro,New York NY USA,MTA,Midtown Distribution,,250,,cancelled,"Proposed as part of Program for Action, $2.9 b improvement plan; abandoned due to lack of funds.",http://www.nycsubway.org/wiki/The_New_York_Transit_Authority_in_the_1970s#The_1968_MTA_.22Program_fo,subway,1968-1975,,,,,,"Yonah Freemark; OpenStreetMap contributors","0",USA,,Midtown Distribution,1.97195835262171,,"0"
"1163",Streetcar,Washington DC USA,Arlington County,Columbia Pike Streetcar,,358,,cancelled,"Project cancelled due to change in county political composition, growing costs, lack of support",http://www.citylab.com/commute/2014/11/its-streetcar-plan-defeated-arlington-looks-to-better-buses/3,at grade,2003-2014,,,,,,"Yonah Freemark; OpenStreetMap contributors","0",USA,,Columbia Pike Streetcar,7.88086640702122,,"0"
"1164",Metro,Pittsburgh PA USA,,Rapid Transit Railway,,,,cancelled,,https://pittsburghmaps.wordpress.com/2011/12/18/a-subway-we-never-had-1917/,subway,1917-,,,,,,"Yonah Freemark; OpenStreetMap contributors","0",USA,,Rapid Transit Railway,10.945001151066,,"0"
"1165",Metro,Toronto ON CAN,TTC,Sheppard Ave Line,,,,cancelled,"Part of broader Toronto Network 2011 plan; would have extended existing corridor.",http://transit.toronto.on.ca/subway/5111.shtml,subway,1985-1990,,,,,,"Yonah Freemark; OpenStreetMap contributors","0",CAN,,Sheppard Ave Line,4.11071437011249,,"0"
"1166",Light Rail,Portland OR USA,TriMet,Columbia River Crossing,,,,cancelled,"Light rail extension was combined with bridge replacement, fought by critics, cancelled by WA state",http://www.bloomberg.com/bw/articles/2015-01-08/columbia-river-bridge-replacement-killed-by-politics,at grade,2008-2013,,,,,,"Yonah Freemark; OpenStreetMap contributors","0",USA,,Columbia River Crossing,4.76338498707106,,"0"
"1167",Streetcar,Los Angeles CA USA,OC Transpo,ARC Anaheim Streetcar,,,,cancelled,Would have connected Disneyland and convention center with ARTIC,,at grade,"-2016",,,,,,"Yonah Freemark; OpenStreetMap contributors","0",USA,,ARC Anaheim Streetcar,4.94516062780828,,"0"
"1168",Regional Rail,Austin TX USA,,LStar,,,,cancelled,Construction was supposed to begin in 2018,,at grade,"-2016",,,,,,"Yonah Freemark; OpenStreetMap contributors","0",USA,,LStar,200.859963585462,,"0"
"1169",Bus Rapid Transit,Chicago IL USA,Chicago Transit Authority,Ashland Avenue BRT,,117,,cancelled,"Scheduled to receive New Starts funding, but faced with community opposion, it was cancelled.",,at grade,2010-2016,,,,,,"Yonah Freemark; OpenStreetMap contributors","0",USA,,Ashland Avenue BRT,8.61196019663164,,"0"
"1170",Bus Rapid Transit,Lansing MI USA,,Michigan/Grand Avenue Transit,,133,,cancelled,Killed due to a lack of federal funding support and controversy over dedicated lanes.,http://www.lansingstatejournal.com/story/news/local/2017/04/14/cata-wants-kill-brt-plans/100463074/,at grade,2015-2017,,,,,,"Yonah Freemark; OpenStreetMap contributors","0",USA,,Michigan/Grand Avenue Transit,12.9654084404215,,"0"
"1173",Metro,Philadelphia PA USA,SEPTA,Northwestern Subway-Elevated,,,,cancelled,Proposed by Department of City Transit,https://play.google.com/books/reader?id=eN4nAAAAYAAJ&pg=GBS.PA2,"subway; elevated",1916-,,,,,,"Yonah Freemark; OpenStreetMap contributors","0",USA,,Northwestern Subway-Elevated,14.3337015550092,,"0"
"1174",Metro,Philadelphia PA USA,SEPTA,Germantown Subway-Elevated,,,,cancelled,Proposed by Department of City Transit,https://play.google.com/books/reader?id=eN4nAAAAYAAJ&pg=GBS.PA2,subway,1916-,,,,,,"Yonah Freemark; OpenStreetMap contributors","0",USA,,Germantown Subway-Elevated,2.96271826799754,,"0"
"1175",Metro,Philadelphia PA USA,SEPTA,Southwestern Elevated,,,,cancelled,Proposed by Department of City Transit,https://play.google.com/books/reader?id=eN4nAAAAYAAJ&pg=GBS.PA2,elevated,1916-,,,,,,"Yonah Freemark; OpenStreetMap contributors","0",USA,,Southwestern Elevated,9.34776866217209,,"0"
"1176",Light Rail,Montreal QC CAN,STM,Train de l'Ouest,,,,cancelled,Replaced by the REM project,,at grade,"-2016",,,,,,"Yonah Freemark; OpenStreetMap contributors","0",CAN,,Train de l'Ouest,47.3748219856063,,"0"
"1177",Regional Rail,Boston MA USA,MBTA,Seaport to Back Bay Line,,100,,cancelled,"Proposed by MassDOT and MBTA, to be served by DMUs.",https://en.wikipedia.org/wiki/Track_61_(Boston),at grade,2013-2015,,,,,,"Yonah Freemark; OpenStreetMap contributors","0",USA,,Seaport to Back Bay Line,4.97140921559575,,"0"
"1178",Streetcar,Fort Lauderdale FL USA,,The Wave,,195,,cancelled,State rejected last bids for project because costs were too high.,https://www.sun-sentinel.com/local/broward/fl-sb-wave-streetcar-decision-expenses-20180509-story.htm,at grade,2004-2018,,,,,,"Yonah Freemark; OpenStreetMap contributors","0",USA,,The Wave,4.59302645847864,,"0"
"1179",Bus Rapid Transit,Bay Area CA USA,Santa Clara VTA,El Camino Real BRT,,223,,cancelled,Resistance from local residents made the project impossible to pursue.,https://www.paloaltoonline.com/news/2018/01/29/plan-for-dedicated-el-camino-bus-lanes-fizzles-out,at grade,2008-2018,,,,,,"Yonah Freemark; OpenStreetMap contributors","0",USA,,El Camino Real BRT,28.5309926216382,,"0"
"1180",Light Rail,Vancouver BC CAN,Translink,Guilford-Surrey-Newton Light,,,,cancelled,"Proposed around 2010, ultimately cancelled in favor of new light rail link.",,at grade,"-2019",,,,,,"Yonah Freemark; OpenStreetMap contributors","0",CAN,,Guilford-Surrey-Newton Light,10.1060231067587,,"0"
"1181",Light Rail,Triangle NC USA,Go Triangle,Durham-Orange Light Rail,,1870,,cancelled,"Project was fully funded, but Duke Univ. and NCRR prevented project from advancing",https://www.newsobserver.com/news/local/article228378724.html,at grade,2012-2019,,,,,,"Yonah Freemark; OpenStreetMap contributors","0",USA,,Durham-Orange Light Rail,28.8261004449093,,"0"
"1182",Light Rail,Toronto ON CAN,Metrolinx,Hamilton LRT,,2700,,planned,"Province of Ontario eliminated funding for the project after claiming price tag had increased in 2019; it was refunded in 2021.",http://www.metrolinx.com/en/greaterregion/projects/hamilton-lrt.aspx,at grade,2025-2030,,,,,,"Yonah Freemark; OpenStreetMap contributors","0",CAN,,Hamilton LRT,13.7300761643247,,"0"
"1183",Metro,Toronto ON CAN,TTC,Relief Line South,,,,cancelled,Replaced with Ontario Line,,subway,2015-2019,,,,,,"Yonah Freemark; OpenStreetMap contributors","0",CAN,,Relief Line South,7.03367892852744,,"0"
"1184",Metro,Toronto ON CAN,TTC,Relief Line North,,,,cancelled,Replaced with Ontario Line,,subway,2015-2019,,,,,,"Yonah Freemark; OpenStreetMap contributors","0",CAN,,Relief Line North,11.3658576722,,"0"
"1226",Commuter Rail,New York NY USA,Long Island Rail Road,Atlantic,"1867",,,existing,,,"subway; at grade",,,,,,,"Yonah Freemark; OpenStreetMap contributors","0",USA,,South Side Railroad of Long Island,6.11940139041741,,"0"
"1250",Commuter Rail,New York NY USA,Long Island Rail Road,Main Line,"1861",,,existing,,,at grade,,,,,,,"Yonah Freemark; OpenStreetMap contributors","0",USA,,Main Line,12.5163328480025,,"0"
"1280",Commuter Rail,New York NY USA,Long Island Rail Road,Montauk,"1854",,,existing,,,at grade,,,,,,,"Yonah Freemark; OpenStreetMap contributors","0",USA,,Lower Montauk Branch,13.8145125627206,,"0"
"1281",Commuter Rail,New York NY USA,Long Island Rail Road,Atlantic/Montauk,"1867",,,existing,,,at grade,,,,,,,"Yonah Freemark; OpenStreetMap contributors","0",USA,,South Side Railroad of Long Island,3.53979313830448,,"0"
"1282",Light Metro,Orlando FL USA,Orlando Airport,Intermodal Terminal,"2017",,,existing,,,elevated,,auto,,,,,"Yonah Freemark; OpenStreetMap contributors","1",USA,,Intermodal Terminal,2.3253645699751,,"0"
"1283",Metro,Santo Domingo DOM,OPRET,Linea 2,"2018",,,existing,,,subway,,,,,,,"Yonah Freemark; OpenStreetMap contributors","0",DOM,,Linea 2 Extension,3.1898792855146,,"0"
"1285",Commuter Rail,Miami FL USA,Tri-Rail/Brightline,Downtown Miami Link,"2024",69,,existing,Delayed because of COVID-19 and construction problems. Completion originally 2017.,https://www.tri-rail.com/pages/view/downtown-miami-link,"elevated; at grade",2018-2024,,,,,,"Yonah Freemark; OpenStreetMap contributors","0",USA,,Downtown Miami Link,14.32553993355,,"0"
"1289",Commuter Rail,Los Angeles CA USA,LA Metrolink,Perris Valley Line,"2016",248,"4350",existing,,,at grade,,,,,,,"Yonah Freemark; OpenStreetMap contributors","0",USA,,Perris Valley Line,0.537565708608023,,"0"
"1291",Streetcar,Kenosha WI USA,Kenosha Transit,Streetcar,"2000",,,existing,,,at grade,,,,,,,"Yonah Freemark; OpenStreetMap contributors","0",USA,,Kenosha Streetcar,2.7863446208847,,"0"
"1292",Commuter Rail,New York NY USA,Long Island Rail Road,City Zone,"1910",,,existing,,,"subway; at grade",1904-1910,,,,,,"Yonah Freemark; OpenStreetMap contributors","0",USA,,New York Tunnel Extension,5.42448124693403,,"0"
"1293",Commuter Rail,New York NY USA,Long Island Rail Road,Atlantic,"1836",,,existing,,,"subway; at grade",,,,,,,"Yonah Freemark; OpenStreetMap contributors","0",USA,,Brooklyn and Jamaica Railroad,14.9462153253336,,"0"
"1294",Commuter Rail,New York NY USA,Metro-North,Penn Station Access (Metro North),,2870,,uc,,https://pennstationaccess.info/,"subway; elevated; at grade",2021-2027,,,,,,"Yonah Freemark; OpenStreetMap contributors","0",USA,,Penn Station Access (Metro North),23.665476234562,,"0"
"1295",Commuter Rail,New York NY USA,Long Island Rail Road,Hunterspoint Branch,"1910",,,existing,Year open is estimated.,,at grade,,,,,,,"Yonah Freemark; OpenStreetMap contributors","0",USA,,Hunterspoint Branch,0.594550633339867,,"0"
"1296",Commuter Rail,Philadelphia PA USA,New Jersey Transit,Atlantic City Line,"1989",,,existing,Line ran on former alignment that was closed during much of the 20th century.,,at grade,,,,,,,"Yonah Freemark; OpenStreetMap contributors","0",USA,,Atlantic City Line,1.07391732469555,,"0"
"1297",Commuter Rail,New York NY USA,New Jersey Transit,Princeton Branch,"1865",,,existing,,,at grade,,,,,,,"Yonah Freemark; OpenStreetMap contributors","0",USA,,Princeton Branch,4.28979200776109,,"0"
"1298",Commuter Rail,New York NY USA,New Jersey Transit,Meadowlands Rail Line,"2009",185,,existing,,,at grade,,,,,,,"Yonah Freemark; OpenStreetMap contributors","0",USA,,Meadowlands Rail Line,3.30808496335471,,"0"
"1302",Commuter Rail,Toronto ON CAN,GO Transit,Stouffville Line,"1982",,,existing,,,at grade,,,,,,,"Yonah Freemark; OpenStreetMap contributors","0",CAN,,Stouffville Line,34.9302420333942,,"0"
"1319",Cable Rail,Los Angeles CA USA,Angels Flight,Angels Flight,"1901",,,existing,"This version of the Angels Flight opened in this location in 1996; it was previously a block away.",,at grade,,,,,,,"Yonah Freemark; OpenStreetMap contributors","0",USA,,Angels Flight,0.0848797293805974,,"0"
"1320",Light Rail,St. Louis MO USA,St. Louis Metrolink,Red Line,,96,,uc,Funded by 2019 Illinois Capital Bill. Could be completed by 2023.,https://www.stltoday.com/news/local/govt-and-politics/illinois-to-pay-for-long-sought-metrolink-extension-to-midamerica/article_473ea616-75fc-57d1-a131-6ae83a69eea2.html,at grade,2023-2026,,,,,,"Yonah Freemark; OpenStreetMap contributors","0",USA,,Mid-America Airport Extension,8.34563052364378,,"0"
"1321",Arterial Rapid Transit,San Diego CA USA,San Diego MTS,SuperLoop Rapid 201/202,"2015",,,existing,,,at grade,,,,,,,"Yonah Freemark; OpenStreetMap contributors","0",USA,,SuperLoop Rapid 201/202,9.99497484203547,,"0"
"1322",Metro,Mexico MEX,Mexico City Metro,Linea 3,"1979",,,existing,,,"subway; at grade",,,,,,,"Yonah Freemark; OpenStreetMap contributors","0",MEX,,Linea 3 La Raza–Indios Verdes,3.75759287989044,,"0"
"1324",Streetcar,Toronto ON CAN,TTC,503 Kingston Road,,,,existing,,,at grade,,,,,,,"Yonah Freemark; OpenStreetMap contributors","0",CAN,,"503",1.05798449348608,,"0"
"1325",Streetcar,Toronto ON CAN,TTC,505 Dundas,,,,existing,,,at grade,,,,,,,"Yonah Freemark; OpenStreetMap contributors","0",CAN,,505 Dundas,7.54348316540098,,"0"
"1326",Bus Rapid Transit,Toronto ON CAN,Viva,Viva Rapidway Highway 7,"2014",,,existing,,,at grade,,,,,,,"Yonah Freemark; OpenStreetMap contributors","0",CAN,Basic,Viva rapidway Highway 7,8.85970440651007,"2019","0"
"1328",Bus Rapid Transit,Toronto ON CAN,Metrolinx,Durham-Scarborough Bus Rapid Transit,,460,,planned,,https://www.metrolinxengage.com/en/engagement-initiatives/durham-scarborough-bus-rapid-transit,at grade,,,,,,,"Yonah Freemark; OpenStreetMap contributors","0",CAN,,Durham-Scarborough Bus Rapid Transit,35.0137280938656,,"0"
"1330",Bus Rapid Transit,Washington DC USA,,Pentagon City Transitway Extension,,27.7,,uc,,https://projects.arlingtonva.us/projects/transitway-extension-to-pentagon-city/,at grade,2025-2027,,,,,,"Yonah Freemark; OpenStreetMap contributors","0",USA,,Pentagon City Transitway Extension,1.02965833431485,,"0"
"1331",Bus Rapid Transit,Salt Lake UT USA,UTA,MAX 3500 South,"2008",7,,closed,Replaced with local bus service,,at grade,,,"2020",,,,"Yonah Freemark; OpenStreetMap contributors","0",USA,,MAX 3500 South,23.307401529577,,"0"
"1332",Metro,New York NY USA,MTA,F,"1920",,,existing,,,elevated,,,,,,,"Yonah Freemark; OpenStreetMap contributors","0",USA,,IND Culver Line (F) Coney-Ave X,2.10149864737433,,"0"
"1333",Metro,New York NY USA,MTA,D,"1917",,,existing,,,"elevated; open cut",,,,,,,"Yonah Freemark; OpenStreetMap contributors","0",USA,,BMT West End Line (D) 50-Coney Island,2.39849765292013,,"0"
"1334",Metro,New York NY USA,MTA,A/C/E,"1933",,,existing,,,subway,,,,,,,"Yonah Freemark; OpenStreetMap contributors","0",USA,,IND 8th Avenue Line (A/C/E) Chambers-High,2.89142473437581,,"0"
"1335",Metro,New York NY USA,MTA,B/D/M,"1967",,,existing,,,subway,,,,,,,"Yonah Freemark; OpenStreetMap contributors","0",USA,,Chrystie Street Connection (B/D/M),0.103295584181044,,"0"
"1336",Metro,New York NY USA,MTA,B/D,"1940",,,existing,,,subway,,,,,,,"Yonah Freemark; OpenStreetMap contributors","0",USA,,Link IND 6th Avenue/Queens Blvd Line (B/D),0.154020391441487,,"0"
"1337",Streetcar,Minneapolis MN USA,,28th Ave_34th Ave,"1925",,,closed,,,at grade,,,"1928",,,,Metropolitan Council,"0",USA,,28th Ave_34th Ave,0.404793679662415,,"0"
"1338",Streetcar,Minneapolis MN USA,,28th Ave_34th Ave,"1926",,,closed,,,at grade,,,"1950",,,,Metropolitan Council,"0",USA,,28th Ave_34th Ave,4.29598876757307,,"0"
"1339",Streetcar,Minneapolis MN USA,,28th Ave_34th Ave,"1921",,,closed,,,at grade,,,"1933",,,,Metropolitan Council,"0",USA,,28th Ave_34th Ave,2.00830761723664,,"0"
"1340",Streetcar,Minneapolis MN USA,,28th Ave_34th Ave,"1914",,,closed,,,at grade,,,"1950",,,,Metropolitan Council,"0",USA,,28th Ave_34th Ave,1.40155655354558,,"0"
"1341",Streetcar,Minneapolis MN USA,,28th Ave_34th Ave,"1929",,,closed,,,at grade,,,"1950",,,,Metropolitan Council,"0",USA,,28th Ave_34th Ave,1.21054313265291,,"0"
"1342",Streetcar,Minneapolis MN USA,,28th Ave_34th Ave,"1913",,,closed,,,at grade,,,"1950",,,,Metropolitan Council,"0",USA,,28th Ave_34th Ave,1.58917878393344,,"0"
"1343",Streetcar,Minneapolis MN USA,,28th Ave_34th Ave,"1914",,,closed,,,at grade,,,"1926",,,,Metropolitan Council,"0",USA,,28th Ave_34th Ave,0.741043477684642,,"0"
"1344",Streetcar,Minneapolis MN USA,,28th Ave_34th Ave,"1912",,,closed,,,at grade,,,"1950",,,,Metropolitan Council,"0",USA,,28th Ave_34th Ave,2.80681541341676,,"0"
"1345",Streetcar,Minneapolis MN USA,,28th Ave_34th Ave,"1889",,,closed,,,at grade,,,"1950",,,,Metropolitan Council,"0",USA,,28th Ave_34th Ave,2.83703097851441,,"0"
"1346",Streetcar,Minneapolis MN USA,,28th Ave_34th Ave,"1914",,,closed,,,at grade,,,"1950",,,,Metropolitan Council,"0",USA,,28th Ave_34th Ave,1.80875648025743,,"0"
"1347",Streetcar,Minneapolis MN USA,,28th Ave_34th Ave,"1891",,,closed,,,at grade,,,"1950",,,,Metropolitan Council,"0",USA,,28th Ave_34th Ave,3.50139187199224,,"0"
"1348",Streetcar,Minneapolis MN USA,,28th Ave_34th Ave,"1890",,,closed,,,at grade,,,"1950",,,,Metropolitan Council,"0",USA,,28th Ave_34th Ave,2.12554702871599,,"0"
"1349",Streetcar,Minneapolis MN USA,,25th St E,"1921",,,closed,,,at grade,,,"1950",,,,Metropolitan Council,"0",USA,,25th St E,4.18903173823941,,"0"
"1350",Streetcar,Minneapolis MN USA,,25th St E,"1927",,,closed,,,at grade,,,"1950",,,,Metropolitan Council,"0",USA,,25th St E,0.924385539719468,,"0"
"1351",Streetcar,Minneapolis MN USA,,25th St E,"1923",,,closed,,,at grade,,,"1950",,,,Metropolitan Council,"0",USA,,25th St E,1.00521988500735,,"0"
"1352",Streetcar,Minneapolis MN USA,,25th St E,"1912",,,closed,,,at grade,,,"1950",,,,Metropolitan Council,"0",USA,,25th St E,2.61921977065165,,"0"
"1353",Streetcar,Minneapolis MN USA,,25th St E,"1890",,,closed,,,at grade,,,"1950",,,,Metropolitan Council,"0",USA,,25th St E,1.99879806195842,,"0"
"1354",Streetcar,Minneapolis MN USA,,25th St E,"1891",,,closed,,,at grade,,,"1950",,,,Metropolitan Council,"0",USA,,25th St E,0.872760676920717,,"0"
"1355",Streetcar,Minneapolis MN USA,,2nd St NE,"1915",,,closed,,,at grade,,,"1950",,,,Metropolitan Council,"0",USA,,2nd St NE,0.203801176841852,,"0"
"1356",Streetcar,Minneapolis MN USA,,2nd St NE,"1912",,,closed,,,at grade,,,"1950",,,,Metropolitan Council,"0",USA,,2nd St NE,1.01410350728742,,"0"
"1357",Streetcar,Minneapolis MN USA,,2nd St NE,"1891",,,closed,,,at grade,,,"1950",,,,Metropolitan Council,"0",USA,,2nd St NE,3.32669380894798,,"0"
"1358",Streetcar,Minneapolis MN USA,,2nd St NE,"1890",,,closed,,,at grade,,,"1950",,,,Metropolitan Council,"0",USA,,2nd St NE,2.67498576068025,,"0"
"1359",Streetcar,Minneapolis MN USA,,4th Ave,"1923",,,closed,,,at grade,,,"1950",,,,Metropolitan Council,"0",USA,,4th Ave,2.00793350830599,,"0"
"1360",Streetcar,Minneapolis MN USA,,4th Ave,"1890",,,closed,,,at grade,,,"1950",,,,Metropolitan Council,"0",USA,,4th Ave,0.801838735291868,,"0"
"1361",Streetcar,Minneapolis MN USA,,4th Ave,"1889",,,closed,,,at grade,,,"1950",,,,Metropolitan Council,"0",USA,,4th Ave,4.8536158024332,,"0"
"1362",Streetcar,Minneapolis MN USA,,6th Ave N,"1893",,,closed,,,at grade,,,"1940",,,,Metropolitan Council,"0",USA,,6th Ave N,0.21367920950491,,"0"
"1363",Streetcar,Minneapolis MN USA,,6th Ave N,"1891",,,closed,,,at grade,,,"1940",,,,Metropolitan Council,"0",USA,,6th Ave N,2.27611987916549,,"0"
"1364",Streetcar,Minneapolis MN USA,,6th Ave N,"1891",,,closed,,,at grade,,,"1897",,,,Metropolitan Council,"0",USA,,6th Ave N,0.416608085496695,,"0"
"1365",Streetcar,Minneapolis MN USA,,6th Ave N,"1890",,,closed,,,at grade,,,"1950",,,,Metropolitan Council,"0",USA,,6th Ave N,2.32862315761451,,"0"
"1366",Streetcar,Minneapolis MN USA,,6th Ave N,"1890",,,closed,,,at grade,,,"1950",,,,Metropolitan Council,"0",USA,,6th Ave N,0.630244301621199,,"0"
"1367",Streetcar,Minneapolis MN USA,,Bloomington Ave,"1933",,,closed,,,at grade,,,"1950",,,,Metropolitan Council,"0",USA,,Bloomington Ave,0.398679029185564,,"0"
"1368",Streetcar,Minneapolis MN USA,,Bloomington Ave,"1928",,,closed,,,at grade,,,"1950",,,,Metropolitan Council,"0",USA,,Bloomington Ave,0.803356270289955,,"0"
"1369",Streetcar,Minneapolis MN USA,,Bloomington Ave,"1922",,,closed,,,at grade,,,"1950",,,,Metropolitan Council,"0",USA,,Bloomington Ave,2.00381580556539,,"0"
"1370",Streetcar,Minneapolis MN USA,,Bloomington Ave,"1911",,,closed,,,at grade,,,"1950",,,,Metropolitan Council,"0",USA,,Bloomington Ave,0.803319747144071,,"0"
"1371",Streetcar,Minneapolis MN USA,,Bloomington Ave,"1905",,,closed,,,at grade,,,"1950",,,,Metropolitan Council,"0",USA,,Bloomington Ave,0.3781553903365,,"0"
"1372",Streetcar,Minneapolis MN USA,,Bloomington Ave,"1892",,,closed,,,at grade,,,"1950",,,,Metropolitan Council,"0",USA,,Bloomington Ave,5.42671012710267,,"0"
"1373",Streetcar,Minneapolis MN USA,,Broadway,"1923",,,closed,,,at grade,,,"1950",,,,Metropolitan Council,"0",USA,,Broadway,0.949816819478958,,"0"
"1374",Streetcar,Minneapolis MN USA,,Broadway,"1891",,,closed,,,at grade,,,"1950",,,,Metropolitan Council,"0",USA,,Broadway,1.79645191953051,,"0"
"1375",Streetcar,Minneapolis MN USA,,Broadway,"1914",,,closed,,,at grade,,,"1950",,,,Metropolitan Council,"0",USA,,Broadway,0.203475848747965,,"0"
"1376",Streetcar,Minneapolis MN USA,,Broadway,"1891",,,closed,,,at grade,,,"1950",,,,Metropolitan Council,"0",USA,,Broadway,0.64372063488314,,"0"
"1377",Streetcar,Minneapolis MN USA,,Broadway,"1914",,,closed,,,at grade,,,"1950",,,,Metropolitan Council,"0",USA,,Broadway,1.96027691153435,,"0"
"1378",Streetcar,Minneapolis MN USA,,Bryant Ave S,"1911",,,closed,,,at grade,,,"1950",,,,Metropolitan Council,"0",USA,,Bryant Ave S,0.80581855776012,,"0"
"1379",Streetcar,Minneapolis MN USA,,Bryant Ave S,"1893",,,closed,,,at grade,,,"1950",,,,Metropolitan Council,"0",USA,,Bryant Ave S,1.61218705420687,,"0"
"1380",Streetcar,Minneapolis MN USA,,Bryant Ave S,"1891",,,closed,,,at grade,,,"1950",,,,Metropolitan Council,"0",USA,,Bryant Ave S,1.39213083556328,,"0"
"1381",Streetcar,Minneapolis MN USA,,Bryant Ave S,"1891",,,closed,,,at grade,,,"1950",,,,Metropolitan Council,"0",USA,,Bryant Ave S,4.6981328227159,,"0"
"1382",Streetcar,Minneapolis MN USA,,Bryant Ave S,"1891",,,closed,,,at grade,,,"1905",,,,Metropolitan Council,"0",USA,,Bryant Ave S,0.396448464193925,,"0"
"1383",Streetcar,Minneapolis MN USA,,Bryant Ave S,"1927",,,closed,,,at grade,,,"1950",,,,Metropolitan Council,"0",USA,,Bryant Ave S,2.21749522872571,,"0"
"1384",Streetcar,Minneapolis MN USA,,Bryant Ave S,"1905",,,closed,,,at grade,,,"1950",,,,Metropolitan Council,"0",USA,,Bryant Ave S,0.395648245709813,,"0"
"1385",Streetcar,Minneapolis MN USA,,Bryant Ave S,"1890",,,closed,,,at grade,,,"1891",,,,Metropolitan Council,"0",USA,,Bryant Ave S,0.815531145156404,,"0"
"1386",Streetcar,Minneapolis MN USA,,Bryn Maur,"1928",,,closed,,,at grade,,,"1939",,,,Metropolitan Council,"0",USA,,Bryn Maur,0.620808232529674,,"0"
"1387",Streetcar,Minneapolis MN USA,,Bryn Maur,"1890",,,closed,,,at grade,,,"1950",,,,Metropolitan Council,"0",USA,,Bryn Maur,1.81274552545958,,"0"
"1388",Streetcar,Minneapolis MN USA,,Bryn Maur,"1892",,,closed,,,at grade,,,"1939",,,,Metropolitan Council,"0",USA,,Bryn Maur,2.16015597131298,,"0"
"1389",Streetcar,Minneapolis MN USA,,Cherokee,"1890",,,closed,,,at grade,,,"1950",,,,Metropolitan Council,"0",USA,,Cherokee,5.01993693754522,,"0"
"1390",Streetcar,Minneapolis MN USA,,Chicago Ave,"1928",,,closed,,,at grade,,,"1950",,,,Metropolitan Council,"0",USA,,Chicago Ave,1.20851327427453,,"0"
"1391",Streetcar,Minneapolis MN USA,,Chicago Ave,"1922",,,closed,,,at grade,,,"1950",,,,Metropolitan Council,"0",USA,,Chicago Ave,0.400178886635082,,"0"
"1392",Streetcar,Minneapolis MN USA,,Chicago Ave,"1904",,,closed,,,at grade,,,"1950",,,,Metropolitan Council,"0",USA,,Chicago Ave,2.2059715042505,,"0"
"1393",Streetcar,Minneapolis MN USA,,Chicago Ave,"1890",,,closed,,,at grade,,,"1950",,,,Metropolitan Council,"0",USA,,Chicago Ave,5.48617722916843,,"0"
"1394",Streetcar,Minneapolis MN USA,,Columbia Heights,"1906",,,closed,,,at grade,,,"1950",,,,Metropolitan Council,"0",USA,,Columbia Heights,0.997840872237395,,"0"
"1395",Streetcar,Minneapolis MN USA,,Columbia Heights,"1891",,,closed,,,at grade,,,"1950",,,,Metropolitan Council,"0",USA,,Columbia Heights,3.55077927605387,,"0"
"1396",Streetcar,Minneapolis MN USA,,Columbia Heights,"1917",,,closed,,,at grade,,,"1953",,,,Metropolitan Council,"0",USA,,Columbia Heights,2.07045698548546,,"0"
"1397",Streetcar,Minneapolis MN USA,,Columbia Heights,"1893",,,closed,,,at grade,,,"1950",,,,Metropolitan Council,"0",USA,,Columbia Heights,2.2880932031597,,"0"
"1398",Streetcar,Minneapolis MN USA,,Columbia Heights,"1920",,,closed,,,at grade,,,"1950",,,,Metropolitan Council,"0",USA,,Columbia Heights,1.17638830465606,,"0"
"1399",Streetcar,Minneapolis MN USA,,Columbia Heights,"1890",,,closed,,,at grade,,,"1950",,,,Metropolitan Council,"0",USA,,Columbia Heights,1.61985176389633,,"0"
"1400",Streetcar,Minneapolis MN USA,,Como_Harriet_Oak_Xer,"1891",,,closed,,,at grade,,,"1950",,,,Metropolitan Council,"0",USA,,Como_Harriet_Oak_Xer,0.958796613305239,,"0"
"1401",Streetcar,Minneapolis MN USA,,Como_Harriet_Oak_Xer,"1914",,,closed,,,at grade,,,"1950",,,,Metropolitan Council,"0",USA,,Como_Harriet_Oak_Xer,0.152819942872781,,"0"
"1402",Streetcar,Minneapolis MN USA,,Como_Harriet_Oak_Xer,"1891",,,closed,,,at grade,,,"1950",,,,Metropolitan Council,"0",USA,,Como_Harriet_Oak_Xer,1.03757017403111,,"0"
"1403",Streetcar,Minneapolis MN USA,,Como_Harriet_Oak_Xer,"1907",,,closed,,,at grade,,,"1950",,,,Metropolitan Council,"0",USA,,Como_Harriet_Oak_Xer,0.996972287639865,,"0"
"1404",Streetcar,Minneapolis MN USA,,Como_Harriet_Oak_Xer,"1914",,,closed,,,at grade,,,"1950",,,,Metropolitan Council,"0",USA,,Como_Harriet_Oak_Xer,0.326223575040376,,"0"
"1405",Streetcar,Minneapolis MN USA,,Como_Harriet_Oak_Xer,"1914",,,closed,,,at grade,,,"1950",,,,Metropolitan Council,"0",USA,,Como_Harriet_Oak_Xer,0.801798393972737,,"0"
"1406",Streetcar,Minneapolis MN USA,,Como_Harriet_Oak_Xer,"1929",,,closed,,,at grade,,,"1950",,,,Metropolitan Council,"0",USA,,Como_Harriet_Oak_Xer,0.801818401173511,,"0"
"1407",Streetcar,Minneapolis MN USA,,Como_Harriet_Oak_Xer,"1925",,,closed,,,at grade,,,"1950",,,,Metropolitan Council,"0",USA,,Como_Harriet_Oak_Xer,1.11645019067028,,"0"
"1408",Streetcar,Minneapolis MN USA,,Como_Harriet_Oak_Xer,"1913",,,closed,,,at grade,,,"1950",,,,Metropolitan Council,"0",USA,,Como_Harriet_Oak_Xer,1.20997661143784,,"0"
"1409",Streetcar,Minneapolis MN USA,,Como_Harriet_Oak_Xer,"1891",,,closed,,,at grade,,,"1950",,,,Metropolitan Council,"0",USA,,Como_Harriet_Oak_Xer,4.02255876410035,,"0"
"1410",Streetcar,Minneapolis MN USA,,Como_Harriet_Oak_Xer,"1891",,,closed,,,at grade,,,"1950",,,,Metropolitan Council,"0",USA,,Como_Harriet_Oak_Xer,0.21374092803332,,"0"
"1411",Streetcar,Minneapolis MN USA,,Como_Harriet_Oak_Xer,"1891",,,closed,,,at grade,,,"1950",,,,Metropolitan Council,"0",USA,,Como_Harriet_Oak_Xer,0.962816612348035,,"0"
"1412",Streetcar,Minneapolis MN USA,,Como_Harriet_Oak_Xer,"1904",,,closed,,,at grade,,,"1950",,,,Metropolitan Council,"0",USA,,Como_Harriet_Oak_Xer,0.965760129460688,,"0"
"1413",Streetcar,Minneapolis MN USA,,Como_Harriet_Oak_Xer,"1891",,,closed,,,at grade,,,"1950",,,,Metropolitan Council,"0",USA,,Como_Harriet_Oak_Xer,7.09874040659934,,"0"
"1414",Streetcar,Minneapolis MN USA,,Como_Harriet_Oak_Xer,"1880",,,closed,,,at grade,,,"1950",,,,Metropolitan Council,"0",USA,,Como_Harriet_Oak_Xer,2.33608978682348,,"0"
"1415",Streetcar,Minneapolis MN USA,,Como_Harriet_Oak_Xer,"1898",,,closed,,,at grade,,,"1950",,,,Metropolitan Council,"0",USA,,Como_Harriet_Oak_Xer,4.83214384150598,,"0"
"1416",Streetcar,Minneapolis MN USA,,Como_Harriet_Oak_Xer,"1898",,,closed,,,at grade,,,"1950",,,,Metropolitan Council,"0",USA,,Como_Harriet_Oak_Xer,1.30571269839863,,"0"
"1417",Streetcar,Minneapolis MN USA,,Como_Harriet_Oak_Xer,"1890",,,closed,,,at grade,,,"1950",,,,Metropolitan Council,"0",USA,,Como_Harriet_Oak_Xer,3.71922907474758,,"0"
"1418",Streetcar,Minneapolis MN USA,,Como_Harriet_Oak_Xer,"1905",,,closed,,,at grade,,,"1950",,,,Metropolitan Council,"0",USA,,Como_Harriet_Oak_Xer,0.302582870018659,,"0"
"1419",Streetcar,Minneapolis MN USA,,Como_Harriet_Oak_Xer,"1905",,,closed,,,at grade,,,"1932",,,,Metropolitan Council,"0",USA,,Como_Harriet_Oak_Xer,9.21928031218026,,"0"
"1420",Streetcar,Minneapolis MN USA,,Como_Harriet_Oak_Xer,"1908",,,closed,,,at grade,,,"1932",,,,Metropolitan Council,"0",USA,,Como_Harriet_Oak_Xer,2.11514165101489,,"0"
"1421",Streetcar,Minneapolis MN USA,,Como_Harriet_Oak_Xer,"1905",,,closed,,,at grade,,,"1950",,,,Metropolitan Council,"0",USA,,Como_Harriet_Oak_Xer,11.9472237639439,,"0"
"1422",Streetcar,Minneapolis MN USA,,Como_Harriet_Oak_Xer,"1914",,,closed,,,at grade,,,"1950",,,,Metropolitan Council,"0",USA,,Como_Harriet_Oak_Xer,2.33917808823779,,"0"
"1423",Streetcar,Minneapolis MN USA,,Como_Harriet_Oak_Xer,"1914",,,closed,,,at grade,,,"1950",,,,Metropolitan Council,"0",USA,,Como_Harriet_Oak_Xer,0.326253483898941,,"0"
"1424",Streetcar,Minneapolis MN USA,,Como_Harriet_Oak_Xer,"1898",,,closed,,,at grade,,,"1904",,,,Metropolitan Council,"0",USA,,Como_Harriet_Oak_Xer,0.982410937270227,,"0"
"1425",Streetcar,Minneapolis MN USA,,Dale St,"1923",,,closed,,,at grade,,,"1950",,,,Metropolitan Council,"0",USA,,Dale St,0.717717164551606,,"0"
"1426",Streetcar,Minneapolis MN USA,,Dale St,"1914",,,closed,,,at grade,,,"1950",,,,Metropolitan Council,"0",USA,,Dale St,4.16369931177272,,"0"
"1427",Streetcar,Minneapolis MN USA,,Dale St,"1890",,,closed,,,at grade,,,"1950",,,,Metropolitan Council,"0",USA,,Dale St,3.66784690061918,,"0"
"1428",Streetcar,Minneapolis MN USA,,Fort Snelling,"1891",,,closed,,,at grade,,,"1950",,,,Metropolitan Council,"0",USA,,Fort Snelling,4.73097451639599,,"0"
"1429",Streetcar,Minneapolis MN USA,,Fort Snelling,"1890",,,closed,,,at grade,,,"1950",,,,Metropolitan Council,"0",USA,,Fort Snelling,4.89869219182128,,"0"
"1430",Streetcar,Minneapolis MN USA,,Fort Snelling,"1909",,,closed,,,at grade,,,"1950",,,,Metropolitan Council,"0",USA,,Fort Snelling,2.42191186081999,,"0"
"1431",Streetcar,Minneapolis MN USA,,Franklin,"1924",,,closed,,,at grade,,,"1940",,,,Metropolitan Council,"0",USA,,Franklin,0.586078030450461,,"0"
"1432",Streetcar,Minneapolis MN USA,,Franklin,"1916",,,closed,,,at grade,,,"1940",,,,Metropolitan Council,"0",USA,,Franklin,0.625683306864565,,"0"
"1433",Streetcar,Minneapolis MN USA,,Franklin,"1914",,,closed,,,at grade,,,"1940",,,,Metropolitan Council,"0",USA,,Franklin,1.12524924869433,,"0"
"1434",Streetcar,Minneapolis MN USA,,Franklin,"1889",,,closed,,,at grade,,,"1950",,,,Metropolitan Council,"0",USA,,Franklin,0.892835002055495,,"0"
"1435",Streetcar,Minneapolis MN USA,,Franklin,"1914",,,closed,,,at grade,,,"1950",,,,Metropolitan Council,"0",USA,,Franklin,1.80863804007474,,"0"
"1436",Streetcar,Minneapolis MN USA,,Franklin,"1914",,,closed,,,at grade,,,"1914",,,,Metropolitan Council,"0",USA,,Franklin,0.884329563519029,,"0"
"1437",Streetcar,Minneapolis MN USA,,Glenwood Ave,"1891",,,closed,,,at grade,,,"1950",,,,Metropolitan Council,"0",USA,,Glenwood Ave,2.44881600191668,,"0"
"1438",Streetcar,Minneapolis MN USA,,Glenwood Ave,"1891",,,closed,,,at grade,,,"1950",,,,Metropolitan Council,"0",USA,,Glenwood Ave,1.70771749734426,,"0"
"1439",Streetcar,Minneapolis MN USA,,Grand Ave,"1890",,,closed,,,at grade,,,"1950",,,,Metropolitan Council,"0",USA,,Grand Ave,7.43315590650086,,"0"
"1440",Streetcar,Minneapolis MN USA,,Grand Ave,"1890",,,closed,,,at grade,,,"1950",,,,Metropolitan Council,"0",USA,,Grand Ave,1.57664172215373,,"0"
"1441",Streetcar,Minneapolis MN USA,,Grand Ave S,"1907",,,closed,,,at grade,,,"1950",,,,Metropolitan Council,"0",USA,,Grand Ave S,1.98885417524305,,"0"
"1442",Streetcar,Minneapolis MN USA,,Grand Ave S,"1923",,,closed,,,at grade,,,"1950",,,,Metropolitan Council,"0",USA,,Grand Ave S,1.61066766818276,,"0"
"1443",Streetcar,Minneapolis MN USA,,Grand Ave S,"1905",,,closed,,,at grade,,,"1950",,,,Metropolitan Council,"0",USA,,Grand Ave S,0.506980230695903,,"0"
"1444",Streetcar,Minneapolis MN USA,,Grand Ave S,"1890",,,closed,,,at grade,,,"1950",,,,Metropolitan Council,"0",USA,,Grand Ave S,4.47093493197212,,"0"
"1445",Streetcar,Minneapolis MN USA,,Hamline,"1906",,,closed,,,at grade,,,"1950",,,,Metropolitan Council,"0",USA,,Hamline,1.75762717663945,,"0"
"1446",Streetcar,Minneapolis MN USA,,Hamline,"1891",,,closed,,,at grade,,,"1950",,,,Metropolitan Council,"0",USA,,Hamline,0.811594321383978,,"0"
"1447",Streetcar,Minneapolis MN USA,,Hamline,"1891",,,closed,,,at grade,,,"1950",,,,Metropolitan Council,"0",USA,,Hamline,1.68062454943806,,"0"
"1448",Streetcar,Minneapolis MN USA,,Hamline,"1906",,,closed,,,at grade,,,"1950",,,,Metropolitan Council,"0",USA,,Hamline,4.32603662074719,,"0"
"1449",Streetcar,Minneapolis MN USA,,Hamline,"1891",,,closed,,,at grade,,,"1906",,,,Metropolitan Council,"0",USA,,Hamline,1.60515568072033,,"0"
"1450",Streetcar,Minneapolis MN USA,,Hamline,"1891",,,closed,,,at grade,,,"1950",,,,Metropolitan Council,"0",USA,,Hamline,0.441294850205484,,"0"
"1451",Streetcar,Minneapolis MN USA,,Hazel Park,"1889",,,closed,,,at grade,,,"1950",,,,Metropolitan Council,"0",USA,,Hazel Park,4.8182412412966,,"0"
"1452",Streetcar,Minneapolis MN USA,,Hope,"1909",,,closed,,,at grade,,,"1939",,,,Metropolitan Council,"0",USA,,Hope,0.932558871967101,,"0"
"1453",Streetcar,Minneapolis MN USA,,Hope,"1915",,,closed,,,at grade,,,"1939",,,,Metropolitan Council,"0",USA,,Hope,0.798298186663564,,"0"
"1454",Streetcar,Minneapolis MN USA,,Hope,"1889",,,closed,,,at grade,,,"1950",,,,Metropolitan Council,"0",USA,,Hope,3.23419231283121,,"0"
"1455",Streetcar,Minneapolis MN USA,,Jackson St,"1892",,,closed,,,at grade,,,"1938",,,,Metropolitan Council,"0",USA,,Jackson St,4.15013795848907,,"0"
"1456",Streetcar,Minneapolis MN USA,,Johnson St NE,"1911",,,closed,,,at grade,,,"1912",,,,Metropolitan Council,"0",USA,,Johnson St NE,0.804395201130115,,"0"
"1457",Streetcar,Minneapolis MN USA,,Johnson St NE,"1923",,,closed,,,at grade,,,"1950",,,,Metropolitan Council,"0",USA,,Johnson St NE,0.801324532122462,,"0"
"1458",Streetcar,Minneapolis MN USA,,Johnson St NE,"1912",,,closed,,,at grade,,,"1950",,,,Metropolitan Council,"0",USA,,Johnson St NE,0.201582736189707,,"0"
"1459",Streetcar,Minneapolis MN USA,,Johnson St NE,"1911",,,closed,,,at grade,,,"1950",,,,Metropolitan Council,"0",USA,,Johnson St NE,1.40608368688416,,"0"
"1460",Streetcar,Minneapolis MN USA,,Johnson St NE,"1899",,,closed,,,at grade,,,"1912",,,,Metropolitan Council,"0",USA,,Johnson St NE,0.501594841230096,,"0"
"1461",Streetcar,Minneapolis MN USA,,Johnson St NE,"1899",,,closed,,,at grade,,,"1950",,,,Metropolitan Council,"0",USA,,Johnson St NE,0.926107694866244,,"0"
"1462",Streetcar,Minneapolis MN USA,,Johnson St NE,"1891",,,closed,,,at grade,,,"1950",,,,Metropolitan Council,"0",USA,,Johnson St NE,0.562274977755198,,"0"
"1463",Streetcar,Minneapolis MN USA,,Johnson St NE,"1891",,,closed,,,at grade,,,"1950",,,,Metropolitan Council,"0",USA,,Johnson St NE,0.282007435197121,,"0"
"1464",Streetcar,Minneapolis MN USA,,Johnson St NE,"1890",,,closed,,,at grade,,,"1950",,,,Metropolitan Council,"0",USA,,Johnson St NE,2.42240257369034,,"0"
"1465",Streetcar,Minneapolis MN USA,,Johnson St NE,"1912",,,closed,,,at grade,,,"1950",,,,Metropolitan Council,"0",USA,,Johnson St NE,2.17073662724941,,"0"
"1466",Streetcar,Minneapolis MN USA,,Johnson St NE,"1891",,,closed,,,at grade,,,"1950",,,,Metropolitan Council,"0",USA,,Johnson St NE,1.69686867836807,,"0"
"1467",Streetcar,Minneapolis MN USA,,Kenwood,"1890",,,closed,,,at grade,,,"1938",,,,Metropolitan Council,"0",USA,,Kenwood,4.33267911962078,,"0"
"1468",Streetcar,Minneapolis MN USA,,Kenwood_StLouisPark,"1891",,,closed,,,at grade,,,"1950",,,,Metropolitan Council,"0",USA,,Kenwood_StLouisPark,4.79621680651106,,"0"
"1469",Streetcar,Minneapolis MN USA,,Kenwood_StLouisPark,"1898",,,closed,,,at grade,,,"1907",,,,Metropolitan Council,"0",USA,,Kenwood_StLouisPark,0.970330723978711,,"0"
"1470",Streetcar,Minneapolis MN USA,,Maria,"1914",,,closed,,,at grade,,,"1950",,,,Metropolitan Council,"0",USA,,Maria,0.968518584243411,,"0"
"1471",Streetcar,Minneapolis MN USA,,Maria,"1894",,,closed,,,at grade,,,"1909",,,,Metropolitan Council,"0",USA,,Maria,0.286662039774436,,"0"
"1472",Streetcar,Minneapolis MN USA,,Maria,"1949",,,closed,,,at grade,,,"1950",,,,Metropolitan Council,"0",USA,,Maria,0.194139042160121,,"0"
"1473",Streetcar,Minneapolis MN USA,,Maria,"1891",,,closed,,,at grade,,,"1950",,,,Metropolitan Council,"0",USA,,Maria,0.824678486540713,,"0"
"1474",Streetcar,Minneapolis MN USA,,Maria,"1891",,,closed,,,at grade,,,"1950",,,,Metropolitan Council,"0",USA,,Maria,1.14891566399885,,"0"
"1475",Streetcar,Minneapolis MN USA,,Maria,"1891",,,closed,,,at grade,,,"1949",,,,Metropolitan Council,"0",USA,,Maria,0.227145031452726,,"0"
"1476",Streetcar,Minneapolis MN USA,,Maria,"1889",,,closed,,,at grade,,,"1950",,,,Metropolitan Council,"0",USA,,Maria,2.12512023289349,,"0"
"1477",Streetcar,Minneapolis MN USA,,Minnehaha,"1905",,,closed,,,at grade,,,"1950",,,,Metropolitan Council,"0",USA,,Minnehaha,1.71344815018904,,"0"
"1478",Streetcar,Minneapolis MN USA,,Minnehaha,"1905",,,closed,,,at grade,,,"1930",,,,Metropolitan Council,"0",USA,,Minnehaha,0.807463296440985,,"0"
"1479",Streetcar,Minneapolis MN USA,,Minnehaha,"1890",,,closed,,,at grade,,,"1950",,,,Metropolitan Council,"0",USA,,Minnehaha,1.99879806195835,,"0"
"1480",Streetcar,Minneapolis MN USA,,Minnehaha,"1891",,,closed,,,at grade,,,"1950",,,,Metropolitan Council,"0",USA,,Minnehaha,0.290024337395193,,"0"
"1481",Streetcar,Minneapolis MN USA,,Minnehaha,"1890",,,closed,,,at grade,,,"1950",,,,Metropolitan Council,"0",USA,,Minnehaha,2.26303186387734,,"0"
"1482",Streetcar,Minneapolis MN USA,,Minnehaha,"1909",,,closed,,,at grade,,,"1950",,,,Metropolitan Council,"0",USA,,Minnehaha,1.96747673434141,,"0"
"1483",Streetcar,Minneapolis MN USA,,Minnehaha,"1930",,,closed,,,at grade,,,"1950",,,,Metropolitan Council,"0",USA,,Minnehaha,1.60422936139348,,"0"
"1484",Streetcar,Minneapolis MN USA,,Minnehaha,"1915",,,closed,,,at grade,,,"1917",,,,Metropolitan Council,"0",USA,,Minnehaha,0.509043930196576,,"0"
"1485",Streetcar,Minneapolis MN USA,,Minnehaha,"1915",,,closed,,,at grade,,,"1917",,,,Metropolitan Council,"0",USA,,Minnehaha,1.17992274459892,,"0"
"1486",Streetcar,Minneapolis MN USA,,Mississippi St,"1923",,,closed,,,at grade,,,"1950",,,,Metropolitan Council,"0",USA,,Mississippi St,0.804181900371094,,"0"
"1487",Streetcar,Minneapolis MN USA,,Mississippi St,"1890",,,closed,,,at grade,,,"1950",,,,Metropolitan Council,"0",USA,,Mississippi St,6.01806251307987,,"0"
"1488",Streetcar,Minneapolis MN USA,,Monroe St NE,"1931",,,closed,,,at grade,,,"1950",,,,Metropolitan Council,"0",USA,,Monroe St NE,0.755483100608942,,"0"
"1489",Streetcar,Minneapolis MN USA,,Monroe St NE,"1923",,,closed,,,at grade,,,"1950",,,,Metropolitan Council,"0",USA,,Monroe St NE,0.542294251228954,,"0"
"1490",Streetcar,Minneapolis MN USA,,Monroe St NE,"1920",,,closed,,,at grade,,,"1950",,,,Metropolitan Council,"0",USA,,Monroe St NE,3.10323958449063,,"0"
"1491",Streetcar,Minneapolis MN USA,,Monroe St NE,"1891",,,closed,,,at grade,,,"1950",,,,Metropolitan Council,"0",USA,,Monroe St NE,2.30879025331106,,"0"
"1492",Streetcar,Minneapolis MN USA,,Nicollet,"1947",,,closed,,,at grade,,,"1950",,,,Metropolitan Council,"0",USA,,Nicollet,0.799327281103456,,"0"
"1493",Streetcar,Minneapolis MN USA,,Nicollet,"1928",,,closed,,,at grade,,,"1950",,,,Metropolitan Council,"0",USA,,Nicollet,0.677780860034768,,"0"
"1494",Streetcar,Minneapolis MN USA,,Nicollet,"1911",,,closed,,,at grade,,,"1950",,,,Metropolitan Council,"0",USA,,Nicollet,0.986440305933541,,"0"
"1495",Streetcar,Minneapolis MN USA,,Nicollet,"1890",,,closed,,,at grade,,,"1950",,,,Metropolitan Council,"0",USA,,Nicollet,8.32000613141614,,"0"
"1496",Streetcar,Minneapolis MN USA,,NW Terminal,"1921",,,closed,,,at grade,,,"1948",,,,Metropolitan Council,"0",USA,,NW Terminal,0.911089980332034,,"0"
"1497",Streetcar,Minneapolis MN USA,,NW Terminal,"1891",,,closed,,,at grade,,,"1950",,,,Metropolitan Council,"0",USA,,NW Terminal,0.562274977755198,,"0"
"1498",Streetcar,Minneapolis MN USA,,NW Terminal,"1890",,,closed,,,at grade,,,"1950",,,,Metropolitan Council,"0",USA,,NW Terminal,2.72581023319513,,"0"
"1499",Streetcar,Minneapolis MN USA,,Payne Ave,"1917",,,closed,,,at grade,,,"1948",,,,Metropolitan Council,"0",USA,,Payne Ave,0.956031030309745,,"0"
"1500",Streetcar,Minneapolis MN USA,,Payne Ave,"1927",,,closed,,,at grade,,,"1948",,,,Metropolitan Council,"0",USA,,Payne Ave,1.44927581478028,,"0"
"1501",Streetcar,Minneapolis MN USA,,Payne Ave,"1891",,,closed,,,at grade,,,"1905",,,,Metropolitan Council,"0",USA,,Payne Ave,0.199935224028036,,"0"
"1502",Streetcar,Minneapolis MN USA,,Payne Ave,"1905",,,closed,,,at grade,,,"1950",,,,Metropolitan Council,"0",USA,,Payne Ave,0.795918246414193,,"0"
"1503",Streetcar,Minneapolis MN USA,,Payne Ave,"1891",,,closed,,,at grade,,,"1950",,,,Metropolitan Council,"0",USA,,Payne Ave,1.63352264292621,,"0"
"1504",Streetcar,Minneapolis MN USA,,Payne Ave,"1891",,,closed,,,at grade,,,"1898",,,,Metropolitan Council,"0",USA,,Payne Ave,0.304871188619591,,"0"
"1505",Streetcar,Minneapolis MN USA,,Payne Ave,"1891",,,closed,,,at grade,,,"1950",,,,Metropolitan Council,"0",USA,,Payne Ave,1.71170125616654,,"0"
"1506",Streetcar,Minneapolis MN USA,,Payne Ave,"1898",,,closed,,,at grade,,,"1950",,,,Metropolitan Council,"0",USA,,Payne Ave,0.307135724144282,,"0"
"1507",Streetcar,Minneapolis MN USA,,Payne Ave,"1889",,,closed,,,at grade,,,"1950",,,,Metropolitan Council,"0",USA,,Payne Ave,0.294378670742772,,"0"
"1508",Streetcar,Minneapolis MN USA,,Payne Ave,"1889",,,closed,,,at grade,,,"1950",,,,Metropolitan Council,"0",USA,,Payne Ave,1.49925281374623,,"0"
"1509",Streetcar,Minneapolis MN USA,,Penn_Fremont,"1923",,,closed,,,at grade,,,"1950",,,,Metropolitan Council,"0",USA,,Penn_Fremont,0.803380931258468,,"0"
"1510",Streetcar,Minneapolis MN USA,,Penn_Fremont,"1914",,,closed,,,at grade,,,"1950",,,,Metropolitan Council,"0",USA,,Penn_Fremont,0.435698919753088,,"0"
"1511",Streetcar,Minneapolis MN USA,,Penn_Fremont,"1926",,,closed,,,at grade,,,"1950",,,,Metropolitan Council,"0",USA,,Penn_Fremont,0.950471960792072,,"0"
"1512",Streetcar,Minneapolis MN USA,,Penn_Fremont,"1922",,,closed,,,at grade,,,"1950",,,,Metropolitan Council,"0",USA,,Penn_Fremont,0.401478799809025,,"0"
"1513",Streetcar,Minneapolis MN USA,,Penn_Fremont,"1912",,,closed,,,at grade,,,"1950",,,,Metropolitan Council,"0",USA,,Penn_Fremont,1.24075336776307,,"0"
"1514",Streetcar,Minneapolis MN USA,,Penn_Fremont,"1907",,,closed,,,at grade,,,"1950",,,,Metropolitan Council,"0",USA,,Penn_Fremont,0.892795185446515,,"0"
"1515",Streetcar,Minneapolis MN USA,,Penn_Fremont,"1891",,,closed,,,at grade,,,"1950",,,,Metropolitan Council,"0",USA,,Penn_Fremont,1.55826528968401,,"0"
"1516",Streetcar,Minneapolis MN USA,,Penn_Fremont,"1911",,,closed,,,at grade,,,"1950",,,,Metropolitan Council,"0",USA,,Penn_Fremont,1.20549024880285,,"0"
"1517",Streetcar,Minneapolis MN USA,,Penn_Fremont,"1920",,,closed,,,at grade,,,"1950",,,,Metropolitan Council,"0",USA,,Penn_Fremont,4.88079595557154,,"0"
"1518",Streetcar,Minneapolis MN USA,,Penn_Fremont,"1892",,,closed,,,at grade,,,"1950",,,,Metropolitan Council,"0",USA,,Penn_Fremont,0.397079134564276,,"0"
"1519",Streetcar,Minneapolis MN USA,,Penn_Fremont,"1891",,,closed,,,at grade,,,"1950",,,,Metropolitan Council,"0",USA,,Penn_Fremont,2.01437378621979,,"0"
"1520",Streetcar,Minneapolis MN USA,,Penn_Fremont,"1891",,,closed,,,at grade,,,"1920",,,,Metropolitan Council,"0",USA,,Penn_Fremont,3.88225750075139,,"0"
"1521",Streetcar,Minneapolis MN USA,,Phalen,"1913",,,closed,,,at grade,,,"1950",,,,Metropolitan Council,"0",USA,,Phalen,2.13443253986912,,"0"
"1522",Streetcar,Minneapolis MN USA,,Phalen,"1889",,,closed,,,at grade,,,"1950",,,,Metropolitan Council,"0",USA,,Phalen,3.46476600343614,,"0"
"1523",Streetcar,Minneapolis MN USA,,Plymouth Ave,"1912",,,closed,,,at grade,,,"1950",,,,Metropolitan Council,"0",USA,,Plymouth Ave,0.302693693173706,,"0"
"1524",Streetcar,Minneapolis MN USA,,Plymouth Ave,"1891",,,closed,,,at grade,,,"1950",,,,Metropolitan Council,"0",USA,,Plymouth Ave,2.12572411058257,,"0"
"1525",Streetcar,Minneapolis MN USA,,Plymouth Ave,"1890",,,closed,,,at grade,,,"1950",,,,Metropolitan Council,"0",USA,,Plymouth Ave,2.58212609352518,,"0"
"1526",Streetcar,Minneapolis MN USA,,Randolph,"1924",,,closed,,,at grade,,,"1950",,,,Metropolitan Council,"0",USA,,Randolph,1.78770746105971,,"0"
"1527",Streetcar,Minneapolis MN USA,,Randolph,"1891",,,closed,,,at grade,,,"1900",,,,Metropolitan Council,"0",USA,,Randolph,0.740289681364116,,"0"
"1528",Streetcar,Minneapolis MN USA,,Randolph,"1891",,,closed,,,at grade,,,"1900",,,,Metropolitan Council,"0",USA,,Randolph,1.60639581722666,,"0"
"1529",Streetcar,Minneapolis MN USA,,Randolph,"1891",,,closed,,,at grade,,,"1900",,,,Metropolitan Council,"0",USA,,Randolph,0.402019188951612,,"0"
"1530",Streetcar,Minneapolis MN USA,,Randolph,"1891",,,closed,,,at grade,,,"1900",,,,Metropolitan Council,"0",USA,,Randolph,2.68407526110674,,"0"
"1531",Streetcar,Minneapolis MN USA,,Randolph,"1890",,,closed,,,at grade,,,"1950",,,,Metropolitan Council,"0",USA,,Randolph,4.32351764981408,,"0"
"1532",Streetcar,Minneapolis MN USA,,Rice St,"1891",,,closed,,,at grade,,,"1950",,,,Metropolitan Council,"0",USA,,Rice St,0.764863258986725,,"0"
"1533",Streetcar,Minneapolis MN USA,,Rice St,"1891",,,closed,,,at grade,,,"1950",,,,Metropolitan Council,"0",USA,,Rice St,4.41621054904521,,"0"
"1534",Streetcar,Minneapolis MN USA,,Rice St,"1909",,,closed,,,at grade,,,"1950",,,,Metropolitan Council,"0",USA,,Rice St,0.40539687294073,,"0"
"1535",Streetcar,Minneapolis MN USA,,Robbinsdale,"1891",,,closed,,,at grade,,,"1914",,,,Metropolitan Council,"0",USA,,Robbinsdale,0.820609642411976,,"0"
"1536",Streetcar,Minneapolis MN USA,,Robbinsdale,"1890",,,closed,,,at grade,,,"1950",,,,Metropolitan Council,"0",USA,,Robbinsdale,4.08918027064111,,"0"
"1537",Streetcar,Minneapolis MN USA,,Robbinsdale,"1914",,,closed,,,at grade,,,"1948",,,,Metropolitan Council,"0",USA,,Robbinsdale,1.34861463223178,,"0"
"1538",Streetcar,Minneapolis MN USA,,Robbinsdale,"1892",,,closed,,,at grade,,,"1950",,,,Metropolitan Council,"0",USA,,Robbinsdale,0.397079134564276,,"0"
"1539",Streetcar,Minneapolis MN USA,,Robbinsdale,"1914",,,closed,,,at grade,,,"1947",,,,Metropolitan Council,"0",USA,,Robbinsdale,1.54676935385056,,"0"
"1540",Streetcar,Minneapolis MN USA,,Robbinsdale,"1891",,,closed,,,at grade,,,"1948",,,,Metropolitan Council,"0",USA,,Robbinsdale,1.28060677333205,,"0"
"1541",Streetcar,Minneapolis MN USA,,Robbinsdale,"1891",,,closed,,,at grade,,,"1950",,,,Metropolitan Council,"0",USA,,Robbinsdale,2.9829102470899,,"0"
"1542",Streetcar,Minneapolis MN USA,,Robert St,"1891",,,closed,,,at grade,,,"1938",,,,Metropolitan Council,"0",USA,,Robert St,1.16662832403086,,"0"
"1543",Streetcar,Minneapolis MN USA,,Robert St,"1891",,,closed,,,at grade,,,"1950",,,,Metropolitan Council,"0",USA,,Robert St,3.19784371127819,,"0"
"1544",Streetcar,Minneapolis MN USA,,Rondo,"1912",,,closed,,,at grade,,,"1948",,,,Metropolitan Council,"0",USA,,Rondo,0.800591703778771,,"0"
"1545",Streetcar,Minneapolis MN USA,,Rondo,"1905",,,closed,,,at grade,,,"1948",,,,Metropolitan Council,"0",USA,,Rondo,0.649678232447006,,"0"
"1546",Streetcar,Minneapolis MN USA,,Rondo,"1893",,,closed,,,at grade,,,"1948",,,,Metropolitan Council,"0",USA,,Rondo,0.545706281910251,,"0"
"1547",Streetcar,Minneapolis MN USA,,Rondo,"1891",,,closed,,,at grade,,,"1948",,,,Metropolitan Council,"0",USA,,Rondo,2.39187624339124,,"0"
"1548",Streetcar,Minneapolis MN USA,,Rondo,"1891",,,closed,,,at grade,,,"1950",,,,Metropolitan Council,"0",USA,,Rondo,0.787318797118632,,"0"
"1549",Streetcar,Minneapolis MN USA,,Saint Clair,"1922",,,closed,,,at grade,,,"1950",,,,Metropolitan Council,"0",USA,,Saint Clair,0.804775058352183,,"0"
"1550",Streetcar,Minneapolis MN USA,,Saint Clair,"1915",,,closed,,,at grade,,,"1950",,,,Metropolitan Council,"0",USA,,Saint Clair,2.10666674686329,,"0"
"1551",Streetcar,Minneapolis MN USA,,Saint Clair,"1917",,,closed,,,at grade,,,"1950",,,,Metropolitan Council,"0",USA,,Saint Clair,2.6198779736317,,"0"
"1552",Streetcar,Minneapolis MN USA,,Saint Clair,"1890",,,closed,,,at grade,,,"1950",,,,Metropolitan Council,"0",USA,,Saint Clair,3.15096583162408,,"0"
"1553",Streetcar,Minneapolis MN USA,,Selby Lake,"1893",,,closed,,,at grade,,,"1938",,,,Metropolitan Council,"0",USA,,Selby Lake,0.581109009398438,,"0"
"1554",Streetcar,Minneapolis MN USA,,Selby Lake,"1906",,,closed,,,at grade,,,"1950",,,,Metropolitan Council,"0",USA,,Selby Lake,3.50105060283851,,"0"
"1555",Streetcar,Minneapolis MN USA,,Selby Lake,"1891",,,closed,,,at grade,,,"1938",,,,Metropolitan Council,"0",USA,,Selby Lake,0.442363086839702,,"0"
"1556",Streetcar,Minneapolis MN USA,,Selby Lake,"1891",,,closed,,,at grade,,,"1950",,,,Metropolitan Council,"0",USA,,Selby Lake,0.663822470355117,,"0"
"1557",Streetcar,Minneapolis MN USA,,Selby Lake,"1890",,,closed,,,at grade,,,"1950",,,,Metropolitan Council,"0",USA,,Selby Lake,4.02176115927315,,"0"
"1558",Streetcar,Minneapolis MN USA,,Selby Lake,"1888",,,closed,,,at grade,,,"1950",,,,Metropolitan Council,"0",USA,,Selby Lake,1.97678470353457,,"0"
"1559",Streetcar,Minneapolis MN USA,,Selby Lake,"1888",,,closed,,,at grade,,,"1950",,,,Metropolitan Council,"0",USA,,Selby Lake,1.58568279811711,,"0"
"1560",Streetcar,Minneapolis MN USA,,Selby Lake,"1905",,,closed,,,at grade,,,"1950",,,,Metropolitan Council,"0",USA,,Selby Lake,5.61777996366038,,"0"
"1561",Streetcar,Minneapolis MN USA,,Snelling Ave,"1927",,,closed,,,at grade,,,"1950",,,,Metropolitan Council,"0",USA,,Snelling Ave,0.808799627174328,,"0"
"1562",Streetcar,Minneapolis MN USA,,Snelling Ave,"1891",,,closed,,,at grade,,,"1950",,,,Metropolitan Council,"0",USA,,Snelling Ave,1.61148585795479,,"0"
"1563",Streetcar,Minneapolis MN USA,,Snelling Ave,"1909",,,closed,,,at grade,,,"1950",,,,Metropolitan Council,"0",USA,,Snelling Ave,1.45399199445089,,"0"
"1564",Streetcar,Minneapolis MN USA,,Snelling Ave,"1905",,,closed,,,at grade,,,"1950",,,,Metropolitan Council,"0",USA,,Snelling Ave,2.53425623193853,,"0"
"1565",Streetcar,Minneapolis MN USA,,Snelling Ave,"1927",,,closed,,,at grade,,,"1950",,,,Metropolitan Council,"0",USA,,Snelling Ave,0.789780767836444,,"0"
"1566",Streetcar,Minneapolis MN USA,,Snelling Ave,"1924",,,closed,,,at grade,,,"1950",,,,Metropolitan Council,"0",USA,,Snelling Ave,0.817945218483515,,"0"
"1567",Streetcar,Minneapolis MN USA,,Snelling Ave,"1898",,,closed,,,at grade,,,"1950",,,,Metropolitan Council,"0",USA,,Snelling Ave,0.413124725500726,,"0"
"1568",Streetcar,Minneapolis MN USA,,South St Paul,"1905",,,closed,,,at grade,,,"1950",,,,Metropolitan Council,"0",USA,,South St Paul,7.83181526326808,,"0"
"1569",Streetcar,Minneapolis MN USA,,South St Paul,"1891",,,closed,,,at grade,,,"1950",,,,Metropolitan Council,"0",USA,,South St Paul,0.764863258986725,,"0"
"1570",Streetcar,Minneapolis MN USA,,South St Paul,"1914",,,closed,,,at grade,,,"1933",,,,Metropolitan Council,"0",USA,,South St Paul,1.56157201987227,,"0"
"1571",Streetcar,Minneapolis MN USA,,South St Paul,"1914",,,closed,,,at grade,,,"1928",,,,Metropolitan Council,"0",USA,,South St Paul,4.44778358439366,,"0"
"1572",Streetcar,Minneapolis MN USA,,South St Paul,"1891",,,closed,,,at grade,,,"1950",,,,Metropolitan Council,"0",USA,,South St Paul,4.62712109480336,,"0"
"1573",Streetcar,Minneapolis MN USA,,StPaul_Minneapolis,"1890",,,closed,,,at grade,,,"1950",,,,Metropolitan Council,"0",USA,,StPaul_Minneapolis,16.5877394183255,,"0"
"1574",Streetcar,Minneapolis MN USA,,Stryker Ave,"1894",,,closed,,,at grade,,,"1948",,,,Metropolitan Council,"0",USA,,Stryker Ave,1.29849733370176,,"0"
"1575",Streetcar,Minneapolis MN USA,,Stryker Ave,"1890",,,closed,,,at grade,,,"1950",,,,Metropolitan Council,"0",USA,,Stryker Ave,2.63743272517573,,"0"
"1576",Streetcar,Minneapolis MN USA,,Washington Ave N,"1890",,,closed,,,at grade,,,"1950",,,,Metropolitan Council,"0",USA,,Washington Ave N,7.06853103954572,,"0"
"1577",Streetcar,Minneapolis MN USA,,Washington Ave N,"1913",,,closed,,,at grade,,,"1925",,,,Metropolitan Council,"0",USA,,Washington Ave N,0.60027797538483,,"0"
"1578",Streetcar,Minneapolis MN USA,,Washington Ave N,"1899",,,closed,,,at grade,,,"1925",,,,Metropolitan Council,"0",USA,,Washington Ave N,0.835228174397441,,"0"
"1579",Streetcar,Minneapolis MN USA,,Washington Ave N,"1925",,,closed,,,at grade,,,"1947",,,,Metropolitan Council,"0",USA,,Washington Ave N,1.68838561376388,,"0"
"1580",Streetcar,Minneapolis MN USA,,Washington Ave N,"1899",,,closed,,,at grade,,,"1947",,,,Metropolitan Council,"0",USA,,Washington Ave N,0.573186387813824,,"0"
"1581",Streetcar,Minneapolis MN USA,,Western,"1914",,,closed,,,at grade,,,"1941",,,,Metropolitan Council,"0",USA,,Western,0.962748798424895,,"0"
"1582",Streetcar,Minneapolis MN USA,,Western,"1891",,,closed,,,at grade,,,"1950",,,,Metropolitan Council,"0",USA,,Western,3.15902395508069,,"0"
"1583",Streetcar,Minneapolis MN USA,,NW Terminal,"1920",,,closed,,,at grade,,,"1948",,,,Metropolitan Council,"0",USA,,NW Terminal,0.922202322505994,,"0"
"1584",Streetcar,Minneapolis MN USA,,NW Terminal,"1920",,,closed,,,at grade,,,"1948",,,,Metropolitan Council,"0",USA,,NW Terminal,0.689355542236071,,"0"
"1585",Streetcar,Minneapolis MN USA,,Glenwood Ave,"1916",,,closed,,,at grade,,,"1950",,,,Metropolitan Council,"0",USA,,Glenwood Ave,0.786724652499383,,"0"
"1586",Streetcar,Minneapolis MN USA,,Glenwood Ave,"1916",,,closed,,,at grade,,,"1950",,,,Metropolitan Council,"0",USA,,Glenwood Ave,0.138356274098444,,"0"
"1587",Streetcar,Minneapolis MN USA,,Kenwood_StLouisPark,"1892",,,closed,,,at grade,,,"1938",,,,Metropolitan Council,"0",USA,,Kenwood_StLouisPark,3.9765766766987,,"0"
"1588",Streetcar,Minneapolis MN USA,,Kenwood_StLouisPark,"1892",,,closed,,,at grade,,,"1938",,,,Metropolitan Council,"0",USA,,Kenwood_StLouisPark,0.69609651555192,,"0"
"1589",Streetcar,Minneapolis MN USA,,Kenwood_StLouisPark,"1892",,,closed,,,at grade,,,"1938",,,,Metropolitan Council,"0",USA,,Kenwood_StLouisPark,0.816080126781826,,"0"
"1590",Streetcar,Minneapolis MN USA,,Como_Harriet_Oak_Xer,"1907",,,closed,,,at grade,,,"1932",,,,Metropolitan Council,"0",USA,,Como_Harriet_Oak_Xer,0.54524777180652,,"0"
"1591",Streetcar,Minneapolis MN USA,,Como_Harriet_Oak_Xer,"1907",,,closed,,,at grade,,,"1932",,,,Metropolitan Council,"0",USA,,Como_Harriet_Oak_Xer,2.04027231154868,,"0"
"1592",Streetcar,Minneapolis MN USA,,Como_Harriet_Oak_Xer,"1883",,,closed,,,at grade,,,"1950",,,,Metropolitan Council,"0",USA,,Como_Harriet_Oak_Xer,0.292176856422819,,"0"
"1593",Streetcar,Minneapolis MN USA,,Como_Harriet_Oak_Xer,"1883",,,closed,,,at grade,,,"1950",,,,Metropolitan Council,"0",USA,,Como_Harriet_Oak_Xer,0.961517169927762,,"0"
"1594",Streetcar,Minneapolis MN USA,,Robbinsdale,"1891",,,closed,,,at grade,,,"1914",,,,Metropolitan Council,"0",USA,,Robbinsdale,1.30961210909505,,"0"
"1595",Streetcar,Minneapolis MN USA,,Robbinsdale,"1891",,,closed,,,at grade,,,"1914",,,,Metropolitan Council,"0",USA,,Robbinsdale,0.709194842956449,,"0"
"1596",Streetcar,Minneapolis MN USA,,Bryant Ave S,"1931",,,closed,,,at grade,,,"1950",,,,Metropolitan Council,"0",USA,,Bryant Ave S,0.66409274759033,,"0"
"1597",Streetcar,Minneapolis MN USA,,Bryant Ave S,"1931",,,closed,,,at grade,,,"1950",,,,Metropolitan Council,"0",USA,,Bryant Ave S,0.409004655945885,,"0"
"1598",Streetcar,Minneapolis MN USA,,Bryant Ave S,"1931",,,closed,,,at grade,,,"1950",,,,Metropolitan Council,"0",USA,,Bryant Ave S,0.133396029109957,,"0"
"1599",Streetcar,Minneapolis MN USA,,Minnehaha,"1891",,,closed,,,at grade,,,"1950",,,,Metropolitan Council,"0",USA,,Minnehaha,4.69834817497831,,"0"
"1600",Streetcar,Minneapolis MN USA,,Minnehaha,"1891",,,closed,,,at grade,,,"1950",,,,Metropolitan Council,"0",USA,,Minnehaha,0.720088420786529,,"0"
"1601",Streetcar,Minneapolis MN USA,,Phalen,"1905",,,closed,,,at grade,,,"1950",,,,Metropolitan Council,"0",USA,,Phalen,0.84711305504408,,"0"
"1602",Streetcar,Minneapolis MN USA,,Phalen,"1905",,,closed,,,at grade,,,"1950",,,,Metropolitan Council,"0",USA,,Phalen,0.558017040598317,,"0"
"1603",Streetcar,Minneapolis MN USA,,Hazel Park,"1890",,,closed,,,at grade,,,"1950",,,,Metropolitan Council,"0",USA,,Hazel Park,1.98677620509531,,"0"
"1604",Streetcar,Minneapolis MN USA,,Hazel Park,"1890",,,closed,,,at grade,,,"1950",,,,Metropolitan Council,"0",USA,,Hazel Park,15.4988515317083,,"0"
"1605",Streetcar,Minneapolis MN USA,,Minneapolis Streetcar,"1906",,,closed,,,at grade,,,"1932",,,,Metropolitan Council,"0",USA,,Minneapolis Streetcar,9.68274361917254,,"0"
"1606",Streetcar,Minneapolis MN USA,,Minneapolis Streetcar,"1913",,,closed,,,at grade,,,"1947",,,,Metropolitan Council,"0",USA,,Minneapolis Streetcar,4.78847482474991,,"0"
"1607",Streetcar,Minneapolis MN USA,,Minneapolis Streetcar,"1904",,,closed,,,at grade,,,"1932",,,,Metropolitan Council,"0",USA,,Minneapolis Streetcar,4.4686157095946,,"0"
"1608",Streetcar,Minneapolis MN USA,,Minneapolis Streetcar,"1899",,,closed,,,at grade,,,"1932",,,,Metropolitan Council,"0",USA,,Minneapolis Streetcar,11.6820981340034,,"0"
"1609",Streetcar,Minneapolis MN USA,,Minneapolis Streetcar,"1913",,,closed,,,at grade,,,"1942",,,,Metropolitan Council,"0",USA,,Minneapolis Streetcar,19.4320647829675,,"0"
"1610",Streetcar,Minneapolis MN USA,,Minneapolis Streetcar,"1905",,,closed,,,at grade,,,"1932",,,,Metropolitan Council,"0",USA,,Minneapolis Streetcar,4.03875043325083,,"0"
"1611",Streetcar,Minneapolis MN USA,,Minneapolis Streetcar,"1899",,,closed,,,at grade,,,"1932",,,,Metropolitan Council,"0",USA,,Minneapolis Streetcar,2.34966980657311,,"0"
"1612",Streetcar,Minneapolis MN USA,,Minneapolis Streetcar,"1899",,,closed,,,at grade,,,"1950",,,,Metropolitan Council,"0",USA,,Minneapolis Streetcar,0.64879118508207,,"0"
"1613",Streetcar,Minneapolis MN USA,,Minneapolis Streetcar,"1899",,,closed,,,at grade,,,"1932",,,,Metropolitan Council,"0",USA,,Minneapolis Streetcar,0.343571411043177,,"0"
"1614",Streetcar,Minneapolis MN USA,,Minneapolis Streetcar,"1899",,,closed,,,at grade,,,"1932",,,,Metropolitan Council,"0",USA,,Minneapolis Streetcar,1.65880940924888,,"0"
"1615",Streetcar,Minneapolis MN USA,,Minneapolis Streetcar,"1899",,,closed,,,at grade,,,"1950",,,,Metropolitan Council,"0",USA,,Minneapolis Streetcar,0.51749650196816,,"0"
"1616",Streetcar,Minneapolis MN USA,,Minneapolis Streetcar,"1898",,,closed,,,at grade,,,"1907",,,,Metropolitan Council,"0",USA,,Minneapolis Streetcar,3.63266972554241,,"0"
"1617",Streetcar,Minneapolis MN USA,,Minneapolis Streetcar,"1906",,,closed,,,at grade,,,"1950",,,,Metropolitan Council,"0",USA,,Minneapolis Streetcar,0.405908495922537,,"0"
"1618",Streetcar,Minneapolis MN USA,,South St Paul,"1914",,,closed,,,at grade,,,"1950",,,,Metropolitan Council,"0",USA,,South St Paul,8.34718016055053,,"0"
"1621",Streetcar,Minneapolis MN USA,,Minneapolis Streetcar,"1906",,,closed,,,at grade,,,"1950",,,,Metropolitan Council,"0",USA,,Minneapolis Streetcar,0.614259971479725,,"0"
"1622",Streetcar,Minneapolis MN USA,,South St Paul,"1914",,,closed,,,at grade,,,"1950",,,,Metropolitan Council,"0",USA,,South St Paul,0.552665955657644,,"0"
"1624",Streetcar,Minneapolis MN USA,,Como_Harriet_Oak_Xer,"1914",,,closed,,,at grade,,,"1950",,,,Metropolitan Council,"0",USA,,Como_Harriet_Oak_Xer,0.123963883015651,,"0"
"1625",Metro,Chicago IL USA,Chicago Transit Authority,East 63rd Branch,"1893",,,closed,Extension into Jackson Park only open in 1893.,,elevated,,,"1994",,,,"Yonah Freemark; OpenStreetMap contributors","0",USA,,East 63rd Branch Cottage Grove–University,0.651332517552341,,"0"
"1626",Metro,Chicago IL USA,Chicago Transit Authority,Kenwood Branch,"1907",,,closed,,,elevated,,,"1957",,,,"Yonah Freemark; OpenStreetMap contributors","0",USA,,Kenwood Branch,1.97683522825859,,"0"
"1627",Metro,Chicago IL USA,Chicago Transit Authority,Stock Yards Branch,"1908",,,closed,,,elevated,,,"1957",,,,"Yonah Freemark; OpenStreetMap contributors","0",USA,,Stock Yards Branch,4.24347105607492,,"0"
"1628",Metro,Chicago IL USA,Chicago Transit Authority,Normal Park Branch,"1907",,,closed,,,elevated,,,"1954",,,,"Yonah Freemark; OpenStreetMap contributors","0",USA,,Normal Park Branch,1.41548780549657,,"0"
"1629",Metro,Chicago IL USA,Chicago Transit Authority,South Side Elevated Terminus,"1892",,,closed,,,elevated,,,"1949",,,,"Yonah Freemark; OpenStreetMap contributors","0",USA,,South Side Elevated Terminus,0.176057580195206,,"0"
"1630",Metro,Chicago IL USA,Chicago Transit Authority,Metropolitan Main Line,"1895",,,closed,Replaced by Congress Branch.,,elevated,,,"1958",,,,"Yonah Freemark; OpenStreetMap contributors","0",USA,,Metropolitan Main Line,2.85053907902052,,"0"
"1631",Metro,Chicago IL USA,Chicago Transit Authority,Wells Street Terminal,"1904",,,closed,,,elevated,,,"1951",,,,"Yonah Freemark; OpenStreetMap contributors","0",USA,,Wells Street Terminal,0.112872276325667,,"0"
"1632",Metro,Chicago IL USA,Chicago Transit Authority,Garfield Park Branch,"1895",,,closed,,,elevated,,,"1958",,,,"Yonah Freemark; OpenStreetMap contributors","0",USA,,Garfield Park Branch,12.7824044022078,,"0"
"1633",Metro,Chicago IL USA,Chicago Transit Authority,Douglas Branch,"1896",,,closed,,,at grade,,,"1952",,,,"Yonah Freemark; OpenStreetMap contributors","0",USA,,Douglas Branch,2.9438294324161,,"0"
"1634",Metro,Chicago IL USA,Chicago Transit Authority,Northwest Branch,"1895",,,closed,,,elevated,,,"1951",,,,"Yonah Freemark; OpenStreetMap contributors","0",USA,,Northwest Branch,2.29027605343834,,"0"
"1635",Metro,Chicago IL USA,Chicago Transit Authority,Humboldt Park Branch,"1895",,,closed,,,elevated,,,"1952",,,,"Yonah Freemark; OpenStreetMap contributors","0",USA,,Humboldt Park Branch,3.35110898648732,,"0"
"1636",Metro,Chicago IL USA,Chicago Transit Authority,North Water Terminal,"1908",,,closed,,,elevated,,,"1949",,,,"Yonah Freemark; OpenStreetMap contributors","0",USA,,North Water Terminal,0.248945677868191,,"0"
"1637",Interurban,Chicago IL USA,Chicago Aurora & Elgin,Westchester Branch,"1926",,,closed,,,elevated,,,"1951",,,,"Yonah Freemark; OpenStreetMap contributors","0",USA,,Westchester Branch,3.46836618485371,,"0"
"1638",Metro,New York NY USA,MTA,BMT Myrtle Avenue Line,"1889",,,closed,,,elevated,,,"1969",,,,"Yonah Freemark; OpenStreetMap contributors","0",USA,,BMT Myrtle Avenue Line,5.8677419701806,,"0"
"1639",Metro,New York NY USA,MTA,Culver Shuttle,"1919",,,closed,,,elevated,,,"1975",,,,"Yonah Freemark; OpenStreetMap contributors","0",USA,,Culver Shuttle,1.61706053920632,,"0"
"1640",Metro,New York NY USA,Brooklyn-Manhattan Transit,BMT Fifth Avenue Line,"1888",,,closed,,,elevated,,,"1940",,,,"Yonah Freemark; OpenStreetMap contributors","0",USA,,BMT Fifth Avenue Line,7.5293989748324,,"0"
"1641",Metro,New York NY USA,Brooklyn-Manhattan Transit,BMT Lexington Avenue Line,"1885",,,closed,,,elevated,,,"1950",,,,"Yonah Freemark; OpenStreetMap contributors","0",USA,,BMT Lexington Avenue Line,4.10344860195236,,"0"
"1642",Metro,New York NY USA,Independent Subway System,World's Fair Line,"1939",,,closed,,,at grade,,,"1940",,,,"Yonah Freemark; OpenStreetMap contributors","0",USA,,World's Fair Line,3.39949753253289,,"0"
"1643",Metro,New York NY USA,Independent Subway System,Court Street Terminus,"1936",,,closed,,,subway,,,"1946",,,,"Yonah Freemark; OpenStreetMap contributors","0",USA,,Court Street Terminus,0.448389029168662,,"0"
"1644",Metro,New York NY USA,Brooklyn-Manhattan Transit,L,"1906",,,closed,,,at grade,,,"1920",,,,"Yonah Freemark; OpenStreetMap contributors","0",USA,,BMT Canarsie Line to Canarsie Pier,2.41739374347408,,"0"
"1645",Metro,New York NY USA,Brooklyn-Manhattan Transit,BMT Jamaica Line to Broadway Ferry,"1888",,,closed,,,elevated,,,"1916",,,,"Yonah Freemark; OpenStreetMap contributors","0",USA,,BMT Jamaica Line to Broadway Ferry,0.835632802384901,,"0"
"1646",Metro,New York NY USA,MTA,BMT Jamaica Line Jamaica portion,"1918",,,closed,Closed in 1977-1985.,,elevated,,,"1985",,,,"Yonah Freemark; OpenStreetMap contributors","0",USA,,BMT Jamaica Line Jamaica portion,2.79088220685695,,"0"
"1647",Metro,New York NY USA,MTA,Bronx Park Spur,"1904",,,closed,,,elevated,,,"1952",,,,"Yonah Freemark; OpenStreetMap contributors","0",USA,,Bronx Park Spur,0.195722058761969,,"0"
"1648",Metro,New York NY USA,MTA,South Ferry Loop,"1918",,,closed,Was closed temporarily from 2009-2013.,,subway,,,"2017",,,,"Yonah Freemark; OpenStreetMap contributors","0",USA,,South Ferry Loop,0.797482174381798,,"0"
"1649",Metro,New York NY USA,Interborough Rapid Transit,IRT Ninth Avenue Line,"1867",,,closed,Closed in 1940-1958.,,elevated,,,"1958",,,,"Yonah Freemark; OpenStreetMap contributors","0",USA,,IRT Ninth Avenue Line,17.369027619023,,"0"
"1650",Metro,New York NY USA,MTA,IRT Third Avenue Line,"1878",,,closed,Closed between 1950-1973.,,elevated,,,"1973",,,,"Yonah Freemark; OpenStreetMap contributors","0",USA,,IRT Third Avenue Line,24.4261371918717,,"0"
"1651",Metro,New York NY USA,Interborough Rapid Transit,IRT Second Avenue Line,"1878",,,closed,Closed from 1940-1942.,,elevated,,,"1942",,,,"Yonah Freemark; OpenStreetMap contributors","0",USA,,IRT Second Avenue Line,12.1378648055332,,"0"
"1652",Metro,New York NY USA,Interborough Rapid Transit,34th Street Shuttle,"1880",,,closed,,,elevated,,,"1930",,,,"Yonah Freemark; OpenStreetMap contributors","0",USA,,34th Street Shuttle,0.567448733197249,,"0"
"1653",Metro,New York NY USA,Interborough Rapid Transit,IRT Third Avenue Line City Hall Spur,"1879",,,closed,,,elevated,,,"1953",,,,"Yonah Freemark; OpenStreetMap contributors","0",USA,,IRT Third Avenue Line City Hall Spur,0.391628260788391,,"0"
"1654",Metro,New York NY USA,Brooklyn Manhattan Transit,BMT Fulton Street Line,"1889",,,closed,,,elevated,,,"1956",,,,"Yonah Freemark; OpenStreetMap contributors","0",USA,,BMT Fulton Street Line,0.789585826859953,,"0"
"1655",Metro,New York NY USA,Brooklyn Manhattan Transit,BMT Fulton Street Line,"1889",,,closed,,,elevated,,,"1956",,,,"Yonah Freemark; OpenStreetMap contributors","0",USA,,BMT Fulton Street Line,0.624645532740478,,"0"
"1656",Metro,New York NY USA,Brooklyn Manhattan Transit,BMT Fulton Street Line,"1888",,,closed,,,elevated,,,"1940",,,,"Yonah Freemark; OpenStreetMap contributors","0",USA,,BMT Fulton Street Line,1.51321810929254,,"0"
"1657",Metro,New York NY USA,Interborough Rapid Transit,IRT Sixth Avenue Line,"1879",,,closed,,,elevated,,,"1938",,,,"Yonah Freemark; OpenStreetMap contributors","0",USA,,IRT Sixth Avenue Line,0.430200640352436,,"0"
"1658",Metro,Boston MA USA,Boston Elevated Railway,Main Line Elevated,"1901",,,closed,,,elevated,,,"1975",,,,"Yonah Freemark; OpenStreetMap contributors","0",USA,,Main Line Elevated,13.3782733788793,,"0"
"1659",Metro,Boston MA USA,Boston Elevated Railway,Atlantic Elevated,"1901",,,closed,,,elevated,,,"1938",,,,"Yonah Freemark; OpenStreetMap contributors","0",USA,,Atlantic Elevated,4.23554857066466,,"0"
"1660",Metro,Boston MA USA,Boston Elevated Railway,Pleasant Street Incline,"1897",,,closed,Passage from elevated into subway.,,subway,,,"1961",,,,"Yonah Freemark; OpenStreetMap contributors","0",USA,,Pleasant Street Incline,0.618992746115857,,"0"
"1661",Light Rail,Boston MA USA,MBTA,Green Line,"1857",,,closed,,,at grade,,,"1985",,,,"Yonah Freemark; OpenStreetMap contributors","0",USA,,Green Line E Branch to Forest Hills,3.08270360166229,,"0"
"1662",Light Rail,Boston MA USA,MBTA,Green Line,"1856",,,closed,,,at grade,,,"1969",,,,"Yonah Freemark; OpenStreetMap contributors","0",USA,,Green Line A Branch,6.11660664502476,,"0"
"1663",Commuter Rail,Chicago IL USA,Metra,Milwaukee District North to Walworth,"1895",,,closed,Year open is estimated.,,at grade,,,"1982",,,,"Yonah Freemark; OpenStreetMap contributors","0",USA,,Milwaukee & St. Paul Railroad,38.5460668574448,,"0"
"1664",Commuter Rail,Chicago IL USA,Metra,SouthWest Service to Dearborn Station,"1883",,,closed,,,at grade,,,"1976",,,,"Yonah Freemark; OpenStreetMap contributors","0",USA,,SouthWest Service to Dearborn Station,2.59405784309461,,"0"
"1665",Commuter Rail,Chicago IL USA,Union Pacific,Union Pacific North to Milwaukee,"1855",,,closed,,,at grade,,,"1971",,,,"Yonah Freemark; OpenStreetMap contributors","0",USA,,Chicago & Milwaukee Railroad,52.5460945419455,,"0"
"1666",Commuter Rail,Chicago IL USA,Union Pacific,Union Pacific Northwest to Williams Bay,"1910",,,closed,"Year open is estimated; partly closed in 1966-1975.",,at grade,,,"1980",,,,"Yonah Freemark; OpenStreetMap contributors","0",USA,,Union Pacific Northwest to Williams Bay,41.7630798197835,,"0"
"1667",Commuter Rail,Chicago IL USA,Union Pacific,Union Pacific Northwest to Evansville,"1910",,,closed,Year open is estimated.,,at grade,,,"1966",,,,"Yonah Freemark; OpenStreetMap contributors","0",USA,,Union Pacific Northwest to Evansville,72.0915016192213,,"0"
"1669",Bus Rapid Transit,Winnipeg MB CAN,Winnipeg Transit,Southwest Transitway,"2012",50,,existing,,,at grade,2009-2011,,,,,,"Yonah Freemark; OpenStreetMap contributors","0",CAN,Basic,Southwest Transitway Phase 1,3.59775080125632,,"0"
"1670",Commuter Rail,Chicago IL USA,Union Pacific,Union Pacific West - St. Charles Branch,"1871",,,closed,,,at grade,,,"1951",,,,"Yonah Freemark; OpenStreetMap contributors","0",USA,,St. Charles Branch,3.77704887860979,,"0"
"1671",Commuter Rail,Chicago IL USA,South Shore Line,South Shore to South Bend (Washington),"1908",,,closed,,,at grade,,,"1992",,,,"Yonah Freemark; OpenStreetMap contributors","0",USA,,"Chicago, Lake Shore and South Bend Railway",2.04877704715111,,"0"
"1672",Commuter Rail,Chicago IL USA,South Shore Line,South Shore to Downtown South Bend,"1908",,,closed,Ran on the streets of South Bend.,,at grade,,,"1921",,,,"Yonah Freemark; OpenStreetMap contributors","0",USA,,"Chicago, Lake Shore and South Bend Railway",3.198671613879,,"0"
"1673",Commuter Rail,Dallas TX USA,Trinity Metro,TEXRail,,100,,planned,"Funded in part through federal grant; received a BUILD grant.",,at grade,,,,,,,"Yonah Freemark; OpenStreetMap contributors","0",USA,,TEXRail Medical District Extension,3.38285736923972,,"0"
"1674",Streetcar,Dallas TX USA,Tandy,Tandy Center Subway,"1963",,,closed,,,"subway; at grade",,,"2002",,,,"Yonah Freemark; OpenStreetMap contributors","0",USA,,Tandy Center Subway,1.21701727379423,,"0"
"1677",Light Rail,Charlotte NC USA,CATS,Lynx Blue Line,,,,proposed,,https://charlottenc.gov/cats/transit-planning/Pages/Pineville-Ballantyne.aspx,at grade,,,,,,,"Yonah Freemark; OpenStreetMap contributors","0",USA,,Pineville/Ballantyne Extension,8.37987911265699,,"0"
"1678",Streetcar,Los Angeles CA USA,Los Angeles Railway,A - West Adams Blvd. and Angeleno Heights,"1895",,,closed,Years open and closed estimated,,at grade,,,"1963",,,,Leah Brooks and Byron Lutz,"0",USA,,A - West Adams Blvd. and Angeleno Heights,14.2832583764136,,"0"
"1679",Streetcar,Los Angeles CA USA,Los Angeles Railway,A - West Adams Blvd. and Angeleno Heights,"1895",,,closed,Years open and closed estimated,,at grade,,,"1963",,,,Leah Brooks and Byron Lutz,"0",USA,,A - West Adams Blvd. and Angeleno Heights,15.0709683383704,,"0"
"1680",Streetcar,Los Angeles CA USA,Los Angeles Railway,B - Brooklyn and Hooper Aves.,"1895",,,closed,Years open and closed estimated,,at grade,,,"1963",,,,Leah Brooks and Byron Lutz,"0",USA,,B - Brooklyn and Hooper Aves.,16.0497716338578,,"0"
"1681",Streetcar,Los Angeles CA USA,Los Angeles Railway,D - West 6th St. and Central Station,"1895",,,closed,Years open and closed estimated,,at grade,,,"1963",,,,Leah Brooks and Byron Lutz,"0",USA,,D - West 6th St. and Central Station,4.99741443189749,,"0"
"1682",Streetcar,Los Angeles CA USA,Los Angeles Railway,F - East 4th and Hoover,"1895",,,closed,Years open and closed estimated,,at grade,,,"1963",,,,Leah Brooks and Byron Lutz,"0",USA,,F - East 4th and Hoover,20.749418259826,,"0"
"1683",Streetcar,Los Angeles CA USA,Los Angeles Railway,G - Griffith Ave.,"1895",,,closed,Years open and closed estimated,,at grade,,,"1963",,,,Leah Brooks and Byron Lutz,"0",USA,,G - Griffith Ave.,7.91478691500432,,"0"
"1684",Streetcar,Los Angeles CA USA,Los Angeles Railway,H - Maple Ave. and Heliotrope Ave.,"1895",,,closed,Years open and closed estimated,,at grade,,,"1963",,,,Leah Brooks and Byron Lutz,"0",USA,,H - Maple Ave. and Heliotrope Ave.,15.8779819501104,,"0"
"1685",Streetcar,Los Angeles CA USA,Los Angeles Railway,I - West 1st St.,"1895",,,closed,Years open and closed estimated,,at grade,,,"1963",,,,Leah Brooks and Byron Lutz,"0",USA,,I - West 1st St.,2.34776421210456,,"0"
"1686",Streetcar,Los Angeles CA USA,Los Angeles Railway,K - East Jefferson Blvd. and South Vermont Ave.,"1895",,,closed,Years open and closed estimated,,at grade,,,"1963",,,,Leah Brooks and Byron Lutz,"0",USA,,K - East Jefferson Blvd. and South Vermont Ave.,10.1779600809681,,"0"
"1687",Streetcar,Los Angeles CA USA,Los Angeles Railway,L - West 11th and West Temple Sts.,"1895",,,closed,Years open and closed estimated,,at grade,,,"1963",,,,Leah Brooks and Byron Lutz,"0",USA,,L - West 11th and West Temple Sts.,17.6415392397763,,"0"
"1688",Streetcar,Los Angeles CA USA,Los Angeles Railway,N - West 9th St. and Civic Center,"1895",,,closed,Years open and closed estimated,,at grade,,,"1963",,,,Leah Brooks and Byron Lutz,"0",USA,,N - West 9th St. and Civic Center,7.95093985716615,,"0"
"1689",Streetcar,Los Angeles CA USA,Los Angeles Railway,O - North and South Main St,"1895",,,closed,Years open and closed estimated,,at grade,,,"1963",,,,Leah Brooks and Byron Lutz,"0",USA,,O - North and South Main St,14.5828826612874,,"0"
"1690",Streetcar,Los Angeles CA USA,Los Angeles Railway,P - West Pico and East 1st Sts.,"1895",,,closed,Year open estimated,,at grade,,,"1963",,,,Leah Brooks and Byron Lutz,"0",USA,,P - West Pico and East 1st Sts.,16.0629039892294,,"0"
"1691",Streetcar,Los Angeles CA USA,Los Angeles Railway,R - Whittier Blvd. and West 3rd St.,"1895",,,closed,Year open estimated,,at grade,,,"1963",,,,Leah Brooks and Byron Lutz,"0",USA,,R - Whittier Blvd. and West 3rd St.,17.7580169212283,,"0"
"1692",Streetcar,Los Angeles CA USA,Los Angeles Railway,S - San Pedro St. and Western Ave.,"1895",,,closed,Year open estimated,,at grade,,,"1963",,,,Leah Brooks and Byron Lutz,"0",USA,,S - San Pedro St. and Western Ave.,20.0449108768122,,"0"
"1694",Streetcar,Los Angeles CA USA,Los Angeles Railway,U - University and Central Ave.,"1895",,,closed,Years open and closed estimated,,at grade,,,"1963",,,,Leah Brooks and Byron Lutz,"0",USA,,U - University and Central Ave.,16.3577325712358,,"0"
"1695",Streetcar,Los Angeles CA USA,Los Angeles Railway,V - Vernon and Vermont Aves.,"1895",,,closed,Year open estimated,,at grade,,,"1963",,,,Leah Brooks and Byron Lutz,"0",USA,,V - Vernon and Vermont Aves.,17.7452331825289,,"0"
"1696",Streetcar,Los Angeles CA USA,Los Angeles Railway,W - West Washington Blvd. and Highland Park,"1895",,,closed,Year open estimated,,at grade,,,"1963",,,,Leah Brooks and Byron Lutz,"0",USA,,W - West Washington Blvd. and Highland Park,22.8243305952327,,"0"
"1697",Streetcar,Los Angeles CA USA,Los Angeles Railway,W - West Washington Blvd. and Highland Park,"1895",,,closed,Year open estimated,,at grade,,,"1963",,,,Leah Brooks and Byron Lutz,"0",USA,,W - West Washington Blvd. and Highland Park,23.133400287576,,"0"
"1698",Streetcar,Los Angeles CA USA,Los Angeles Railway,V - Vernon and Vermont Aves.,"1895",,,closed,Years open and closed estimated,,at grade,,,"1963",,,,Leah Brooks and Byron Lutz,"0",USA,,V - Vernon and Vermont Aves.,16.6920076069615,,"0"
"1699",Streetcar,Los Angeles CA USA,Los Angeles Railway,2 - Griffin Ave-Crown Hill,"1895",,,closed,Years open and closed estimated,,at grade,,,"1963",,,,Leah Brooks and Byron Lutz,"0",USA,,2 - Griffin Ave-Crown Hill,10.3926414153408,,"0"
"1700",Streetcar,Los Angeles CA USA,Los Angeles Railway,3 - West 6th St-Larchmont,"1895",,,closed,Years open and closed estimated,,at grade,,,"1963",,,,Leah Brooks and Byron Lutz,"0",USA,,3 - West 6th St-Larchmont,10.6942896509861,,"0"
"1701",Streetcar,Los Angeles CA USA,Los Angeles Railway,5 - Eagle Rock - Hawthorne,"1895",,,closed,Years open and closed estimated,,at grade,,,"1963",,,,Leah Brooks and Byron Lutz,"0",USA,,5 - Eagle Rock - Hawthorne,35.1607580651816,,"0"
"1702",Streetcar,Los Angeles CA USA,Los Angeles Railway,6 - Eagle Rock-Hawthorne,"1895",,,closed,Years open and closed estimated,,at grade,,,"1963",,,,Leah Brooks and Byron Lutz,"0",USA,,6 - Eagle Rock-Hawthorne,28.8090952113058,,"0"
"1703",Streetcar,Los Angeles CA USA,Los Angeles Railway,7 - South Broadway - Civic Center,"1895",,,closed,Years open and closed estimated,,at grade,,,"1963",,,,Leah Brooks and Byron Lutz,"0",USA,,7 - South Broadway - Civic Center,15.6588569568856,,"0"
"1704",Streetcar,Los Angeles CA USA,Los Angeles Railway,8 - West 54th St. - Civic Center,"1895",,,closed,Years open and closed estimated,,at grade,,,"1963",,,,Leah Brooks and Byron Lutz,"0",USA,,8 - West 54th St. - Civic Center,13.146398681251,,"0"
"1705",Streetcar,Los Angeles CA USA,Los Angeles Railway,9 - West 48th - East 2nd Sts.,"1895",,,closed,Years open and closed estimated,,at grade,,,"1963",,,,Leah Brooks and Byron Lutz,"0",USA,,9 - West 48th - East 2nd Sts.,13.4278512276431,,"0"
"1706",Streetcar,Los Angeles CA USA,Los Angeles Railway,10 - Lincoln Park - Vernon/Arlington,"1895",,,closed,Years open and closed estimated,,at grade,,,"1963",,,,Leah Brooks and Byron Lutz,"0",USA,,10 - Lincoln Park - Vernon/Arlington,16.033800590507,,"0"
"1707",Streetcar,Los Angeles CA USA,Los Angeles Railway,31 - Boyle Ave. Shuttle,"1895",,,closed,Years open and closed estimated,,at grade,,,"1963",,,,Leah Brooks and Byron Lutz,"0",USA,,31 - Boyle Ave. Shuttle,0.985899390359217,,"0"
"1708",Streetcar,Los Angeles CA USA,Los Angeles Railway,32 - Edgeware Rd. Shuttle,"1895",,,closed,Years open and closed estimated,,at grade,,,"1963",,,,Leah Brooks and Byron Lutz,"0",USA,,32 - Edgeware Rd. Shuttle,0.756533945789972,,"0"
"1709",Streetcar,Los Angeles CA USA,Los Angeles Railway,33 - Evergreen Ave. Shuttle,"1895",,,closed,Years open and closed estimated,,at grade,,,"1963",,,,Leah Brooks and Byron Lutz,"0",USA,,33 - Evergreen Ave. Shuttle,4.79520598400343,,"0"
"1710",Streetcar,Los Angeles CA USA,Los Angeles Railway,34 - Gage St. Shuttle,"1895",,,closed,Years open and closed estimated,,at grade,,,"1963",,,,Leah Brooks and Byron Lutz,"0",USA,,34 - Gage St. Shuttle,1.16347271180692,,"0"
"1711",Streetcar,Los Angeles CA USA,Los Angeles Railway,35 - Indiana St. Shuttle,"1895",,,closed,Years open and closed estimated,,at grade,,,"1963",,,,Leah Brooks and Byron Lutz,"0",USA,,35 - Indiana St. Shuttle,1.3315424675343,,"0"
"1712",Streetcar,Los Angeles CA USA,Los Angeles Railway,36 - Mateo St. Shuttle,"1895",,,closed,Years open and closed estimated,,at grade,,,"1963",,,,Leah Brooks and Byron Lutz,"0",USA,,36 - Mateo St. Shuttle,1.6566144626537,,"0"
"1713",Streetcar,Los Angeles CA USA,Los Angeles Railway,37 - 61st St. Shuttle,"1895",,,closed,Years open and closed estimated,,at grade,,,"1963",,,,Leah Brooks and Byron Lutz,"0",USA,,37 - 61st St. Shuttle,1.20500482767696,,"0"
"1714",Streetcar,Los Angeles CA USA,Los Angeles Railway,J - West Jefferson Blvd. and Huntington Park,"1895",,,closed,Year open estimated,,at grade,,,"1963",,,,Leah Brooks and Byron Lutz,"0",USA,,J - West Jefferson Blvd. and Huntington Park,19.5823345575526,,"0"
"1715",Interurban,Los Angeles CA USA,Pacific Electric,Alhambra-San Gabriel,"1901",,,closed,Years open and closed estimated.,,at grade,,,"1961",,,,Leah Brooks and Byron Lutz,"0",USA,,Alhambra-San Gabriel,19.5103625743928,,"0"
"1716",Interurban,Los Angeles CA USA,Pacific Electric,Alhambra-San Gabriel,"1901",,,closed,Years open and closed estimated.,,at grade,,,"1961",,,,Leah Brooks and Byron Lutz,"0",USA,,Alhambra-San Gabriel,19.9024629140004,,"0"
"1717",Interurban,Los Angeles CA USA,Pacific Electric,El Monte-Covina-Pomona,"1901",,,closed,Years open and closed estimated.,,at grade,,,"1961",,,,Leah Brooks and Byron Lutz,"0",USA,,El Monte-Covina-Pomona,51.8264105527367,,"0"
"1718",Interurban,Los Angeles CA USA,Pacific Electric,Pomona-Claremont,"1901",,,closed,Years open and closed estimated.,,at grade,,,"1961",,,,Leah Brooks and Byron Lutz,"0",USA,,Pomona-Claremont,7.03934078989671,,"0"
"1719",Interurban,Los Angeles CA USA,Pacific Electric,San Dimas Junction-San Dimas,"1901",,,closed,Years open and closed estimated.,,at grade,,,"1961",,,,Leah Brooks and Byron Lutz,"0",USA,,San Dimas Junction-San Dimas,2.41248296025637,,"0"
"1720",Interurban,Los Angeles CA USA,Pacific Electric,Monrovia-Glendora,"1901",,,closed,Years open and closed estimated.,,at grade,,,"1961",,,,Leah Brooks and Byron Lutz,"0",USA,,Monrovia-Glendora,41.7013854976866,,"0"
"1721",Interurban,Los Angeles CA USA,Pacific Electric,Pasadena via Oak Knoll,"1901",,,closed,Years open and closed estimated.,,at grade,,,"1961",,,,Leah Brooks and Byron Lutz,"0",USA,,Pasadena via Oak Knoll,23.1747439439148,,"0"
"1722",Interurban,Los Angeles CA USA,Pacific Electric,Pasadena via Oak Knoll,"1901",,,closed,Years open and closed estimated.,,at grade,,,"1961",,,,Leah Brooks and Byron Lutz,"0",USA,,Pasadena via Oak Knoll,22.78298593819,,"0"
"1723",Interurban,Los Angeles CA USA,Pacific Electric,Pasadena Short Line,"1901",,,closed,Years open and closed estimated.,,at grade,,,"1961",,,,Leah Brooks and Byron Lutz,"0",USA,,Pasadena Short Line,18.9410103116075,,"0"
"1724",Interurban,Los Angeles CA USA,Pacific Electric,Pasadena Short Line,"1901",,,closed,Years open and closed estimated.,,at grade,,,"1961",,,,Leah Brooks and Byron Lutz,"0",USA,,Pasadena Short Line,18.402140766919,,"0"
"1725",Interurban,Los Angeles CA USA,Pacific Electric,Shorb,"1901",,,closed,Years open and closed estimated.,,at grade,,,"1961",,,,Leah Brooks and Byron Lutz,"0",USA,,Shorb,1.28096318586455,,"0"
"1726",Interurban,Los Angeles CA USA,Pacific Electric,Sierra Madre,"1901",,,closed,Years open and closed estimated.,,at grade,,,"1961",,,,Leah Brooks and Byron Lutz,"0",USA,,Sierra Madre,26.6497016760695,,"0"
"1727",Interurban,Los Angeles CA USA,Pacific Electric,Sierra Madre,"1901",,,closed,Years open and closed estimated.,,at grade,,,"1961",,,,Leah Brooks and Byron Lutz,"0",USA,,Sierra Madre,27.0414545813108,,"0"
"1728",Interurban,Los Angeles CA USA,Pacific Electric,Sierra Vista Local,"1901",,,closed,Years open and closed estimated.,,at grade,,,"1961",,,,Leah Brooks and Byron Lutz,"0",USA,,Sierra Vista Local,12.0342387993259,,"0"
"1729",Interurban,Los Angeles CA USA,Pacific Electric,Altadena,"1901",,,closed,Years open and closed estimated.,,at grade,,,"1961",,,,Leah Brooks and Byron Lutz,"0",USA,,Altadena,6.87930174256095,,"0"
"1730",Interurban,Los Angeles CA USA,Pacific Electric,Long Beach,"1901",,,closed,Year open estimated.,,at grade,,,"1961",,,,Leah Brooks and Byron Lutz,"0",USA,,Long Beach,33.7567982322946,,"0"
"1731",Interurban,Los Angeles CA USA,Pacific Electric,Watts,"1901",,,closed,Years open and closed estimated.,,at grade,,,"1961",,,,Leah Brooks and Byron Lutz,"0",USA,,Watts,12.0561833637095,,"0"
"1732",Interurban,Los Angeles CA USA,Pacific Electric,American Ave.-North Long Beach,"1901",,,closed,Years open and closed estimated.,,at grade,,,"1961",,,,Leah Brooks and Byron Lutz,"0",USA,,American Ave.-North Long Beach,4.86142117164121,,"0"
"1733",Interurban,Los Angeles CA USA,Pacific Electric,East Washington St.,"1901",,,closed,Years open and closed estimated.,,at grade,,,"1961",,,,Leah Brooks and Byron Lutz,"0",USA,,East Washington St.,6.61640002873527,,"0"
"1734",Interurban,Los Angeles CA USA,Pacific Electric,Lamanda Park,"1901",,,closed,Years open and closed estimated.,,at grade,,,"1961",,,,Leah Brooks and Byron Lutz,"0",USA,,Lamanda Park,5.31365876173342,,"0"
"1735",Interurban,Los Angeles CA USA,Pacific Electric,Lincoln Ave.,"1901",,,closed,Years open and closed estimated.,,at grade,,,"1961",,,,Leah Brooks and Byron Lutz,"0",USA,,Lincoln Ave.,4.17047333279348,,"0"
"1736",Interurban,Los Angeles CA USA,Pacific Electric,Montana St.,"1901",,,closed,Years open and closed estimated.,,at grade,,,"1961",,,,Leah Brooks and Byron Lutz,"0",USA,,Montana St.,3.87092542116041,,"0"
"1737",Interurban,Los Angeles CA USA,Pacific Electric,North Lake Ave.,"1901",,,closed,Years open and closed estimated.,,at grade,,,"1961",,,,Leah Brooks and Byron Lutz,"0",USA,,North Lake Ave.,6.29509451630152,,"0"
"1738",Interurban,Los Angeles CA USA,Pacific Electric,North Loop Line,"1901",,,closed,Years open and closed estimated.,,at grade,,,"1961",,,,Leah Brooks and Byron Lutz,"0",USA,,North Loop Line,5.21556770696721,,"0"
"1739",Interurban,Los Angeles CA USA,Pacific Electric,Orange Grove Ave.,"1901",,,closed,Years open and closed estimated.,,at grade,,,"1961",,,,Leah Brooks and Byron Lutz,"0",USA,,Orange Grove Ave.,3.62003102831045,,"0"
"1740",Interurban,Los Angeles CA USA,Pacific Electric,Tournament Park,"1901",,,closed,Years open and closed estimated.,,at grade,,,"1961",,,,Leah Brooks and Byron Lutz,"0",USA,,Tournament Park,3.02259220062903,,"0"
"1741",Interurban,Los Angeles CA USA,Pacific Electric,Arroyo Seco,"1901",,,closed,Years open and closed estimated.,,at grade,,,"1961",,,,Leah Brooks and Byron Lutz,"0",USA,,Arroyo Seco,2.72582720809062,,"0"
"1742",Interurban,Los Angeles CA USA,Pacific Electric,Garey and Park Ave.,"1901",,,closed,Years open and closed estimated.,,at grade,,,"1961",,,,Leah Brooks and Byron Lutz,"0",USA,,Garey and Park Ave.,7.47487726264739,,"0"
"1743",Interurban,Los Angeles CA USA,Pacific Electric,West 2nd and Park Ave.,"1901",,,closed,Years open and closed estimated.,,at grade,,,"1961",,,,Leah Brooks and Byron Lutz,"0",USA,,West 2nd and Park Ave.,6.94949360982874,,"0"
"1744",Interurban,Los Angeles CA USA,Pacific Electric,Holt and East 5th St.,"1901",,,closed,Years open and closed estimated.,,at grade,,,"1961",,,,Leah Brooks and Byron Lutz,"0",USA,,Holt and East 5th St.,5.11330731504806,,"0"
"1745",Interurban,Los Angeles CA USA,Pacific Electric,Annandale,"1901",,,closed,Years open and closed estimated.,,at grade,,,"1961",,,,Leah Brooks and Byron Lutz,"0",USA,,Annandale,2.26591398020403,,"0"
"1746",Interurban,Los Angeles CA USA,Pacific Electric,South Pasadena,"1901",,,closed,Years open and closed estimated.,,at grade,,,"1961",,,,Leah Brooks and Byron Lutz,"0",USA,,South Pasadena,15.0682301569632,,"0"
"1747",Interurban,Los Angeles CA USA,Pacific Electric,East 3rd St.-Redondo Ave.,"1901",,,closed,Years open and closed estimated.,,at grade,,,"1961",,,,Leah Brooks and Byron Lutz,"0",USA,,East 3rd St.-Redondo Ave.,10.7808052570571,,"0"
"1748",Interurban,Los Angeles CA USA,Pacific Electric,East 7th St.,"1901",,,closed,Years open and closed estimated.,,at grade,,,"1961",,,,Leah Brooks and Byron Lutz,"0",USA,,East 7th St.,4.77048855614316,,"0"
"1749",Interurban,Los Angeles CA USA,Pacific Electric,Magnolia Ave.,"1901",,,closed,Years open and closed estimated.,,at grade,,,"1961",,,,Leah Brooks and Byron Lutz,"0",USA,,Magnolia Ave.,2.9510255916858,,"0"
"1750",Interurban,Los Angeles CA USA,Pacific Electric,Pine Ave.,"1901",,,closed,Years open and closed estimated.,,at grade,,,"1961",,,,Leah Brooks and Byron Lutz,"0",USA,,Pine Ave.,2.31536476686169,,"0"
"1751",Interurban,Los Angeles CA USA,Pacific Electric,Pine Ave.,"1901",,,closed,Years open and closed estimated.,,at grade,,,"1961",,,,Leah Brooks and Byron Lutz,"0",USA,,Pine Ave.,2.31810000410579,,"0"
"1752",Interurban,Los Angeles CA USA,Pacific Electric,Seaside Park,"1901",,,closed,Years open and closed estimated.,,at grade,,,"1961",,,,Leah Brooks and Byron Lutz,"0",USA,,Seaside Park,3.64890348660925,,"0"
"1753",Interurban,Los Angeles CA USA,Pacific Electric,Long Beach-Alamitos Bay-Seal Beach,"1901",,,closed,Years open and closed estimated.,,at grade,,,"1961",,,,Leah Brooks and Byron Lutz,"0",USA,,Long Beach-Alamitos Bay-Seal Beach,8.32477753927483,,"0"
"1754",Interurban,Los Angeles CA USA,Pacific Electric,Long Beach-San Pedro,"1901",,,closed,Year open estimated.,,at grade,,,"1958",,,,Leah Brooks and Byron Lutz,"0",USA,,Long Beach-San Pedro,12.3639174452855,,"0"
"1755",Interurban,Los Angeles CA USA,Pacific Electric,Long Beach-San Pedro,"1901",,,closed,Year open estimated.,,at grade,,,"1958",,,,Leah Brooks and Byron Lutz,"0",USA,,Long Beach-San Pedro,12.5460440429956,,"0"
"1756",Interurban,Los Angeles CA USA,Pacific Electric,Newport Beach,"1901",,,closed,Years open and closed estimated.,,at grade,,,"1961",,,,Leah Brooks and Byron Lutz,"0",USA,,Newport Beach,38.1249979805357,,"0"
"1757",Interurban,Los Angeles CA USA,Pacific Electric,San Pedro via Gardena,"1901",,,closed,Years open and closed estimated.,,at grade,,,"1961",,,,Leah Brooks and Byron Lutz,"0",USA,,San Pedro via Gardena,41.5198511587839,,"0"
"1758",Interurban,Los Angeles CA USA,Pacific Electric,La Rambla,"1901",,,closed,Years open and closed estimated.,,at grade,,,"1961",,,,Leah Brooks and Byron Lutz,"0",USA,,La Rambla,2.57764589821353,,"0"
"1759",Interurban,Los Angeles CA USA,Pacific Electric,Outer Harbor,"1901",,,closed,Years open and closed estimated.,,at grade,,,"1961",,,,Leah Brooks and Byron Lutz,"0",USA,,Outer Harbor,2.35050007916176,,"0"
"1760",Interurban,Los Angeles CA USA,Pacific Electric,Point Firmin,"1901",,,closed,Years open and closed estimated.,,at grade,,,"1961",,,,Leah Brooks and Byron Lutz,"0",USA,,Point Firmin,4.93470510472561,,"0"
"1761",Interurban,Los Angeles CA USA,Pacific Electric,Redondo Beach via Gardena,"1901",,,closed,Years open and closed estimated.,,at grade,,,"1961",,,,Leah Brooks and Byron Lutz,"0",USA,,Redondo Beach via Gardena,35.5555259247152,,"0"
"1762",Interurban,Los Angeles CA USA,Pacific Electric,West 16th St.,"1901",,,closed,Years open and closed estimated.,,at grade,,,"1961",,,,Leah Brooks and Byron Lutz,"0",USA,,West 16th St.,8.84651593439478,,"0"
"1763",Interurban,Los Angeles CA USA,Pacific Electric,Laurel Canyon,"1901",,,closed,Years open and closed estimated.,,at grade,,,"1961",,,,Leah Brooks and Byron Lutz,"0",USA,,Laurel Canyon,1.17592097131944,,"0"
"1764",Interurban,Los Angeles CA USA,Pacific Electric,Hollywood-Gardner Junction,"1901",,,closed,Years open and closed estimated.,,at grade,,,"1961",,,,Leah Brooks and Byron Lutz,"0",USA,,Hollywood-Gardner Junction,14.054851287309,,"0"
"1765",Interurban,Los Angeles CA USA,Pacific Electric,Highland Ave.,"1901",,,closed,Years open and closed estimated.,,at grade,,,"1961",,,,Leah Brooks and Byron Lutz,"0",USA,,Highland Ave.,2.29158112514775,,"0"
"1766",Interurban,Los Angeles CA USA,Pacific Electric,South Hollywood-Sherman,"1901",,,closed,Years open and closed estimated.,,at grade,,,"1961",,,,Leah Brooks and Byron Lutz,"0",USA,,South Hollywood-Sherman,16.5419589979429,,"0"
"1767",Interurban,Los Angeles CA USA,Pacific Electric,Echo Park Ave.-Cerro Gordo,"1901",,,closed,Years open and closed estimated.,,at grade,,,"1961",,,,Leah Brooks and Byron Lutz,"0",USA,,Echo Park Ave.-Cerro Gordo,6.72501548832683,,"0"
"1768",Interurban,Los Angeles CA USA,Pacific Electric,Edendale,"1901",,,closed,Years open and closed estimated.,,at grade,,,"1961",,,,Leah Brooks and Byron Lutz,"0",USA,,Edendale,7.75650403905555,,"0"
"1769",Interurban,Los Angeles CA USA,Pacific Electric,Western & Franklin Ave.,"1901",,,closed,Years open and closed estimated.,,at grade,,,"1961",,,,Leah Brooks and Byron Lutz,"0",USA,,Western & Franklin Ave.,3.62625736115296,,"0"
"1770",Interurban,Los Angeles CA USA,Pacific Electric,Venice Short Line,"1901",,,closed,Years open and closed estimated.,,at grade,,,"1961",,,,Leah Brooks and Byron Lutz,"0",USA,,Venice Short Line,18.6864479048308,,"0"
"1771",Interurban,Los Angeles CA USA,Pacific Electric,Redondo Beach via Del Rey,"1901",,,closed,Years open and closed estimated.,,at grade,,,"1961",,,,Leah Brooks and Byron Lutz,"0",USA,,Redondo Beach via Del Rey,31.6082621034964,,"0"
"1772",Interurban,Los Angeles CA USA,Pacific Electric,Santa Monica via Sawtelle,"1901",,,closed,Years open and closed estimated.,,at grade,,,"1961",,,,Leah Brooks and Byron Lutz,"0",USA,,Santa Monica via Sawtelle,22.1718357808426,,"0"
"1773",Interurban,Los Angeles CA USA,Pacific Electric,Venice-Hollywood,"1901",,,closed,Years open and closed estimated.,,at grade,,,"1961",,,,Leah Brooks and Byron Lutz,"0",USA,,Venice-Hollywood,5.74488555964454,,"0"
"1774",Interurban,Los Angeles CA USA,Pacific Electric,Santa Monica Air Line,"1901",,,closed,Years open and closed estimated.,,at grade,,,"1961",,,,Leah Brooks and Byron Lutz,"0",USA,,Santa Monica Air Line,31.7885550680184,,"0"
"1775",Interurban,Los Angeles CA USA,Pacific Electric,3rd St.,"1901",,,closed,Years open and closed estimated.,,at grade,,,"1961",,,,Leah Brooks and Byron Lutz,"0",USA,,3rd St.,1.7398722434042,,"0"
"1776",Interurban,Los Angeles CA USA,Pacific Electric,8th St.,"1901",,,closed,Years open and closed estimated.,,at grade,,,"1961",,,,Leah Brooks and Byron Lutz,"0",USA,,8th St.,1.65346036084928,,"0"
"1777",Interurban,Los Angeles CA USA,Pacific Electric,Westgate,"1901",,,closed,Years open and closed estimated.,,at grade,,,"1961",,,,Leah Brooks and Byron Lutz,"0",USA,,Westgate,9.90219380590342,,"0"
"1778",Interurban,Los Angeles CA USA,Pacific Electric,Lagoon,"1901",,,closed,Years open and closed estimated.,,at grade,,,"1961",,,,Leah Brooks and Byron Lutz,"0",USA,,Lagoon,4.16619641872349,,"0"
"1779",Interurban,Los Angeles CA USA,Pacific Electric,San Fernando,"1901",,,closed,Years open and closed estimated.,,at grade,,,"1961",,,,Leah Brooks and Byron Lutz,"0",USA,,San Fernando,12.1890432709144,,"0"
"1780",Interurban,Los Angeles CA USA,Pacific Electric,Owensmouth,"1901",,,closed,Years open and closed estimated.,,at grade,,,"1961",,,,Leah Brooks and Byron Lutz,"0",USA,,Owensmouth,14.6210146476869,,"0"
"1781",Interurban,Los Angeles CA USA,Pacific Electric,Van Nuys,"1901",,,closed,Years open and closed estimated.,,at grade,,,"1961",,,,Leah Brooks and Byron Lutz,"0",USA,,Van Nuys,18.2815530765006,,"0"
"1782",Interurban,Los Angeles CA USA,Pacific Electric,Glendale,"1901",,,closed,Years open and closed estimated.,,at grade,,,"1961",,,,Leah Brooks and Byron Lutz,"0",USA,,Glendale,8.06451380654395,,"0"
"1783",Interurban,Los Angeles CA USA,Pacific Electric,Glendale-East Broadway,"1901",,,closed,Years open and closed estimated.,,at grade,,,"1961",,,,Leah Brooks and Byron Lutz,"0",USA,,Glendale-East Broadway,1.41172365918757,,"0"
"1784",Interurban,Los Angeles CA USA,Pacific Electric,Burbank,"1901",,,closed,Years open and closed estimated.,,at grade,,,"1961",,,,Leah Brooks and Byron Lutz,"0",USA,,Burbank,6.34862422173495,,"0"
"1785",Interurban,Los Angeles CA USA,Pacific Electric,Coldwater Canyon,"1901",,,closed,Years open and closed estimated.,,at grade,,,"1961",,,,Leah Brooks and Byron Lutz,"0",USA,,Coldwater Canyon,1.61880658271606,,"0"
"1786",Interurban,Los Angeles CA USA,Pacific Electric,Inglewood,"1901",,,closed,Years open and closed estimated.,,at grade,,,"1961",,,,Leah Brooks and Byron Lutz,"0",USA,,Inglewood,17.5258011106238,,"0"
"1787",Interurban,Los Angeles CA USA,Pacific Electric,Redondo Beach-Hawthorne-El Segundo,"1901",,,closed,Years open and closed estimated.,,at grade,,,"1961",,,,Leah Brooks and Byron Lutz,"0",USA,,Redondo Beach-Hawthorne-El Segundo,35.9424856821797,,"0"
"1788",Interurban,Los Angeles CA USA,Pacific Electric,Redondo Beach-Hawthorne-El Segundo,"1901",,,closed,Years open and closed estimated.,,at grade,,,"1961",,,,Leah Brooks and Byron Lutz,"0",USA,,Redondo Beach-Hawthorne-El Segundo,30.2534276916974,,"0"
"1789",Interurban,Los Angeles CA USA,Pacific Electric,Redondo Beach-Hawthorne-El Segundo,"1901",,,closed,Years open and closed estimated.,,at grade,,,"1961",,,,Leah Brooks and Byron Lutz,"0",USA,,Redondo Beach-Hawthorne-El Segundo,30.2370940386482,,"0"
"1790",Interurban,Los Angeles CA USA,Pacific Electric,Redondo Beach-Hawthorne-El Segundo,"1901",,,closed,Years open and closed estimated.,,at grade,,,"1961",,,,Leah Brooks and Byron Lutz,"0",USA,,Redondo Beach-Hawthorne-El Segundo,35.9261520291305,,"0"
"1791",Interurban,Los Angeles CA USA,Pacific Electric,Whittier,"1901",,,closed,Years open and closed estimated.,,at grade,,,"1961",,,,Leah Brooks and Byron Lutz,"0",USA,,Whittier,28.0531440147535,,"0"
"1792",Interurban,Los Angeles CA USA,Pacific Electric,Whittier,"1901",,,closed,Years open and closed estimated.,,at grade,,,"1961",,,,Leah Brooks and Byron Lutz,"0",USA,,Whittier,28.0368103617043,,"0"
"1793",Interurban,Los Angeles CA USA,Pacific Electric,La Habra-Fullerton-Stern,"1901",,,closed,Years open and closed estimated.,,at grade,,,"1961",,,,Leah Brooks and Byron Lutz,"0",USA,,La Habra-Fullerton-Stern,32.961384682253,,"0"
"1794",Interurban,Los Angeles CA USA,Pacific Electric,La Habra-Fullerton-Stern,"1901",,,closed,Years open and closed estimated.,,at grade,,,"1961",,,,Leah Brooks and Byron Lutz,"0",USA,,La Habra-Fullerton-Stern,32.9759741268866,,"0"
"1795",Interurban,Los Angeles CA USA,Pacific Electric,Santa Ana,"1901",,,closed,Year open estimated.,,at grade,,,"1958",,,,Leah Brooks and Byron Lutz,"0",USA,,Santa Ana,32.4047149249303,,"0"
"1796",Streetcar,Atlanta GA USA,,Poplar St NW,"1885",,,closed,Years open and closed are estimated.,,at grade,,,"1949",,,,Georgia Department of Transportation,"0",USA,,Poplar St NW,0.0747125597012904,,"0"
"1797",Streetcar,Atlanta GA USA,,Cooper St SW,"1885",,,closed,Years open and closed are estimated.,,at grade,,,"1949",,,,Georgia Department of Transportation,"0",USA,,Cooper St SW,0.0348513339748583,,"0"
"1798",Streetcar,Atlanta GA USA,,Central Ave SW,"1885",,,closed,Years open and closed are estimated.,,at grade,,,"1949",,,,Georgia Department of Transportation,"0",USA,,Central Ave SW,0.204756364838693,,"0"
"1799",Streetcar,Atlanta GA USA,,Piedmont Ave SE,"1885",,,closed,Years open and closed are estimated.,,at grade,,,"1949",,,,Georgia Department of Transportation,"0",USA,,Piedmont Ave SE,0.0311505991031875,,"0"
"1800",Streetcar,Atlanta GA USA,,Capitol Ave SE,"1885",,,closed,Years open and closed are estimated.,,at grade,,,"1949",,,,Georgia Department of Transportation,"0",USA,,Capitol Ave SE,0.00847117457382704,,"0"
"1801",Streetcar,Atlanta GA USA,,Luckie St NW,"1885",,,closed,Years open and closed are estimated.,,at grade,,,"1949",,,,Georgia Department of Transportation,"0",USA,,Luckie St NW,0.0749397938182816,,"0"
"1802",Streetcar,Atlanta GA USA,,Cooper St SW,"1885",,,closed,Years open and closed are estimated.,,at grade,,,"1949",,,,Georgia Department of Transportation,"0",USA,,Cooper St SW,0.143151604446253,,"0"
"1803",Streetcar,Atlanta GA USA,,Ashby St SW,"1885",,,closed,Years open and closed are estimated.,,at grade,,,"1949",,,,Georgia Department of Transportation,"0",USA,,Ashby St SW,0.0850026802841054,,"0"
"1804",Streetcar,Atlanta GA USA,,Cooper St SW,"1885",,,closed,Years open and closed are estimated.,,at grade,,,"1949",,,,Georgia Department of Transportation,"0",USA,,Cooper St SW,0.115346999302876,,"0"
"1805",Streetcar,Atlanta GA USA,,Briarcliff Rd NE,"1885",,,closed,Years open and closed are estimated.,,at grade,,,"1949",,,,Georgia Department of Transportation,"0",USA,,Briarcliff Rd NE,0.067106709275188,,"0"
"1806",Streetcar,Atlanta GA USA,,Cooper St SW,"1885",,,closed,Years open and closed are estimated.,,at grade,,,"1949",,,,Georgia Department of Transportation,"0",USA,,Cooper St SW,0.103516559930869,,"0"
"1807",Streetcar,Atlanta GA USA,,Butler St SE,"1885",,,closed,Years open and closed are estimated.,,at grade,,,"1949",,,,Georgia Department of Transportation,"0",USA,,Butler St SE,0.171222069994227,,"0"
"1808",Streetcar,Atlanta GA USA,,Cooper St SW,"1885",,,closed,Years open and closed are estimated.Years open and closed are estimated.,,at grade,,,"1949",,,,Georgia Department of Transportation,"0",USA,,Cooper St SW,0.156689151226215,,"0"
"1809",Streetcar,Atlanta GA USA,,Central Ave SW,"1885",,,closed,Years open and closed are estimated.,,at grade,,,"1949",,,,Georgia Department of Transportation,"0",USA,,Central Ave SW,0.0325899595997877,,"0"
"1810",Streetcar,Atlanta GA USA,,Cooper St SW,"1885",,,closed,Years open and closed are estimated.,,at grade,,,"1949",,,,Georgia Department of Transportation,"0",USA,,Cooper St SW,0.0121494917310065,,"0"
"1811",Streetcar,Atlanta GA USA,,Poplar St NW,"1885",,,closed,Years open and closed are estimated.,,at grade,,,"1949",,,,Georgia Department of Transportation,"0",USA,,Poplar St NW,0.0414007220283399,,"0"
"1812",Streetcar,Atlanta GA USA,,Ashby St SW,"1885",,,closed,Years open and closed are estimated.,,at grade,,,"1949",,,,Georgia Department of Transportation,"0",USA,,Ashby St SW,0.0263652715704567,,"0"
"1813",Streetcar,Atlanta GA USA,,Cooper St SW,"1885",,,closed,Years open and closed are estimated.,,at grade,,,"1949",,,,Georgia Department of Transportation,"0",USA,,Cooper St SW,0.143694567095255,,"0"
"1814",Streetcar,Atlanta GA USA,,Washington St SW,"1885",,,closed,Years open and closed are estimated.,,at grade,,,"1949",,,,Georgia Department of Transportation,"0",USA,,Washington St SW,0.0237237765016632,,"0"
"1815",Streetcar,Atlanta GA USA,,Briarcliff Rd NE,"1885",,,closed,Years open and closed are estimated.,,at grade,,,"1949",,,,Georgia Department of Transportation,"0",USA,,Briarcliff Rd NE,0.0160876283825099,,"0"
"1816",Streetcar,Atlanta GA USA,,Ashby St SW,"1885",,,closed,Years open and closed are estimated.,,at grade,,,"1949",,,,Georgia Department of Transportation,"0",USA,,Ashby St SW,0.138010539532484,,"0"
"1817",Streetcar,Atlanta GA USA,,Cooper St SW,"1885",,,closed,Years open and closed are estimated.,,at grade,,,"1949",,,,Georgia Department of Transportation,"0",USA,,Cooper St SW,0.023451574839266,,"0"
"1818",Streetcar,Atlanta GA USA,,State Bridge Rd,"1885",,,closed,Years open and closed are estimated.,,at grade,,,"1949",,,,Georgia Department of Transportation,"0",USA,,State Bridge Rd,0.0400333385863667,,"0"
"1819",Streetcar,Atlanta GA USA,,Cooper St SW,"1885",,,closed,Years open and closed are estimated.,,at grade,,,"1949",,,,Georgia Department of Transportation,"0",USA,,Cooper St SW,0.080120491199237,,"0"
"1820",Streetcar,Atlanta GA USA,,Piedmont Ave NE,"1885",,,closed,Years open and closed are estimated.,,at grade,,,"1949",,,,Georgia Department of Transportation,"0",USA,,Piedmont Ave NE,0.123775711101399,,"0"
"1821",Streetcar,Atlanta GA USA,,Bell St SE,"1885",,,closed,Years open and closed are estimated.,,at grade,,,"1949",,,,Georgia Department of Transportation,"0",USA,,Bell St SE,0.263029430976471,,"0"
"1822",Streetcar,Atlanta GA USA,,Briarcliff Rd NE,"1885",,,closed,Years open and closed are estimated.,,at grade,,,"1949",,,,Georgia Department of Transportation,"0",USA,,Briarcliff Rd NE,0.080995304424388,,"0"
"1823",Streetcar,Atlanta GA USA,,Cooper St SW,"1885",,,closed,Years open and closed are estimated.,,at grade,,,"1949",,,,Georgia Department of Transportation,"0",USA,,Cooper St SW,0.133596511015488,,"0"
"1824",Streetcar,Atlanta GA USA,,Piedmont Ave SE,"1885",,,closed,Years open and closed are estimated.,,at grade,,,"1949",,,,Georgia Department of Transportation,"0",USA,,Piedmont Ave SE,0.1262521941837,,"0"
"1825",Streetcar,Atlanta GA USA,,Piedmont Ave SE,"1885",,,closed,Years open and closed are estimated.,,at grade,,,"1949",,,,Georgia Department of Transportation,"0",USA,,Piedmont Ave SE,0.108692882389507,,"0"
"1826",Streetcar,Atlanta GA USA,,Atlanta Streetcar,"1885",,,closed,Years open and closed are estimated.,,at grade,,,"1949",,,,Georgia Department of Transportation,"0",USA,,Atlanta Streetcar,0.12605187999314,,"0"
"1827",Streetcar,Atlanta GA USA,,Atlanta Streetcar,"1885",,,closed,Years open and closed are estimated.,,at grade,,,"1949",,,,Georgia Department of Transportation,"0",USA,,Atlanta Streetcar,0.300656928817463,,"0"
"1828",Streetcar,Atlanta GA USA,,Atlanta Streetcar,"1885",,,closed,Years open and closed are estimated.,,at grade,,,"1949",,,,Georgia Department of Transportation,"0",USA,,Atlanta Streetcar,0.269142224920557,,"0"
"1829",Streetcar,Atlanta GA USA,,Atlanta Streetcar,"1885",,,closed,Years open and closed are estimated.,,at grade,,,"1949",,,,Georgia Department of Transportation,"0",USA,,Atlanta Streetcar,0.607926373317654,,"0"
"1830",Streetcar,Atlanta GA USA,,Atlanta Streetcar,"1885",,,closed,Years open and closed are estimated.,,at grade,,,"1949",,,,Georgia Department of Transportation,"0",USA,,Atlanta Streetcar,3.09044051814658,,"0"
"1831",Streetcar,Atlanta GA USA,,Atlanta Streetcar,"1885",,,closed,Years open and closed are estimated.,,at grade,,,"1949",,,,Georgia Department of Transportation,"0",USA,,Atlanta Streetcar,2.39236164779594,,"0"
"1832",Streetcar,Atlanta GA USA,,Atlanta Streetcar,"1885",,,closed,Years open and closed are estimated.,,at grade,,,"1949",,,,Georgia Department of Transportation,"0",USA,,Atlanta Streetcar,12.4103373074352,,"0"
"1833",Streetcar,Atlanta GA USA,,Atlanta Streetcar,"1885",,,closed,Years open and closed are estimated.,,at grade,,,"1949",,,,Georgia Department of Transportation,"0",USA,,Atlanta Streetcar,0.0867789091053486,,"0"
"1834",Streetcar,Atlanta GA USA,,Atlanta Streetcar,"1885",,,closed,Years open and closed are estimated.,,at grade,,,"1949",,,,Georgia Department of Transportation,"0",USA,,Atlanta Streetcar,0.0683286036866723,,"0"
"1835",Streetcar,Atlanta GA USA,,GA Ave SW,"1885",,,closed,Years open and closed are estimated.,,at grade,,,"1949",,,,Georgia Department of Transportation,"0",USA,,GA Ave SW,1.94251590906065,,"0"
"1836",Streetcar,Atlanta GA USA,,Mclendon Ave NE,"1885",,,closed,Years open and closed are estimated.,,at grade,,,"1949",,,,Georgia Department of Transportation,"0",USA,,Mclendon Ave NE,1.55661026230065,,"0"
"1837",Streetcar,Atlanta GA USA,,E College Ave,"1885",,,closed,Years open and closed are estimated.,,at grade,,,"1949",,,,Georgia Department of Transportation,"0",USA,,E College Ave,25.7825697679126,,"0"
"1838",Streetcar,Atlanta GA USA,,Grant St SE,"1885",,,closed,Years open and closed are estimated.,,at grade,,,"1949",,,,Georgia Department of Transportation,"0",USA,,Grant St SE,2.52702071035212,,"0"
"1839",Streetcar,Atlanta GA USA,,Cherokee Ave SE,"1885",,,closed,Years open and closed are estimated.,,at grade,,,"1949",,,,Georgia Department of Transportation,"0",USA,,Cherokee Ave SE,1.71115097711444,,"0"
"1840",Streetcar,Atlanta GA USA,,Augusta Ave SE,"1885",,,closed,Years open and closed are estimated.,,at grade,,,"1949",,,,Georgia Department of Transportation,"0",USA,,Augusta Ave SE,0.268553048403343,,"0"
"1841",Streetcar,Atlanta GA USA,,Ormond St SE,"1885",,,closed,Years open and closed are estimated.,,at grade,,,"1949",,,,Georgia Department of Transportation,"0",USA,,Ormond St SE,1.32586631189079,,"0"
"1842",Streetcar,Atlanta GA USA,,Capitol Ave SE,"1885",,,closed,Years open and closed are estimated.,,at grade,,,"1949",,,,Georgia Department of Transportation,"0",USA,,Capitol Ave SE,3.27779200797816,,"0"
"1843",Streetcar,Atlanta GA USA,,Lakewood Ave SE,"1885",,,closed,Years open and closed are estimated.,,at grade,,,"1949",,,,Georgia Department of Transportation,"0",USA,,Lakewood Ave SE,4.46801103598436,,"0"
"1844",Streetcar,Atlanta GA USA,,Mcdaniel St SW,"1885",,,closed,Years open and closed are estimated.,,at grade,,,"1949",,,,Georgia Department of Transportation,"0",USA,,Mcdaniel St SW,2.18870376224548,,"0"
"1845",Streetcar,Atlanta GA USA,,Stewart Ave SW,"1885",,,closed,Years open and closed are estimated.,,at grade,,,"1949",,,,Georgia Department of Transportation,"0",USA,,Stewart Ave SW,3.58323261716538,,"0"
"1846",Streetcar,Atlanta GA USA,,S Central Ave,"1885",,,closed,Years open and closed are estimated.,,at grade,,,"1949",,,,Georgia Department of Transportation,"0",USA,,S Central Ave,3.90464691752364,,"0"
"1847",Streetcar,Atlanta GA USA,,Main St,"1885",,,closed,Years open and closed are estimated.,,at grade,,,"1949",,,,Georgia Department of Transportation,"0",USA,,Main St,14.0575178683901,,"0"
"1848",Streetcar,Atlanta GA USA,,Old Alabama Rd,"1885",,,closed,Years open and closed are estimated.,,at grade,,,"1949",,,,Georgia Department of Transportation,"0",USA,,Old Alabama Rd,2.52650661675768,,"0"
"1849",Streetcar,Atlanta GA USA,,Peachtree Rd NE,"1885",,,closed,Years open and closed are estimated.,,at grade,,,"1949",,,,Georgia Department of Transportation,"0",USA,,Peachtree Rd NE,12.2821375921474,,"0"
"1850",Streetcar,Atlanta GA USA,,Peachtree St NE,"1885",,,closed,Years open and closed are estimated.,,at grade,,,"1949",,,,Georgia Department of Transportation,"0",USA,,Peachtree St NE,3.74662424923348,,"0"
"1851",Streetcar,Atlanta GA USA,,W Peachtree St NW,"1885",,,closed,Years open and closed are estimated.,,at grade,,,"1949",,,,Georgia Department of Transportation,"0",USA,,W Peachtree St NW,5.02412590004629,,"0"
"1852",Streetcar,Atlanta GA USA,,Campbellton Rd SW,"1885",,,closed,Years open and closed are estimated.,,at grade,,,"1949",,,,Georgia Department of Transportation,"0",USA,,Campbellton Rd SW,5.85468103663006,,"0"
"1853",Streetcar,Atlanta GA USA,,Bankhead Ave NW,"1885",,,closed,Years open and closed are estimated.,,at grade,,,"1949",,,,Georgia Department of Transportation,"0",USA,,Bankhead Ave NW,10.3787031215389,,"0"
"1854",Streetcar,Atlanta GA USA,,W Marietta St NW,"1885",,,closed,Years open and closed are estimated.,,at grade,,,"1949",,,,Georgia Department of Transportation,"0",USA,,W Marietta St NW,1.68369852358837,,"0"
"1855",Streetcar,Atlanta GA USA,,Marietta Blvd NW,"1885",,,closed,Years open and closed are estimated.,,at grade,,,"1949",,,,Georgia Department of Transportation,"0",USA,,Marietta Blvd NW,5.6167312110888,,"0"
"1856",Streetcar,Atlanta GA USA,,Brady Ave NW,"1885",,,closed,Years open and closed are estimated.,,at grade,,,"1949",,,,Georgia Department of Transportation,"0",USA,,Brady Ave NW,3.56334337879484,,"0"
"1857",Streetcar,Atlanta GA USA,,Luckie St NW,"1885",,,closed,Years open and closed are estimated.,,at grade,,,"1949",,,,Georgia Department of Transportation,"0",USA,,Luckie St NW,4.05357129149112,,"0"
"1858",Streetcar,Atlanta GA USA,,Marietta St NW,"1885",,,closed,Years open and closed are estimated.,,at grade,,,"1949",,,,Georgia Department of Transportation,"0",USA,,Marietta St NW,2.94464704291988,,"0"
"1859",Streetcar,Atlanta GA USA,,Gray St NW,"1885",,,closed,Years open and closed are estimated.,,at grade,,,"1949",,,,Georgia Department of Transportation,"0",USA,,Gray St NW,2.7172669819409,,"0"
"1860",Streetcar,Atlanta GA USA,,Jones Ave NW,"1885",,,closed,Years open and closed are estimated.,,at grade,,,"1949",,,,Georgia Department of Transportation,"0",USA,,Jones Ave NW,0.408817607081832,,"0"
"1861",Streetcar,Atlanta GA USA,,Simpson St NW,"1885",,,closed,Years open and closed are estimated.,,at grade,,,"1949",,,,Georgia Department of Transportation,"0",USA,,Simpson St NW,3.91680619011706,,"0"
"1862",Streetcar,Atlanta GA USA,,Northside Dr NW,"1885",,,closed,Years open and closed are estimated.,,at grade,,,"1949",,,,Georgia Department of Transportation,"0",USA,,Northside Dr NW,1.37405466399276,,"0"
"1863",Streetcar,Atlanta GA USA,,Mitchell St SW,"1885",,,closed,Years open and closed are estimated.,,at grade,,,"1949",,,,Georgia Department of Transportation,"0",USA,,Mitchell St SW,2.26607329370557,,"0"
"1864",Streetcar,Atlanta GA USA,,Northside Dr SW,"1885",,,closed,Years open and closed are estimated.,,at grade,,,"1949",,,,Georgia Department of Transportation,"0",USA,,Northside Dr SW,1.72826178609767,,"0"
"1865",Streetcar,Atlanta GA USA,,Nelson St SW,"1885",,,closed,Years open and closed are estimated.,,at grade,,,"1949",,,,Georgia Department of Transportation,"0",USA,,Nelson St SW,0.682504207327203,,"0"
"1866",Streetcar,Atlanta GA USA,,Walker St SW,"1885",,,closed,Years open and closed are estimated.,,at grade,,,"1949",,,,Georgia Department of Transportation,"0",USA,,Walker St SW,2.23221394460143,,"0"
"1867",Streetcar,Atlanta GA USA,,Lucile Ave SW,"1885",,,closed,Years open and closed are estimated.,,at grade,,,"1949",,,,Georgia Department of Transportation,"0",USA,,Lucile Ave SW,3.52108374786333,,"0"
"1868",Streetcar,Atlanta GA USA,,Peachtree St SW,"1885",,,closed,Years open and closed are estimated.,,at grade,,,"1949",,,,Georgia Department of Transportation,"0",USA,,Peachtree St SW,3.03164680769985,,"0"
"1869",Streetcar,Atlanta GA USA,,Atlanta Streetcar,"1885",,,closed,Years open and closed are estimated.,,at grade,,,"1949",,,,Georgia Department of Transportation,"0",USA,,Atlanta Streetcar,0.739024744327826,,"0"
"1870",Streetcar,Atlanta GA USA,,Forsyth St SW,"1885",,,closed,Years open and closed are estimated.,,at grade,,,"1949",,,,Georgia Department of Transportation,"0",USA,,Forsyth St SW,1.66149875625725,,"0"
"1871",Streetcar,Atlanta GA USA,,Martin Luther King Jr Dr SW,"1885",,,closed,Years open and closed are estimated.,,at grade,,,"1949",,,,Georgia Department of Transportation,"0",USA,,Martin Luther King Jr Dr SW,1.53610666795479,,"0"
"1872",Streetcar,Atlanta GA USA,,Atlanta Streetcar,"1885",,,closed,Years open and closed are estimated.,,at grade,,,"1949",,,,Georgia Department of Transportation,"0",USA,,Atlanta Streetcar,0.397820925767332,,"0"
"1873",Streetcar,Atlanta GA USA,,Decatur St SE,"1885",,,closed,Years open and closed are estimated.,,at grade,,,"1949",,,,Georgia Department of Transportation,"0",USA,,Decatur St SE,3.24150376033543,,"0"
"1874",Streetcar,Atlanta GA USA,,Grant St SE,"1885",,,closed,Years open and closed are estimated.,,at grade,,,"1949",,,,Georgia Department of Transportation,"0",USA,,Grant St SE,0.371186883636004,,"0"
"1875",Streetcar,Atlanta GA USA,,Peachtree Center Ave NE,"1885",,,closed,Years open and closed are estimated.,,at grade,,,"1949",,,,Georgia Department of Transportation,"0",USA,,Peachtree Center Ave NE,1.67385505567553,,"0"
"1876",Streetcar,Atlanta GA USA,,Courtland St NE,"1885",,,closed,Years open and closed are estimated.,,at grade,,,"1949",,,,Georgia Department of Transportation,"0",USA,,Courtland St NE,1.14788179925317,,"0"
"1877",Streetcar,Atlanta GA USA,,Butler St NE,"1885",,,closed,Years open and closed are estimated.,,at grade,,,"1949",,,,Georgia Department of Transportation,"0",USA,,Butler St NE,0.207750144458511,,"0"
"1878",Streetcar,Atlanta GA USA,,Highland Ave NE,"1885",,,closed,Years open and closed are estimated.,,at grade,,,"1949",,,,Georgia Department of Transportation,"0",USA,,Highland Ave NE,6.759382478397,,"0"
"1879",Streetcar,Atlanta GA USA,,Moreland Ave NE,"1885",,,closed,Years open and closed are estimated.,,at grade,,,"1949",,,,Georgia Department of Transportation,"0",USA,,Moreland Ave NE,5.85931396574849,,"0"
"1880",Streetcar,Atlanta GA USA,,Lake Ave NE,"1885",,,closed,Years open and closed are estimated.,,at grade,,,"1949",,,,Georgia Department of Transportation,"0",USA,,Lake Ave NE,1.91607629386726,,"0"
"1881",Streetcar,Atlanta GA USA,,Auburn Ave NE,"1885",,,closed,Years open and closed are estimated.,,at grade,,,"1949",,,,Georgia Department of Transportation,"0",USA,,Auburn Ave NE,1.66251005421613,,"0"
"1882",Streetcar,Atlanta GA USA,,Edgewood Ave NE,"1885",,,closed,Years open and closed are estimated.,,at grade,,,"1949",,,,Georgia Department of Transportation,"0",USA,,Edgewood Ave NE,3.40000505603969,,"0"
"1883",Streetcar,Atlanta GA USA,,Dekalb Ave NE,"1885",,,closed,Years open and closed are estimated.,,at grade,,,"1949",,,,Georgia Department of Transportation,"0",USA,,Dekalb Ave NE,8.463430318121,,"0"
"1884",Streetcar,Atlanta GA USA,,Ponce De Leon Ave NE,"1885",,,closed,Years open and closed are estimated.,,at grade,,,"1949",,,,Georgia Department of Transportation,"0",USA,,Ponce De Leon Ave NE,6.06228541891328,,"0"
"1885",Streetcar,Atlanta GA USA,,Boulevard NE,"1885",,,closed,Years open and closed are estimated.,,at grade,,,"1949",,,,Georgia Department of Transportation,"0",USA,,Boulevard NE,3.30800352875426,,"0"
"1886",Streetcar,Atlanta GA USA,,Ralph Mcgill Blvd NE,"1885",,,closed,Years open and closed are estimated.,,at grade,,,"1949",,,,Georgia Department of Transportation,"0",USA,,Ralph Mcgill Blvd NE,1.28135952524009,,"0"
"1887",Streetcar,Atlanta GA USA,,Pine St NE,"1885",,,closed,Years open and closed are estimated.,,at grade,,,"1949",,,,Georgia Department of Transportation,"0",USA,,Pine St NE,1.26919884332055,,"0"
"1888",Streetcar,Atlanta GA USA,,Parkway Dr NE,"1885",,,closed,Years open and closed are estimated.,,at grade,,,"1949",,,,Georgia Department of Transportation,"0",USA,,Parkway Dr NE,1.02164974918683,,"0"
"1889",Streetcar,Atlanta GA USA,,Piedmont Ave NE,"1885",,,closed,Years open and closed are estimated.,,at grade,,,"1949",,,,Georgia Department of Transportation,"0",USA,,Piedmont Ave NE,3.07888651020414,,"0"
"1890",Streetcar,Atlanta GA USA,,W Marietta St NW,"1885",,,closed,Years open and closed are estimated.,,at grade,,,"1949",,,,Georgia Department of Transportation,"0",USA,,W Marietta St NW,1.80588045534205,,"0"
"1891",Streetcar,Atlanta GA USA,,Park Ave SE,"1885",,,closed,Years open and closed are estimated.,,at grade,,,"1949",,,,Georgia Department of Transportation,"0",USA,,Park Ave SE,1.8014740188182,,"0"
"1892",Streetcar,Atlanta GA USA,,Wilkins Ln SW,"1885",,,closed,Years open and closed are estimated.,,at grade,,,"1949",,,,Georgia Department of Transportation,"0",USA,,Wilkins Ln SW,6.77310160004597,,"0"
"1893",Streetcar,Atlanta GA USA,,Washington St SW,"1885",,,closed,Years open and closed are estimated.,,at grade,,,"1949",,,,Georgia Department of Transportation,"0",USA,,Washington St SW,3.08386028022529,,"0"
"1894",Streetcar,Atlanta GA USA,,Walton St NW,"1885",,,closed,Years open and closed are estimated.,,at grade,,,"1949",,,,Georgia Department of Transportation,"0",USA,,Walton St NW,0.772877859292517,,"0"
"1895",Streetcar,Dallas TX USA,,Akard Line,,,,closed,,,at grade,,,,,,,"Yonah Freemark; OpenStreetMap contributors","0",USA,,Akard Line,2.39309302472326,,"0"
"1896",Streetcar,Dallas TX USA,,Belmont Line,,,,closed,,,at grade,,,,,,,"Yonah Freemark; OpenStreetMap contributors","0",USA,,Belmont Line,10.0270018914696,,"0"
"1897",Streetcar,Dallas TX USA,,Capitol Line,,,,closed,,,at grade,,,,,,,"Yonah Freemark; OpenStreetMap contributors","0",USA,,Capitol Line,1.49824215299067,,"0"
"1898",Streetcar,Dallas TX USA,,Crosstown Line,,,,closed,,,at grade,,,,,,,"Yonah Freemark; OpenStreetMap contributors","0",USA,,Crosstown Line,3.6138070242691,,"0"
"1899",Streetcar,Dallas TX USA,,Ervay Line,,,,closed,,,at grade,,,,,,,"Yonah Freemark; OpenStreetMap contributors","0",USA,,Ervay Line,5.27004934547955,,"0"
"1900",Streetcar,Dallas TX USA,,Fairmont Line,,,,closed,,,at grade,,,,,,,"Yonah Freemark; OpenStreetMap contributors","0",USA,,Fairmont Line,1.568158481645,,"0"
"1901",Streetcar,Dallas TX USA,,Forest Line,,,,closed,,,at grade,,,,,,,"Yonah Freemark; OpenStreetMap contributors","0",USA,,Forest Line,6.98990539128583,,"0"
"1902",Streetcar,Dallas TX USA,,Forney Line,,,,closed,,,at grade,,,,,,,"Yonah Freemark; OpenStreetMap contributors","0",USA,,Forney Line,2.42936346986625,,"0"
"1903",Streetcar,Dallas TX USA,,Hampton Line,,,,closed,,,at grade,,,,,,,"Yonah Freemark; OpenStreetMap contributors","0",USA,,Hampton Line,4.66093131956583,,"0"
"1904",Streetcar,Dallas TX USA,,Harwood Line,,,,closed,,,at grade,,,,,,,"Yonah Freemark; OpenStreetMap contributors","0",USA,,Harwood Line,0.690394590915866,,"0"
"1905",Streetcar,Dallas TX USA,,Hickory Line,,,,closed,,,at grade,,,,,,,"Yonah Freemark; OpenStreetMap contributors","0",USA,,Hickory Line,2.11168607755917,,"0"
"1906",Streetcar,Dallas TX USA,,Highland Park Line,,,,closed,,,at grade,,,,,,,"Yonah Freemark; OpenStreetMap contributors","0",USA,,Highland Park Line,2.79703629567913,,"0"
"1907",Streetcar,Dallas TX USA,,Highland Park Line,,,,closed,,,at grade,,,,,,,"Yonah Freemark; OpenStreetMap contributors","0",USA,,Highland Park Line,1.95923003224155,,"0"
"1908",Streetcar,Dallas TX USA,,Junius Heights Line,,,,closed,,,at grade,,,,,,,"Yonah Freemark; OpenStreetMap contributors","0",USA,,Junius Heights Line,1.85816095374119,,"0"
"1909",Streetcar,Dallas TX USA,,Lake Line,,,,closed,,,at grade,,,,,,,"Yonah Freemark; OpenStreetMap contributors","0",USA,,Lake Line,1.46632534616314,,"0"
"1910",Streetcar,Dallas TX USA,,Lake Line,,,,closed,,,at grade,,,,,,,"Yonah Freemark; OpenStreetMap contributors","0",USA,,Lake Line,1.86564633464884,,"0"
"1911",Streetcar,Dallas TX USA,,Main Street Line,,,,closed,,,at grade,,,,,,,"Yonah Freemark; OpenStreetMap contributors","0",USA,,Main Street Line,4.12898457320824,,"0"
"1912",Streetcar,Dallas TX USA,,Mount Auburn Line,,,,closed,,,at grade,,,,,,,"Yonah Freemark; OpenStreetMap contributors","0",USA,,Mount Auburn Line,2.89989004237807,,"0"
"1913",Streetcar,Dallas TX USA,,Mrytle Line,,,,closed,,,at grade,,,,,,,"Yonah Freemark; OpenStreetMap contributors","0",USA,,Mrytle Line,2.21146437305815,,"0"
"1914",Streetcar,Dallas TX USA,,Munger Line,,,,closed,,,at grade,,,,,,,"Yonah Freemark; OpenStreetMap contributors","0",USA,,Munger Line,0.962850848323572,,"0"
"1915",Streetcar,Dallas TX USA,,Oak Lawn Line,,,,closed,,,at grade,,,,,,,"Yonah Freemark; OpenStreetMap contributors","0",USA,,Oak Lawn Line,3.47909714400591,,"0"
"1916",Streetcar,Dallas TX USA,,Oak Lawn Line,,,,closed,,,at grade,,,,,,,"Yonah Freemark; OpenStreetMap contributors","0",USA,,Oak Lawn Line,1.12580278396314,,"0"
"1917",Streetcar,Dallas TX USA,,Park View Line,,,,closed,,,at grade,,,,,,,"Yonah Freemark; OpenStreetMap contributors","0",USA,,Park View Line,1.12726087414156,,"0"
"1918",Streetcar,Dallas TX USA,,San Jacinto Line,,,,closed,,,at grade,,,,,,,"Yonah Freemark; OpenStreetMap contributors","0",USA,,San Jacinto Line,1.95388488156958,,"0"
"1919",Streetcar,Dallas TX USA,,Second Ave. Line,,,,closed,,,at grade,,,,,,,"Yonah Freemark; OpenStreetMap contributors","0",USA,,Second Ave. Line,2.09204089314907,,"0"
"1920",Streetcar,Dallas TX USA,,Seventh Line,,,,closed,,,at grade,,,,,,,"Yonah Freemark; OpenStreetMap contributors","0",USA,,Seventh Line,4.45986449713115,,"0"
"1921",Streetcar,Dallas TX USA,,State Line,,,,closed,,,at grade,,,,,,,"Yonah Freemark; OpenStreetMap contributors","0",USA,,State Line,1.08320849162818,,"0"
"1922",Streetcar,Dallas TX USA,,Sunset Line,,,,closed,,,at grade,,,,,,,"Yonah Freemark; OpenStreetMap contributors","0",USA,,Sunset Line,1.69387410663943,,"0"
"1923",Streetcar,Dallas TX USA,,Swiss Line,,,,closed,,,at grade,,,,,,,"Yonah Freemark; OpenStreetMap contributors","0",USA,,Swiss Line,1.95069300644419,,"0"
"1924",Streetcar,Dallas TX USA,,Trinity Heights Line,,,,closed,,,at grade,,,,,,,"Yonah Freemark; OpenStreetMap contributors","0",USA,,Trinity Heights Line,5.30719321511499,,"0"
"1925",Streetcar,Dallas TX USA,,Vickery Line,,,,closed,,,at grade,,,,,,,"Yonah Freemark; OpenStreetMap contributors","0",USA,,Vickery Line,1.97250075538362,,"0"
"1926",Streetcar,Dallas TX USA,,Line 3,,,,closed,,,at grade,,,,,,,"Yonah Freemark; OpenStreetMap contributors","0",USA,,Line 3,0.626328357976556,,"0"
"1927",Streetcar,Dallas TX USA,,Line 4,,,,closed,,,at grade,,,,,,,"Yonah Freemark; OpenStreetMap contributors","0",USA,,Line 4,3.14410995640566,,"0"
"1928",Streetcar,Dallas TX USA,,Line 8,,,,closed,,,at grade,,,,,,,"Yonah Freemark; OpenStreetMap contributors","0",USA,,Line 8,0.926064293953821,,"0"
"1929",Streetcar,Dallas TX USA,,Line 9,,,,closed,,,at grade,,,,,,,"Yonah Freemark; OpenStreetMap contributors","0",USA,,Line 9,1.0935012200773,,"0"
"1930",Streetcar,Dallas TX USA,,Line 10,,,,closed,,,at grade,,,,,,,"Yonah Freemark; OpenStreetMap contributors","0",USA,,Line 10,1.94210748777861,,"0"
"1931",Streetcar,Dallas TX USA,,Line 11,,,,closed,,,at grade,,,,,,,"Yonah Freemark; OpenStreetMap contributors","0",USA,,Line 11,3.50673315323128,,"0"
"1932",Streetcar,Dallas TX USA,,Line 17,,,,closed,,,at grade,,,,,,,"Yonah Freemark; OpenStreetMap contributors","0",USA,,Line 17,2.70159357243145,,"0"
"1933",Streetcar,Dallas TX USA,,Line 21,,,,closed,,,at grade,,,,,,,"Yonah Freemark; OpenStreetMap contributors","0",USA,,Line 21,1.14805652793778,,"0"
"1934",Streetcar,Dallas TX USA,,Line 22,,,,closed,,,at grade,,,,,,,"Yonah Freemark; OpenStreetMap contributors","0",USA,,Line 22,4.91707404450082,,"0"
"1935",Streetcar,Dallas TX USA,,Line 23,,,,closed,,,at grade,,,,,,,"Yonah Freemark; OpenStreetMap contributors","0",USA,,Line 23,1.27989320654158,,"0"
"1936",Streetcar,Dallas TX USA,,Line 24,,,,closed,,,at grade,,,,,,,"Yonah Freemark; OpenStreetMap contributors","0",USA,,Line 24,2.96857423579666,,"0"
"1937",Streetcar,Dallas TX USA,,Line 26,,,,closed,,,at grade,,,,,,,"Yonah Freemark; OpenStreetMap contributors","0",USA,,Line 26,0.867181569680537,,"0"
"1938",Streetcar,Dallas TX USA,,Line 28,,,,closed,,,at grade,,,,,,,"Yonah Freemark; OpenStreetMap contributors","0",USA,,Line 28,0.550089906285597,,"0"
"1939",Streetcar,Dallas TX USA,,Line 29,,,,closed,,,at grade,,,,,,,"Yonah Freemark; OpenStreetMap contributors","0",USA,,Line 29,1.93619062632477,,"0"
"1940",Streetcar,Dallas TX USA,,Line 33,,,,closed,,,at grade,,,,,,,"Yonah Freemark; OpenStreetMap contributors","0",USA,,Line 33,2.68057567321243,,"0"
"1941",Streetcar,Dallas TX USA,,Line 34,,,,closed,,,at grade,,,,,,,"Yonah Freemark; OpenStreetMap contributors","0",USA,,Line 34,0.97533976955312,,"0"
"1942",Streetcar,Dallas TX USA,,Line 37,,,,closed,,,at grade,,,,,,,"Yonah Freemark; OpenStreetMap contributors","0",USA,,Line 37,0.233065638951784,,"0"
"1943",Streetcar,Dallas TX USA,,Line 38,,,,closed,,,at grade,,,,,,,"Yonah Freemark; OpenStreetMap contributors","0",USA,,Line 38,0.239562802395575,,"0"
"1944",Streetcar,Dallas TX USA,,Line 39,,,,closed,,,at grade,,,,,,,"Yonah Freemark; OpenStreetMap contributors","0",USA,,Line 39,0.0437342983104939,,"0"
"1945",Streetcar,Dallas TX USA,,Line 40,,,,closed,,,at grade,,,,,,,"Yonah Freemark; OpenStreetMap contributors","0",USA,,Line 40,0.645464575281286,,"0"
"1946",Streetcar,Dallas TX USA,,Line 41,,,,closed,,,at grade,,,,,,,"Yonah Freemark; OpenStreetMap contributors","0",USA,,Line 41,1.86314454245418,,"0"
"1947",Streetcar,Dallas TX USA,,Line 42,,,,closed,,,at grade,,,,,,,"Yonah Freemark; OpenStreetMap contributors","0",USA,,Line 42,9.5858165683188,,"0"
"1948",Streetcar,Dallas TX USA,,Line 46,,,,closed,,,at grade,,,,,,,"Yonah Freemark; OpenStreetMap contributors","0",USA,,Line 46,3.75958934765154,,"0"
"1949",Streetcar,Dallas TX USA,,Line 48,,,,closed,,,at grade,,,,,,,"Yonah Freemark; OpenStreetMap contributors","0",USA,,Line 48,2.50583994835788,,"0"
"1950",Streetcar,Dallas TX USA,,Line 53,,,,closed,,,at grade,,,,,,,"Yonah Freemark; OpenStreetMap contributors","0",USA,,Line 53,2.25121869527989,,"0"
"1951",Streetcar,Dallas TX USA,,Line 56,,,,closed,,,at grade,,,,,,,"Yonah Freemark; OpenStreetMap contributors","0",USA,,Line 56,0.94674489371714,,"0"
"1952",Streetcar,Dallas TX USA,,Line 57,,,,closed,,,at grade,,,,,,,"Yonah Freemark; OpenStreetMap contributors","0",USA,,Line 57,0.346663977235738,,"0"
"1953",Streetcar,Dallas TX USA,,Line 61,,,,closed,,,at grade,,,,,,,"Yonah Freemark; OpenStreetMap contributors","0",USA,,Line 61,1.19289140378966,,"0"
"1954",Streetcar,Dallas TX USA,,Line 62,,,,closed,,,at grade,,,,,,,"Yonah Freemark; OpenStreetMap contributors","0",USA,,Line 62,3.39749280323066,,"0"
"1955",Streetcar,Dallas TX USA,,Line 63,,,,closed,,,at grade,,,,,,,"Yonah Freemark; OpenStreetMap contributors","0",USA,,Line 63,0.428337745489871,,"0"
"1956",Streetcar,Dallas TX USA,,Line 65,,,,closed,,,at grade,,,,,,,"Yonah Freemark; OpenStreetMap contributors","0",USA,,Line 65,0.247732038935843,,"0"
"1957",Streetcar,Dallas TX USA,,Line 66,,,,closed,,,at grade,,,,,,,"Yonah Freemark; OpenStreetMap contributors","0",USA,,Line 66,0.226095693663927,,"0"
"1958",Streetcar,Boston MA USA,Boston Elevated Railway,Boston Streetcar,,,,closed,Year closed is estimated.,,at grade,,,"1952",,,,"David Block-Schacter; Yonah Freemark","0",USA,,Boston Streetcar,8.37239716711011,,"0"
"1959",Streetcar,Boston MA USA,Boston Elevated Railway,Boston Streetcar,,,,closed,Year closed is estimated.,,at grade,,,"1952",,,,"David Block-Schacter; Yonah Freemark","0",USA,,Boston Streetcar,0.148709653502128,,"0"
"1960",Streetcar,Boston MA USA,Boston Elevated Railway,Boston Streetcar,,,,closed,Year closed is estimated.,,at grade,,,"1952",,,,"David Block-Schacter; Yonah Freemark","0",USA,,Boston Streetcar,7.9444227123479,,"0"
"1961",Streetcar,Boston MA USA,Boston Elevated Railway,Boston Streetcar,,,,closed,Year closed is estimated.,,at grade,,,"1952",,,,"David Block-Schacter; Yonah Freemark","0",USA,,Boston Streetcar,2.05545003402156,,"0"
"1962",Streetcar,Boston MA USA,Boston Elevated Railway,Boston Streetcar,,,,closed,Year closed is estimated.,,at grade,,,"1952",,,,"David Block-Schacter; Yonah Freemark","0",USA,,Boston Streetcar,5.31156392030943,,"0"
"1963",Streetcar,Boston MA USA,Boston Elevated Railway,Boston Streetcar,,,,closed,Year closed is estimated.,,at grade,,,"1952",,,,"David Block-Schacter; Yonah Freemark","0",USA,,Boston Streetcar,4.69718733299638,,"0"
"1964",Streetcar,Boston MA USA,Boston Elevated Railway,Boston Streetcar,,,,closed,Year closed is estimated.,,at grade,,,"1952",,,,"David Block-Schacter; Yonah Freemark","0",USA,,Boston Streetcar,5.24866858753028,,"0"
"1965",Streetcar,Boston MA USA,Boston Elevated Railway,Boston Streetcar,,,,closed,Year closed is estimated.,,at grade,,,"1952",,,,"David Block-Schacter; Yonah Freemark","0",USA,,Boston Streetcar,0.418005364672213,,"0"
"1966",Streetcar,Boston MA USA,Boston Elevated Railway,Boston Streetcar,,,,closed,Year closed is estimated.,,at grade,,,"1952",,,,"David Block-Schacter; Yonah Freemark","0",USA,,Boston Streetcar,0.781976904485438,,"0"
"1967",Streetcar,Boston MA USA,Boston Elevated Railway,Boston Streetcar,,,,closed,Year closed is estimated.,,at grade,,,"1952",,,,"David Block-Schacter; Yonah Freemark","0",USA,,Boston Streetcar,0.365381590978866,,"0"
"1968",Streetcar,Boston MA USA,Boston Elevated Railway,Boston Streetcar,,,,closed,Year closed is estimated.,,at grade,,,"1952",,,,"David Block-Schacter; Yonah Freemark","0",USA,,Boston Streetcar,0.503018920651225,,"0"
"1969",Streetcar,Boston MA USA,Boston Elevated Railway,Boston Streetcar,,,,closed,Year closed is estimated.,,at grade,,,"1952",,,,"David Block-Schacter; Yonah Freemark","0",USA,,Boston Streetcar,2.17729717438987,,"0"
"1970",Streetcar,Boston MA USA,Boston Elevated Railway,Boston Streetcar,,,,closed,Year closed is estimated.,,at grade,,,"1952",,,,"David Block-Schacter; Yonah Freemark","0",USA,,Boston Streetcar,2.24749003683885,,"0"
"1972",Streetcar,Boston MA USA,Boston Elevated Railway,Boston Streetcar,,,,closed,Year closed is estimated.,,at grade,,,"1952",,,,"David Block-Schacter; Yonah Freemark","0",USA,,Boston Streetcar,3.01932279997371,,"0"
"1973",Streetcar,Boston MA USA,Boston Elevated Railway,Boston Streetcar,,,,closed,Year closed is estimated.,,at grade,,,"1952",,,,"David Block-Schacter; Yonah Freemark","0",USA,,Boston Streetcar,3.05607452015697,,"0"
"1974",Streetcar,Boston MA USA,Boston Elevated Railway,Boston Streetcar,,,,closed,Year closed is estimated.,,at grade,,,"1952",,,,"David Block-Schacter; Yonah Freemark","0",USA,,Boston Streetcar,0.346788313473471,,"0"
"1975",Streetcar,Boston MA USA,Boston Elevated Railway,Boston Streetcar,,,,closed,Year closed is estimated.,,at grade,,,"1952",,,,"David Block-Schacter; Yonah Freemark","0",USA,,Boston Streetcar,3.22834246588557,,"0"
"1976",Streetcar,Boston MA USA,Boston Elevated Railway,Boston Streetcar,,,,closed,Year closed is estimated.,,at grade,,,"1952",,,,"David Block-Schacter; Yonah Freemark","0",USA,,Boston Streetcar,1.95759374431127,,"0"
"1977",Streetcar,Boston MA USA,Boston Elevated Railway,Boston Streetcar,,,,closed,Year closed is estimated.,,at grade,,,"1952",,,,"David Block-Schacter; Yonah Freemark","0",USA,,Boston Streetcar,3.13514394053028,,"0"
"1978",Streetcar,Boston MA USA,Boston Elevated Railway,MTA 82 - North Cambridge-Harvard,,,,closed,,,at grade,,,"1958",,,,"David Block-Schacter; Yonah Freemark","0",USA,,MTA 82 - North Cambridge-Harvard,6.0563625101156,,"0"
"1979",Streetcar,Boston MA USA,Boston Elevated Railway,Boston Streetcar,,,,closed,Year closed is estimated.,,at grade,,,"1952",,,,"David Block-Schacter; Yonah Freemark","0",USA,,Boston Streetcar,1.6937656253652,,"0"
"1980",Streetcar,Boston MA USA,Boston Elevated Railway,Boston Streetcar,,,,closed,Year closed is estimated.,,at grade,,,"1952",,,,"David Block-Schacter; Yonah Freemark","0",USA,,Boston Streetcar,0.792627130998484,,"0"
"1981",Streetcar,Boston MA USA,Boston Elevated Railway,Boston Streetcar,,,,closed,Year closed is estimated.,,at grade,,,"1952",,,,"David Block-Schacter; Yonah Freemark","0",USA,,Boston Streetcar,0.66937304217662,,"0"
"1982",Streetcar,Boston MA USA,Boston Elevated Railway,Boston Streetcar,,,,closed,Year closed is estimated.,,at grade,,,"1952",,,,"David Block-Schacter; Yonah Freemark","0",USA,,Boston Streetcar,0.983148899606752,,"0"
"1983",Streetcar,Boston MA USA,Boston Elevated Railway,Boston Streetcar,,,,closed,Year closed is estimated.,,at grade,,,"1952",,,,"David Block-Schacter; Yonah Freemark","0",USA,,Boston Streetcar,0.495081759410582,,"0"
"1984",Streetcar,Boston MA USA,Boston Elevated Railway,Boston Streetcar,,,,closed,Year closed is estimated.,,at grade,,,"1952",,,,"David Block-Schacter; Yonah Freemark","0",USA,,Boston Streetcar,1.64962519960879,,"0"
"1985",Streetcar,Boston MA USA,Boston Elevated Railway,Boston Streetcar,,,,closed,Year closed is estimated.,,at grade,,,"1952",,,,"David Block-Schacter; Yonah Freemark","0",USA,,Boston Streetcar,0.680595462227009,,"0"
"1986",Streetcar,Boston MA USA,Boston Elevated Railway,Boston Streetcar,,,,closed,Year closed is estimated.,,at grade,,,"1952",,,,"David Block-Schacter; Yonah Freemark","0",USA,,Boston Streetcar,0.548167047177729,,"0"
"1987",Streetcar,Boston MA USA,Boston Elevated Railway,MTA 43 - Lenox St-Subway,,,,closed,,,at grade,,,"1961",,,,"David Block-Schacter; Yonah Freemark","0",USA,,MTA 43 - Lenox St-Subway,2.35112612388894,,"0"
"1988",Streetcar,Boston MA USA,Boston Elevated Railway,Boston Streetcar,,,,closed,Year closed is estimated.,,at grade,,,"1952",,,,"David Block-Schacter; Yonah Freemark","0",USA,,Boston Streetcar,0.907910628297847,,"0"
"1989",Streetcar,Boston MA USA,Boston Elevated Railway,Boston Streetcar,,,,closed,Year closed is estimated.,,at grade,,,"1952",,,,"David Block-Schacter; Yonah Freemark","0",USA,,Boston Streetcar,3.06992379524616,,"0"
"1990",Streetcar,Boston MA USA,Boston Elevated Railway,MTA 71 - Watertown-Harvard,,,,closed,,,at grade,,,"1958",,,,"David Block-Schacter; Yonah Freemark","0",USA,,MTA 71 - Watertown-Harvard,3.15267145311542,,"0"
"1991",Streetcar,Boston MA USA,Boston Elevated Railway,Boston Streetcar,,,,closed,Year closed is estimated.,,at grade,,,"1952",,,,"David Block-Schacter; Yonah Freemark","0",USA,,Boston Streetcar,2.32953391689579,,"0"
"1992",Streetcar,Boston MA USA,Boston Elevated Railway,Boston Streetcar,,,,closed,Year closed is estimated.,,at grade,,,"1952",,,,"David Block-Schacter; Yonah Freemark","0",USA,,Boston Streetcar,3.12083068053143,,"0"
"1993",Streetcar,Boston MA USA,Boston Elevated Railway,Boston Streetcar,,,,closed,Year closed is estimated.,,at grade,,,"1952",,,,"David Block-Schacter; Yonah Freemark","0",USA,,Boston Streetcar,3.64635411968422,,"0"
"1994",Streetcar,Boston MA USA,Boston Elevated Railway,Boston Streetcar,,,,closed,Year closed is estimated.,,at grade,,,"1952",,,,"David Block-Schacter; Yonah Freemark","0",USA,,Boston Streetcar,2.7718573009261,,"0"
"1995",Streetcar,Boston MA USA,Boston Elevated Railway,Boston Streetcar,,,,closed,Year closed is estimated.,,at grade,,,"1952",,,,"David Block-Schacter; Yonah Freemark","0",USA,,Boston Streetcar,4.40852413543131,,"0"
"1996",Streetcar,Boston MA USA,Boston Elevated Railway,Boston Streetcar,,,,closed,Year closed is estimated.,,at grade,,,"1952",,,,"David Block-Schacter; Yonah Freemark","0",USA,,Boston Streetcar,4.4483590670502,,"0"
"1997",Streetcar,Boston MA USA,Boston Elevated Railway,Boston Streetcar,,,,closed,Year closed is estimated.,,at grade,,,"1952",,,,"David Block-Schacter; Yonah Freemark","0",USA,,Boston Streetcar,2.25350609687599,,"0"
"1998",Streetcar,Boston MA USA,Boston Elevated Railway,Boston Streetcar,,,,closed,Year closed is estimated.,,at grade,,,"1952",,,,"David Block-Schacter; Yonah Freemark","0",USA,,Boston Streetcar,0.673957725235775,,"0"
"1999",Streetcar,Boston MA USA,Boston Elevated Railway,Boston Streetcar,,,,closed,Year closed is estimated.,,at grade,,,"1952",,,,"David Block-Schacter; Yonah Freemark","0",USA,,Boston Streetcar,1.28095060407153,,"0"
"2000",Streetcar,Boston MA USA,Boston Elevated Railway,Boston Streetcar,,,,closed,Year closed is estimated.,,at grade,,,"1952",,,,"David Block-Schacter; Yonah Freemark","0",USA,,Boston Streetcar,1.3750881269688,,"0"
"2001",Streetcar,Boston MA USA,Boston Elevated Railway,Boston Streetcar,,,,closed,Year closed is estimated.,,at grade,,,"1952",,,,"David Block-Schacter; Yonah Freemark","0",USA,,Boston Streetcar,1.96169786297198,,"0"
"2002",Streetcar,Boston MA USA,Boston Elevated Railway,Boston Streetcar,,,,closed,Year closed is estimated.,,at grade,,,"1952",,,,"David Block-Schacter; Yonah Freemark","0",USA,,Boston Streetcar,1.16997658230837,,"0"
"2003",Streetcar,Boston MA USA,Boston Elevated Railway,Boston Streetcar,,,,closed,Year closed is estimated.,,at grade,,,"1952",,,,"David Block-Schacter; Yonah Freemark","0",USA,,Boston Streetcar,1.89618693722167,,"0"
"2004",Streetcar,Boston MA USA,Boston Elevated Railway,Boston Streetcar,,,,closed,Year closed is estimated.,,at grade,,,"1952",,,,"David Block-Schacter; Yonah Freemark","0",USA,,Boston Streetcar,0.579488737959214,,"0"
"2005",Streetcar,Boston MA USA,Boston Elevated Railway,Boston Streetcar,,,,closed,Year closed is estimated.,,at grade,,,"1952",,,,"David Block-Schacter; Yonah Freemark","0",USA,,Boston Streetcar,1.74407056143908,,"0"
"2006",Streetcar,Boston MA USA,Boston Elevated Railway,Boston Streetcar,,,,closed,Year closed is estimated.,,at grade,,,"1952",,,,"David Block-Schacter; Yonah Freemark","0",USA,,Boston Streetcar,2.42231797600841,,"0"
"2007",Streetcar,Boston MA USA,Boston Elevated Railway,Boston Streetcar,,,,closed,Year closed is estimated.,,at grade,,,"1952",,,,"David Block-Schacter; Yonah Freemark","0",USA,,Boston Streetcar,1.75574709768402,,"0"
"2008",Streetcar,Boston MA USA,Boston Elevated Railway,Boston Streetcar,,,,closed,Year closed is estimated.,,at grade,,,"1952",,,,"David Block-Schacter; Yonah Freemark","0",USA,,Boston Streetcar,2.78813612892813,,"0"
"2009",Streetcar,Boston MA USA,Boston Elevated Railway,Boston Streetcar,,,,closed,Year closed is estimated.,,at grade,,,"1952",,,,"David Block-Schacter; Yonah Freemark","0",USA,,Boston Streetcar,0.679834058943562,,"0"
"2010",Streetcar,Boston MA USA,Boston Elevated Railway,Boston Streetcar,,,,closed,Year closed is estimated.,,at grade,,,"1952",,,,"David Block-Schacter; Yonah Freemark","0",USA,,Boston Streetcar,2.71507869389271,,"0"
"2011",Streetcar,Boston MA USA,Boston Elevated Railway,Boston Streetcar,,,,closed,Year closed is estimated.,,at grade,,,"1952",,,,"David Block-Schacter; Yonah Freemark","0",USA,,Boston Streetcar,2.47075037739443,,"0"
"2012",Streetcar,Boston MA USA,Boston Elevated Railway,Boston Streetcar,,,,closed,Year closed is estimated.,,at grade,,,"1952",,,,"David Block-Schacter; Yonah Freemark","0",USA,,Boston Streetcar,0.480601583308979,,"0"
"2014",Streetcar,Boston MA USA,Boston Elevated Railway,Boston Streetcar,,,,closed,Year closed is estimated.,,at grade,,,"1952",,,,"David Block-Schacter; Yonah Freemark","0",USA,,Boston Streetcar,2.2673707577405,,"0"
"2015",Streetcar,Boston MA USA,Boston Elevated Railway,Boston Streetcar,,,,closed,Year closed is estimated.,,at grade,,,"1952",,,,"David Block-Schacter; Yonah Freemark","0",USA,,Boston Streetcar,0.188560791247095,,"0"
"2016",Streetcar,Boston MA USA,Boston Elevated Railway,Boston Streetcar,,,,closed,Year closed is estimated.,,at grade,,,"1952",,,,"David Block-Schacter; Yonah Freemark","0",USA,,Boston Streetcar,0.316006627303418,,"0"
"2018",Streetcar,Boston MA USA,Boston Elevated Railway,Boston Streetcar,,,,closed,Year closed is estimated.,,at grade,,,"1952",,,,"David Block-Schacter; Yonah Freemark","0",USA,,Boston Streetcar,4.42213829791311,,"0"
"2019",Streetcar,Boston MA USA,Boston Elevated Railway,Boston Streetcar,,,,closed,Year closed is estimated.,,at grade,,,"1952",,,,"David Block-Schacter; Yonah Freemark","0",USA,,Boston Streetcar,0.519755003431163,,"0"
"2020",Streetcar,Boston MA USA,Boston Elevated Railway,Boston Streetcar,,,,closed,Year closed is estimated.,,at grade,,,"1952",,,,"David Block-Schacter; Yonah Freemark","0",USA,,Boston Streetcar,0.710447275022108,,"0"
"2021",Streetcar,Boston MA USA,Boston Elevated Railway,Boston Streetcar,,,,closed,Year closed is estimated.,,at grade,,,"1952",,,,"David Block-Schacter; Yonah Freemark","0",USA,,Boston Streetcar,1.29011906941323,,"0"
"2023",Streetcar,Boston MA USA,Boston Elevated Railway,Boston Streetcar,,,,closed,Year closed is estimated.,,at grade,,,"1952",,,,"David Block-Schacter; Yonah Freemark","0",USA,,Boston Streetcar,1.83735692050793,,"0"
"2028",Streetcar,Boston MA USA,Boston Elevated Railway,Boston Streetcar,,,,closed,Year closed is estimated.,,at grade,,,"1952",,,,"David Block-Schacter; Yonah Freemark","0",USA,,Boston Streetcar,3.97622088586336,,"0"
"2029",Streetcar,Boston MA USA,Boston Elevated Railway,Boston Streetcar,,,,closed,Year closed is estimated.,,at grade,,,"1952",,,,"David Block-Schacter; Yonah Freemark","0",USA,,Boston Streetcar,2.27516269135765,,"0"
"2030",Streetcar,Boston MA USA,Boston Elevated Railway,Boston Streetcar,,,,closed,Year closed is estimated.,,at grade,,,"1952",,,,"David Block-Schacter; Yonah Freemark","0",USA,,Boston Streetcar,1.12618493600494,,"0"
"2031",Streetcar,Boston MA USA,Boston Elevated Railway,Boston Streetcar,,,,closed,Year closed is estimated.,,at grade,,,"1952",,,,"David Block-Schacter; Yonah Freemark","0",USA,,Boston Streetcar,1.61737094641247,,"0"
"2032",Streetcar,Boston MA USA,Boston Elevated Railway,Boston Streetcar,,,,closed,Year closed is estimated.,,at grade,,,"1952",,,,"David Block-Schacter; Yonah Freemark","0",USA,,Boston Streetcar,1.26116640230429,,"0"
"2033",Streetcar,Boston MA USA,Boston Elevated Railway,Boston Streetcar,,,,closed,Year closed is estimated.,,at grade,,,"1952",,,,"David Block-Schacter; Yonah Freemark","0",USA,,Boston Streetcar,1.14092141468802,,"0"
"2034",Streetcar,Boston MA USA,Boston Elevated Railway,Boston Streetcar,,,,closed,Year closed is estimated.,,at grade,,,"1952",,,,"David Block-Schacter; Yonah Freemark","0",USA,,Boston Streetcar,1.78837569220314,,"0"
"2036",Streetcar,Boston MA USA,Boston Elevated Railway,Boston Streetcar,,,,closed,Year closed is estimated.,,at grade,,,"1952",,,,"David Block-Schacter; Yonah Freemark","0",USA,,Boston Streetcar,0.723945912335948,,"0"
"2037",Streetcar,Boston MA USA,Boston Elevated Railway,Boston Streetcar,,,,closed,Year closed is estimated.,,at grade,,,"1952",,,,"David Block-Schacter; Yonah Freemark","0",USA,,Boston Streetcar,0.633585587325514,,"0"
"2038",Streetcar,Boston MA USA,Boston Elevated Railway,Boston Streetcar,,,,closed,Year closed is estimated.,,at grade,,,"1952",,,,"David Block-Schacter; Yonah Freemark","0",USA,,Boston Streetcar,1.04049411040374,,"0"
"2039",Streetcar,Boston MA USA,Boston Elevated Railway,Boston Streetcar,,,,closed,Year closed is estimated.,,at grade,,,"1952",,,,"David Block-Schacter; Yonah Freemark","0",USA,,Boston Streetcar,0.268185911881898,,"0"
"2040",Streetcar,Boston MA USA,Boston Elevated Railway,Boston Streetcar,,,,closed,Year closed is estimated.,,at grade,,,"1952",,,,"David Block-Schacter; Yonah Freemark","0",USA,,Boston Streetcar,0.341875524228698,,"0"
"2041",Streetcar,Boston MA USA,Boston Elevated Railway,Boston Streetcar,,,,closed,Year closed is estimated.,,at grade,,,"1952",,,,"David Block-Schacter; Yonah Freemark","0",USA,,Boston Streetcar,0.988720360453166,,"0"
"2042",Streetcar,Boston MA USA,Boston Elevated Railway,Boston Streetcar,,,,closed,Year closed is estimated.,,at grade,,,"1952",,,,"David Block-Schacter; Yonah Freemark","0",USA,,Boston Streetcar,0.992409187556315,,"0"
"2043",Streetcar,Boston MA USA,Boston Elevated Railway,Boston Streetcar,,,,closed,Year closed is estimated.,,at grade,,,"1952",,,,"David Block-Schacter; Yonah Freemark","0",USA,,Boston Streetcar,1.93437554433807,,"0"
"2044",Streetcar,Boston MA USA,Boston Elevated Railway,Boston Streetcar,,,,closed,Year closed is estimated.,,at grade,,,"1952",,,,"David Block-Schacter; Yonah Freemark","0",USA,,Boston Streetcar,0.298674367291831,,"0"
"2045",Streetcar,Boston MA USA,Boston Elevated Railway,Boston Streetcar,,,,closed,Year closed is estimated.,,at grade,,,"1952",,,,"David Block-Schacter; Yonah Freemark","0",USA,,Boston Streetcar,0.79305549707656,,"0"
"2046",Streetcar,Boston MA USA,Boston Elevated Railway,Boston Streetcar,,,,closed,Year closed is estimated.,,at grade,,,"1952",,,,"David Block-Schacter; Yonah Freemark","0",USA,,Boston Streetcar,1.03753313792513,,"0"
"2047",Streetcar,Boston MA USA,Boston Elevated Railway,Boston Streetcar,,,,closed,Year closed is estimated.,,at grade,,,"1952",,,,"David Block-Schacter; Yonah Freemark","0",USA,,Boston Streetcar,0.685509942640246,,"0"
"2048",Streetcar,Boston MA USA,Boston Elevated Railway,Boston Streetcar,,,,closed,Year closed is estimated.,,at grade,,,"1952",,,,"David Block-Schacter; Yonah Freemark","0",USA,,Boston Streetcar,1.37132286391856,,"0"
"2049",Streetcar,Boston MA USA,Boston Elevated Railway,Boston Streetcar,,,,closed,Year closed is estimated.,,at grade,,,"1952",,,,"David Block-Schacter; Yonah Freemark","0",USA,,Boston Streetcar,3.13478531723471,,"0"
"2050",Streetcar,Boston MA USA,Boston Elevated Railway,Boston Streetcar,,,,closed,Year closed is estimated.,,at grade,,,"1952",,,,"David Block-Schacter; Yonah Freemark","0",USA,,Boston Streetcar,1.95591129265197,,"0"
"2051",Streetcar,Boston MA USA,Boston Elevated Railway,Boston Streetcar,,,,closed,Year closed is estimated.,,at grade,,,"1952",,,,"David Block-Schacter; Yonah Freemark","0",USA,,Boston Streetcar,0.67994481170646,,"0"
"2052",Streetcar,Boston MA USA,Boston Elevated Railway,Boston Streetcar,,,,closed,Year closed is estimated.,,at grade,,,"1952",,,,"David Block-Schacter; Yonah Freemark","0",USA,,Boston Streetcar,0.628936920136404,,"0"
"2053",Streetcar,Boston MA USA,Boston Elevated Railway,Boston Streetcar,,,,closed,Year closed is estimated.,,at grade,,,"1952",,,,"David Block-Schacter; Yonah Freemark","0",USA,,Boston Streetcar,8.81648434712225,,"0"
"2054",Streetcar,Boston MA USA,Boston Elevated Railway,Boston Streetcar,,,,closed,Year closed is estimated.,,at grade,,,"1952",,,,"David Block-Schacter; Yonah Freemark","0",USA,,Boston Streetcar,3.36226651917594,,"0"
"2055",Streetcar,Boston MA USA,Boston Elevated Railway,Boston Streetcar,,,,closed,Year closed is estimated.,,at grade,,,"1952",,,,"David Block-Schacter; Yonah Freemark","0",USA,,Boston Streetcar,3.53503172051356,,"0"
"2056",Streetcar,Boston MA USA,Boston Elevated Railway,Boston Streetcar,,,,closed,Year closed is estimated.,,at grade,,,"1952",,,,"David Block-Schacter; Yonah Freemark","0",USA,,Boston Streetcar,4.12006626663593,,"0"
"2057",Streetcar,Boston MA USA,Boston Elevated Railway,Boston Streetcar,,,,closed,Year closed is estimated.,,at grade,,,"1952",,,,"David Block-Schacter; Yonah Freemark","0",USA,,Boston Streetcar,4.16630625909984,,"0"
"2058",Streetcar,Boston MA USA,Boston Elevated Railway,Boston Streetcar,,,,closed,Year closed is estimated.,,at grade,,,"1952",,,,"David Block-Schacter; Yonah Freemark","0",USA,,Boston Streetcar,1.18123392759501,,"0"
"2059",Streetcar,Boston MA USA,Boston Elevated Railway,Boston Streetcar,,,,closed,Year closed is estimated.,,at grade,,,"1952",,,,"David Block-Schacter; Yonah Freemark","0",USA,,Boston Streetcar,1.98194275131181,,"0"
"2060",Streetcar,Boston MA USA,Boston Elevated Railway,Boston Streetcar,,,,closed,Year closed is estimated.,,at grade,,,"1952",,,,"David Block-Schacter; Yonah Freemark","0",USA,,Boston Streetcar,3.19128815821553,,"0"
"2061",Streetcar,Boston MA USA,Boston Elevated Railway,Boston Streetcar,,,,closed,Year closed is estimated.,,at grade,,,"1952",,,,"David Block-Schacter; Yonah Freemark","0",USA,,Boston Streetcar,0.13807997202279,,"0"
"2062",Streetcar,Boston MA USA,Boston Elevated Railway,Boston Streetcar,,,,closed,Year closed is estimated.,,at grade,,,"1952",,,,"David Block-Schacter; Yonah Freemark","0",USA,,Boston Streetcar,1.22585865149575,,"0"
"2063",Streetcar,Boston MA USA,Boston Elevated Railway,Boston Streetcar,,,,closed,Year closed is estimated.,,at grade,,,"1952",,,,"David Block-Schacter; Yonah Freemark","0",USA,,Boston Streetcar,2.89547924657684,,"0"
"2064",Streetcar,Boston MA USA,Boston Elevated Railway,Boston Streetcar,,,,closed,Year closed is estimated.,,at grade,,,"1952",,,,"David Block-Schacter; Yonah Freemark","0",USA,,Boston Streetcar,0.455179668204445,,"0"
"2065",Streetcar,Boston MA USA,Boston Elevated Railway,Boston Streetcar,,,,closed,Year closed is estimated.,,at grade,,,"1952",,,,"David Block-Schacter; Yonah Freemark","0",USA,,Boston Streetcar,0.342833947479976,,"0"
"2066",Streetcar,Boston MA USA,Boston Elevated Railway,Boston Streetcar,,,,closed,Year closed is estimated.,,at grade,,,"1952",,,,"David Block-Schacter; Yonah Freemark","0",USA,,Boston Streetcar,3.46547326457652,,"0"
"2067",Streetcar,Boston MA USA,Boston Elevated Railway,Boston Streetcar,,,,closed,Year closed is estimated.,,at grade,,,"1952",,,,"David Block-Schacter; Yonah Freemark","0",USA,,Boston Streetcar,0.88648493754656,,"0"
"2068",Streetcar,Boston MA USA,Boston Elevated Railway,Boston Streetcar,,,,closed,Year closed is estimated.,,at grade,,,"1952",,,,"David Block-Schacter; Yonah Freemark","0",USA,,Boston Streetcar,4.49409419923444,,"0"
"2069",Streetcar,Boston MA USA,Boston Elevated Railway,Boston Streetcar,,,,closed,Year closed is estimated.,,at grade,,,"1952",,,,"David Block-Schacter; Yonah Freemark","0",USA,,Boston Streetcar,2.47940971409672,,"0"
"2070",Streetcar,Boston MA USA,Boston Elevated Railway,Boston Streetcar,,,,closed,Year closed is estimated.,,at grade,,,"1952",,,,"David Block-Schacter; Yonah Freemark","0",USA,,Boston Streetcar,2.32577724091795,,"0"
"2071",Streetcar,Boston MA USA,Boston Elevated Railway,Boston Streetcar,,,,closed,Year closed is estimated.,,at grade,,,"1952",,,,"David Block-Schacter; Yonah Freemark","0",USA,,Boston Streetcar,4.89947777804673,,"0"
"2072",Streetcar,Boston MA USA,Boston Elevated Railway,Boston Streetcar,,,,closed,Year closed is estimated.,,at grade,,,"1952",,,,"David Block-Schacter; Yonah Freemark","0",USA,,Boston Streetcar,3.22407461902491,,"0"
"2074",Streetcar,Boston MA USA,Boston Elevated Railway,MTA 73 - Waverly-Harvard,,,,closed,Year closed is estimated.,,at grade,,,"1958",,,,"David Block-Schacter; Yonah Freemark","0",USA,,MTA 73 - Waverly-Harvard,3.80323941968948,,"0"
"2075",Streetcar,Boston MA USA,Boston Elevated Railway,Boston Streetcar,,,,closed,Year closed is estimated.,,at grade,,,"1952",,,,"David Block-Schacter; Yonah Freemark","0",USA,,Boston Streetcar,3.45106042638219,,"0"
"2076",Streetcar,Boston MA USA,Boston Elevated Railway,Boston Streetcar,,,,closed,Year closed is estimated.,,at grade,,,"1952",,,,"David Block-Schacter; Yonah Freemark","0",USA,,Boston Streetcar,2.40593829828118,,"0"
"2077",Streetcar,Boston MA USA,Boston Elevated Railway,Boston Streetcar,,,,closed,Year closed is estimated.,,at grade,,,"1952",,,,"David Block-Schacter; Yonah Freemark","0",USA,,Boston Streetcar,0.33362764133939,,"0"
"2078",Streetcar,Boston MA USA,Boston Elevated Railway,MTA 71 - Watertown-Harvard,,,,closed,Year closed is estimated.,,at grade,,,"1958",,,,"David Block-Schacter; Yonah Freemark","0",USA,,MTA 71 - Watertown-Harvard,2.16542750709219,,"0"
"2079",Streetcar,Boston MA USA,Boston Elevated Railway,Boston Streetcar,,,,closed,Year closed is estimated.,,at grade,,,"1952",,,,"David Block-Schacter; Yonah Freemark","0",USA,,Boston Streetcar,0.172477627078981,,"0"
"2080",Streetcar,Boston MA USA,Boston Elevated Railway,Boston Streetcar,,,,closed,Year closed is estimated.,,at grade,,,"1952",,,,"David Block-Schacter; Yonah Freemark","0",USA,,Boston Streetcar,1.1041295841082,,"0"
"2081",Streetcar,Boston MA USA,Boston Elevated Railway,Boston Streetcar,,,,closed,Year closed is estimated.,,at grade,,,"1952",,,,"David Block-Schacter; Yonah Freemark","0",USA,,Boston Streetcar,0.348233987780903,,"0"
"2082",Streetcar,Boston MA USA,Boston Elevated Railway,Boston Streetcar,,,,closed,Year closed is estimated.,,at grade,,,"1952",,,,"David Block-Schacter; Yonah Freemark","0",USA,,Boston Streetcar,1.33477876746622,,"0"
"2083",Streetcar,Boston MA USA,Boston Elevated Railway,Boston Streetcar,,,,closed,Year closed is estimated.,,at grade,,,"1952",,,,"David Block-Schacter; Yonah Freemark","0",USA,,Boston Streetcar,1.62343853820387,,"0"
"2084",Streetcar,Boston MA USA,Boston Elevated Railway,Boston Streetcar,,,,closed,Year closed is estimated.,,at grade,,,"1952",,,,"David Block-Schacter; Yonah Freemark","0",USA,,Boston Streetcar,0.510052960284596,,"0"
"2085",Streetcar,Boston MA USA,Boston Elevated Railway,Boston Streetcar,,,,closed,Year closed is estimated.,,at grade,,,"1952",,,,"David Block-Schacter; Yonah Freemark","0",USA,,Boston Streetcar,0.605958614210318,,"0"
"2086",Streetcar,Boston MA USA,Boston Elevated Railway,Boston Streetcar,,,,closed,Year closed is estimated.,,at grade,,,"1952",,,,"David Block-Schacter; Yonah Freemark","0",USA,,Boston Streetcar,0.0572956076569782,,"0"
"2087",Streetcar,Boston MA USA,Boston Elevated Railway,Boston Streetcar,,,,closed,Year closed is estimated.,,at grade,,,"1952",,,,"David Block-Schacter; Yonah Freemark","0",USA,,Boston Streetcar,0.132464959106605,,"0"
"2089",Streetcar,Boston MA USA,Boston Elevated Railway,Boston Streetcar,,,,closed,Year closed is estimated.,,at grade,,,"1952",,,,"David Block-Schacter; Yonah Freemark","0",USA,,Boston Streetcar,0.224119710769033,,"0"
"2090",Commuter Rail,Chicago IL USA,Metra,Union Pacific West Extension,"2006",,,existing,"Previously open, rebuilt for Metra.",,at grade,,,,2001-11,134.6,0.6,"Yonah Freemark; OpenStreetMap contributors","0",USA,,Galena and Chicago Union Railroad,12.8590827204879,,"0"
"2091",Light Rail,New York NY USA,New Jersey Transit,Hudson-Bergen Light Rail,"2003",1200,,existing,This was one portion of the MOS-2 project.,,at grade,,,,2000-11,1215.4,0.411,"Yonah Freemark; OpenStreetMap contributors","0",USA,,Hudson-Bergen Light Rail MOS-2 South,1.46586671850742,,"0"
"2092",Light Rail,Houston TX USA,Houston Metro,Red Line,"2013",,,existing,,,at grade,2009-2013,,,2011-11,756,0.595,"Yonah Freemark; OpenStreetMap contributors","0",USA,,Red Line (Northern Extension),8.34672976306901,,"0"
"2094",Light Rail,Baltimore MD USA,MTA,Light RailLink,"1997",,,existing,Part of Baltimore LRT Extensions Program.,,at grade,,,,,106.1,0.8,"Yonah Freemark; OpenStreetMap contributors","0",USA,,Light RailLink (former Blue Line) North,7.39801499726562,,"0"
"2095",Light Rail,Baltimore MD USA,MTA,Light RailLink,"1997",,,existing,Part of Baltimore LRT Extensions Program.,,at grade,,,,,106.1,0.8,"Yonah Freemark; OpenStreetMap contributors","0",USA,,Light RailLink (former Yellow Line) to Penn Station,0.518046591433805,,"0"
"2096",Metro,Los Angeles CA USA,LA Metro,B,"1999",,,existing,,,subway,,,,,,,"Yonah Freemark; OpenStreetMap contributors","0",USA,,B Line (Red) MOS-2,7.50090698393271,,"0"
"2097",Metro,Los Angeles CA USA,LA Metro,B/D,"1993",,,existing,,,subway,,,,,,,"Yonah Freemark; OpenStreetMap contributors","0",USA,,B Line (Red) MOS-1,8.57317214448742,,"0"
"2099",Light Rail,Dallas TX USA,DART,Red Line,"2002",,,existing,,,at grade,,,,1999-10,517.2,0.644,"Yonah Freemark; OpenStreetMap contributors","0",USA,,Red Line North Central Extension,19.3880727675403,,"0"
"2100",Light Rail,Dallas TX USA,DART,Red Line,"1996",,,existing,,,at grade,,,,1993-09,,,"Yonah Freemark; OpenStreetMap contributors","0",USA,,Red Line (Part of South Oak Cliff Project),7.61291321828246,,"0"
"2101",Streetcar,Memphis TN USA,MATA,Madison Avenue Line,"2004",56,,existing,,,at grade,,,,2000-12,74.6,0.8,"Yonah Freemark; OpenStreetMap contributors","0",USA,,Madison Avenue Line,3.95675117696252,,"0"
"2102",Light Rail,St. Louis MO USA,St. Louis Metrolink,Blue/Red Lines,"2001",,,existing,Part of broader St. Clair County Extension,,at grade,,,,1996-10,339.2,0.719,"Yonah Freemark; OpenStreetMap contributors","0",USA,,Metrolink St. Clair Extension,27.9923515369561,,"0"
"2103",Light Rail,St. Louis MO USA,St. Louis Metrolink,Blue/Red Lines,"1993",,,existing,,,"subway; at grade",,,,,,,"Yonah Freemark; OpenStreetMap contributors","0",USA,,Metrolink opening segment,22.3884795408586,,"0"
"2104",Light Rail,St. Louis MO USA,St. Louis Metrolink,Red Line,"2003",,,existing,Part of broader St. Clair County Extension,,at grade,,,,1996-10,339.2,0.719,"Yonah Freemark; OpenStreetMap contributors","0",USA,,Metrolink St. Clair Extension,5.6081069087931,,"0"
"2106",Light Rail,Salt Lake UT USA,UTA,Blue Line,"2008",,,existing,,,at grade,,,,,,,"Yonah Freemark; OpenStreetMap contributors","0",USA,,TRAX East/West to Salt Lake Central,1.46976691671497,,"0"
"2107",Light Rail,Salt Lake UT USA,UTA,Red Line,"2001",,"4360",existing,,,at grade,,,,2000-08,105.8,0.8,"Yonah Freemark; OpenStreetMap contributors","0",USA,,TRAX East/West University First Phase,3.62705351460953,,"0"
"2108",Light Rail,Salt Lake UT USA,UTA,Blue/Green/Red Lines,"1999",,"23000",existing,,,at grade,,,,1995-08,312.5,0.76,"Yonah Freemark; OpenStreetMap contributors","0",USA,,TRAX North/South,23.9333029183865,,"0"
"2109",Light Rail,San Diego CA USA,San Diego MTS,Green/Silver Lines,"1990",,,existing,,,at grade,,,,,,,"Yonah Freemark; OpenStreetMap contributors","0",USA,,Green/Silver Lines Santa Fe Depot–12th/Imperial,2.20157167758274,,"0"
"2110",Light Rail,San Diego CA USA,San Diego MTS,Orange Line,"1989",,,existing,,,at grade,,,,,,,"Yonah Freemark; OpenStreetMap contributors","0",USA,,Orange Line Euclid Ave–Grossmont,11.5057947188114,,"0"
"2111",Streetcar,Jacksonville FL USA,,Main St. Line,,,,closed,,,at grade,,,,,,,Kevin OHalloran,"0",USA,,Main St. Line,7.22549395584247,,"0"
"2112",Streetcar,Jacksonville FL USA,,Walnut Line,,,,closed,,,at grade,,,,,,,Kevin OHalloran,"0",USA,,Walnut Line,1.64417943037808,,"0"
"2113",Streetcar,Jacksonville FL USA,,8th St. Line,,,,closed,,,at grade,,,,,,,Kevin OHalloran,"0",USA,,8th St. Line,2.4846477046615,,"0"
"2114",Streetcar,Jacksonville FL USA,,Evergreen Line,,,,closed,,,at grade,,,,,,,Kevin OHalloran,"0",USA,,Evergreen Line,4.1588622756998,,"0"
"2115",Streetcar,Jacksonville FL USA,,Market St. Line,,,,closed,,,at grade,,,,,,,Kevin OHalloran,"0",USA,,Market St. Line,1.59973388439049,,"0"
"2116",Streetcar,Jacksonville FL USA,,Pearl Line,,,,closed,,,at grade,,,,,,,Kevin OHalloran,"0",USA,,Pearl Line,3.24422644583506,,"0"
"2117",Streetcar,Jacksonville FL USA,,4th St Line,,,,closed,,,at grade,,,,,,,Kevin OHalloran,"0",USA,,4th St Line,0.438974366168347,,"0"
"2118",Streetcar,Jacksonville FL USA,,Florida Ave. Line,,,,closed,,,at grade,,,,,,,Kevin OHalloran,"0",USA,,Florida Ave. Line,2.37592530893216,,"0"
"2119",Streetcar,Jacksonville FL USA,,Bay St. Line,,,,closed,,,at grade,,,,,,,Kevin OHalloran,"0",USA,,Bay St. Line,3.17467355892437,,"0"
"2120",Streetcar,Jacksonville FL USA,,Jessie St. Line,,,,closed,,,at grade,,,,,,,Kevin OHalloran,"0",USA,,Jessie St. Line,1.10003409543301,,"0"
"2121",Streetcar,Jacksonville FL USA,,Parker St Line,,,,closed,,,at grade,,,,,,,Kevin OHalloran,"0",USA,,Parker St Line,1.91589544608814,,"0"
"2122",Streetcar,Jacksonville FL USA,,Newnan Line,,,,closed,,,at grade,,,,,,,Kevin OHalloran,"0",USA,,Newnan Line,0.678979829740816,,"0"
"2123",Streetcar,Jacksonville FL USA,,Myrtle Line,,,,closed,,,at grade,,,,,,,Kevin OHalloran,"0",USA,,Myrtle Line,5.3481287859568,,"0"
"2124",Streetcar,Jacksonville FL USA,,Davis Line,,,,closed,,,at grade,,,,,,,Kevin OHalloran,"0",USA,,Davis Line,2.37762370532599,,"0"
"2125",Streetcar,Jacksonville FL USA,,Union Line,,,,closed,,,at grade,,,,,,,Kevin OHalloran,"0",USA,,Union Line,1.33877139724664,,"0"
"2126",Streetcar,Jacksonville FL USA,,Beaver Line,,,,closed,,,at grade,,,,,,,Kevin OHalloran,"0",USA,,Beaver Line,2.68379185353472,,"0"
"2127",Streetcar,Jacksonville FL USA,,Loop,,,,closed,,,at grade,,,,,,,Kevin OHalloran,"0",USA,,Loop,0.441641409549758,,"0"
"2128",Streetcar,Jacksonville FL USA,,Jefferson Line,,,,closed,,,at grade,,,,,,,Kevin OHalloran,"0",USA,,Jefferson Line,1.2508908289745,,"0"
"2129",Streetcar,Jacksonville FL USA,,Edison Line,,,,closed,,,at grade,,,,,,,Kevin OHalloran,"0",USA,,Edison Line,5.01034714745728,,"0"
"2130",Streetcar,Jacksonville FL USA,,College Line,,,,closed,,,at grade,,,,,,,Kevin OHalloran,"0",USA,,College Line,5.66708858886421,,"0"
"2131",Streetcar,Jacksonville FL USA,,Hendricks Line,,,,closed,,,at grade,,,,,,,Kevin OHalloran,"0",USA,,Hendricks Line,3.08350604694254,,"0"
"2132",Streetcar,Jacksonville FL USA,,Oak Line,,,,closed,,,at grade,,,,,,,Kevin OHalloran,"0",USA,,Oak Line,15.5794824609688,,"0"
"2133",Streetcar,Jacksonville FL USA,,Adams Line,,,,closed,,,at grade,,,,,,,Kevin OHalloran,"0",USA,,Adams Line,0.876434072034945,,"0"
"2134",Streetcar,Jacksonville FL USA,,Hendricks Line,,,,closed,,,at grade,,,,,,,Kevin OHalloran,"0",USA,,Hendricks Line,4.52284343306434,,"0"
"2136",Light Metro,Phoenix AZ USA,Phoenix Airport,PHX Sky Train,"2022",750,,existing,,https://www.skyharbor.com/about/development/PHXSkyTrainstage2,elevated,2019-2022,auto,,,,,"Yonah Freemark; OpenStreetMap contributors","1",USA,,PHX Sky Train Phase 2 Rental Car Extension,3.56277609626668,,"0"
"2137",Commuter Rail,New York NY USA,New Jersey Transit,Passaic-Bergen Passenger Service Restoration,,,,proposed,"Currently in preliminary planning; final alignment not yet determined; no funding yet identified.",https://www.njtransit.com/passaic-bergen-hudson-transit-project,at grade,,,,,,,"Yonah Freemark; OpenStreetMap contributors","0",USA,,Passaic-Bergen Passenger Service Restoration,22.5103021135077,,"0"
"2139",Light Rail,Guadalajara MEX,SITEUR,Tren Ligero Line 1,"1989",,,existing,,,"subway; at grade",,,,,,,"Yonah Freemark; OpenStreetMap contributors","0",MEX,,Tren Ligero Line 1,15.4999046856485,,"0"
"2141",Metro,New York NY USA,MTA,A,"1958",,,existing,,,elevated,,,,,,,"Yonah Freemark; OpenStreetMap contributors","0",USA,,IND Rockaway Line (A) Far Rockaway,0.70473235986403,,"0"
"2142",Metro,New York NY USA,MTA,A/C,"1948",,,existing,,,subway,,,,,,,"Yonah Freemark; OpenStreetMap contributors","0",USA,,IND Fulton Street Line (A/C) Broadway Junction-Euclid,2.77861042694072,,"0"
"2143",Metro,New York NY USA,MTA,F,"1937",,,existing,,,subway,,,,,,,"Yonah Freemark; OpenStreetMap contributors","0",USA,,IND 6th Avenue Line (F) York-2nd,3.35472627310008,,"0"
"2144",Metro,New York NY USA,MTA,A/C/F,"1933",,,existing,,,subway,,,,,,,"Yonah Freemark; OpenStreetMap contributors","0",USA,,IND Fulton/IND Culver Lines (A/C/F),0.719150303355836,,"0"
"2145",Metro,New York NY USA,MTA,A/B/C/D,"1932",,,existing,,,subway,,,,,,,"Yonah Freemark; OpenStreetMap contributors","0",USA,,IND 8th Avenue Line (A/B/C/D) 50-145,7.68183008823024,,"0"
"2146",Metro,New York NY USA,MTA,B/D,"1933",,,existing,,,subway,,,,,,,"Yonah Freemark; OpenStreetMap contributors","0",USA,,IND Concourse Line (B/D),9.19131415418022,,"0"
"2147",Metro,New York NY USA,MTA,B/D/E,"1933",,,existing,,,subway,,,,,,,"Yonah Freemark; OpenStreetMap contributors","0",USA,,Link IND 6th Avenue / Queens Blvd Line (B/D/E),0.291074899854907,,"0"
"2148",Metro,New York NY USA,MTA,E,"1933",,,existing,,,subway,,,,,,,"Yonah Freemark; OpenStreetMap contributors","0",USA,,IND Queens Boulevard Line (E),0.234049716866659,,"0"
"2149",Metro,New York NY USA,MTA,M,"1968",,,existing,,,subway,,,,,,,"Yonah Freemark; OpenStreetMap contributors","0",USA,,IND 6th Avenue Line 50-57,0.415898766586626,,"0"
"2150",Metro,New York NY USA,MTA,B/D/F/M,"1936",,,existing,,,subway,,,,,,,"Yonah Freemark; OpenStreetMap contributors","0",USA,,IND 6th Avenue Line (B/D/F/M) 2nd-Broadway Lafayette,0.502479680908589,,"0"
"2151",Metro,New York NY USA,MTA,Second Avenue Subway,,115,,cancelled,"Proposed as part of Program for Action, $2.9 b improvement plan; abandoned due to lack of funds.",http://www.nycsubway.org/wiki/The_New_York_Transit_Authority_in_the_1970s#The_1968_MTA_.22Program_fo,subway,1968-1975,,,,,,"Yonah Freemark; OpenStreetMap contributors","0",USA,,Second Avenue Subway,2.19013419395229,,"0"
"2152",Metro,New York NY USA,MTA,B/D/M,"1967",,,existing,,,subway,,,,,,,"Yonah Freemark; OpenStreetMap contributors","0",USA,,Chrystie Street Connection (B/D/M),0.173724244719902,,"0"
"2153",Metro,New York NY USA,MTA,B/D,"1967",,,existing,,,subway,,,,,,,"Yonah Freemark; OpenStreetMap contributors","0",USA,,Chrystie Street Connection (B/D),0.820128933780637,,"0"
"2154",Metro,New York NY USA,MTA,D/N/R,"1915",,,existing,,,subway,,,,,,,"Yonah Freemark; OpenStreetMap contributors","0",USA,,BMT 4th Avenue Line (D/N/R) DeKalb-36,5.10521840541119,,"0"
"2155",Metro,New York NY USA,MTA,E/J/Z,"1988",,,existing,,,subway,,,,,,,"Yonah Freemark; OpenStreetMap contributors","0",USA,,BMT/IND Archer Avenue Line (E/J/Z),1.08209510121992,,"0"
"2156",Metro,New York NY USA,MTA,E,"1988",,,existing,,,subway,,,,,,,"Yonah Freemark; OpenStreetMap contributors","0",USA,,IND Archer Avenue Line (E),0.928985915453882,,"0"
"2157",Metro,New York NY USA,MTA,E/F,"1936",,,existing,,,subway,,,,,,,"Yonah Freemark; OpenStreetMap contributors","0",USA,,IND Queens Boulevard Line (E/F),1.505395080745,,"0"
"2158",Metro,New York NY USA,MTA,E/F/M/R,"1933",,,existing,,,subway,,,,,,,"Yonah Freemark; OpenStreetMap contributors","0",USA,,IND Queens Boulevard Line (E/F/M/R),1.53896876839259,,"0"
"2159",Metro,New York NY USA,MTA,E/F,"1933",,,existing,,,subway,,,,,,,"Yonah Freemark; OpenStreetMap contributors","0",USA,,IND Queens Boulevard Line Express (E/F),1.59177191524139,,"0"
"2160",Metro,New York NY USA,MTA,E/F/M/R,"1933",,,existing,,,subway,,,,,,,"Yonah Freemark; OpenStreetMap contributors","0",USA,,IND Queens Boulevard Line,0.849652778611008,,"0"
"2161",Metro,New York NY USA,MTA,M,"1976",,,existing,Regular service began in 1989.,,subway,,,,,,,"Yonah Freemark; OpenStreetMap contributors","0",USA,,IND 63rd Street Line,3.10128313552058,,"0"
"2162",Metro,New York NY USA,MTA,E/F/R,"1933",,,existing,,,subway,,,,,,,"Yonah Freemark; OpenStreetMap contributors","0",USA,,IND Queens Boulevard Line,0.565796780031279,,"0"
"2163",Metro,New York NY USA,MTA,E/F,"1933",,,existing,,,subway,,,,,,,"Yonah Freemark; OpenStreetMap contributors","0",USA,,IND Queens Boulevard Line,3.69134646443325,,"0"
"2164",Metro,New York NY USA,MTA,M,"1976",,,existing,Regular service began in 1989.,,subway,,,,,,,"Yonah Freemark; OpenStreetMap contributors","0",USA,,IND 63rd Street Line,0.66891039097303,,"0"
"2165",Metro,New York NY USA,MTA,M/Q,"1976",,,existing,Regular service began in 1989.,,subway,,,,,,,"Yonah Freemark; OpenStreetMap contributors","0",USA,,BMT/IND 63rd Street Line,0.542161193157536,,"0"
"2166",Metro,New York NY USA,MTA,F,"1933",,,existing,,,subway,,,,,,,"Yonah Freemark; OpenStreetMap contributors","0",USA,,IND Culver Line (F),0.321200613940771,,"0"
"2167",Metro,New York NY USA,MTA,F/G,"1933",,,existing,,,"subway; elevated",,,,,,,"Yonah Freemark; OpenStreetMap contributors","0",USA,,IND Culver Line (F/G),6.61658347781837,,"0"
"2168",Metro,New York NY USA,MTA,A/C,"1936",,,existing,,,subway,,,,,,,"Yonah Freemark; OpenStreetMap contributors","0",USA,,IND Fulton Street Line (A/C),0.250134669944254,,"0"
"2169",Metro,New York NY USA,MTA,A/C/G,"1936",,,existing,,,subway,,,,,,,"Yonah Freemark; OpenStreetMap contributors","0",USA,,IND Fulton Street Line (A/C/G),0.914183066593973,,"0"
"2170",Metro,New York NY USA,MTA,J/M/Z,"1888",,,existing,,,elevated,,,,,,,"Yonah Freemark; OpenStreetMap contributors","0",USA,,BMT Jamaica Line (J/M/Z) Marcy-Myrtle,2.31058032816808,,"0"
"2171",Metro,New York NY USA,MTA,J/Z,"1888",,,existing,,,"subway; elevated",,,,,,,"Yonah Freemark; OpenStreetMap contributors","0",USA,,BMT Jamaica Line (J/Z) Gates-Myrtle,1.31008823261732,,"0"
"2172",Metro,New York NY USA,MTA,J/M/Z,"1903",,,existing,,,elevated,,,,,,,"Yonah Freemark; OpenStreetMap contributors","0",USA,,BMT Williamsburg Bridge (J/M/Z),2.81009557143993,,"0"
"2173",Metro,New York NY USA,MTA,J/M/Z,"1908",,,existing,,,subway,,,,,,,"Yonah Freemark; OpenStreetMap contributors","0",USA,,BMT Nassau Street Line (J/M/Z) Bowery-Essex,0.186547006881288,,"0"
"2174",Metro,New York NY USA,MTA,R,"1955",,,existing,,,subway,,,,,,,"Yonah Freemark; OpenStreetMap contributors","0",USA,,60th St Tunnel Connection (R),0.736591727783576,,"0"
"2175",Metro,New York NY USA,MTA,N/R/W,"1920",5.6,,existing,,,subway,,,,,,,"Yonah Freemark; OpenStreetMap contributors","0",USA,,60th St Tunnel (N/R/W),2.29402888496565,,"0"
"2176",Metro,New York NY USA,MTA,N/R/W,"1919",,,existing,,,subway,,,,,,,"Yonah Freemark; OpenStreetMap contributors","0",USA,,BMT Broadway Line (N/R/W),1.1220742083946,,"0"
"2177",Metro,New York NY USA,MTA,N/Q/R/W,"1917",,,existing,,,subway,,,,,,,"Yonah Freemark; OpenStreetMap contributors","0",USA,,BMT Broadway Line (N/Q/R/W) Canal-23,2.52738972278149,,"0"
"2178",Metro,New York NY USA,MTA,R/W,"1918",,,existing,,,subway,,,,,,,"Yonah Freemark; OpenStreetMap contributors","0",USA,,BMT Broadway Line (R/W),2.23785727579045,,"0"
"2179",Metro,New York NY USA,MTA,N/Q,"1912",,,existing,,,subway,,,,,,,"Yonah Freemark; OpenStreetMap contributors","0",USA,,BMT Broadway Line (N/Q),0.636524468382827,,"0"
"2180",Metro,New York NY USA,MTA,N/Q,"1912",,,existing,,,elevated,,,,,,,"Yonah Freemark; OpenStreetMap contributors","0",USA,,Manhattan Bridge (N/Q),2.9444742656545,,"0"
"2181",Metro,New York NY USA,MTA,N/R,"1915",,,existing,,,subway,,,,,,,"Yonah Freemark; OpenStreetMap contributors","0",USA,,BMT 4th Avenue Line (N/R) 36-59,2.08621095593419,,"0"
"2182",Metro,New York NY USA,MTA,R,"1920",,,existing,,,subway,,,,,,,"Yonah Freemark; OpenStreetMap contributors","0",USA,,Montague Street Tunnel (R),2.18319766812919,,"0"
"2184",Metro,New York NY USA,MTA,A,"1915",,,existing,Converted to Subway service in 1956.,,elevated,,,,,,,"Yonah Freemark; OpenStreetMap contributors","0",USA,,IND Fulton Street Line (A),4.35151428579963,,"0"
"2185",Metro,New York NY USA,MTA,A,"1880",,,existing,Converted to Subway service in 1956.,,"elevated; at grade",,,,,,,"Yonah Freemark; OpenStreetMap contributors","0",USA,,IND Rockaway Line (A),8.47697135398367,,"0"
"2187",Metro,New York NY USA,MTA,"1","1904",,,existing,,,"subway; elevated",,,,,,,"Yonah Freemark; OpenStreetMap contributors","0",USA,,IRT Broadway - 7th Avenue Line (1) 96-157 Sts,4.50409208922858,,"0"
"2188",Metro,New York NY USA,MTA,"3","1904",,,existing,,,"subway; at grade",,,,,,,"Yonah Freemark; OpenStreetMap contributors","0",USA,,IRT Lenox Avenue Line (3),0.799764413232778,,"0"
"2189",Metro,New York NY USA,MTA,2/5,"1904",,,existing,,,"subway; elevated",,,,,,,"Yonah Freemark; OpenStreetMap contributors","0",USA,,IRT White Plains Road Line (2/5),5.70378019247676,,"0"
"2192",Metro,New York NY USA,MTA,2/5,"1920",,,existing,,,subway,,,,,,,"Yonah Freemark; OpenStreetMap contributors","0",USA,,IRT Nostrand Avenue Line (2/5),4.17863150523604,,"0"
"2193",Metro,New York NY USA,MTA,2/3,"1918",,,existing,,,subway,,,,,,,"Yonah Freemark; OpenStreetMap contributors","0",USA,,IRT Broadway-7th Avenue Line-Brooklyn Branch (2/3) Borough Hall-Wall,2.5214256991408,,"0"
"2194",Metro,New York NY USA,MTA,2/3/4/5,"1920",,,existing,,,subway,,,,,,,"Yonah Freemark; OpenStreetMap contributors","0",USA,,IRT Eastern Parkway Line (2/3/4/5),2.76355480142713,,"0"
"2196",Metro,New York NY USA,MTA,4/5/6,"1904",,,existing,,,subway,,,,,,,"Yonah Freemark; OpenStreetMap contributors","0",USA,,IRT Lexington Avenue Line (4/5/6) City Hall-42,4.9400736632349,,"0"
"2197",Metro,New York NY USA,MTA,4/5,"1918",,,existing,,,subway,,,,,,,"Yonah Freemark; OpenStreetMap contributors","0",USA,,IRT Jerome Avenue Line (4/5),0.618586109788364,,"0"
"2198",Metro,New York NY USA,MTA,"5","1918",,,existing,,,subway,,,,,,,"Yonah Freemark; OpenStreetMap contributors","0",USA,,IRT Jerome Avenue Line (5),0.240968789007905,,"0"
"2199",Metro,New York NY USA,MTA,"7","1927",,,existing,,,subway,,,,,,,"Yonah Freemark; OpenStreetMap contributors","0",USA,,IRT Flushing Line (7) 5th Ave-Times Sq,0.563642477196729,,"0"
"2200",Metro,Chicago IL USA,Chicago Transit Authority,Green Line,"1893",,,existing,,,elevated,,,,,,,"Yonah Freemark; OpenStreetMap contributors","0",USA,,Lake Street Elevated (Green),2.31736832741564,,"0"
"2201",Metro,Chicago IL USA,Chicago Transit Authority,Green Line,"1892",,,existing,,,elevated,,,,,,,"Yonah Freemark; OpenStreetMap contributors","0",USA,,Green Line (Jackson Park Branch),2.06608398535721,,"0"
"2202",Metro,Washington DC USA,WMATA,Blue/Yellow Lines,"1977",,,existing,,,"subway; elevated",,,,,,,"Yonah Freemark; OpenStreetMap contributors","0",USA,,Blue/Yellow Lines,3.27387828275189,,"0"
"2203",Metro,Washington DC USA,WMATA,Orange Line,"1986",,,existing,,,highway,,,,,,,"Yonah Freemark; OpenStreetMap contributors","0",USA,,Orange Line,8.90654224009072,,"0"
"2204",Metro,Washington DC USA,WMATA,Orange Line,"1978",,,existing,,,"elevated; at grade",,,,,,,"Yonah Freemark; OpenStreetMap contributors","0",USA,,Orange Line,9.3120298773086,,"0"
"2206",Regional Rail,Bay Area CA USA,Tri-Valley San Joaquin Valley Regional Rail Authority,Valley Link,,2400,"33000",proposed,"In preliminary planning; funding not yet identified. Replaced BART to Livermore.",https://www.valleylinkrail.com/valleylink-project,at grade,,,,,,,"Yonah Freemark; OpenStreetMap contributors","0",USA,,Valley Link,75.7091977088932,,"0"
"2209",Streetcar,Portland OR USA,,Parkrose Streetcar,,,,closed,A line built by real estate developers to attract buyers to their new Parkrose tract. They incorpora,,at grade,,,,,,,Cameron Booth,"0",USA,,Parkrose Streetcar,3.41065821272611,,"0"
"2210",Interurban,Portland OR USA,PRL&P,PRL&P Mount Hood Division,,,,closed,The Mt. Hood Railway and Power Co. opened a 22-mile steam line from Montavilla to Bull Run in 1911 w,,at grade,,,,,,,Cameron Booth,"0",USA,,PRL&P Mount Hood Division,31.9506537680631,,"0"
"2211",Streetcar,Portland OR USA,PRL&P,PRL&P Oregon City Interurban Trolley,,,,closed,,,at grade,,,"1958",,,,Cameron Booth,"0",USA,,PRL&P Oregon City Interurban Trolley,24.0770034833063,,"0"
"2212",Interurban,Portland OR USA,PRL&P,PRL&P Springwater Division,,,,closed,,,at grade,,,"1958",,,,Cameron Booth,"0",USA,,PRL&P Springwater Division,55.9303965160443,,"0"
"2213",Streetcar,Portland OR USA,PRL&P,PRL&P Troutdale Division,,,,closed,,,at grade,,,,,,,Cameron Booth,"0",USA,,PRL&P Troutdale Division,10.6679467091934,,"0"
"2214",Interurban,Portland OR USA,Southern Pacific,Southern Pacific West Side,,,,closed,Service from Portland to McMinnville via Forest Grove. Trackage in SW Portland is mainly gone: Barbu,,at grade,,,,,,,Cameron Booth,"0",USA,,Southern Pacific West Side,75.653634841572,,"0"
"2215",Interurban,Portland OR USA,Southern Pacific,Southern Pacific East Side,,,,closed,,,at grade,,,,,,,Cameron Booth,"0",USA,,Southern Pacific East Side,140.895902588609,,"0"
"2216",Streetcar,Portland OR USA,Southern Pacific,Southern Pacific Forest Grove Loop,,,,closed,,,at grade,,,,,,,Cameron Booth,"0",USA,,Southern Pacific Forest Grove Loop,4.90777689183658,,"0"
"2217",Streetcar,Portland OR USA,Southern Pacific,Southern Pacific Newberg Loop,,,,closed,,,at grade,,,,,,,Cameron Booth,"0",USA,,Southern Pacific Newberg Loop,1.70358307330543,,"0"
"2218",Interurban,Portland OR USA,Oregon Electric,Oregon Electric Main Line,,,,closed,,,at grade,,,,,,,Cameron Booth,"0",USA,,Oregon Electric Main Line,198.399522617035,,"0"
"2219",Streetcar,Portland OR USA,Oregon Electric,Oregon Electric Woodburn Branch,,,,closed,,,at grade,,,,,,,Cameron Booth,"0",USA,,Oregon Electric Woodburn Branch,3.91019102509062,,"0"
"2220",Streetcar,Portland OR USA,Oregon Electric,Oregon Electric Corvallis Branch,,,,closed,,,at grade,,,,,,,Cameron Booth,"0",USA,,Oregon Electric Corvallis Branch,8.40411799787446,,"0"
"2221",Streetcar,Portland OR USA,Oregon Electric,Oregon Electric Forest Grove Branch,,,,closed,,,at grade,,,,,,,Cameron Booth,"0",USA,,Oregon Electric Forest Grove Branch,31.8342841243714,,"0"
"2222",Streetcar,Salem OR USA,Oregon Electric,Oregon Electric Salem Branch,,,,closed,,,at grade,,,,,,,Cameron Booth,"0",USA,,Oregon Electric Salem Branch,2.75620071434037,,"0"
"2223",Interurban,Portland OR USA,United Railways,United Railways Banks Line,,,,closed,,,at grade,,,,,,,Cameron Booth,"0",USA,,United Railways Banks Line,32.8049786944793,,"0"
"2224",Streetcar,Portland OR USA,United Railways,United Railways Portland Line,,,,closed,"After a fare dispute in 1915, United Railways was ordered to tear up its track from the Portland cit",,at grade,,,,,,,Cameron Booth,"0",USA,,United Railways Portland Line,4.15049166862241,,"0"
"2225",Streetcar,Portland OR USA,United Railways,United Railways Mt. Calvary Cemetery Line,,,,closed,A stub line connecting to the PRL&P's Kings Heights streetcar line. Much of the route ran of private,,at grade,,,,,,,Cameron Booth,"0",USA,,United Railways Mt. Calvary Cemetery Line,2.45991926955679,,"0"
"2226",Interurban,Portland OR USA,Willamette Valley Southern,Willamette Valley Southern,"1915",,,closed,"Electric passenger and freight line, opened in 1915 from Oregon City to Mount Angel. The line was cu",,at grade,,,,,,,Cameron Booth,"0",USA,,Willamette Valley Southern,50.9552480032403,,"0"
"2227",Streetcar,Portland OR USA,North Coast Power Co.,North Coast Power Co. Orchards-Sifton Interurban,,,,closed,,,at grade,,,,,,,Cameron Booth,"0",USA,,North Coast Power Co. Orchards-Sifton Interurban,15.016952961195,,"0"
"2228",Streetcar,Portland OR USA,,Spur from Fairview to Union Pacific Depot,,,,closed,Perhaps used for freight or equipment transfer?,,at grade,,,,,,,Cameron Booth,"0",USA,,Spur from Fairview to Union Pacific Depot,0.838205739297658,,"0"
"2229",Streetcar,Eugene OR USA,Eugene Street Railway,Eugene - Blair,"1912",,,closed,,,at grade,,,"1927",,,,Cameron Booth,"0",USA,,Eugene - Blair,3.24035909007107,,"0"
"2230",Streetcar,Eugene OR USA,Eugene Street Railway,Eugene - College Crest,"1910",,,closed,,,at grade,,,"1927",,,,Cameron Booth,"0",USA,,Eugene - College Crest,9.63609145491528,,"0"
"2231",Streetcar,Eugene OR USA,Eugene Street Railway,Eugene - Fairmount,"1907",,,closed,,,at grade,,,"1927",,,,Cameron Booth,"0",USA,,Eugene - Fairmount,7.29624165485415,,"0"
"2232",Streetcar,Eugene OR USA,Eugene Street Railway,Eugene - Springfield,"1910",,,closed,,,at grade,,,"1926",,,,Cameron Booth,"0",USA,,Eugene - Springfield,7.67316778099708,,"0"
"2233",Streetcar,Eugene OR USA,Eugene Street Railway,Eugene - 11th Street Extension,"1912",,,closed,"Went west to the ""transfer station"" where 11th crossed the mainline Southern Pacific",,at grade,,,"1927",,,,Cameron Booth,"0",USA,,Eugene - 11th Street Extension,8.8378058280905,,"0"
"2234",Streetcar,Salem OR USA,,Salem - Salem Heights,,,,closed,,,at grade,,,,,,,Cameron Booth,"0",USA,,Salem - Salem Heights,4.80916014940727,,"0"
"2235",Streetcar,Salem OR USA,,Salem - Yew Park,,,,closed,,,at grade,,,,,,,Cameron Booth,"0",USA,,Salem - Yew Park,3.57908734601513,,"0"
"2236",Streetcar,Salem OR USA,,Salem - Fairgrounds,,,,closed,,,at grade,,,,,,,Cameron Booth,"0",USA,,Salem - Fairgrounds,3.10596613710769,,"0"
"2237",Streetcar,Salem OR USA,,Salem - Prison,,,,closed,,,at grade,,,,,,,Cameron Booth,"0",USA,,Salem - Prison,2.92804608375324,,"0"
"2238",Streetcar,Salem OR USA,,Salem - Garden Road (Center St),,,,closed,,,at grade,,,,,,,Cameron Booth,"0",USA,,Salem - Garden Road (Center St),1.72914775041972,,"0"
"2239",Streetcar,Salem OR USA,,Salem - Garden Road,,,,closed,,,at grade,,,,,,,Cameron Booth,"0",USA,,Salem - Garden Road,3.14886555062276,,"0"
"2240",Streetcar,Salem OR USA,,Salem - Asylum,,,,closed,,,at grade,,,,,,,Cameron Booth,"0",USA,,Salem - Asylum,3.00828263002905,,"0"
"2241",Streetcar,Salem OR USA,,Salem - 17th Avenue,,,,closed,Uncertain of this branch's actual name.,,at grade,,,,,,,Cameron Booth,"0",USA,,Salem - 17th Avenue,1.4212211897677,,"0"
"2242",Streetcar,Portland OR USA,Willamette Falls Railway,Willamette Falls Railway,,,,closed,"North of Magone station, the line was used for logging trains only.",,at grade,,,,,,,Cameron Booth,"0",USA,,Willamette Falls Railway,12.1564632491362,,"0"
"2243",Streetcar,Portland OR USA,Willamette Falls Railway,Willamette Falls Railway - logging siding,,,,closed,,,at grade,,,,,,,Cameron Booth,"0",USA,,Willamette Falls Railway - logging siding,0.783083513507202,,"0"
"2244",Streetcar,Portland OR USA,NCPC,NCPC - Minnehaha Heights,,,,closed,Line out to the car barns at 33rd and St. Johns.,,at grade,,,,,,,Cameron Booth,"0",USA,,NCPC - Minnehaha Heights,5.51143831564527,,"0"
"2245",Streetcar,Portland OR USA,NCPC,NCPC - Depot,,,,closed,Link between the main line railway station and downtown.,,at grade,,,,,,,Cameron Booth,"0",USA,,NCPC - Depot,2.63360063152675,,"0"
"2246",Streetcar,Portland OR USA,NCPC,NCPC - Capitol Hill Line,,,,closed,,,at grade,,,,,,,Cameron Booth,"0",USA,,NCPC - Capitol Hill Line,4.95529417986,,"0"
"2247",Streetcar,Portland OR USA,NCPC,NCPC - 5th Street Freight Spur,,,,closed,Providing a direct connection to the rail yards for easy transferral of produce and goods.,,at grade,,,,,,,Cameron Booth,"0",USA,,NCPC - 5th Street Freight Spur,0.283651134117426,,"0"
"2248",Streetcar,Portland OR USA,NCPC,NCPC - Ingalls St Freight Spur,,,,closed,,,at grade,,,,,,,Cameron Booth,"0",USA,,NCPC - Ingalls St Freight Spur,0.277230574030629,,"0"
"2249",Streetcar,Portland OR USA,NCPC,NCPC - Brewery Spur,,,,closed,,,at grade,,,,,,,Cameron Booth,"0",USA,,NCPC - Brewery Spur,0.0896297412007372,,"0"
"2250",Streetcar,Portland OR USA,PRL&P,13th Street,,,,closed,,,at grade,,,,,,,Cameron Booth,"0",USA,,13th Street,1.32349087676648,,"0"
"2251",Streetcar,Portland OR USA,PRL&P,16th Street,,,,closed,,,at grade,,,,,,,Cameron Booth,"0",USA,,16th Street,6.10711052141256,,"0"
"2252",Streetcar,Portland OR USA,PRL&P,23rd Street,,,,closed,,,at grade,,,,,,,Cameron Booth,"0",USA,,23rd Street,4.13269845734244,,"0"
"2253",Streetcar,Portland OR USA,PRL&P,28th Street,,,,closed,,,at grade,,,,,,,Cameron Booth,"0",USA,,28th Street,0.796285701177167,,"0"
"2254",Streetcar,Portland OR USA,PRL&P,AB - Alberta,,,,closed,,,at grade,,,,,,,Cameron Booth,"0",USA,,AB - Alberta,8.57189707934096,,"0"
"2255",Streetcar,Portland OR USA,PRL&P,AH - Arlington Heights,,,,closed,,,at grade,,,,,,,Cameron Booth,"0",USA,,AH - Arlington Heights,3.03617665938625,,"0"
"2256",Streetcar,Portland OR USA,PRL&P,BW - Broadway,,,,closed,,,at grade,,,,,,,Cameron Booth,"0",USA,,BW - Broadway,7.09912259890625,,"0"
"2257",Streetcar,Portland OR USA,PRL&P,BW - Broadway (22nd SB),,,,closed,,,at grade,,,,,,,Cameron Booth,"0",USA,,BW - Broadway (22nd SB),1.63744124525105,,"0"
"2258",Streetcar,Portland OR USA,PRL&P,BL - Brooklyn,,,,closed,,,at grade,,,,,,,Cameron Booth,"0",USA,,BL - Brooklyn,5.03258612620905,,"0"
"2259",Streetcar,Portland OR USA,PRL&P,BM - Beaumont,,,,closed,,,at grade,,,,,,,Cameron Booth,"0",USA,,BM - Beaumont,6.94812010423407,,"0"
"2260",Streetcar,Portland OR USA,PRL&P,BT - Bridge Transfer,,,,closed,,,at grade,,,,,,,Cameron Booth,"0",USA,,BT - Bridge Transfer,3.54918981234056,,"0"
"2261",Streetcar,Portland OR USA,PRL&P,CC - Council Crest,,,,closed,,,at grade,,,,,,,Cameron Booth,"0",USA,,CC - Council Crest,6.08770556441075,,"0"
"2262",Streetcar,Portland OR USA,PRL&P,CC - Council Crest (Ravensview),,,,closed,,,at grade,,,,,,,Cameron Booth,"0",USA,,CC - Council Crest (Ravensview),1.0174382020379,,"0"
"2263",Streetcar,Portland OR USA,PRL&P,DM - Depot–Morrison,,,,closed,,,at grade,,,,,,,Cameron Booth,"0",USA,,DM - Depot–Morrison,1.17647852680387,,"0"
"2264",Streetcar,Portland OR USA,PRL&P,EH - Errol Heights,,,,closed,,,at grade,,,,,,,Cameron Booth,"0",USA,,EH - Errol Heights,1.82965820241644,,"0"
"2265",Streetcar,Portland OR USA,PRL&P,EM - Eastmoreland,,,,closed,,,at grade,,,,,,,Cameron Booth,"0",USA,,EM - Eastmoreland,1.97220617524243,,"0"
"2266",Streetcar,Portland OR USA,PRL&P,F - Fulton,,,,closed,,,at grade,,,,,,,Cameron Booth,"0",USA,,F - Fulton,6.37898815300285,,"0"
"2267",Streetcar,Portland OR USA,PRL&P,HA - Hawthorne,,,,closed,,,at grade,,,,,,,Cameron Booth,"0",USA,,HA - Hawthorne,9.14508502217156,,"0"
"2268",Streetcar,Portland OR USA,PRL&P,IJ - Irving–Jefferson,,,,closed,,,at grade,,,,,,,Cameron Booth,"0",USA,,IJ - Irving–Jefferson,7.69131727963221,,"0"
"2269",Streetcar,Portland OR USA,PRL&P,IJ - Irving–Jefferson (Chapman),,,,closed,,,at grade,,,,,,,Cameron Booth,"0",USA,,IJ - Irving–Jefferson (Chapman),0.300682930764904,,"0"
"2270",Streetcar,Portland OR USA,PRL&P,KH - Kings Heights,,,,closed,,,at grade,,,,,,,Cameron Booth,"0",USA,,KH - Kings Heights,2.3464473620442,,"0"
"2271",Streetcar,Portland OR USA,PRL&P,KS - Kenton Stockyards,,,,closed,,,at grade,,,,,,,Cameron Booth,"0",USA,,KS - Kenton Stockyards,4.86773271229669,,"0"
"2272",Streetcar,Portland OR USA,PRL&P,MA - Mississippi Avenue,,,,closed,,,at grade,,,,,,,Cameron Booth,"0",USA,,MA - Mississippi Avenue,9.3064549783173,,"0"
"2273",Streetcar,Portland OR USA,PRL&P,MM - Murraymead,,,,closed,,,at grade,,,,,,,Cameron Booth,"0",USA,,MM - Murraymead,1.20938028928094,,"0"
"2274",Streetcar,Portland OR USA,PRL&P,MS - Mount Scott,,,,closed,,,at grade,,,,,,,Cameron Booth,"0",USA,,MS - Mount Scott,13.1737785726539,,"0"
"2275",Streetcar,Portland OR USA,PRL&P,MT - Mount Tabor,,,,closed,,,at grade,,,,,,,Cameron Booth,"0",USA,,MT - Mount Tabor,8.92765993261406,,"0"
"2276",Streetcar,Portland OR USA,PRL&P,MU - Municipal Terminal,,,,closed,,,at grade,,,,,,,Cameron Booth,"0",USA,,MU - Municipal Terminal,2.36942631421254,,"0"
"2277",Streetcar,Portland OR USA,PRL&P,MV - Montavilla,,,,closed,,,at grade,,,,,,,Cameron Booth,"0",USA,,MV - Montavilla,9.67159380562057,,"0"
"2278",Streetcar,Portland OR USA,PRL&P,MV - Montavilla (E 80th),,,,closed,,,at grade,,,,,,,Cameron Booth,"0",USA,,MV - Montavilla (E 80th),0.845519437418697,,"0"
"2279",Streetcar,Portland OR USA,PRL&P,NS - North & South Portland,,,,closed,,,at grade,,,,,,,Cameron Booth,"0",USA,,NS - North & South Portland,8.74475831224604,,"0"
"2280",Streetcar,Portland OR USA,PRL&P,O - The Oaks,,,,closed,Short-run interurban trolley service on the PRL&P line to Oregon City.,,at grade,,,,,,,Cameron Booth,"0",USA,,O - The Oaks,7.56818335600017,,"0"
"2281",Streetcar,Portland OR USA,PRL&P,RC - Rose City Park,,,,closed,,,at grade,,,,,,,Cameron Booth,"0",USA,,RC - Rose City Park,9.69590761597017,,"0"
"2282",Streetcar,Portland OR USA,PRL&P,RM - Richmond,,,,closed,,,at grade,,,,,,,Cameron Booth,"0",USA,,RM - Richmond,6.44157589731631,,"0"
"2283",Streetcar,Portland OR USA,PRL&P,RM - Richmond (11th),,,,closed,,,at grade,,,,,,,Cameron Booth,"0",USA,,RM - Richmond (11th),1.12867225635548,,"0"
"2284",Streetcar,Portland OR USA,PRL&P,RS - Russell–Shaver,,,,closed,,,at grade,,,,,,,Cameron Booth,"0",USA,,RS - Russell–Shaver,6.85380378708178,,"0"
"2285",Streetcar,Portland OR USA,PRL&P,SJ - St. Johns,,,,closed,,,at grade,,,,,,,Cameron Booth,"0",USA,,SJ - St. Johns,18.7312517165312,,"0"
"2286",Streetcar,Portland OR USA,PRL&P,SS - Sunnyside,,,,closed,,,at grade,,,,,,,Cameron Booth,"0",USA,,SS - Sunnyside,7.04757612599764,,"0"
"2287",Streetcar,Portland OR USA,PRL&P,SW - Sellwood,,,,closed,,,at grade,,,,,,,Cameron Booth,"0",USA,,SW - Sellwood,9.15232423422549,,"0"
"2288",Streetcar,Portland OR USA,PRL&P,SW - Sellwood (11th),,,,closed,,,at grade,,,,,,,Cameron Booth,"0",USA,,SW - Sellwood (11th),1.07793514315323,,"0"
"2289",Streetcar,Portland OR USA,PRL&P,VC - Vancouver,,,,closed,,,at grade,,,,,,,Cameron Booth,"0",USA,,VC - Vancouver,13.6571913458126,,"0"
"2290",Streetcar,Portland OR USA,PRL&P,WA - Williams Avenue,,,,closed,,,at grade,,,,,,,Cameron Booth,"0",USA,,WA - Williams Avenue,6.93431895388838,,"0"
"2291",Streetcar,Portland OR USA,PRL&P,WL - Woodlawn,,,,closed,,,at grade,,,,,,,Cameron Booth,"0",USA,,WL - Woodlawn,9.25910757297283,,"0"
"2292",Streetcar,Portland OR USA,PRL&P,WO - Westover,,,,closed,,,at grade,,,,,,,Cameron Booth,"0",USA,,WO - Westover,1.7943181555997,,"0"
"2293",Streetcar,Portland OR USA,PRL&P,WS - Woodstock,,,,closed,,,at grade,,,,,,,Cameron Booth,"0",USA,,WS - Woodstock,10.4018073574076,,"0"
"2294",Streetcar,Portland OR USA,PRL&P,WS - Woodstock (11th),,,,closed,,,at grade,,,,,,,Cameron Booth,"0",USA,,WS - Woodstock (11th),1.12867225635548,,"0"
"2295",Commuter Rail,Miami FL USA,Miami-Dade Transit,Northeast Corridor,,927,,proposed,"In planning, part of Miami-Dade SMART & Tri-Rail Coastal Link plan; no current funding.",http://tri-railcoastallinkstudy.com/,at grade,,,,,,,"Yonah Freemark; OpenStreetMap contributors","0",USA,,Northeast Corridor,15.9026052752102,,"0"
"2296",Streetcar,Boston MA USA,Boston Elevated Railway,Boston Streetcar,,,,closed,Year closed is estimated.,,at grade,,,"1952",,,,"David Block-Schacter; Yonah Freemark","0",USA,,Boston Streetcar,0.163630999497592,,"0"
"2297",Streetcar,Boston MA USA,Boston Elevated Railway,Boston Streetcar,,,,closed,Year closed is estimated.,,at grade,,,"1952",,,,"David Block-Schacter; Yonah Freemark","0",USA,,Boston Streetcar,1.52872458517525,,"0"
"2298",Streetcar,Boston MA USA,Boston Elevated Railway,Boston Streetcar,,,,closed,Year closed is estimated.,,at grade,,,"1952",,,,"David Block-Schacter; Yonah Freemark","0",USA,,Boston Streetcar,1.05611350262002,,"0"
"2299",Streetcar,Boston MA USA,Boston Elevated Railway,Boston Streetcar,,,,closed,Year closed is estimated.,,at grade,,,"1952",,,,"David Block-Schacter; Yonah Freemark","0",USA,,Boston Streetcar,0.594389003220237,,"0"
"2300",Streetcar,Washington DC USA,DC Transit,Wisconsin Avenue Line,"1888",,,closed,"Status as of 1958; year open is estimated.",,at grade,,,"1960",,,,Yonah Freemark,"0",USA,,Wisconsin Avenue Line,6.60939237261547,,"0"
"2301",Streetcar,Washington DC USA,DC Transit,Georgetown Loop,"1888",,,closed,"Status as of 1958; year open is estimated.",,at grade,,,"1960",,,,Yonah Freemark,"0",USA,,Georgetown Loop,1.65005738548876,,"0"
"2302",Streetcar,Washington DC USA,DC Transit,M Street/Pennsylvania Avenue,"1888",,,closed,"Status as of 1958; year open is estimated.",,at grade,,,"1962",,,,Yonah Freemark,"0",USA,,M Street/Pennsylvania Avenue,1.97389052581368,,"0"
"2303",Streetcar,Washington DC USA,DC Transit,Pennsylvania Avenue,"1888",,,closed,"Status as of 1958; year open is estimated.",,at grade,,,"1962",,,,Yonah Freemark,"0",USA,,Pennsylvania Avenue,3.85767422805852,,"0"
"2304",Streetcar,Washington DC USA,DC Transit,Potomac Park Loop,"1888",,,closed,"Status as of 1958; year open is estimated.",,at grade,,,"1962",,,,Yonah Freemark,"0",USA,,Potomac Park Loop,1.56734588031602,,"0"
"2305",Streetcar,Washington DC USA,DC Transit,14th Street,"1888",,,closed,"Status as of 1958; portion at Bureau of Engraving in subway; year open estimated.",,"subway; at grade",,,"1962",,,,Yonah Freemark,"0",USA,,14th Street,2.4993050240114,,"0"
"2306",Streetcar,Washington DC USA,DC Transit,14th Street,"1888",,,closed,"Status as of 1958; year open is estimated.",,at grade,,,"1962",,,,Yonah Freemark,"0",USA,,14th Street,5.57917283352879,,"0"
"2307",Streetcar,Washington DC USA,DC Transit,7th Street/Georgia,"1888",,,closed,"Status as of 1958; year open is estimated.",,at grade,,,"1960",,,,Yonah Freemark,"0",USA,,7th Street/Georgia,12.5828076797761,,"0"
"2308",Streetcar,Washington DC USA,DC Transit,8th St SE/Florida Ave/U St/18th St/Calvert St,"1888",,,closed,"Status as of 1958; year open is estimated.",,at grade,,,"1962",,,,Yonah Freemark,"0",USA,,8th St SE/Florida Ave/U St/18th St/Calvert St,8.97394054673649,,"0"
"2309",Streetcar,Washington DC USA,DC Transit,Pennsylvania Avenue/Independence Avenue,"1888",,,closed,"Status as of 1958; year open is estimated.",,at grade,,,"1962",,,,Yonah Freemark,"0",USA,,Pennsylvania Avenue/Independence Avenue,3.80456126048402,,"0"
"2310",Streetcar,Washington DC USA,DC Transit,Federal Center Loop,"1888",,,closed,"Status as of 1958; year open is estimated.",,at grade,,,"1962",,,,Yonah Freemark,"0",USA,,Federal Center Loop,0.691936208156175,,"0"
"2311",Streetcar,Washington DC USA,DC Transit,1st Street,"1888",,,closed,"Status as of 1958; year open is estimated.",,at grade,,,"1962",,,,Yonah Freemark,"0",USA,,1st Street,1.42892075729475,,"0"
"2312",Streetcar,Washington DC USA,DC Transit,Capitol Street,"1888",,,closed,"Status as of 1958; year open is estimated.",,at grade,,,"1962",,,,Yonah Freemark,"0",USA,,Capitol Street,2.0453645895295,,"0"
"2313",Streetcar,Washington DC USA,DC Transit,East Capitol,"1888",,,closed,"Status as of 1958; year open is estimated.",,at grade,,,"1962",,,,Yonah Freemark,"0",USA,,East Capitol,0.401977742035473,,"0"
"2314",Streetcar,Washington DC USA,DC Transit,D Street Northeast,"1888",,,closed,"Status as of 1958; year open is estimated.",,at grade,,,"1962",,,,Yonah Freemark,"0",USA,,D Street Northeast,1.61833125082229,,"0"
"2315",Streetcar,Washington DC USA,DC Transit,C Street Northeast,"1888",,,closed,"Status as of 1958; year open is estimated.",,at grade,,,"1962",,,,Yonah Freemark,"0",USA,,C Street Northeast,1.25385801238642,,"0"
"2316",Streetcar,Washington DC USA,DC Transit,1st Street SW,"1888",,,closed,"Status as of 1958; year open is estimated.",,at grade,,,"1962",,,,Yonah Freemark,"0",USA,,1st Street SW,0.348643328278711,,"0"
"2317",Streetcar,Washington DC USA,DC Transit,1st Street NW,"1888",,,closed,"Status as of 1958; year open is estimated.",,at grade,,,"1962",,,,Yonah Freemark,"0",USA,,1st Street NW,0.304885533043135,,"0"
"2318",Streetcar,Washington DC USA,DC Transit,Eckington/New York Avenue/5th Street/D Street,"1888",,,closed,"Status as of 1958; portion under Senate Fountain in subway; year open estimated.",,"subway; at grade",,,"1962",,,,Yonah Freemark,"0",USA,,Eckington/New York Avenue/5th Street/D Street,6.32281060402883,,"0"
"2319",Streetcar,Washington DC USA,DC Transit,North Capitol/Michigan/Brookland,"1888",,,closed,"Status as of 1958; year open is estimated.",,at grade,,,"1958",,,,Yonah Freemark,"0",USA,,North Capitol/Michigan/Brookland,5.7302240520756,,"0"
"2320",Streetcar,Washington DC USA,DC Transit,Eckington Loop,"1888",,,closed,"Status as of 1958; year open is estimated.",,at grade,,,"1962",,,,Yonah Freemark,"0",USA,,Eckington Loop,0.457470388054371,,"0"
"2321",Streetcar,Washington DC USA,DC Transit,Rhode Island Avenue,"1888",,,closed,"Status as of 1958; year open is estimated.",,at grade,,,"1962",,,,Yonah Freemark,"0",USA,,Rhode Island Avenue,4.0105096632492,,"0"
"2322",Streetcar,Washington DC USA,DC Transit,New Jersey Avenue,"1888",,,closed,"Status as of 1958; year open is estimated.",,at grade,,,"1962",,,,Yonah Freemark,"0",USA,,New Jersey Avenue,1.08167562403425,,"0"
"2323",Streetcar,Washington DC USA,DC Transit,G Street,"1888",,,closed,"Status as of 1958; year open is estimated.",,at grade,,,"1962",,,,Yonah Freemark,"0",USA,,G Street,1.94547514686564,,"0"
"2324",Streetcar,Washington DC USA,DC Transit,F Street,"1888",,,closed,"Status as of 1958; year open is estimated.",,at grade,,,"1962",,,,Yonah Freemark,"0",USA,,F Street,1.28282556117386,,"0"
"2325",Streetcar,Washington DC USA,DC Transit,9th Street,"1888",,,closed,"Status as of 1958; year open is estimated.",,at grade,,,"1962",,,,Yonah Freemark,"0",USA,,9th Street,0.509911301508876,,"0"
"2326",Streetcar,Washington DC USA,DC Transit,11th Street,"1888",,,closed,"Status as of 1958; year open is estimated.",,at grade,,,"1961",,,,Yonah Freemark,"0",USA,,11th Street,4.35822589973644,,"0"
"2327",Streetcar,Washington DC USA,DC Transit,Butternut Street,"1888",,,closed,"Status as of 1958; year open is estimated.",,at grade,,,"1960",,,,Yonah Freemark,"0",USA,,Butternut Street,0.840425722343979,,"0"
"2328",Streetcar,Washington DC USA,DC Transit,Upshur Street,"1888",,,closed,"Status as of 1958; year open is estimated.",,at grade,,,"1960",,,,Yonah Freemark,"0",USA,,Upshur Street,1.06328150901613,,"0"
"2329",Streetcar,Washington DC USA,DC Transit,New York Avenue,"1888",,,closed,"Status as of 1958; year open is estimated.",,at grade,,,"1962",,,,Yonah Freemark,"0",USA,,New York Avenue,0.162999116357795,,"0"
"2330",Streetcar,Washington DC USA,DC Transit,H Street,"1888",,,closed,"Status as of 1958; year open is estimated.",,at grade,,,"1962",,,,Yonah Freemark,"0",USA,,H Street,0.652778431238089,,"0"
"2331",Streetcar,Washington DC USA,DC Transit,Connecticut Avenue/Mount Pleasant,"1888",,,closed,"Status as of 1958; portion through Dupont Circle in subway; year open estimated.",,"subway; at grade",,,"1961",,,,Yonah Freemark,"0",USA,,Connecticut Avenue/Mount Pleasant,4.21987996363055,,"0"
"2332",Streetcar,Washington DC USA,DC Transit,Glen Echo,"1888",,,closed,"Status as of 1958; year open is estimated.",,at grade,,,"1960",,,,Yonah Freemark,"0",USA,,Glen Echo,11.2051047798762,,"0"
"2333",Streetcar,Washington DC USA,DC Transit,Branchville Route,"1888",,,closed,"Status as of 1958; year open is estimated.",,at grade,,,"1962",,,,Yonah Freemark,"0",USA,,Branchville Route,7.84420161454316,,"0"
"2334",Streetcar,San Diego CA USA,San Diego Electric Railway,Streetcar,"1892",,,closed,"Status as of 1925; Opening and closing years estimated.",,at grade,,,"1949",,,,,"0",USA,,Line a_727834497_3,6.55801707778578,,"0"
"2335",Streetcar,San Diego CA USA,San Diego Electric Railway,Streetcar,"1892",,,closed,"Status as of 1925; Opening and closing years estimated.",,at grade,,,"1949",,,,,"0",USA,,Line a_727834497_4,5.4218143960107,,"0"
"2336",Streetcar,San Diego CA USA,San Diego Electric Railway,Streetcar,"1892",,,closed,"Status as of 1925; Opening and closing years estimated.",,at grade,,,"1949",,,,,"0",USA,,Line a_727834497_5,11.5682156856872,,"0"
"2337",Streetcar,San Diego CA USA,San Diego Electric Railway,Streetcar,"1892",,,closed,"Status as of 1925; Opening and closing years estimated.",,at grade,,,"1949",,,,,"0",USA,,Line a_727834497_6,2.71104160590661,,"0"
"2338",Streetcar,San Diego CA USA,San Diego Electric Railway,Streetcar,"1892",,,closed,"Status as of 1925; Opening and closing years estimated.",,at grade,,,"1949",,,,"Yonah Freemark; OpenStreetMap contributors","0",USA,,Line a_727834497_7,1.85877682883512,,"0"
"2339",Streetcar,San Diego CA USA,San Diego Electric Railway,Streetcar,"1892",,,closed,"Status as of 1925; Opening and closing years estimated.",,at grade,,,"1949",,,,,"0",USA,,Line a_727834497_8,2.701642442063,,"0"
"2340",Streetcar,San Diego CA USA,San Diego Electric Railway,Streetcar,"1892",,,closed,"Status as of 1925; Opening and closing years estimated.",,at grade,,,"1949",,,,"Yonah Freemark; OpenStreetMap contributors","0",USA,,Line a_727834497_9,1.87981428952007,,"0"
"2341",Streetcar,San Diego CA USA,San Diego Electric Railway,Streetcar,"1892",,,closed,"Status as of 1925; Opening and closing years estimated.",,at grade,,,"1949",,,,,"0",USA,,Line a_727834497_10,1.44434891216822,,"0"
"2342",Streetcar,San Diego CA USA,San Diego Electric Railway,Streetcar,"1892",,,closed,"Status as of 1925; Opening and closing years estimated.",,at grade,,,"1949",,,,,"0",USA,,Line a_727834497_11,1.50551882679653,,"0"
"2343",Streetcar,San Diego CA USA,San Diego Electric Railway,Streetcar,"1892",,,closed,"Status as of 1925; Opening and closing years estimated.",,at grade,,,"1949",,,,,"0",USA,,Line a_727834497_12,0.70178960987536,,"0"
"2344",Streetcar,San Diego CA USA,San Diego Electric Railway,Streetcar,"1892",,,closed,"Status as of 1925; Opening and closing years estimated.",,at grade,,,"1949",,,,,"0",USA,,Line a_727834497_13,0.35232738706709,,"0"
"2345",Streetcar,San Diego CA USA,San Diego Electric Railway,Streetcar,"1892",,,closed,"Status as of 1925; Opening and closing years estimated.",,at grade,,,"1949",,,,,"0",USA,,Line a_727834497_14,7.54313945973778,,"0"
"2346",Streetcar,San Diego CA USA,San Diego Electric Railway,Streetcar,"1892",,,closed,"Status as of 1925; Opening and closing years estimated.",,at grade,,,"1949",,,,,"0",USA,,Line a_727834497_15,4.1269259150508,,"0"
"2347",Streetcar,San Diego CA USA,San Diego Electric Railway,Streetcar,"1892",,,closed,"Status as of 1925; Opening and closing years estimated.",,at grade,,,"1948",,,,,"0",USA,,Line a_727834497_16,6.27126963283937,,"0"
"2348",Streetcar,San Diego CA USA,San Diego Electric Railway,Streetcar,"1892",,,closed,"Status as of 1925; Opening and closing years estimated.",,at grade,,,"1949",,,,,"0",USA,,Line a_727834497_17,6.561544626233,,"0"
"2349",Streetcar,San Diego CA USA,San Diego Electric Railway,Streetcar,"1892",,,closed,"Status as of 1925; Opening and closing years estimated.",,at grade,,,"1949",,,,,"0",USA,,Line a_727834497_18,0.634901977502396,,"0"
"2350",Streetcar,San Diego CA USA,San Diego Electric Railway,Streetcar,"1892",,,closed,"Status as of 1925; Opening and closing years estimated.",,at grade,,,"1949",,,,,"0",USA,,Line a_727834497_19,0.227706205729792,,"0"
"2351",Streetcar,San Diego CA USA,San Diego Electric Railway,Streetcar,"1892",,,closed,"Status as of 1925; Opening and closing years estimated.",,at grade,,,"1949",,,,,"0",USA,,Line a_727834497_21,10.7100714771136,,"0"
"2352",Streetcar,San Diego CA USA,San Diego Electric Railway,Streetcar,"1892",,,closed,"Status as of 1925; Opening and closing years estimated.",,at grade,,,"1949",,,,,"0",USA,,Line a_727834497_22,12.1282997685556,,"0"
"2353",Streetcar,San Diego CA USA,San Diego Electric Railway,Streetcar,"1892",,,closed,"Status as of 1925; Opening and closing years estimated.",,at grade,,,"1949",,,,,"0",USA,,Line a_727834497_23,4.75975871569761,,"0"
"2354",Streetcar,San Diego CA USA,San Diego Electric Railway,Streetcar,"1892",,,closed,"Status as of 1925; Opening and closing years estimated.",,at grade,,,"1949",,,,,"0",USA,,Line a_727834497_24,1.11993761750902,,"0"
"2355",Streetcar,San Diego CA USA,San Diego Electric Railway,Streetcar,"1892",,,closed,"Status as of 1925; Opening and closing years estimated.",,at grade,,,"1949",,,,,"0",USA,,Line a_727834497_25,3.41397810363909,,"0"
"2356",Streetcar,San Diego CA USA,San Diego Electric Railway,Streetcar,"1892",,,closed,"Status as of 1925; Opening and closing years estimated.",,at grade,,,"1949",,,,,"0",USA,,Line a_727834497_26,3.66565009630903,,"0"
"2357",Streetcar,Washington DC USA,DC Transit,H Street ,"1888",,,closed,"Status as of 1948. Closed sometime before 1958; year open and closed estimated ",,at grade,,,"1957",,,,Yonah Freemark,"0",USA,,H Street ,9.86149463595824,,"0"
"2358",Streetcar,Philadelphia PA USA,SEPTA,Route 23,"1894",,,closed,Replaced by bus service in 1992. Horsecar service began in 1859.,,at grade,,,"1992",,,,Yonah Freemark,"0",USA,,Route 23,29.7760710902997,,"0"
"2359",Streetcar,Philadelphia PA USA,SEPTA,Route 23,"1894",,,closed,Replaced by bus service in 1992. Horsecar service began in 1859.,,at grade,,,"1992",,,,Yonah Freemark,"0",USA,,Route 23,0.798200599522347,,"0"
"2360",Streetcar,Philadelphia PA USA,SEPTA,Route 6,"1907",,,closed,Replaced by bus service.,,at grade,,,"1986",,,,Yonah Freemark,"0",USA,,Route 6,5.59438226262969,,"0"
"2361",Streetcar,Philadelphia PA USA,SEPTA,Route 6,"1907",,,closed,,,at grade,,,"1958",,,,Yonah Freemark,"0",USA,,Route 6 Extension to Willow Grove Park,10.9479227442705,,"0"
"2362",Streetcar,Philadelphia PA USA,SEPTA,Route 50,"1858",,,closed,,,at grade,,,"1980",,,,Yonah Freemark,"0",USA,,Route 50,17.8348861425523,,"0"
"2363",Streetcar,Philadelphia PA USA,SEPTA,Route 50,"1858",,,closed,,,at grade,,,"1980",,,,Yonah Freemark,"0",USA,,Route 50,11.50384102798,,"0"
"2364",Streetcar,Philadelphia PA USA,SEPTA,Route 53,"1890",,,closed,Converted to bus service. Opened pre-1890.,,at grade,,,"1985",,,,Yonah Freemark,"0",USA,,Route 53,7.99826790116944,,"0"
"2365",Streetcar,Philadelphia PA USA,SEPTA,Route 60,"1906",,,closed,Replaced by bus service. Section from 17th-Ridge opened in 1910.,,at grade,,,"1977",,,,Yonah Freemark,"0",USA,,Route 60,8.27360993180505,,"0"
"2366",Streetcar,Philadelphia PA USA,SEPTA,Route 56,"1907",,,closed,Western terminus extended from Pulaski to West Hunting Park in 1926.,,at grade,,,"1992",,,,Yonah Freemark,"0",USA,,Route 56,12.5268099851514,,"0"
"2367",Streetcar,Philadelphia PA USA,Philadelphia Transportation Authority,Route 47,,,,closed,,,at grade,,,"1969",,,,Yonah Freemark,"0",USA,,Route 47,2.58900861458143,,"0"
"2368",Streetcar,Philadelphia PA USA,Philadelphia Transportation Authority,Route 6,,,,closed,Closed sometime in or before 1986.,,at grade,,,"1986",,,,Yonah Freemark,"0",USA,,Route 6,3.94140926885129,,"0"
"2369",Streetcar,Philadelphia PA USA,Philadelphia Transportation Authority,Route 47,,,,closed,,,at grade,,,"1967",,,,Yonah Freemark,"0",USA,,Route 47,9.42806738803546,,"0"
"2370",Streetcar,Philadelphia PA USA,Philadelphia Transportation Authority,Route 47,,,,closed,,,at grade,,,"1967",,,,Yonah Freemark,"0",USA,,Route 47,7.25161183343432,,"0"
"2371",Metro,New York NY USA,MTA,BMT Fulton Street Line,"1889",,,closed,,,elevated,,,"1969",,,,"Yonah Freemark; OpenStreetMap contributors","0",USA,,BMT Fulton Street Line,1.04464264036678,,"0"
"2372",Metro,New York NY USA,MTA,BMT Myrtle Avenue Line,"1889",,,closed,,,elevated,,,"1969",,,,"Yonah Freemark; OpenStreetMap contributors","0",USA,,BMT Myrtle Avenue Line,1.71506114402012,,"0"
"2373",Metro,New York NY USA,MTA,BMT Fulton Street Line,"1889",,,closed,,,elevated,,,"1969",,,,"Yonah Freemark; OpenStreetMap contributors","0",USA,,BMT Fulton Street Line,0.143594641295388,,"0"
"2374",Metro,New York NY USA,MTA,BMT Fulton Street Line,"1889",,,closed,,,elevated,,,"1969",,,,"Yonah Freemark; OpenStreetMap contributors","0",USA,,BMT Fulton Street Line,0.623935803555044,,"0"
"2375",Streetcar,Portland OR USA,PRL&P,DM - Depot–Morrison,,,,closed,,,at grade,,,,,,,Cameron Booth,"0",USA,,DM - Depot–Morrison,0.788648167343034,,"0"
"2376",Streetcar,Portland OR USA,PRL&P,DM - Depot–Morrison,,,,closed,,,at grade,,,,,,,Cameron Booth,"0",USA,,DM - Depot–Morrison,4.94469913470733,,"0"
"2581",Streetcar,Vancouver BC CAN,BCER,Lulu Island Line,,,,closed,,,at grade,,,"1958",,,,Alexander Rapp,"0",CAN,,Lulu Island Line,12.813268045911,,"0"
"2582",Streetcar,Bay Area CA USA,Key System,KS F - Adeline,,,,closed,,,at grade,,,"1958",,,,Alexander Rapp,"0",USA,,KS F - Adeline,20.7178168443796,,"0"
"2583",Streetcar,Bay Area CA USA,Key System,KS A - Oakland,,,,closed,,,at grade,,,"1958",,,,Alexander Rapp,"0",USA,,KS A - Oakland,17.4339785028262,,"0"
"2584",Streetcar,Bay Area CA USA,Key System,KS B - Trestle Glen,,,,closed,,,at grade,,,"1958",,,,Alexander Rapp,"0",USA,,KS B - Trestle Glen,19.2143691204823,,"0"
"2585",Streetcar,Bay Area CA USA,Key System,KS C - Piedmont,,,,closed,,,at grade,,,"1958",,,,Alexander Rapp,"0",USA,,KS C - Piedmont,17.4425434202608,,"0"
"2586",Streetcar,Bay Area CA USA,Key System,KS E - Claremont,,,,closed,,,at grade,,,"1958",,,,Alexander Rapp,"0",USA,,KS E - Claremont,18.3491300071977,,"0"
"2587",Streetcar,El Paso TX USA,EPCL,EPCL International Trolley,,,,closed,"Suspended for portions of 60s, 70s. Cut south of border in 1973.",,at grade,,,"1974",,,,Alexander Rapp,"0",USA,,EPCL International Trolley,1.29051233875461,,"0"
"2588",Streetcar,Tampico MEX,TET,TET Playa Miramar Line,,,,closed,,,at grade,,,"1974",,,,Alexander Rapp,"0",MEX,,TET Playa Miramar Line,10.2453071332381,,"0"
"2589",Streetcar,Veracruz MEX,SCTUSUV,SCTUSUV Bravo Line,,,,closed,,,at grade,,,"1976",,,,Alexander Rapp,"0",MEX,,SCTUSUV Bravo Line,1.33814490202293,,"0"
"2590",Streetcar,Veracruz MEX,SCTUSUV,SCTUSUV Pino Suárez Line,,,,closed,,,at grade,,,"1976",,,,Alexander Rapp,"0",MEX,,SCTUSUV Pino Suárez Line,2.85007173445904,,"0"
"2591",Streetcar,Veracruz MEX,SCTUSUV,SCTUSUV Prim Line,,,,closed,,,at grade,,,"1967",,,,Alexander Rapp,"0",MEX,,SCTUSUV Prim Line,2.99098722030893,,"0"
"2592",Streetcar,Veracruz MEX,SCTUSUV,SCTUSUV Playa Line,,,,closed,,,at grade,,,"1976",,,,Alexander Rapp,"0",MEX,,SCTUSUV Playa Line,6.48310662550638,,"0"
"2593",Streetcar,Veracruz MEX,SCTUSUV,SCTUSUV Reforma Zaragoza Line,,,,closed,,,at grade,,,"1981",,,,Alexander Rapp,"0",MEX,,SCTUSUV Reforma Zaragoza Line,8.93756534456366,,"0"
"2594",Streetcar,Veracruz MEX,SCTUSUV,SCTUSUV Villa del Mar Line,,,,closed,,,at grade,,,"1981",,,,Alexander Rapp,"0",MEX,,SCTUSUV Villa del Mar Line,5.14431768193526,,"0"
"2595",Streetcar,Waterloo IA USA,WCF&N,WCF&N Cedar Falls Line,,,,closed,,,at grade,,,"1958",,,,Alexander Rapp,"0",USA,,WCF&N Cedar Falls Line,10.9257816886377,,"0"
"2596",Streetcar,St. Louis MO USA,SLPS,SLPS 70 - Grand,,,,closed,,,at grade,,,"1960",,,,Alexander Rapp,"0",USA,,SLPS 70 - Grand,11.1069203679513,,"0"
"2597",Streetcar,St. Louis MO USA,SLPS,SLPS 10 - Delmar,,,,closed,,,at grade,,,"1964",,,,Alexander Rapp,"0",USA,,SLPS 10 - Delmar,11.9318253608392,,"0"
"2598",Streetcar,St. Louis MO USA,SLPS,SLPS 14 - University-Clayton,,,,closed,,,at grade,,,"1964",,,,Alexander Rapp,"0",USA,,SLPS 14 - University-Clayton,15.3835045910005,,"0"
"2599",Streetcar,St. Louis MO USA,SLPS,SLPS 15 - Hodiamont,,,,closed,,,at grade,,,"1966",,,,Alexander Rapp,"0",USA,,SLPS 15 - Hodiamont,12.9404842890328,,"0"
"2600",Streetcar,St. Louis MO USA,SLPS,SLPS 22 - Jefferson,,,,closed,,,at grade,,,"1958",,,,Alexander Rapp,"0",USA,,SLPS 22 - Jefferson,9.2491036233821,,"0"
"2601",Interurban,Chicago IL USA,CNS&M,CNS&M Mundelein Line,"1916",,,closed,,,at grade,,,"1963",,,,Alexander Rapp,"0",USA,,CNS&M Mundelein Line,11.586962660192,,"0"
"2602",Streetcar,Milwaukee WI USA,M&STC,M&STC 10 - Wells,,,,closed,,,at grade,,,"1958",,,,Alexander Rapp,"0",USA,,M&STC 10 - Wells,12.2673869105953,,"0"
"2603",Streetcar,Milwaukee WI USA,M&STC,M&STC 10 - Wells-West Allis,,,,closed,,,at grade,,,"1958",,,,Alexander Rapp,"0",USA,,M&STC 10 - Wells-West Allis,13.2611956228138,,"0"
"2604",Streetcar,Chicago IL USA,CTA,CTA 22A - Wentworth,"1880",,,closed,,,at grade,,,"1958",,,,Alexander Rapp,"0",USA,,CTA 22A - Wentworth,16.7031562635361,,"0"
"2605",Interurban,Chicago IL USA,CNS&M,CNS&M Milwaukee Line,"1908",,,closed,,,at grade,,,"1963",,,,Alexander Rapp,"0",USA,,CNS&M Milwaukee Line,115.650547895377,,"0"
"2606",Streetcar,Johnstown PA USA,JTC,JTC Ferndale Line,,,,closed,,,at grade,,,"1959",,,,Alexander Rapp,"0",USA,,JTC Ferndale Line,5.68222157745135,,"0"
"2607",Streetcar,Johnstown PA USA,JTC,JTC Franklin Line,,,,closed,,,at grade,,,"1960",,,,Alexander Rapp,"0",USA,,JTC Franklin Line,2.87198144167878,,"0"
"2608",Streetcar,Johnstown PA USA,JTC,JTC Morrellville Line,,,,closed,,,at grade,,,"1960",,,,Alexander Rapp,"0",USA,,JTC Morrellville Line,4.91420928731741,,"0"
"2609",Streetcar,Johnstown PA USA,JTC,JTC Roxbury Line,,,,closed,,,at grade,,,"1960",,,,Alexander Rapp,"0",USA,,JTC Roxbury Line,3.77582843517433,,"0"
"2610",Streetcar,Johnstown PA USA,JTC,JTC Coopersdale Line,,,,closed,,,at grade,,,"1959",,,,Alexander Rapp,"0",USA,,JTC Coopersdale Line,4.36932526896651,,"0"
"2611",Interurban,St. Catharines ON CAN,NS&T,NS&T Thorold-Port Colborne Interurban,,,,closed,,,at grade,,,"1959",,,,Alexander Rapp,"0",CAN,,NS&T Thorold-Port Colborne Interurban,29.9400964613046,,"0"
"2612",Streetcar,Ottawa ON CAN,OTC,OTC S - Holland-Laurier,,,,closed,,,at grade,,,"1959",,,,Alexander Rapp,"0",CAN,,OTC S - Holland-Laurier,6.97565576818427,,"0"
"2613",Streetcar,Ottawa ON CAN,OTC,OTC A - Britannia-George Loop,,,,closed,,,at grade,,,"1959",,,,Alexander Rapp,"0",CAN,,OTC A - Britannia-George Loop,10.7790802707773,,"0"
"2614",Streetcar,Ottawa ON CAN,OTC,OTC B - Bank-St Patrick,,,,closed,,,at grade,,,"1959",,,,Alexander Rapp,"0",CAN,,OTC B - Bank-St Patrick,10.4775559847379,,"0"
"2615",Streetcar,Ottawa ON CAN,OTC,OTC R - Preston-Rideau,,,,closed,,,at grade,,,"1959",,,,Alexander Rapp,"0",CAN,,OTC R - Preston-Rideau,7.91587945511347,,"0"
"2616",Streetcar,Montreal QC CAN,CTM,CTM 5 - Ontario,"1894",,,closed,Year open is estimated.,,at grade,,,"1958",,,,Alexander Rapp,"0",CAN,,CTM 5 - Ontario,7.69656809020788,,"0"
"2617",Streetcar,Montreal QC CAN,CTM,CTM 5A - Ontario-Victoria,"1894",,,closed,Year open is estimated.,,at grade,,,"1958",,,,Alexander Rapp,"0",CAN,,CTM 5A - Ontario-Victoria,8.52860512359132,,"0"
"2618",Streetcar,Montreal QC CAN,CTM,CTM 9 - Rachel,"1894",,,closed,Year open is estimated.,,at grade,,,"1958",,,,Alexander Rapp,"0",CAN,,CTM 9 - Rachel,2.59397890313889,,"0"
"2619",Streetcar,Montreal QC CAN,CTM,CTM 10 - Delorimier,"1894",,,closed,Year open is estimated.,,at grade,,,"1959",,,,Alexander Rapp,"0",CAN,,CTM 10 - Delorimier,5.84732689129647,,"0"
"2620",Streetcar,Montreal QC CAN,CTM,CTM 17 - Cartierville,"1894",,,closed,Year open is estimated.,,at grade,,,"1959",,,,Alexander Rapp,"0",CAN,,CTM 17 - Cartierville,8.15569958217371,,"0"
"2621",Streetcar,Montreal QC CAN,CTM,CTM 24 - Millen,"1894",,,closed,Year open is estimated.,,at grade,,,"1959",,,,Alexander Rapp,"0",CAN,,CTM 24 - Millen,5.77944367849884,,"0"
"2622",Streetcar,Montreal QC CAN,CTM,CTM 29 - Outremont,"1894",,,closed,Year open is estimated.,,at grade,,,"1958",,,,Alexander Rapp,"0",CAN,,CTM 29 - Outremont,10.7804090984216,,"0"
"2623",Streetcar,Montreal QC CAN,CTM,CTM 40 - Montréal Nord,"1894",,,closed,Year open is estimated.,,at grade,,,"1959",,,,Alexander Rapp,"0",CAN,,CTM 40 - Montréal Nord,3.09349559837448,,"0"
"2624",Streetcar,Montreal QC CAN,CTM,CTM 45 - Papineau,"1894",,,closed,Year open is estimated.,,at grade,,,"1959",,,,Alexander Rapp,"0",CAN,,CTM 45 - Papineau,5.53257590279765,,"0"
"2625",Streetcar,Montreal QC CAN,CTM,CTM 54 - Rosemont,"1894",,,closed,Year open is estimated.,,at grade,,,"1959",,,,Alexander Rapp,"0",CAN,,CTM 54 - Rosemont,7.72836595020666,,"0"
"2626",Streetcar,Montreal QC CAN,CTM,CTM 61 - Van Horne,"1894",,,closed,Year open is estimated.,,at grade,,,"1958",,,,Alexander Rapp,"0",CAN,,CTM 61 - Van Horne,2.8960079081534,,"0"
"2627",Streetcar,Montreal QC CAN,CTM,CTM 80 - Bleury-Craig,"1894",,,closed,Year open is estimated.,,at grade,,,"1958",,,,Alexander Rapp,"0",CAN,,CTM 80 - Bleury-Craig,6.523328567462,,"0"
"2628",Streetcar,Montreal QC CAN,CTM,CTM 82 - Bleury-Aylmer,"1894",,,closed,Year open is estimated.,,at grade,,,"1958",,,,Alexander Rapp,"0",CAN,,CTM 82 - Bleury-Aylmer,5.98024114444667,,"0"
"2629",Streetcar,Montreal QC CAN,CTM,CTM 87 - Davidson,"1894",,,closed,Year open is estimated.,,at grade,,,"1958",,,,Alexander Rapp,"0",CAN,,CTM 87 - Davidson,1.13081269084003,,"0"
"2630",Streetcar,Montreal QC CAN,CTM,CTM 91 - Lachine,"1894",,,closed,Year open is estimated.,,at grade,,,"1958",,,,Alexander Rapp,"0",CAN,,CTM 91 - Lachine,7.28391437287193,,"0"
"2631",Streetcar,Montreal QC CAN,CTM,CTM 96 - Van Horne-Craig,"1894",,,closed,Year open is estimated.,,at grade,,,"1958",,,,Alexander Rapp,"0",CAN,,CTM 96 - Van Horne-Craig,6.77078973135831,,"0"
"2634",Streetcar,Baltimore MD USA,BTC,BTC 26 - Sparrows Point-Highlandtown,"1895",,,closed,Year open is estimated.,,at grade,,,"1958",,,,Alexander Rapp,"0",USA,,BTC 26 - Sparrows Point-Highlandtown,14.1144380487463,,"0"
"2635",Streetcar,Philadelphia PA USA,PSTC,PSTC Westgate Hills Line,,,,closed,,,at grade,,,"1958",,,,Alexander Rapp,"0",USA,,PSTC Westgate Hills Line,5.90244055509737,,"0"
"2636",Streetcar,Philadelphia PA USA,PSTC,PSTC Ardmore Line,,,,closed,,,at grade,,,"1966",,,,Alexander Rapp,"0",USA,,PSTC Ardmore Line,8.49945209054451,,"0"
"2649",Streetcar,Johnstown PA USA,JTC,Downtown loop section (shared),,,,closed,,,at grade,,,"1960",,,,Alexander Rapp,"0",USA,,Downtown loop section (shared),0.732164055385094,,"0"
"2650",Streetcar,Ottawa ON CAN,OTC,OTC A - Britannia-George Loop,,,,closed,,,at grade,,,"1959",,,,Alexander Rapp,"0",CAN,,OTC A - Britannia-George Loop,0.631933638037879,,"0"
"2651",Streetcar,Ottawa ON CAN,OTC,OTC A - Britannia-George Loop,,,,closed,,,at grade,,,"1959",,,,Alexander Rapp,"0",CAN,,OTC A - Britannia-George Loop,0.102264329531122,,"0"
"2652",Streetcar,Ottawa ON CAN,OTC,OTC A - Britannia-George Loop,,,,closed,,,at grade,,,"1959",,,,Alexander Rapp,"0",CAN,,OTC A - Britannia-George Loop,0.377361991803149,,"0"
"2653",Streetcar,Ottawa ON CAN,OTC,OTC A - Britannia-George Loop,,,,closed,,,at grade,,,"1959",,,,Alexander Rapp,"0",CAN,,OTC A - Britannia-George Loop,0.093844332057085,,"0"
"2654",Streetcar,Ottawa ON CAN,OTC,OTC A - Britannia-George Loop,,,,closed,,,at grade,,,"1959",,,,Alexander Rapp,"0",CAN,,OTC A - Britannia-George Loop,0.575304689509335,,"0"
"2656",Streetcar,Ottawa ON CAN,OTC,OTC A - Britannia-George Loop,,,,closed,,,at grade,,,"1959",,,,Alexander Rapp,"0",CAN,,OTC A - Britannia-George Loop,0.672155106192835,,"0"
"2657",Streetcar,El Paso TX USA,EPCL,EPCL International Trolley,,,,closed,"Suspended for portions of 60s, 70s. Cut south of border in 1973.",,at grade,,,"1974",,,,Alexander Rapp,"0",USA,,EPCL International Trolley,3.64551675022435,,"0"
"2658",Streetcar,Pittsburgh PA USA,PRC,PRC 6 - Brighton Rd,"1915",,,closed,Year open is estimated.,,at grade,,,"1966",,,,Alexander Rapp,"0",USA,,PRC 6 - Brighton Rd,8.77245638203554,,"0"
"2660",Streetcar,Pittsburgh PA USA,PRC,PRC 8 - Perrysville Ave,"1899",,,closed,Year open is estimated.,,at grade,,,"1965",,,,Alexander Rapp,"0",USA,,PRC 8 - Perrysville Ave,9.40268762199658,,"0"
"2662",Streetcar,Pittsburgh PA USA,PRC,PRC 73 - Highland,"1916",,,closed,Year open is estimated.,,at grade,,,"1967",,,,Alexander Rapp,"0",USA,,PRC 73 - Highland,12.0081771306015,,"0"
"2663",Streetcar,Pittsburgh PA USA,PRC,PRC 13 - Emsworth,"1915",,,closed,Year open is estimated.,,at grade,,,"1965",,,,Alexander Rapp,"0",USA,,PRC 13 - Emsworth,14.0994470673913,,"0"
"2665",Streetcar,Pittsburgh PA USA,PRC,PRC 18 - Woods Run,"1915",,,closed,Year open is estimated.,,at grade,,,"1961",,,,Alexander Rapp,"0",USA,,PRC 18 - Woods Run,8.14017322591712,,"0"
"2666",Streetcar,Pittsburgh PA USA,PRC,PRC 19 - Western Ave,"1915",,,closed,Year open is estimated.,,at grade,,,"1961",,,,Alexander Rapp,"0",USA,,PRC 19 - Western Ave,5.76449778845175,,"0"
"2667",Streetcar,Pittsburgh PA USA,PRC,PRC 21 - Fineview,"1908",,,closed,,,at grade,,,"1966",,,,Alexander Rapp,"0",USA,,PRC 21 - Fineview,8.26411162591574,,"0"
"2668",Streetcar,Pittsburgh PA USA,PRC,PRC 22 - Crosstown,"1918",,,closed,Year open is estimated.,,at grade,,,"1964",,,,Alexander Rapp,"0",USA,,PRC 22 - Crosstown,4.2228236671536,,"0"
"2677",Streetcar,Pittsburgh PA USA,PRC,PRC 38 - Mt Lebanon,"1915",,,closed,,,at grade,,,"1963",,,,Alexander Rapp,"0",USA,,PRC 38 - Mt Lebanon,12.0235671952432,,"0"
"2678",Streetcar,Pittsburgh PA USA,PRC,PRC 39 - Brookline,"1905",,,closed,,,at grade,,,"1966",,,,Alexander Rapp,"0",USA,,PRC 39 - Brookline,9.25038275184811,,"0"
"2684",Streetcar,Pittsburgh PA USA,PRC,PRC 53 - Carrick,"1901",,,closed,,,at grade,,,"1963",,,,Alexander Rapp,"0",USA,,PRC 53 - Carrick,10.6640377996277,,"0"
"2685",Streetcar,Pittsburgh PA USA,PRC,PRC 71 - Negley,"1915",,,closed,Year open is estimated.,,at grade,,,"1967",,,,Alexander Rapp,"0",USA,,PRC 71 - Negley,11.8475360409599,,"0"
"2686",Streetcar,Pittsburgh PA USA,PRC,PRC 55 - Homestead & East Pittsburgh,"1915",,,closed,Year open is estimated.,,at grade,,,"1964",,,,Alexander Rapp,"0",USA,,PRC 55 - Homestead & East Pittsburgh,21.15870694324,,"0"
"2688",Streetcar,Pittsburgh PA USA,PRC,PRC 58 - Greenfield,"1915",,,closed,Year open is estimated.,,at grade,,,"1964",,,,Alexander Rapp,"0",USA,,PRC 58 - Greenfield,9.09470668700211,,"0"
"2689",Streetcar,Pittsburgh PA USA,PRC,PRC 60 - East Liberty-Homestead,"1915",,,closed,Year open is estimated.,,at grade,,,"1958",,,,Alexander Rapp,"0",USA,,PRC 60 - East Liberty-Homestead,9.96833179812979,,"0"
"2690",Streetcar,Pittsburgh PA USA,PRC,PRC 62 - Trafford,"1910",,,closed,Year open is estimated.,,at grade,,,"1962",,,,Alexander Rapp,"0",USA,,PRC 62 - Trafford,8.9717231600126,,"0"
"2692",Streetcar,Pittsburgh PA USA,PRC,PRC 65 - Lincoln Place,"1915",,,closed,Year open is estimated.,,at grade,,,"1965",,,,Alexander Rapp,"0",USA,,PRC 65 - Lincoln Place,7.09364218217685,,"0"
"2693",Streetcar,Pittsburgh PA USA,PRC,PRC 67 - Swissvale-Rankin-Braddock,"1915",,,closed,Year open is estimated.,,at grade,,,"1967",,,,Alexander Rapp,"0",USA,,PRC 67 - Swissvale-Rankin-Braddock,17.1850433537801,,"0"
"2694",Streetcar,Pittsburgh PA USA,PRC,PRC 68 - Homestead-Duquesne-McKeesport,"1915",,,closed,Year open is estimated.,,at grade,,,"1958",,,,Alexander Rapp,"0",USA,,PRC 68 - Homestead-Duquesne-McKeesport,24.9621479309699,,"0"
"2695",Streetcar,Pittsburgh PA USA,PRC,PRC 69 - Squirrel Hill,"1915",,,closed,Year open is estimated.,,at grade,,,"1958",,,,Alexander Rapp,"0",USA,,PRC 69 - Squirrel Hill,11.1401801660137,,"0"
"2696",Streetcar,Pittsburgh PA USA,PRC,PRC 75 - East Liberty-Wilkinsburg,"1915",,,closed,Year open is estimated.,,at grade,,,"1967",,,,Alexander Rapp,"0",USA,,PRC 75 - East Liberty-Wilkinsburg,13.5127896307928,,"0"
"2697",Streetcar,Pittsburgh PA USA,PRC,PRC 76 - Hamilton,"1915",,,closed,Year open is estimated.,,at grade,,,"1967",,,,Alexander Rapp,"0",USA,,PRC 76 - Hamilton,15.3195974865132,,"0"
"2699",Streetcar,Pittsburgh PA USA,PRC,PRC 82 - Lincoln,"1915",,,closed,Year open is estimated.,,at grade,,,"1967",,,,Alexander Rapp,"0",USA,,PRC 82 - Lincoln,11.7336351253295,,"0"
"2700",Streetcar,Pittsburgh PA USA,PRC,PRC 85 - Bedford,"1915",,,closed,Year open is estimated.,,at grade,,,"1966",,,,Alexander Rapp,"0",USA,,PRC 85 - Bedford,7.39743719947604,,"0"
"2900",Interurban,Chicago IL USA,CNS&M,CNS&M Mundelein Line,"1916",,,closed,,,at grade,,,"1963",,,,Alexander Rapp,"0",USA,,CNS&M Mundelein Line,1.64338346427813,,"0"
"2901",Interurban,Chicago IL USA,CNS&M,CNS&M Mundelein Line,"1916",,,closed,,,at grade,,,"1963",,,,Alexander Rapp,"0",USA,,CNS&M Mundelein Line,0.122630370393313,,"0"
"2902",Interurban,Chicago IL USA,CNS&M,CNS&M Mundelein Line,"1916",,,closed,,,at grade,,,"1963",,,,Alexander Rapp,"0",USA,,CNS&M Mundelein Line,0.179322916813258,,"0"
"2903",Interurban,Chicago IL USA,CNS&M,CNS&M Mundelein Line,"1916",,,closed,,,at grade,,,"1963",,,,Alexander Rapp,"0",USA,,CNS&M Mundelein Line,0.765668306759145,,"0"
"2904",Interurban,Chicago IL USA,CNS&M,CNS&M Mundelein Line,"1916",,,closed,,,at grade,,,"1963",,,,Alexander Rapp,"0",USA,,CNS&M Mundelein Line,1.65162291567362,,"0"
"2905",Interurban,Chicago IL USA,CNS&M,CNS&M Milwaukee Line,"1916",,,closed,,,at grade,,,"1963",,,,Alexander Rapp,"0",USA,,CNS&M Milwaukee Line,1.64338346427813,,"0"
"2906",Interurban,Chicago IL USA,CNS&M,CNS&M Milwaukee Line,"1916",,,closed,,,at grade,,,"1963",,,,Alexander Rapp,"0",USA,,CNS&M Milwaukee Line,0.122630370393313,,"0"
"2907",Interurban,Chicago IL USA,CNS&M,CNS&M Milwaukee Line,"1916",,,closed,,,at grade,,,"1963",,,,Alexander Rapp,"0",USA,,CNS&M Milwaukee Line,0.179322925525862,,"0"
"2908",Interurban,Chicago IL USA,CNS&M,CNS&M Milwaukee Line,"1916",,,closed,,,at grade,,,"1963",,,,Alexander Rapp,"0",USA,,CNS&M Milwaukee Line,0.765668306759145,,"0"
"2909",Interurban,Chicago IL USA,CNS&M,CNS&M Milwaukee Line,"1916",,,closed,,,at grade,,,"1963",,,,Alexander Rapp,"0",USA,,CNS&M Milwaukee Line,1.65162291567362,,"0"
"2911",Streetcar,Veracruz MEX,SCTUSUV,SCTUSUV Pino Suárez Line,,,,closed,,,at grade,,,"1976",,,,Alexander Rapp,"0",MEX,,SCTUSUV Pino Suárez Line,1.35880860678091,,"0"
"2912",Streetcar,Veracruz MEX,SCTUSUV,SCTUSUV Pino Suárez Line,,,,closed,,,at grade,,,"1976",,,,Alexander Rapp,"0",MEX,,SCTUSUV Pino Suárez Line,0.612239837088146,,"0"
"2914",Streetcar,Veracruz MEX,SCTUSUV,SCTUSUV Bravo Line,,,,closed,,,at grade,,,"1976",,,,Alexander Rapp,"0",MEX,,SCTUSUV Bravo Line,1.35736369487299,,"0"
"2915",Streetcar,Veracruz MEX,SCTUSUV,SCTUSUV Bravo Line,,,,closed,,,at grade,,,"1976",,,,Alexander Rapp,"0",MEX,,SCTUSUV Bravo Line,0.612239837088146,,"0"
"2916",Streetcar,Veracruz MEX,SCTUSUV,SCTUSUV Playa Line,,,,closed,,,at grade,,,"1976",,,,Alexander Rapp,"0",MEX,,SCTUSUV Playa Line,0.612238381336828,,"0"
"2981",Light Metro,Triangle NC USA,Duke University,Medical Center Patient Rapid Transit,"1979",,,closed,Used hovercraft technology with linear induction motors.,,"subway; at grade",1977-1979,auto,"2009",,,,Yonah Freemark,"1",USA,,Medical Center Patient Rapid Transit,0.454069708639303,,"0"
"2982",Light Metro,Indianapolis IN USA,Indiana University,Health People Mover,"2003",,,closed,Also known as Clarian Health People Mover,,elevated,2001-2002,auto,"2019",,,,"Yonah Freemark; OpenStreetMap contributors","1",USA,,Health People Mover,2.24468509256763,,"0"
"2983",Streetcar,Detroit MI USA,Detroit DOT,Downtown Trolley,"1976",,,closed,,,at grade,,,"2003",,,,Yonah Freemark,"0",USA,,Detroit Downtown Trolley,2.2201833395955,,"0"
"2984",Streetcar,Seattle WA USA,King County Metro,Waterfront Streetcar,"1982",,,closed,,,at grade,,,"2005",,,,Yonah Freemark,"0",USA,,Waterfront Streetcar,2.90941487297854,,"0"
"2987",Aerial Tram,Orlando FL USA,Walt Disney World,Disney Skyliner-Art of Animation,"2019",,,existing,,,elevated,2018-2019,auto,,,,,"Yonah Freemark; OpenStreetMap contributors","1",USA,,Disney Skyliner-Art of Animation,0.935417167540367,,"0"
"2988",Aerial Tram,Orlando FL USA,Walt Disney World,Disney Skyliner-Hollywood Studios,"2019",,,existing,,,elevated,2018-2019,auto,,,,,"Yonah Freemark; OpenStreetMap contributors","1",USA,,Disney Skyliner-Hollywood Studios,1.18970800921439,,"0"
"2989",Aerial Tram,Orlando FL USA,Walt Disney World,Disney Skyliner-Epcot,"2019",,,existing,,,elevated,2018-2019,auto,,,,,"Yonah Freemark; OpenStreetMap contributors","1",USA,,Disney Skyliner-Epcot,2.51142548875689,,"0"
"2990",Monorail,Orlando FL USA,Walt Disney World,Epcot Monorail Line,"1982",,,existing,,,elevated,,,,,,,"Yonah Freemark; OpenStreetMap contributors","1",USA,,Epcot Monorail Line,7.99148369447995,,"0"
"2991",Monorail,Orlando FL USA,Walt Disney World,Magic Kingdom Monorail Line,"1971",,,existing,,,elevated,,,,,,,"Yonah Freemark; OpenStreetMap contributors","1",USA,,Magic Kingdom Monorail Line,4.55693950030593,,"0"
"2992",Commuter Rail,Orlando FL USA,Walt Disney World,Railroad,"1971",,,existing,,,at grade,,,,,,,"Yonah Freemark; OpenStreetMap contributors","2",USA,,Railroad,2.38075469220788,,"0"
"2993",Light Metro,Tampa FL USA,Tampa Airport,SkyConnect,"2018",,,existing,,,elevated,,auto,,,,,"Yonah Freemark; OpenStreetMap contributors","1",USA,,SkyConnect,2.37713326556222,,"0"
"2994",Light Metro,Las Vegas NV USA,MGM Mirage Group,Mandalay Bay Tram,"1999",,,existing,,,elevated,,auto,,,,,"Yonah Freemark; OpenStreetMap contributors","1",USA,,Mandalay Bay Tram,0.811529569667979,,"0"
"2995",Light Metro,Las Vegas NV USA,CityCenter,Aria Express,"2009",,,existing,Formerly known as CityCenter Tram,,elevated,,auto,,,,,"Yonah Freemark; OpenStreetMap contributors","1",USA,,Aria Express,0.602521176309312,,"0"
"2996",Light Rail,Las Vegas NV USA,,Mirage-Treasure Island Tram,"1993",,,existing,,,"elevated; at grade",,auto,,,,,"Yonah Freemark; OpenStreetMap contributors","1",USA,,Mirage-Treasure Island Tram,0.317304844285264,,"0"
"2997",Bus Rapid Transit,Las Vegas NV USA,Las Vegas Convention Center,Las Vegas Convention Center Loop,"2021",,,existing,,https://www.lvcva.com/lvcc-loop/,subway,2019-2021,,,,,,"Yonah Freemark; OpenStreetMap contributors","2",USA,,Las Vegas Convention Center Loop,1.60975213422305,,"0"
"2998",Light Metro,Washington DC USA,U.S. Federal Government,U.S. Capitol Subway - Rayburn Line,"1965",,,existing,,,subway,,,,,,,Yonah Freemark,"2",USA,,U.S. Capitol Subway - Rayburn Line,0.184413647224357,,"0"
"2999",Light Metro,Washington DC USA,U.S. Federal Government,U.S. Capitol Subway - Russell Line,"1909",,,existing,,,subway,,,,,,,Yonah Freemark,"2",USA,,U.S. Capitol Subway - Russell Line,0.182389878518609,,"0"
"3000",Light Metro,Washington DC USA,U.S. Federal Government,U.S. Capitol Subway - Dirksen/Hart Line,"1960",,,existing,Original monorail system replaced with automated train in 1993.,,subway,,,,,,,Yonah Freemark,"2",USA,,U.S. Capitol Subway - Dirksen/Hart Line,0.521575595576754,,"0"
"3001",Light Metro,Huntsville AL USA,Huntsville Hospital,Huntsville Hospital Tram System,"2002",,,existing,,https://www.huntsvillehospital.org/patients-visitors,elevated,,auto,,,,,"Yonah Freemark; OpenStreetMap contributors","1",USA,,Huntsville Hospital Tram System,0.454455520941585,,"0"
"3002",Commuter Rail,Los Angeles CA USA,Disneyland Resort,Disneyland Railroad,"1955",,,existing,One-way track length.,,at grade,,,,,,,"Yonah Freemark; OpenStreetMap contributors","2",USA,,Disneyland Railroad,1.9786691953596,,"0"
"3003",Monorail,Los Angeles CA USA,Disneyland Resort,Disneyland Monorail,"1959",,,existing,One-way operations.,,elevated,,,,,,,"Yonah Freemark; OpenStreetMap contributors","2",USA,,Disneyland Monorail,3.50626997934626,,"0"
"3004",Monorail,Los Angeles CA USA,Disneyland Resort,Disneyland Monorail,"1959",,,existing,One-way operations.,,elevated,,,,,,,"Yonah Freemark; OpenStreetMap contributors","2",USA,,Disneyland Monorail,0.188196474803224,,"0"
"3005",Monorail,Montreal QC CAN,,La Ronde Minirail,"1967",,,closed,Built for 1967 World Expo.,,elevated,,auto,"2022",,,,"Yonah Freemark; OpenStreetMap contributors","2",CAN,,La Ronde Minirail,1.68406320425464,,"0"
"3006",Monorail,Miami FL USA,Zoo Miami,Zoo Miami Monorail,"1984",,,existing,One-way service.,,elevated,,,,,,,"Yonah Freemark; OpenStreetMap contributors","2",USA,,Zoo Miami Monorail,2.86339633436922,,"0"
"3007",Cable Rail,Orlando FL USA,Universal Orlando Resort,Hogwarts Express,"2014",,,existing,,,at grade,2013-2014,,,,,,"Yonah Freemark; OpenStreetMap contributors","2",USA,,Hogwarts Express,0.751219469119135,,"0"
"3008",Monorail,Honolulu HI USA,Pearlridge Center,Pearlridge Center Monorail,"1977",,,existing,,,elevated,,,,,,,"Yonah Freemark; OpenStreetMap contributors","1",USA,,Pearlridge Center Monorail,0.348107220374373,,"0"
"3009",Bus Rapid Transit,Seattle WA USA,Community Transit,Swift Blue Line,"2024",,,existing,Expected to open in 2024.,https://www.communitytransit.org/swiftblue2024,at grade,2023-2024,,,,,,Yonah Freemark,"0",USA,,Swift Blue Line Extension,2.6203161681417,,"0"
"3010",Interurban,Havana CUB,FCCH,FCCH Hershey Line,"1917",,,existing,,,at grade,,,,,,,Alexander Rapp,"0",CUB,,FCCH Hershey Line,89.8822179542243,,"0"
"3011",Interurban,Havana CUB,FCCH,FCCH Jaruco Branch,,,,existing,,,at grade,,,,,,,Alexander Rapp,"0",CUB,,FCCH Jaruco Branch,13.6584723747417,,"0"
"3012",Interurban,Havana CUB,FCCH,FCCH Bainoa Branch,,,,existing,,,at grade,,,,,,,Alexander Rapp,"0",CUB,,FCCH Bainoa Branch,17.3887623727335,,"0"
"3013",Interurban,Havana CUB,FCCH,FCCH Santa Cruz del Norte Branch,,,,existing,,,at grade,,,,,,,Alexander Rapp,"0",CUB,,FCCH Santa Cruz del Norte Branch,6.3572122381677,,"0"
"3016",Streetcar,Mexico MEX,STEDF,STEDF 6 - Mixcoac-Tetepilco,,,,closed,,,at grade,,,"1979",,,,Alexander Rapp,"0",MEX,,STEDF 6 - Mixcoac-Tetepilco,8.05878878172,,"0"
"3017",Streetcar,Mexico MEX,STEDF,STEDF 11 - Rosa,,,,closed,,,at grade,,,,,,,Alexander Rapp,"0",MEX,,STEDF 11 - Rosa,8.79347591667451,,"0"
"3018",Streetcar,Mexico MEX,STEDF,STEDF 31 - La Villa,,,,closed,,,at grade,,,"1979",,,,Alexander Rapp,"0",MEX,,STEDF 31 - La Villa,8.73367582735755,,"0"
"3019",Streetcar,Mexico MEX,STEDF,STEDF 32 - La Villa-Churubusco,,,,closed,,,at grade,,,,,,,Alexander Rapp,"0",MEX,,STEDF 32 - La Villa-Churubusco,15.1249998521379,,"0"
"3021",Streetcar,Mexico MEX,STEDF,STEDF 51 - Guerrero,,,,closed,,,at grade,,,,,,,Alexander Rapp,"0",MEX,,STEDF 51 - Guerrero,6.19922587410514,,"0"
"3022",Streetcar,Mexico MEX,STEDF,STEDF 53 - Tlalpan,,,,closed,,,at grade,,,,,,,Alexander Rapp,"0",MEX,,STEDF 53 - Tlalpan,19.0434294121465,,"0"
"3023",Streetcar,Mexico MEX,STEDF,STEDF 54 - Xochimilco,,,,closed,Converted to light rail in 1986.,,at grade,,,"1986",,,,Alexander Rapp,"0",MEX,,STEDF 54 - Xochimilco,24.6783261299207,,"0"
"3024",Streetcar,Mexico MEX,STEDF,STEDF 71 - Valle,,,,closed,,,at grade,,,"1979",,,,Alexander Rapp,"0",MEX,,STEDF 71 - Valle,9.53097754100795,,"0"
"3025",Streetcar,Mexico MEX,STEDF,STEDF 81 - Mixcoac,,,,closed,,,at grade,,,"1958",,,,Alexander Rapp,"0",MEX,,STEDF 81 - Mixcoac,14.8867783507807,,"0"
"3026",Streetcar,Mexico MEX,STEDF,STEDF 93 - Obregon-Insurgentes,,,,closed,,,at grade,,,,,,,Alexander Rapp,"0",MEX,,STEDF 93 - Obregon-Insurgentes,18.3483459836605,,"0"
"3027",Streetcar,Mexico MEX,STEDF,STEDF 94 - Obregon-Bucareli,,,,closed,,,at grade,,,,,,,Alexander Rapp,"0",MEX,,STEDF 94 - Obregon-Bucareli,16.8875021100715,,"0"
"3032",Streetcar,Mexico MEX,STEDF,STEDF La Villa-Tacubaya,,,,closed,,,at grade,,,,,,,Alexander Rapp,"0",MEX,,STEDF La Villa-Tacubaya,0.735344384129836,,"0"
"3033",Light Rail,Austin TX USA,Capital Metro,Orange Line,,,,cancelled,Cancelled due to inadequate funds,https://projectconnect.com/,at grade,,,"2023",,,,Yonah Freemark,"0",USA,,Orange Line (2nd phase),4.41588942751884,,"0"
"3036",Bus Rapid Transit,Austin TX USA,Capital Metro,Gold Line,,,,proposed,"In initial planning; partly funded thanks to 2020 referendum.",https://projectconnect.com/,at grade,,,,,,,Yonah Freemark,"0",USA,,Gold Line (2nd phase),5.4790157866901,,"0"
"3038",Light Rail,Austin TX USA,Capital Metro,Orange Line,,,,cancelled,Project cancelled dur to inadequate funds,https://projectconnect.com/,at grade,,,"2023",,,,Yonah Freemark,"0",USA,,Orange Line Norht Lamar–TechRidge,10.5439849009094,,"0"
"3039",Light Rail,Austin TX USA,Capital Metro,Austin Light Rail,,,,proposed,"In initial planning; partly funded thanks to 2020 referendum.",https://projectconnect.com/,at grade,,,,,,,Yonah Freemark,"0",USA,,Austin Light Rail 38th St–North Lamar,5.76700783752932,,"0"
"3040",Regional Rail,Austin TX USA,Capital Metro,Green Line,,,,planned,"In initial planning; partly funded thanks to 2020 referendum.",https://projectconnect.com/,at grade,,,,,,,"Yonah Freemark; OpenStreetMap contributors","0",USA,,Green Line Plaza Saltillo–Colony Park,11.5077317532305,,"0"
"3041",Streetcar,Mexico MEX,STEDF,STEDF 3 - Acapotzalco,,,,closed,,,at grade,,,,,,,Alexander Rapp,"0",MEX,,STEDF 3 - Acapotzalco,15.7911277191231,,"0"
"3042",Streetcar,Mexico MEX,STEDF,STEDF 2 - Azcapotzalco-Artes,,,,closed,,,at grade,,,"1976",,,,Alexander Rapp,"0",MEX,,STEDF 2 - Azcapotzalco-Artes,7.01424243707455,,"0"
"3043",Streetcar,Mexico MEX,STEDF,STEDF 2 - Azcapotzalco-Artes,,,,closed,,,at grade,,,"1976",,,,Alexander Rapp,"0",MEX,,STEDF 2 - Azcapotzalco-Artes,1.98152212325114,,"0"
"3047",Streetcar,Toronto ON CAN,TTC,Earlscourt Line,,,,closed,,,at grade,,,"1976",,,,Alexander Rapp,"0",CAN,,Earlscourt Line,2.98045360296367,,"0"
"3048",Streetcar,Toronto ON CAN,TTC,Rogers Rd Line,,,,closed,,,at grade,,,"1975",,,,Alexander Rapp,"0",CAN,,Rogers Rd Line,3.84031725042711,,"0"
"3049",Streetcar,Toronto ON CAN,TTC,Oakwood Line,,,,closed,,,at grade,,,"1960",,,,Alexander Rapp,"0",CAN,,Oakwood Line,2.44368117712719,,"0"
"3050",Streetcar,Toronto ON CAN,TTC,St. Clair Line,,,,closed,This was a branch of the still-existing St. Clair Line.,,at grade,,,"1966",,,,Alexander Rapp,"0",CAN,,St. Clair Line,1.25933549915066,,"0"
"3051",Streetcar,Toronto ON CAN,TTC,Dundas Line,,,,closed,,,at grade,,,"1968",,,,Alexander Rapp,"0",CAN,,Dundas Line,2.9298784703562,,"0"
"3052",Streetcar,Toronto ON CAN,TTC,Kingston Rd-Coxwell Line,,,,closed,,,at grade,,,"1966",,,,Alexander Rapp,"0",CAN,,Kingston Rd-Coxwell Line,1.96061614008532,,"0"
"3053",Streetcar,Toronto ON CAN,TTC,Harbord Line,,,,closed,,,at grade,,,"1966",,,,Alexander Rapp,"0",CAN,,Harbord Line,1.53437761796453,,"0"
"3054",Streetcar,Toronto ON CAN,TTC,Harbord Line,,,,closed,,,at grade,,,"1966",,,,Alexander Rapp,"0",CAN,,Harbord Line,5.1800224530967,,"0"
"3055",Streetcar,Toronto ON CAN,TTC,Fort Line,,,,closed,,,at grade,,,"1966",,,,Alexander Rapp,"0",CAN,,Fort Line,2.14797543304496,,"0"
"3056",Streetcar,Toronto ON CAN,TTC,Dupont Line,,,,closed,,,at grade,,,"1963",,,,Alexander Rapp,"0",CAN,,Dupont Line,5.98356397528518,,"0"
"3057",Streetcar,Toronto ON CAN,TTC,Bathurst Line,,,,closed,This is the sound end via Adelaide.,,at grade,,,"1966",,,,Alexander Rapp,"0",CAN,,Bathurst Line,2.85283008348263,,"0"
"3058",Streetcar,Toronto ON CAN,TTC,Parliament Line,,,,closed,,,at grade,,,"1966",,,,Alexander Rapp,"0",CAN,,Parliament Line,1.14642870951125,,"0"
"3059",Streetcar,Toronto ON CAN,TTC,Parliament Line,,,,closed,,,at grade,,,"1966",,,,Alexander Rapp,"0",CAN,,Parliament Line,0.902121394209109,,"0"
"3060",Streetcar,Toronto ON CAN,TTC,Bloor Line,,,,closed,,,at grade,,,"1968",,,,Alexander Rapp,"0",CAN,,Bloor Line,16.1052824303372,,"0"
"3061",Commuter Rail,Boston MA USA,MBTA,Grand Junction,,,,proposed,Would link North Station with West Station via Kendall Square in Cambridge.,,at grade,,,,,,,Yonah Freemark,"0",USA,,Grand Junction,4.65870931578312,,"0"
"3062",Light Rail,Montreal QC CAN,,Léeo,,,,cancelled,"Longueuil city piloted the project; project died in planning stage.",https://longueuil.quebec/fr/services%2Fdeveloppement-durable%2FLEEO,at grade,,,"2022",,,,Yonah Freemark,"0",CAN,,Léeo Tramway,17.7667138615792,,"0"
"3063",Arterial Rapid Transit,Houston TX USA,Metro,54 Scott BOOST,,,,uc,,https://www.ridemetro.org/about/plans-projects/current-metro-projects/54-scott,at grade,2024-2026,,,,,,Yonah Freemark,"0",USA,,54 Scott BOOST,17.1896829815181,,"0"
"3064",Arterial Rapid Transit,Houston TX USA,Metro,56 Airline/Montrose BOOST,,,,existing,,https://www.ridemetro.org/about/plans-projects/current-metro-projects/56-airline-montrose,at grade,2021-2024,,,,,,"Yonah Freemark; OpenStreetMap contributors","0",USA,,56 Airline/Montrose BOOST,29.3708977212995,,"0"
"3065",Metro,Toronto ON CAN,Metrolinx,Sheppard East Subway Extension,,,,proposed,"Not yet funded; would link with Scarborough Subway Extension",https://www.metrolinx.com/en/projects-and-programs/sheppard-extension,subway,,,,,,,Yonah Freemark,"0",CAN,,Sheppard East Subway Extension,7.31533293259191,,"0"
"3066",Streetcar,Vancouver BC CAN,City of Vancouver,Arbutus Greenway Streetcar,,,,cancelled,Project never advanced beyond conceptual design stage.,https://vancouver.ca/streets-transportation/arbutus-greenway.aspx,at grade,,,,,,,Yonah Freemark,"0",CAN,,Arbutus Greenway Streetcar,8.41989193757107,,"0"
"4563",Commuter Rail,Victoria BC CAN,BC Government,Island Rail Corridor,,595,,proposed,,https://dailyhive.com/vancouver/vancouver-island-victoria-commuter-rail,at grade,,,,,,,"Yonah Freemark; OpenStreetMap contributors","0",CAN,,Island Rail Corridor,16.4650091165212,,"0"
"4564",Streetcar,Sacramento CA USA,Sacramento RTD,Downtown Riverfront Streetcar,,130,,cancelled,Project dramatically shortened in 2020. Replaced with short project in 2022.,http://www.riverfrontstreetcar.com,at grade,,,"2022",,,,"Yonah Freemark; OpenStreetMap contributors","0",USA,,Downtown Riverfront Streetcar,1.73807974275842,,"0"
"4616",Aerial Tram,Los Angeles CA USA,Metro,Aerial Rapid Transit,,,,proposed,"Being proposed by a private company; in environmental review in 2020.",https://metro.net/projects/aerial-rapid-transit/,elevated,,,,,,,"Yonah Freemark; OpenStreetMap contributors","0",USA,,Aerial Rapid Transit,2.11344394198096,,"0"
"4634",Light Rail,Phoenix AZ USA,Valley Metro,A Line,"2015",,,existing,,,at grade,,,,,,,"Yonah Freemark; OpenStreetMap contributors","0",USA,,Central Mesa Extension,4.05274351530551,,"0"
"4638",Light Rail,New York NY USA,NJ Transit,Paterson-Newark Transit,,,,proposed,"Currently in initial planning process; mode not yet finalized; could be light rail or BRT.",https://www.passaiccountynj.org/departments/planning-economic-development/plans-and-technical-studies/paterson-newark-transit-market-study,at grade,,,,,,,Yonah Freemark,"0",USA,,Paterson-Newark Transit,16.2590941754118,,"0"
"4639",Commuter Rail,Miami FL USA,Brightline,Broward Commuter Service,,,,proposed,Would provide commuter service on Brightline tracks.,,at grade,,,,,,,"Yonah Freemark; OpenStreetMap contributors","0",USA,,Proposed Broward Commuter Service,36.0462564154867,,"0"
"4640",Intercity Rail,Orlando FL USA,Brightline/SunRail,Brightline Orlando-Tampa/SunRail Disney World Link,,,,proposed,Shared corridor for Sunrail commuter trains and Brightline intercity trains.,,at grade,,,,,,,"Yonah Freemark; OpenStreetMap contributors","0",USA,,Brightline Orlando-Tampa/SunRail Disney World Link,19.5274647758358,,"0"
"4641",Commuter Rail,New York NY USA,NJ Transit,Portal North Bridge,,1810,,uc,Project will open in phases from 2025.,https://nec.amtrak.com/project/portalnorthbridge/,"elevated; at grade",2017-2027,,,,,,Yonah Freemark,"0",USA,,Portal North Bridge,4.65244972463776,,"0"
"4643",Commuter Rail,Chicago IL USA,South Shore Line,Northwest Indiana Double Track Project,"2024",456,"9700",existing,Funded partially by US DOT in 2020.,https://www.doubletrack-nwi.com/,at grade,2021-2024,,,,,,"Yonah Freemark; OpenStreetMap contributors","0",USA,,Northwest Indiana Double Track Project,41.5277384784639,,"0"
"4644",Commuter Rail,Boston MA USA,MBTA,South Coast Rail,,,,proposed,Second phase will add new stations and reconstruct additional track.,https://www.mass.gov/service-details/about-the-south-coast-rail-project,at grade,,,,,,,"Yonah Freemark; OpenStreetMap contributors","0",USA,,South Coast Rail Phase 2,29.4572648360736,,"0"
"4652",Commuter Rail,Mexico MEX,Mexico City Metro,Lecheria-AIFA Suburban Line Extension,,645,,uc,,,"elevated; at grade",2021-2026,,,,,,"Yonah Freemark; OpenStreetMap contributors","0",MEX,,Lechería-AIFA Suburban Line Extension,22.131589834142,,"0"
"4653",Intercity Rail,Mexico MEX,Gobierno de Mexico,Tren Mexico-Queretaro,,,,uc,,https://www.proyectosmexico.gob.mx/ppp07-tren-mexico-queretaro/,at grade,2025-2027,,,,,,"Yonah Freemark; OpenStreetMap contributors","0",MEX,,Tren Mexico-Queretaro,217.555007450486,,"0"
"4658",Commuter Rail,Monterrey MEX,,Corredor Ferroviario Garcia-Aeropuerto de Monterrey,,1109,,cancelled,Project was replaced by series of metro lines,https://www.proyectosmexico.gob.mx/proyecto_inversion/0902-corredor-ferroviario-garcia-aeropuerto-internacional-de-monterrey/,at grade,2023-2025,,,,,,Yonah Freemark,"0",MEX,,Corredor Ferroviario Garcia-Aeropuerto de Monterrey,57.7022566644775,,"0"
"4779",Intercity Rail,,Brightline,Brightline Miami-West Palm Beach,"2018",,,existing,,,at grade,"-2018",,,,,,US DOT BTS,"0",USA,,Brightline Miami-West Palm Beach,108.135997483031,,"0"
"4792",Intercity Rail,,Brightline,Brightline Phase 2 West Palm Beach-Orlando,"2023",,,existing,,https://www.gobrightline.com/brightline-florida,at grade,2019-2023,,,,,,"Yonah Freemark; OpenStreetMap contributors","0",USA,,Brightline Phase 2 West Palm Beach-Orlando,268.130523347681,,"0"
"4793",High-Speed Rail,,CA HSR,CA HSR - Phase 1 - Merced to Fresno,,,,uc,,https://hsr.ca.gov/high-speed-rail-in-california/project-sections/merced-to-fresno/,"elevated; at grade",2015-2033,,,,,,CA HSR,"0",USA,,CA HSR - Phase 1 - Merced to Fresno,41.0054062037436,,"0"
"4795",High-Speed Rail,,CA HSR,CA HSR - Phase 2 - Sacramento to Merced,,,,proposed,,https://hsr.ca.gov/,"elevated; at grade",,,,,,,CA HSR,"0",USA,,CA HSR - Phase 2 - Sacramento to Merced,177.481594722665,,"0"
"4796",High-Speed Rail,,CA HSR,CA HSR - Phase 2 - Los Angeles to San Diego,,,,proposed,,https://hsr.ca.gov/,"elevated; at grade",,,,,,,CA HSR,"0",USA,,CA HSR - Phase 2 - Los Angeles to San Diego,257.251177964536,,"0"
"4797",High-Speed Rail,,CA HSR,CA HSR - Phase 2 - San Diego Inland Route Option,,,,proposed,,https://hsr.ca.gov/,"elevated; at grade",,,,,,,CA HSR,"0",USA,,CA HSR - Phase 2 - San Diego Inland Route Option,24.8898031283234,,"0"
"4798",High-Speed Rail,,CA HSR,CA HSR - Phase 2 - Rancho Bernardo Route Option,,,,proposed,,https://hsr.ca.gov/,"elevated; at grade",,,,,,,CA HSR,"0",USA,,CA HSR - Phase 2 - Rancho Bernardo Route Option,13.2683290111682,,"0"
"4799",High-Speed Rail,,CA HSR,CA HSR - Phase 2 - Temescal Valley Route Option,,,,proposed,,https://hsr.ca.gov/,"elevated; at grade",,,,,,,CA HSR,"0",USA,,CA HSR - Phase 2 - Temescal Valley Route Option,92.0747009796151,,"0"
"4800",High-Speed Rail,,CA HSR,CA HSR - Phase 2 - San Bernardino Route Option,,,,proposed,,https://hsr.ca.gov/,"elevated; at grade",,,,,,,CA HSR,"0",USA,,CA HSR - Phase 2 - San Bernardino Route Option,42.2067206367609,,"0"
"4801",High-Speed Rail,,CA HSR,CA HSR - Phase 2 - El Monte-East LA Route Option,,,,proposed,,https://hsr.ca.gov/,"elevated; at grade",,,,,,,CA HSR,"0",USA,,CA HSR - Phase 2 - El Monte-East LA Route Option,24.4541132624522,,"0"
"4802",High-Speed Rail,,CA HSR,CA HSR - Phase 1 - Los Angeles to Anaheim,,,,planned,,https://hsr.ca.gov/,"elevated; at grade",,,,,,,CA HSR,"0",USA,,CA HSR - Phase 1 - Los Angeles to Anaheim,48.8130782302198,,"0"
"4803",High-Speed Rail,,CA HSR,CA HSR - Phase 1 - Burbank to Los Angeles,,,,planned,,https://hsr.ca.gov/,"elevated; at grade",,,,,,,CA HSR,"0",USA,,CA HSR - Phase 1 - Burbank to Los Angeles,16.7520575498499,,"0"
"4804",High-Speed Rail,,CA HSR,CA HSR - Phase 1 - Palmdale to Burbank,,,,planned,,https://hsr.ca.gov/,"subway; elevated; at grade",,,,,,,CA HSR,"0",USA,,CA HSR - Phase 1 - Palmdale to Burbank,66.932353856693,,"0"
"4805",High-Speed Rail,,CA HSR,CA HSR - Phase 1 - Bakersfield to Palmdale,,,,planned,,https://hsr.ca.gov/,"elevated; at grade",,,,,,,CA HSR,"0",USA,,CA HSR - Phase 1 - Bakersfield to Palmdale,129.529987128082,,"0"
"4806",High-Speed Rail,,CA HSR,CA HSR - Phase 1 - Fresno to Bakersfield,,,,uc,,https://hsr.ca.gov/high-speed-rail-in-california/project-sections/fresno-to-bakersfield/,"elevated; at grade",2015-2033,,,,,,CA HSR,"0",USA,,CA HSR - Phase 1 - Fresno to Bakersfield,182.975800792834,,"0"
"4807",High-Speed Rail,,CA HSR,CA HSR - Phase 1 - Merced to Fresno,,,,uc,,https://hsr.ca.gov/high-speed-rail-in-california/project-sections/merced-to-fresno/,"elevated; at grade",2015-2033,,,,,,CA HSR,"0",USA,,CA HSR - Phase 1 - Merced to Fresno,182.752989168354,,"0"
"4808",High-Speed Rail,,CA HSR,CA HSR - Phase 1 - San Jose to the Central Valley Wye,,,,planned,,https://hsr.ca.gov/,"subway; elevated; at grade",,,,,,,CA HSR,"0",USA,,CA HSR - Phase 1 - San Jose to the Central Valley Wye,135.176229886915,,"0"
"4809",High-Speed Rail,,CA HSR,CA HSR - Phase 1 - San Francisco to San Jose,,,,planned,Would largely run along Caltrain corridor.,https://hsr.ca.gov/,"subway; elevated; at grade",,,,,,,CA HSR,"0",USA,,CA HSR - Phase 1 - San Francisco to San Jose,0.461743067960273,,"0"
"4810",High-Speed Rail,,Texas Central,Texas Central Houston-Dallas,,24000,,proposed,Likely cancelled because lost federal grant.,https://www.texascentral.com/,"elevated; at grade",,,,,,,Texas Central HSR,"0",USA,,Texas Central Houston-Dallas,378.823127227456,,"0"
"4811",Intercity Rail,,Brightline,Brightline Orlando-Tampa,,,,proposed,,https://www.gobrightline.com/,at grade,,,,,,,Yonah Freemark,"0",USA,,Brightline Orlando-Tampa,105.372897226246,,"0"
"4812",Intercity Rail,Las Vegas NV USA,Brightline,Brightline West Las Vegas-Rancho Cucamonga,,,,uc,Received a $3 b federal grant in 2023,https://www.brightlinewest.com,at grade,2024-2028,,,,,,Yonah Freemark,"0",USA,,Brightline West Las Vegas-Rancho Cucamonga,350.881744309117,,"0"
"45658",Arterial Rapid Transit,Chicago IL USA,Pace,Pulse Halsted Line,,,,proposed,,,at grade,,,,,,,"Yonah Freemark; OpenStreetMap contributors","0",USA,,Pulse Halsted Line,12.4938486650131,,"0"
"45671",Light Rail,Calgary AB CAN,Calgary Transit,CTrain Green Line,,3860,,uc,,http://www.calgary.ca/Transportation/TI/Pages/Transit-projects/Green-line/home.aspx,"subway; at grade",2021-2027,,,,,,"Yonah Freemark; OpenStreetMap contributors","0",CAN,,Green Line Phase 1,19.9523281803009,,"0"
"45672",Light Rail,Calgary AB CAN,Calgary Transit,CTrain Green Line,,,,proposed,"In planning; funding necessary for this extension.",http://www.calgary.ca/Transportation/TI/Pages/Transit-projects/Green-line/home.aspx,at grade,,,,,,,"Yonah Freemark; OpenStreetMap contributors","0",CAN,,Green Line South,8.63400146821494,,"0"
"45673",Bus Rapid Transit,London ON CAN,London Transit,Downtown Loop BRT,"2023",,,existing,,https://london.ca/projects/downtown-loop,at grade,2021-2023,,,,,,"Yonah Freemark; OpenStreetMap contributors","0",CAN,,Downtown Loop BRT,2.1976818016812,,"0"
"45676",Light Rail,Charlotte NC USA,CATS,Silver Line,,,,proposed,"In initial planning; funding not yet secured. Could be complete by 2040.",https://www.charlottenc.gov/CATS/Plans-Projects,at grade,,,,,,,"Yonah Freemark; OpenStreetMap contributors","0",USA,,Silver Line,40.877868461258,,"0"
"45677",Light Rail,Edmonton AB CAN,ETS,Metro Line,,,,proposed,Additional funding needed for project completion,https://www.edmonton.ca/projects_plans/transit/nw-lrt.aspx,"subway; elevated; at grade",,,,,,,"Yonah Freemark; OpenStreetMap contributors","0",CAN,,Metro Line Northwest Extension Phases II/III,9.2469128741401,,"0"
"45678",Light Metro,Miami FL USA,Miami-Dade Transit,SMART Beach Corridor,,,,planned,Would extend Miami MetroMover.,http://www.miamidadetpo.org/smartplan.asp,elevated,2027-2030,,,,,,"Yonah Freemark; OpenStreetMap contributors","0",USA,,SMART Beach Corridor - Miami Extension,2.66641232902945,,"0"
"46029",Intercity Rail,,Amtrak,Adirondack,,,,existing,,,at grade,,,,,,,US DOT BTS,"0",USA,,Adirondack,612.437397142043,,"0"
"46030",Intercity Rail,,Amtrak,DC - Newport News,,,,existing,,,at grade,,,,,,,US DOT BTS,"0",USA,,DC - Newport News,302.364137780138,,"0"
"46031",Intercity Rail,,Amtrak,DC - Lynchburg - Roanoke,,,,existing,,,at grade,,,,,,,US DOT BTS,"0",USA,,DC - Lynchburg - Roanoke,361.602868300665,,"0"
"46032",Intercity Rail,,Amtrak,Empire Service,,,,existing,,,at grade,,,,,,,US DOT BTS,"0",USA,,Empire Service,748.552442358774,,"0"
"46033",Intercity Rail,,Amtrak,Empire Builder,,,,existing,,,at grade,,,,,,,US DOT BTS,"0",USA,,Empire Builder,4211.72662509726,,"0"
"46034",Intercity Rail,,Amtrak,Chicago - St.Louis,,,,existing,,,at grade,,,,,,,US DOT BTS,"0",USA,,Chicago - St.Louis,453.169574598496,,"0"
"46035",Intercity Rail,,Amtrak,Cascades,,,,existing,,,at grade,,,,,,,US DOT BTS,"0",USA,,Cascades,397.5111200637,,"0"
"46036",Intercity Rail,,Amtrak,DC – Richmond,,,,existing,,,at grade,,,,,,,US DOT BTS,"0",USA,,DC – Richmond,188.288503380861,,"0"
"46037",Intercity Rail,,Amtrak,Coast Starlight,,,,existing,,,at grade,,,,,,,US DOT BTS,"0",USA,,Coast Starlight,1329.73370967322,,"0"
"46038",Intercity Rail,,Amtrak,Crescent,,,,existing,,,at grade,,,,,,,US DOT BTS,"0",USA,,Crescent,2232.7644190642,,"0"
"46039",Intercity Rail,,Amtrak,City of New Orleans,,,,existing,,,at grade,,,,,,,US DOT BTS,"0",USA,,City of New Orleans,1506.01149436653,,"0"
"46040",Intercity Rail,,Amtrak,Kansas City - St. Louis (Missouri River Runner),,,,existing,,,at grade,,,,,,,US DOT BTS,"0",USA,,Kansas City - St. Louis (Missouri River Runner),448.716555262248,,"0"
"46041",Intercity Rail,,Amtrak,DC - Norfolk,,,,existing,,,at grade,,,,,,,US DOT BTS,"0",USA,,DC - Norfolk,358.972064705452,,"0"
"46042",Intercity Rail,,Amtrak,Sunset Limited,,,,existing,,,at grade,,,,,,,US DOT BTS,"0",USA,,Sunset Limited,3258.58966353207,,"0"
"46043",Intercity Rail,,Amtrak,Southwest Chief,,,,existing,,,at grade,,,,,,,US DOT BTS,"0",USA,,Southwest Chief,3718.77088142185,,"0"
"46045",Intercity Rail,,Amtrak,The Downeaster,,,,existing,,,at grade,,,,,,,US DOT BTS,"0",USA,,The Downeaster,233.699167813813,,"0"
"46046",Intercity Rail,,Amtrak,Vermonter,,,,existing,,,at grade,,,,,,,US DOT BTS,"0",USA,,Vermonter,978.059475788371,,"0"
"46047",Commuter Rail,Bay Area CA USA,Capitol Corridor JPA/Amtrak,Capitol Corridor,"1991",,,existing,"Service previously opened as part of Transcontinental RR in 1869; service was discontinued in the 1960s.",,at grade,,,,,,,US DOT BTS,"0",USA,,Capitol Corridor,273.617677136749,,"0"
"46048",Intercity Rail,,Amtrak,Piedmont,,,,existing,,,at grade,,,,,,,US DOT BTS,"0",USA,,Piedmont,288.898300581425,,"0"
"46049",Intercity Rail,,Amtrak,Carolinian,,,,existing,,,at grade,,,,,,,US DOT BTS,"0",USA,,Carolinian,865.942794625399,,"0"
"46050",Intercity Rail,,Amtrak,Pere Marquette,,,,existing,,,at grade,,,,,,,US DOT BTS,"0",USA,,Pere Marquette,284.648726462163,,"0"
"46051",Intercity Rail,,Amtrak,Texas Eagle,,,,existing,,,at grade,,,,,,,US DOT BTS,"0",USA,,Texas Eagle,4442.36784882894,,"0"
"46052",Intercity Rail,,Amtrak,Wolverines (Michigan_Services),,,,existing,,,at grade,,,,,,,US DOT BTS,"0",USA,,Wolverines (Michigan_Services),265.266598227502,,"0"
"46053",Intercity Rail,,Amtrak,Wolverines (M-DOT),,,,existing,,,at grade,,,,,,,US DOT BTS,"0",USA,,Wolverines (M-DOT),218.857359774052,,"0"
"46054",Intercity Rail,,Amtrak,Illinois Zephyr,,,,existing,,,at grade,,,,,,,US DOT BTS,"0",USA,,Illinois Zephyr,415.454324423821,,"0"
"46055",Intercity Rail,,Amtrak,Illini (Illinois_Service),,,,existing,,,at grade,,,,,,,US DOT BTS,"0",USA,,Illini (Illinois_Service),494.687123739961,,"0"
"46056",Intercity Rail,,Amtrak,Lake Shore Limited,,,,existing,,,at grade,,,,,,,US DOT BTS,"0",USA,,Lake Shore Limited,1872.07998515016,,"0"
"46057",Intercity Rail,,Amtrak,Keystone Service,,,,existing,,,at grade,,,,,,,US DOT BTS,"0",USA,,Keystone Service,317.270092060552,,"0"
"46058",Intercity Rail,,Amtrak,Heartland Flyer,,,,existing,,,at grade,,,,,,,US DOT BTS,"0",USA,,Heartland Flyer,333.316585005136,,"0"
"46059",Intercity Rail,,Amtrak,Ethan Allen Express,,,,existing,,,at grade,,,,,,,US DOT BTS,"0",USA,,Ethan Allen Express,391.635445757312,,"0"
"46060",Intercity Rail,,Amtrak,Hoosier State,,,,existing,,,at grade,,,,,,,US DOT BTS,"0",USA,,Hoosier State,311.737877239281,,"0"
"46061",Intercity Rail,,Amtrak,Hiawathas,,,,existing,,,at grade,,,,,,,US DOT BTS,"0",USA,,Hiawathas,138.601950062602,,"0"
"46062",Intercity Rail,,Amtrak,Regional,,,,existing,,,at grade,,,,,,,US DOT BTS,"0",USA,,Regional,1041.38807607454,,"0"
"46063",Intercity Rail,,Amtrak,Pennsylvanian,,,,existing,,,at grade,,,,,,,US DOT BTS,"0",USA,,Pennsylvanian,746.657941144624,,"0"
"46064",Intercity Rail,,Amtrak,Silver_Service/Palmetto,,,,existing,,,at grade,,,,,,,US DOT BTS,"0",USA,,Silver_Service/Palmetto,2980.94246782289,,"0"
"46065",Intercity Rail,,Amtrak,San Joaquins,,,,existing,,,at grade,,,,,,,US DOT BTS,"0",USA,,San Joaquins,588.401705528951,,"0"
"46066",Intercity Rail,,Amtrak,NEC,,,,existing,,,at grade,,,,,,,US DOT BTS,"0",USA,,NEC,739.640934196762,,"0"
"46067",Intercity Rail,,Amtrak,Maple Leaf,,,,existing,,,at grade,,,,,,,US DOT BTS,"0",USA,,Maple Leaf,748.552442358774,,"0"
"46068",Intercity Rail,,Amtrak,Pacific Surfliner,,,,existing,,,at grade,,,,,,,US DOT BTS,"0",USA,,Pacific Surfliner,560.875670032861,,"0"
"46069",Intercity Rail,,Amtrak,New Haven - Springfield,,,,existing,,,at grade,,,,,,,US DOT BTS,"0",USA,,New Haven - Springfield,100.105721840925,,"0"
"46070",Intercity Rail,,Amtrak,California Zephyr,,,,existing,,,at grade,,,,,,,US DOT BTS,"0",USA,,California Zephyr,4324.92478573329,,"0"
"46071",Intercity Rail,,Amtrak,Blue Water,,,,existing,,,at grade,,,,,,,US DOT BTS,"0",USA,,Blue Water,512.916148027718,,"0"
"46072",Intercity Rail,,Amtrak,Cardinal,,,,existing,,,at grade,,,,,,,US DOT BTS,"0",USA,,Cardinal,1867.23776514601,,"0"
"46073",Intercity Rail,,Amtrak,Capitol Limited,,,,existing,,,at grade,,,,,,,US DOT BTS,"0",USA,,Capitol Limited,1290.6007423411,,"0"
"46074",Intercity Rail,,Amtrak,Acela,,,,existing,,,at grade,,,,,,,US DOT BTS,"0",USA,,Acela,739.648336229368,,"0"
"46075",Intercity Rail,,Amtrak,Auto Train,,,,existing,,,at grade,,,,,,,US DOT BTS,"0",USA,,Auto Train,1470.40959424915,,"0"
"46080",Bus Rapid Transit,St. Petersburg FL USA, Pinellas Suncoast Transit Authority,SunRunner Central Avenue BRT,"2022",41,"5400",existing,,https://www.psta.net/about-psta/projects/sunrunner/,at grade,2020-2022,,,2020-05,43.9,0.5,"Yonah Freemark; OpenStreetMap contributors","0",USA,,SunRunner Central Avenue BRT,28.5672207430845,,"0"
"46081",Bus Rapid Transit,Albany NY USA,CDTA,BusPlus Purple Line,"2023",81.2,,existing,,https://www.cdta.org/brt,at grade,2021-2023,,,2020-5,81.2,0.75,"Yonah Freemark; OpenStreetMap contributors","0",USA,,Washington-Western (Purple Line) BRT,13.6011780688368,,"0"
"46084",Commuter Rail,Boston MA USA,MBTA,Fall River/New Bedford Line,"2025",1047,"2280",existing,First phase will operate as extension of Middleborough line.,https://www.mass.gov/service-details/about-the-south-coast-rail-project,at grade,2019-2025,,,,,,"Yonah Freemark; OpenStreetMap contributors","0",USA,,South Coast Rail Phase 1,60.4429300264322,,"0"
"46086",Streetcar,Los Angeles CA USA,OC Transpo,OC Streetcar,,408,,uc,Delayed from 2023 opening.,https://octa.net/ocstreetcar,at grade,2018-2026,,,2018-11,408,0.365,"Yonah Freemark; OpenStreetMap contributors","0",USA,,OC Streetcar Santa Ana/Garden Grove,7.74371930596958,,"0"
"46087",Light Rail,Ottawa ON CAN,OC Transpo,Line 1/3,,1600,,uc,"Estimated cost; mileage and cost are for full segment.",https://www.octranspo.com/en/o-train-extension/,at grade,2019-2027,,,,,,"Yonah Freemark; OpenStreetMap contributors","0",CAN,,Confederation Line West Tunney's Pasture–Lincoln Fields,5.80832986383218,,"0"
"46090",Bus Rapid Transit,Indianapolis IN USA,IndyGO,Blue Line,,220,,planned,,https://www.indygo.net/blue-line/,at grade,2025-2027,,,,,,"Yonah Freemark; OpenStreetMap contributors","0",USA,,Blue Line,42.0473369117993,,"0"
"46093",Bus Rapid Transit,Pittsburgh PA USA,Port Authority of Allegheny County,Downtown-Uptown-Oakland-East End BRT,,195,,planned,,https://www.rideprt.org/inside-Pittsburgh-Regional-Transit/projects-and-programs/bus-rapid-transit/,at grade,2025-,,,2020-05,249.9,0.4,"Yonah Freemark; OpenStreetMap contributors","0",USA,,Downtown-Uptown-Oakland-East End BRT,21.8354596339673,,"0"
"46099",Commuter Rail,New York NY USA,New York Central,New York and Putnam Railroad,"1881",,,closed,,,at grade,,,"1958",,,,"Yonah Freemark; OpenStreetMap contributors","0",USA,,New York and Putnam Railroad,79.1674476350746,,"0"
"46100",Commuter Rail,New York NY USA,Metro-North,Beacon Line,"1869",,,closed,Purchased by Metro-North for potential future use.,,at grade,,,"1927",,,,"Yonah Freemark; OpenStreetMap contributors","0",USA,,Beacon Line,75.3891374988955,,"0"
"46185",Streetcar,Toronto ON CAN,TTC,504 King - Dufferin Loop,"1923",,,existing,,,at grade,,,,,,,"Yonah Freemark; OpenStreetMap contributors","0",CAN,,504 King - Dufferin Loop,0.733669806241573,,"0"
"46186",Streetcar,Toronto ON CAN,TTC,Dufferin-Exhibition Loop Connection (Waterfront LRT),,,,proposed,,https://www.toronto.ca/city-government/planning-development/planning-studies-initiatives/waterfront-transit-reset/,at grade,,,,,,,"Yonah Freemark; OpenStreetMap contributors","0",CAN,,Dufferin-Exhibition Loop Connection (Waterfront LRT),0.685255291124764,,"0"
"46187",Streetcar,Toronto ON CAN,TTC,Queens Quay East (Waterfront LRT),,,,proposed,,https://www.toronto.ca/city-government/planning-development/planning-studies-initiatives/waterfront-transit-reset/,at grade,,,,,,,"Yonah Freemark; OpenStreetMap contributors","0",CAN,,Queens Quay East (Waterfront LRT),2.79897096721195,,"0"
"46214",Light Metro,New York NY USA,PANYNJ,Newark EWR AirTrain,,3500,,uc,,https://www.ewrredevelopment.com/about-airtrain-ewr/,elevated,2025-2030,,,,,,"Yonah Freemark; OpenStreetMap contributors","1",USA,,Newark EWR AirTrain Replacement,3.59273559230604,,"0"
"46224",Metro,Los Angeles CA USA,Metro,Sepulveda Corridor Phase II,,,,proposed,,https://www.metro.net/projects/sepulvedacorridor/,elevated,,,,,,,"Yonah Freemark; OpenStreetMap contributors","0",USA,,Sepulveda Corridor Phase II,11.635398866857,,"0"
"46436",Light Rail,Toronto ON CAN,TTC,Line 7,,3140,,planned,,https://www.toronto.ca/services-payments/streets-parking-transportation/transit-in-toronto/transit-expansion/eglinton-east-light-rail-transit/eglinton-east-lrt-project-map/,at grade,,,,,,,"Yonah Freemark; OpenStreetMap contributors","0",CAN,,Eglinton East LRT,17.9104804290535,,"0"
"46437",Bus Rapid Transit,Ottawa ON CAN,STO,Gatineau Rapibus,"2023",,,existing,,http://www.sto.ca/index.php?id=rapibus&L=en,at grade,2021-2023,,,,,,Yonah Freemark,"0",CAN,,Rapibus Lorrain Extension,2.83300784012366,,"0"
"46438",Aerial Tram,Mexico MEX,STE,Cablebus Linea 1,"2021",,,existing,,,elevated,,,,,,,"Yonah Freemark; OpenStreetMap contributors","0",MEX,,Cablebus Linea 1,7.65253898337733,,"0"
"46439",Aerial Tram,Mexico MEX,,Cablebus Linea 1,"2021",,,existing,,,elevated,,,,,,,"Yonah Freemark; OpenStreetMap contributors","0",MEX,,Cablebus Linea 1,1.729414959864,,"0"
"46440",Streetcar,Charlotte NC USA,,Lakewood/West End Trolley,,,,cancelled,Project never received public support,http://www.lakewoodtrolley.org/main,at grade,,,,,,,"Yonah Freemark; OpenStreetMap contributors","0",USA,,Lakewood/West End Trolley,2.63639162594898,,"0"
"46442",Bus Rapid Transit,Halifax NS CAN,,Green Line,,,,proposed,,https://www.halifax.ca/transportation/transportation-projects/transforming-transit,at grade,,,,,,,Yonah Freemark,"0",CAN,,Green Line,10.4301448832099,,"0"
"46443",Bus Rapid Transit,Halifax NS CAN,,Red Line,,,,proposed,,https://www.halifax.ca/transportation/transportation-projects/transforming-transit,at grade,,,,,,,Yonah Freemark,"0",CAN,,Red Line,12.3031374009789,,"0"
"46444",Bus Rapid Transit,Halifax NS CAN,,Purple Line,,,,proposed,,https://www.halifax.ca/transportation/transportation-projects/transforming-transit,at grade,,,,,,,Yonah Freemark,"0",CAN,,Purple Line,6.33581460323512,,"0"
"46445",Bus Rapid Transit,Halifax NS CAN,,Purple Line,,,,proposed,,https://www.halifax.ca/transportation/transportation-projects/transforming-transit,at grade,,,,,,,Yonah Freemark,"0",CAN,,Purple Line,13.5616836840832,,"0"
"46446",Bus Rapid Transit,Halifax NS CAN,,Yellow Line,,,,proposed,,https://www.halifax.ca/transportation/transportation-projects/transforming-transit,at grade,,,,,,,Yonah Freemark,"0",CAN,,Yellow Line,7.76767732774585,,"0"
"46447",Bus Rapid Transit,Los Angeles CA USA,SBCTA,West Valley Connector,,266,,uc,Includes some center-running bus lanes,https://www.gosbcta.com/project/west-valley-connector-brt/,at grade,2023-2026,,,"202104",266,0.43,"Yonah Freemark; OpenStreetMap contributors","0",USA,,West Valley Connector,29.6873407208168,,"0"
"46452",Streetcar,Cincinnati OH USA,SORTA,Cincinnati Bell Connector,"2016",148,,existing,,,at grade,,,,,,,"Yonah Freemark; OpenStreetMap contributors","0",USA,,Cincinnati Bell Connector,5.66279681451364,,"0"
"46453",Streetcar,Dallas TX USA,DART,Dallas Streetcar,,96,,proposed,Project delayed by COVID-19.,https://www.dart.org/about/expansion/otherprojects.asp,at grade,,,,,,,"Yonah Freemark; OpenStreetMap contributors","0",USA,,Dallas Streetcar Central Link,4.09744774173798,,"0"
"46454",Streetcar,Detroit MI USA,,QLine,"2017",137,"8000",existing,,,at grade,,,,,,,"Yonah Freemark; OpenStreetMap contributors","0",USA,,QLine,5.59153170181909,,"0"
"46455",Streetcar,El Paso TX USA,Sun Metro,Streetcar,"2018",97,"1480",existing,,,at grade,,,,,,,"Yonah Freemark; OpenStreetMap contributors","0",USA,,El Paso Streetcar,7.7232426161059,,"0"
"46456",Streetcar,Little Rock AR USA,Rock Region Metro,Metro Streetcar,"2004",,,existing,,,at grade,,,,,,,"Yonah Freemark; OpenStreetMap contributors","0",USA,,Metro Streetcar,4.61145332787482,,"0"
"46457",Streetcar,New Orleans LA USA,NORTA,Canal St Line,"2004",,,existing,,,at grade,,,,,,,"Yonah Freemark; OpenStreetMap contributors","0",USA,,Canal St Line,7.30974794565014,,"0"
"46458",Streetcar,New York NY USA,NYC EDC,Brooklyn Queens Connector,,2500,"50000",cancelled,Project never achieved adequate political support,http://www.bqx.nyc/,at grade,,,,,,,"Yonah Freemark; OpenStreetMap contributors","0",USA,,Brooklyn Queens Connector,34.1507617755282,,"0"
"46459",Streetcar,Oklahoma City OK USA,Embark,Streetcar,"2018",129,"1600",existing,,http://okcstreetcar.com/,at grade,2017-2018,,,,,,"Yonah Freemark; OpenStreetMap contributors","0",USA,,Oklahoma City Streetcar Phase 1,8.11456473452311,,"0"
"46460",Streetcar,Philadelphia PA USA,SEPTA,15-Girard,"1859",,,closed,Reopened in 2005,,at grade,,,"1992",,,,"Yonah Freemark; OpenStreetMap contributors","0",USA,,15-Girard,14.5764582695085,,"0"
"46461",Streetcar,Phoenix AZ USA,Valley Metro,S Line,"2022",202,,existing,,https://www.valleymetro.org/project/tempe-streetcar,at grade,2017-2022,,,2019-09,192.4,0.39,"Yonah Freemark; OpenStreetMap contributors","0",USA,,Tempe Streetcar,6.06373384037982,,"0"
"46462",Streetcar,Portland OR USA,Portland Streetcar,Streetcar,"2012",,,existing,,,at grade,,,,,,,"Yonah Freemark; OpenStreetMap contributors","0",USA,,Portland Streetcar (East Side),10.1379210772794,,"0"
"46463",Streetcar,Portland OR USA,Portland Streetcar,Streetcar,"2001",,,existing,,,at grade,,,,,,,"Yonah Freemark; OpenStreetMap contributors","0",USA,,Streetcar,7.72436422207018,,"0"
"46464",Streetcar,Sacramento CA USA,Sacramento RTD,Downtown Riverfront Streetcar,,209,,cancelled,Project dramatically shortened in 2020. Replaced with short project in 2022.,http://www.riverfrontstreetcar.com,at grade,,,"2022",,,,"Yonah Freemark; OpenStreetMap contributors","0",USA,,Downtown Riverfront Streetcar,5.22933765024224,,"0"
"46465",Streetcar,Seattle WA USA,Seattle Streetcar,South Lake Union Streetcar,"2007",,,existing,,,at grade,,,,,,,"Yonah Freemark; OpenStreetMap contributors","0",USA,,South Lake Union,2.8024388987907,,"0"
"46466",Streetcar,Tucson AZ USA,Sunlink,Sun Link,"2014",,,existing,,,at grade,,,,,,,"Yonah Freemark; OpenStreetMap contributors","0",USA,,Sun Link,7.30619748647499,,"0"
"46467",Light Rail,Austin TX USA,City of Austin,Austin Light Rail,,1086,,cancelled,"Project went through a variety of routing ideas. Lost 2000 funding referendum; 37,400 daily riders",http://theoverheadwire.blogspot.com/2012/04/austins-rail-history-route-choice.html,at grade,2001-2004,,,,,,"Yonah Freemark; OpenStreetMap contributors","0",USA,,Austin Light Rail,32.4099243388992,,"0"
"46468",Light Rail,Baltimore MD USA,MTA,Light RailLink,"1992",,,existing,,,at grade,,,,,,,"Yonah Freemark; OpenStreetMap contributors","0",USA,,LightRail Link (Blue/Yellow Lines),35.0772156480687,,"0"
"46469",Light Rail,Bay Area CA USA,Santa Clara VTA,Blue Line,"1990",,,existing,,,highway,,,,,,,"Yonah Freemark; OpenStreetMap contributors","0",USA,,Convention Center–Tamien,2.93533215207417,,"0"
"46471",Light Rail,Chicago IL USA,,Central Area Circulator,,775,,cancelled,"Cancelled after state government removed funding for project, which had been fully funded.",http://www.chicagoreader.com/Bleader/archives/2013/12/06/recalling-the-trolley-line-that-wasnt-built,at grade,1992-1995,,,,,,"Yonah Freemark; OpenStreetMap contributors","0",USA,,Central Area Circulator,13.1760506170657,,"0"
"46472",Light Rail,Denver CO USA,Denver RTD,H/R,"2006",,,existing,,,at grade,,,,,,,"Yonah Freemark; OpenStreetMap contributors","0",USA,,H/R Lines,6.89039056095803,,"0"
"46473",Light Rail,Houston TX USA,Houston Metro,Red Line,"2004",324,,existing,,,at grade,,,,,,,"Yonah Freemark; OpenStreetMap contributors","0",USA,,Red Line,13.2737878955787,,"0"
"46474",Light Rail,Montreal QC CAN,,Tramway Montréal Est,,1800,,cancelled,"Planned in late 2010s; replaced by REM de l'est project.",,at grade,,,,,,,"Yonah Freemark; OpenStreetMap contributors","0",CAN,,Tramway Montréal Est,26.2416560393816,,"0"
"46475",Light Rail,Ottawa ON CAN,STO,Gatineau SLR,,,,proposed,"Unfunded, proposed; could be completed by 2028.",,at grade,,,,,,,"Yonah Freemark; OpenStreetMap contributors","0",CAN,,Gatineau SLR,24.8416197922355,,"0"
"46476",Light Rail,Philadelphia PA USA,PATCO,Waterfront Transit,,500,,cancelled,"Project was proposed and entered into federal process; funding difficulties meant project abandoned.",http://www.thetransportpolitic.com/2009/10/27/philadelphia-selects-waterfront-transit-alignment/,at grade,2009-,,,,,,"Yonah Freemark; OpenStreetMap contributors","0",USA,,Waterfront Transit,7.48491877541213,,"0"
"46478",Light Rail,Pittsburgh PA USA,PAT,Blue/Red Lines,"1988",,,closed,Primary shuttle closed in 1993.,,"subway; elevated",,,"2007",,,,"Yonah Freemark; OpenStreetMap contributors","0",USA,,Blue/Red Lines,0.60254986229656,,"0"
"46480",Light Rail,Portland OR USA,TriMet,MAX Orange Line,"2015",,,existing,,,at grade,,,,2012-05,1490.4,0.5,"Yonah Freemark; OpenStreetMap contributors","0",USA,,MAX Orange Line (Milwaukie Corridor),16.9334950698723,,"0"
"46481",Light Rail,Sacramento CA USA,Sacramento RTD,Blue/Gold/Green Lines,"1987",,,existing,,,at grade,,,,,,,"Yonah Freemark; OpenStreetMap contributors","0",USA,,Light Rail,1.6562285838942,,"0"
"46482",Light Rail,Salt Lake UT USA,UTA,Green Line,"2013",,,existing,,,at grade,,,,,,,"Yonah Freemark; OpenStreetMap contributors","0",USA,,TRAX East/West to Airport,9.37566510937081,,"0"
"46483",Light Rail,San Juan PR USA,,Novotren,,550,,cancelled,"Essentially dead because of Hurricane Maria, lack of governmental support.",,at grade,2015-2017,,,,,,"Yonah Freemark; OpenStreetMap contributors","0",USA,,Novotren (1),22.7365525494539,,"0"
"46484",Light Rail,Waterloo ON CAN,Grand River Transit,ION,"2019",770,"27000",existing,,,at grade,,,,,,,"Yonah Freemark; OpenStreetMap contributors","0",CAN,,ION Light Rail Transit Phase 1,19.3234553598812,,"0"
"46485",Metro,New York NY USA,MTA,"1","1908",,,existing,,,elevated,,,,,,,"Yonah Freemark; OpenStreetMap contributors","0",USA,,IRT Broadway - 7th Avenue Line (1) Marble Hill-242,1.96744764819157,,"0"
"46486",Metro,New York NY USA,MTA,"1","1907",,,existing,,,elevated,,,,,,,"Yonah Freemark; OpenStreetMap contributors","0",USA,,IRT Broadway - 7th Avenue Line (1) 221-225 Sts,0.240849441954142,,"0"
"46487",Metro,New York NY USA,MTA,"1","1906",,,existing,,,"subway; elevated",,,,,,,"Yonah Freemark; OpenStreetMap contributors","0",USA,,IRT Broadway - 7th Avenue Line (1) 157-221 Sts,5.14690673171953,,"0"
"46488",Metro,New York NY USA,MTA,1/2/3,"1904",,,existing,,,subway,,,,,,,"Yonah Freemark; OpenStreetMap contributors","0",USA,,IRT Broadway - 7th Avenue Line (1/2/3) 42-96 Sts,5.02751467116575,,"0"
"46489",Metro,New York NY USA,MTA,IRT Broadway - 7th Avenue Line Link to 42nd St,"1904",,,closed,,,subway,,,"1917",,,,"Yonah Freemark; OpenStreetMap contributors","0",USA,,IRT Broadway - 7th Avenue Line Link to 42nd St,0.143473645413644,,"0"
"46490",Metro,New York NY USA,MTA,1/2/3,"1917",,,existing,,,subway,,,,,,,"Yonah Freemark; OpenStreetMap contributors","0",USA,,IRT Broadway - 7th Avenue Line (1/2/3) 34-42 Sts,0.817807601301739,,"0"
"46491",Metro,New York NY USA,MTA,1/2/3,"1918",,,existing,,,subway,,,,,,,"Yonah Freemark; OpenStreetMap contributors","0",USA,,IRT Broadway - 7th Avenue Line (1/2/3) Chambers-34,4.37466049349755,,"0"
"46492",Metro,New York NY USA,MTA,2/3,"1918",,,existing,,,subway,,,,,,,"Yonah Freemark; OpenStreetMap contributors","0",USA,,IRT Broadway-7th Avenue Line-Brooklyn Branch (2/3) Wall-Chambers,1.24402590733714,,"0"
"46493",Metro,New York NY USA,MTA,2/5,"1917",,,existing,,,"subway; elevated",,,,,,,"Yonah Freemark; OpenStreetMap contributors","0",USA,,IRT White Plains Road Line (2/5),1.0942103625546,,"0"
"46494",Metro,New York NY USA,MTA,"2","1920",,,existing,,,elevated,,,,,,,"Yonah Freemark; OpenStreetMap contributors","0",USA,,IRT White Plains Road Line (2),0.596878287322528,,"0"
"46495",Metro,New York NY USA,MTA,"2","1917",,,existing,,,elevated,,,,,,,"Yonah Freemark; OpenStreetMap contributors","0",USA,,IRT White Plains Road Line (2),6.17782810467423,,"0"
"46497",Metro,New York NY USA,MTA,"5","1912",,,existing,"Originally served by NYW&B; converted to IRT/NYCT in 1941",,subway,,,,,,,"Yonah Freemark; OpenStreetMap contributors","0",USA,,IRT Dyre Avenue Line (5),6.06916133201774,,"0"
"46498",Metro,New York NY USA,MTA,"4","1918",,,existing,,,elevated,,,,,,,"Yonah Freemark; OpenStreetMap contributors","0",USA,,IRT Jerome Avenue Line (4),2.57098706399256,,"0"
"46499",Metro,New York NY USA,MTA,4/5/6,"1918",,,existing,,,subway,,,,,,,"Yonah Freemark; OpenStreetMap contributors","0",USA,,IRT Lexington Avenue Line (4/5/6) 42-125 Sts,7.91158021348567,,"0"
"46500",Metro,New York NY USA,MTA,IRT Lexington Avenue Line Link to 42nd St,"1904",,,closed,,,subway,,,"1917",,,,"Yonah Freemark; OpenStreetMap contributors","0",USA,,IRT Lexington Avenue Line Link to 42nd St,0.2123970856722,,"0"
"46501",Metro,New York NY USA,MTA,4/5,"1905",,,existing,,,subway,,,,,,,"Yonah Freemark; OpenStreetMap contributors","0",USA,,IRT Lexington Avenue Line (4/5) Bowling Green-Fulton,1.29353469193707,,"0"
"46502",Metro,New York NY USA,MTA,2/3/4/5,"1908",,,existing,,,subway,,,,,,,"Yonah Freemark; OpenStreetMap contributors","0",USA,,IRT Eastern Parkway Line (2/3/4/5) Atlantic-Borough Hall,1.56890164346487,,"0"
"46503",Metro,New York NY USA,MTA,3/4,"1920",,,existing,,,"subway; elevated",,,,,,,"Yonah Freemark; OpenStreetMap contributors","0",USA,,IRT Eastern Parkway Line (3/4),1.78920519982597,,"0"
"46504",Metro,New York NY USA,MTA,3/4,"1920",,,existing,,,"subway; elevated",,,,,,,"Yonah Freemark; OpenStreetMap contributors","0",USA,,IRT New Lots Line (3/4) Sutter-Pennsylvania,3.55958930030981,,"0"
"46505",Metro,New York NY USA,MTA,"7","1926",,,existing,,,subway,,,,,,,"Yonah Freemark; OpenStreetMap contributors","0",USA,,IRT Flushing Line (7) Grand Central-5th Ave,0.533392852863105,,"0"
"46506",Metro,New York NY USA,MTA,"7","1915",,,existing,,,subway,,,,,,,"Yonah Freemark; OpenStreetMap contributors","0",USA,,IRT Flushing Line (7) Grand Central-Vernon,2.60920478125036,,"0"
"46507",Metro,New York NY USA,MTA,"7","1916",,,existing,,,"subway; elevated",,,,,,,"Yonah Freemark; OpenStreetMap contributors","0",USA,,IRT Flushing Line (7) Hunters Point-Queensboro,1.91732568869745,,"0"
"46508",Metro,New York NY USA,MTA,"7","1917",,,existing,,,elevated,,,,,,,"Yonah Freemark; OpenStreetMap contributors","0",USA,,IRT Flushing Line (7) Queensboro-103,6.90561077192616,,"0"
"46509",Metro,New York NY USA,MTA,"7","1925",,,existing,,,elevated,,,,,,,"Yonah Freemark; OpenStreetMap contributors","0",USA,,IRT Flushing Line (7) 103-111 Sts,0.700945118968469,,"0"
"46510",Metro,New York NY USA,MTA,"7","1928",,,existing,,,elevated,,,,,,,"Yonah Freemark; OpenStreetMap contributors","0",USA,,IRT Flushing Line (7) 111-Flushing,2.12546536585521,,"0"
"46511",Metro,New York NY USA,MTA,N/Q/R/W,"1919",,,existing,,,subway,,,,,,,"Yonah Freemark; OpenStreetMap contributors","0",USA,,BMT Broadway Line (N/Q/R/W),0.911555183090786,,"0"
"46512",Metro,New York NY USA,MTA,N/Q/R/W,"1918",,,existing,,,subway,,,,,,,"Yonah Freemark; OpenStreetMap contributors","0",USA,,BMT Broadway Line (N/Q/R/W) 23-49,2.2004421520511,,"0"
"46513",Metro,New York NY USA,MTA,J/Z,"1913",,,existing,,,subway,,,,,,,"Yonah Freemark; OpenStreetMap contributors","0",USA,,BMT Nassau Street Line (J/Z) Essex-Chambers,1.91251526275501,,"0"
"46514",Metro,New York NY USA,MTA,R,"1916",,,existing,,,subway,,,,,,,"Yonah Freemark; OpenStreetMap contributors","0",USA,,BMT 4th Avenue Line (R) 59-86,1.9637358343316,,"0"
"46515",Metro,New York NY USA,MTA,D,"1916",,,existing,,,"elevated; open cut",,,,,,,"Yonah Freemark; OpenStreetMap contributors","0",USA,,BMT West End Line (D) 9 Ave-25 Ave,7.50871222107898,,"0"
"46516",Metro,New York NY USA,MTA,B/Q,"1920",,,existing,,,subway,,,,,,,"Yonah Freemark; OpenStreetMap contributors","0",USA,,BMT Brighton Line (B/Q) DeKalb-Prospect Park,3.71425338748673,,"0"
"46517",Metro,New York NY USA,MTA,B/Q,"1878",,,existing,,,"subway; elevated; open cut",,,,,,,"Yonah Freemark; OpenStreetMap contributors","0",USA,,BMT Brighton Line (B/Q) Prospect Park-Brighton Beach,9.94558263201839,,"0"
"46518",Metro,New York NY USA,MTA,B/Q,"1917",,,existing,,,elevated,,,,,,,"Yonah Freemark; OpenStreetMap contributors","0",USA,,BMT Brighton Line (B/Q) Ocean Parkway-Brighton Beach,0.541230720756034,,"0"
"46519",Metro,New York NY USA,MTA,L,"1928",,,existing,,,"subway; elevated; at grade",,,,,,,"Yonah Freemark; OpenStreetMap contributors","0",USA,,BMT Canarsie Line (L) Morgan-Broadway Junction,6.01064500279585,,"0"
"46520",Metro,New York NY USA,MTA,L,"1924",,,existing,,,subway,,,,,,,"Yonah Freemark; OpenStreetMap contributors","0",USA,,BMT Canarsie Line (L) Montrose-6th Ave,6.3699771876723,,"0"
"46521",Metro,New York NY USA,MTA,L,"1931",,,existing,,,subway,,,,,,,"Yonah Freemark; OpenStreetMap contributors","0",USA,,BMT Canarsie Line (L) 6-8 Ave,0.519202552280549,,"0"
"46522",Metro,New York NY USA,MTA,M,"1889",,,existing,,,elevated,,,,,,,"Yonah Freemark; OpenStreetMap contributors","0",USA,,BMT Myrtle Avenue Line (M) Central-Wyckoff,2.13364906795697,,"0"
"46523",Metro,New York NY USA,MTA,J/Z,"1893",,,existing,,,"subway; elevated",,,,,,,"Yonah Freemark; OpenStreetMap contributors","0",USA,,BMT Jamaica Line (J/Z) Cleveland-Cypress Hills,2.58110133544621,,"0"
"46524",Metro,New York NY USA,MTA,J/Z,"1885",,,existing,,,"subway; elevated",,,,,,,"Yonah Freemark; OpenStreetMap contributors","0",USA,,BMT Jamaica Line (J/Z) Gates-Van Siclen,3.21360596047038,,"0"
"46525",Metro,New York NY USA,MTA,J/Z,"1917",,,existing,,,"subway; elevated",,,,,,,"Yonah Freemark; OpenStreetMap contributors","0",USA,,BMT Jamaica Line (J/Z) Cypress Hills-111,3.18319804520628,,"0"
"46526",Metro,New York NY USA,MTA,J/Z,"1918",,,existing,,,elevated,,,,,,,"Yonah Freemark; OpenStreetMap contributors","0",USA,,BMT Jamaica Line (J/Z) 111-121,1.06270732179839,,"0"
"46527",Metro,New York NY USA,MTA,J/Z,"1988",,,existing,,,"subway; elevated",,,,,,,"Yonah Freemark; OpenStreetMap contributors","0",USA,,BMT Archer Avenue Line (J/Z),1.16340230385778,,"0"
"46528",Metro,New York NY USA,MTA,"6","1919",,,existing,,,subway,,,,,,,"Yonah Freemark; OpenStreetMap contributors","0",USA,,IRT Pelham Line (6) 138-Hunts Point,3.98818590603816,,"0"
"46529",Metro,New York NY USA,MTA,"6","1920",,,existing,,,"subway; elevated",,,,,,,"Yonah Freemark; OpenStreetMap contributors","0",USA,,IRT Pelham Line (6) Hunts Point-Pelham,6.89051145704841,,"0"
"46530",Metro,New York NY USA,MTA,A/C/E,"1932",,,existing,,,subway,,,,,,,"Yonah Freemark; OpenStreetMap contributors","0",USA,,IND 8th Avenue Line (A/C/E) Chambers-50,6.34703369316385,,"0"
"46531",Metro,New York NY USA,MTA,E/F/M/R,"1936",,,existing,,,subway,,,,,,,"Yonah Freemark; OpenStreetMap contributors","0",USA,,IND Queens Boulevard Line (E/F/M/R),4.82703472142305,,"0"
"46532",Metro,New York NY USA,MTA,E/F,"1937",,,existing,,,subway,,,,,,,"Yonah Freemark; OpenStreetMap contributors","0",USA,,IND Queens Boulevard Line (E/F),1.49351460844088,,"0"
"46533",Metro,New York NY USA,MTA,F,"1950",,,existing,,,subway,,,,,,,"Yonah Freemark; OpenStreetMap contributors","0",USA,,IND Queens Boulevard Line (F) 169-179,0.840298193753813,,"0"
"46534",Metro,New York NY USA,MTA,G,"1933",,,existing,,,subway,,,,,,,"Yonah Freemark; OpenStreetMap contributors","0",USA,,IND Crosstown Line (G) Court-Nassau,3.163779518239,,"0"
"46535",Metro,New York NY USA,MTA,F,"1919",,,existing,,,elevated,,,,,,,"Yonah Freemark; OpenStreetMap contributors","0",USA,,IND Culver Line (F) Ave X-Ditmas,5.45320505198802,,"0"
"46536",Metro,New York NY USA,MTA,F,"1933",,,existing,,,"subway; elevated",,,,,,,"Yonah Freemark; OpenStreetMap contributors","0",USA,,IND Culver Line (F),0.64737177838297,,"0"
"46537",Metro,New York NY USA,MTA,B/D/F/M,"1940",,,existing,,,subway,,,,,,,"Yonah Freemark; OpenStreetMap contributors","0",USA,,IND 6th Avenue Line (B/D/F/M) W4-50,4.61388182899806,,"0"
"46538",Metro,New York NY USA,MTA,A/C,"1936",,,existing,,,subway,,,,,,,"Yonah Freemark; OpenStreetMap contributors","0",USA,,IND Fulton Street Line (A/C) Hoyt-Rockaway Ave,5.81892404748908,,"0"
"46539",Metro,New York NY USA,MTA,A/C,"1946",,,existing,,,subway,,,,,,,"Yonah Freemark; OpenStreetMap contributors","0",USA,,IND Fulton Street Line (A/C) Rockaway-Broadway Junction,0.903038817902573,,"0"
"46540",Metro,New York NY USA,MTA,A,"1956",,,existing,,,subway,,,,,,,"Yonah Freemark; OpenStreetMap contributors","0",USA,,IND Fulton Street Line (A) Euclid-Grant,0.773175759123128,,"0"
"46541",Metro,New York NY USA,MTA,A,"1956",,,existing,,,elevated,,,,,,,"Yonah Freemark; OpenStreetMap contributors","0",USA,,IND Rockaway Line (A) Beach 25-67,4.59366785053308,,"0"
"46542",Commuter Rail,Bay Area CA USA,ACE,Altamont Corridor Express,"1998",,,existing,,,at grade,,,,,,,"Yonah Freemark; OpenStreetMap contributors","0",USA,,Altamont Corridor Express,102.307066148585,,"0"
"46543",Bus Rapid Transit,Denver CO USA,City and County of Denver,Federal Boulevard BRT,,318,"12200",planned,"Currently in planning; final project could be selected in 2021.",https://denvergov.org/Government/Agencies-Departments-Offices/Agencies-Departments-Offices-Directory/Department-of-Transportation-and-Infrastructure/Programs-Services/Federal-Mobility,at grade,2027-2030,,,,,,"Yonah Freemark; OpenStreetMap contributors","0",USA,,Federal Transit Corridor,21.4618927978072,,"0"
"46544",Bus Rapid Transit,Boston MA USA,MBTA,Columbus Avenue Busway,"2021",,,existing,,https://www.mbta.com/projects/columbus-avenue-bus-lanes,at grade,2020-2021,,,,,,"Yonah Freemark; OpenStreetMap contributors","0",USA,,Columbus Avenue Busway,1.25792191793089,,"0"
"46589",Bus Rapid Transit,Albany NY USA,CDTA,BusPlus Blue Line,"2020",42,,existing,,,at grade,2019-2020,,,2020-01,42.5,0.63,"Yonah Freemark; OpenStreetMap contributors","0",USA,,"BusPlus Blue Line; River Corridor BRT",25.5964794430069,,"0"
"46590",Bus Rapid Transit,Albuquerque NM USA,ABQ Ride,Central Avenue BRT,"2019",126,"16100",existing,,,at grade,,,,2018-08,133.7,0.561,"Yonah Freemark; OpenStreetMap contributors","0",USA,Basic,Central Avenue BRT,26.3837065702831,,"0"
"46591",Bus Rapid Transit,Bay Area CA USA,AC Transit,East Bay BRT,"2020",216,"36000",existing,,http://www.actransit.org/brt/,at grade,2015-2020,,,,,,"Yonah Freemark; OpenStreetMap contributors","0",USA,Basic,East Bay BRT,18.3281128152565,,"0"
"46592",Arterial Rapid Transit,Kansas City MO USA,KCATA,Prospect Avenue MAX,"2019",56,,existing,,,at grade,,,,,,,"Yonah Freemark; OpenStreetMap contributors","0",USA,,Prospect Avenue MAX,16.722160938029,,"0"
"46593",Arterial Rapid Transit,Kansas City MO USA,KCATA,Troost MAX,"2011",,,existing,,,at grade,,,,,,,"Yonah Freemark; OpenStreetMap contributors","0",USA,,Troost MAX,15.0616672740846,,"0"
"46594",Arterial Rapid Transit,Kansas City MO USA,KCATA,Main Street MAX,"2005",,,existing,,,at grade,,,,,,,"Yonah Freemark; OpenStreetMap contributors","0",USA,,Main Street MAX,15.4138849946415,,"0"
"46595",Bus Rapid Transit,Las Vegas NV USA,,Vegas Loop,,,,proposed,"Could link to line under convention center; city council gave preliminary approval.",https://www.lvloop.com/vegasloop,subway,,,,,,,"Yonah Freemark; OpenStreetMap contributors","0",USA,,Vegas Loop,28.6132525618677,,"0"
"46597",Bus Rapid Transit,Madison WI USA,,Metro Rapid Route A,"2024",160,"12000",existing,,https://www.cityofmadison.com/metro/routes-schedules/bus-rapid-transit,at grade,2023-2024,,,,,,"Yonah Freemark; OpenStreetMap contributors","0",USA,,Madison East-West BRT,38.306965281326,,"0"
"46598",Arterial Rapid Transit,Minneapolis MN USA,Metro Transit,C,"2019",30,"9000",existing,,,at grade,,,,,,,"Yonah Freemark; OpenStreetMap contributors","0",USA,,C Line,15.2062234369641,,"0"
"46599",Arterial Rapid Transit,Minneapolis MN USA,Metro Transit,D,"2022",75,,existing,Funded by state legislature in 2020.,https://www.metrotransit.org/d-line-project,at grade,2020-2022,,,,,,"Yonah Freemark; OpenStreetMap contributors","0",USA,,D Line,26.9006191117766,,"0"
"46600",Bus Rapid Transit,Minneapolis MN USA,Metro Transit,Gold Line,"2025",,"8000",existing,,https://www.metrotransit.org/gold-line-project,"highway; at grade",2022-2025,,,"202304",532,0.45,"Yonah Freemark; OpenStreetMap contributors","0",USA,,Gateway Corridor Gold Line,18.0229283795352,,"0"
"46601",Bus Rapid Transit,Minneapolis MN USA,Metro Transit,Bronze Line,,,,planned,Formerly known as Rush Line and Purple Line.,https://www.metrotransit.org/Bronze-line-project,at grade,2030-2032,,,,,,"Yonah Freemark; OpenStreetMap contributors","0",USA,,Bronze Line BRT,16.2692594354487,,"0"
"46602",Arterial Rapid Transit,New York NY USA,MTA,B44 SBS,"2013",,,existing,,,at grade,,,,,,,"Yonah Freemark; OpenStreetMap contributors","0",USA,Not BRT,B44 SBS,24.5481327759189,,"0"
"46603",Bus Rapid Transit,New York NY USA,MTA,M14 SBS,"2019",,,existing,,,at grade,,,,,,,"Yonah Freemark; OpenStreetMap contributors","0",USA,,M14 SBS,10.4021329109973,,"0"
"46604",Bus Rapid Transit,Ottawa ON CAN,STO,Gatineau Rapibus,"2013",,,existing,,,at grade,,,,,,,"Yonah Freemark; OpenStreetMap contributors","0",CAN,Basic,Gatineau Rapibus,16.7910239545118,,"0"
"46605",Bus Rapid Transit,Philadelphia PA USA,NJ Transit,South Jersey Route 42 Corridor,,,,proposed,In environmental review,,highway,,,,,,,"Yonah Freemark; OpenStreetMap contributors","0",USA,,South Jersey Route 42 Corridor,43.808406699864,,"0"
"46606",Bus Rapid Transit,Pittsburgh PA USA,PAT,MLK East Busway,"1983",,,existing,,,at grade,,,,,,,"Yonah Freemark; OpenStreetMap contributors","0",USA,Bronze (56),MLK East Busway,15.0244017690493,"2013","0"
"46607",Bus Rapid Transit,Pittsburgh PA USA,PAT,South Busway,"1977",,,existing,,,at grade,,,,,,,"Yonah Freemark; OpenStreetMap contributors","0",USA,Basic (50),South Busway,4.79777309144227,"2013","0"
"46608",Bus Rapid Transit,Quebec QC CAN,,Trambus,,,,cancelled,"Expected to be completed in 2026; cancelled due to cost overruns with tramway project in 2020.",https://www.rtcquebec.ca/informations-pratiques/grands-projets/votre-reseau-2026,at grade,,,,,,,Yonah Freemark,"0",CAN,,Trambus,15.2632641511787,,"0"
"46610",Bus Rapid Transit,Seattle WA USA,King County Metro,Metro Rte 40 RapidRide,,,,cancelled,"Funded by Let's Move Seattle 2015 referendum, but cancelled due to insufficient funds in 2020.",https://www.theurbanist.org/2018/09/26/seattle-shelves-promised-rapidride-upgrades-for-routes-40-44-,at grade,,,,,,,"Yonah Freemark; OpenStreetMap contributors","0",USA,,Metro Rte 40 RapidRide,15.592930933576,,"0"
"46611",Bus Rapid Transit,Saskatoon SA CAN,City of Saskatoon,Link,,95,,uc,,https://www.saskatoon.ca/moving-around/transit/bus-rapid-transit,at grade,2024-2028,,,,,,"Yonah Freemark; OpenStreetMap contributors","0",CAN,,Saskatoon BRT,34.3737050071562,,"0"
"46612",Bus Rapid Transit,Winnipeg MB CAN,Winnipeg Transit,Southwest Transitway,"2020",508,,existing,,http://winnipegtransit.com/en/major-projects/southwest-transitway/stage-2---southwest-transitway/sou,at grade,2016-2020,,,,,,"Yonah Freemark; OpenStreetMap contributors","0",CAN,Basic,Southwest Rapid Transitway (Stage 2),7.39358457481921,,"0"
"46620",Metro,Los Angeles CA USA,Metro,B,,,,proposed,"Would run along existing but non-service Red and Purple Line tracks; new station to be added in Arts District.",https://www.metro.net/projects/arts-dist-6th-station/,"subway; at grade",,,,,,,"Yonah Freemark; OpenStreetMap contributors","0",USA,,Arts District Extension,2.2990308987835,,"0"
"46621",Light Rail,Santa Cruz CA USA,Santa Cruz RTC,Santa Cruz Branch Rail Line,,,,proposed,,https://sccrtc.org/projects/rail/,at grade,,,,,,,"Yonah Freemark; OpenStreetMap contributors","0",USA,,Santa Cruz Branch Rail Line,35.752703093479,,"0"
"46622",Commuter Rail,Toronto ON CAN,Metrolinx,Kitchener-London Metrolinx,"2021",,,existing,,https://www.metrolinx.com/en/greaterregion/regions/southwestern-ontario.aspx,at grade,,,,,,,"Yonah Freemark; OpenStreetMap contributors","0",CAN,,Kitchener-London Metrolinx,94.3730163401567,,"0"
"46625",Bus Rapid Transit,Boston MA USA,MBTA,Blue Hill Ave Busway,,162,"20000",planned,"Funded by US DOT Raise Grant; center-running busway",https://www.boston.gov/departments/transportation/blue-hill-avenue,at grade,2027-2030,,,2021-11,39.5,0.38,"Yonah Freemark; OpenStreetMap contributors","0",USA,,Blue Hill Ave Busway,4.76487609866086,,"0"
"46626",Streetcar,Galveston TX USA,Galveston Island Trolley,Galveston Island Trolley,"2021",,,existing,"Originally opened in 1988; closed in 2008 due to damage from Hurricane Ike. Diesel powered.",https://www.galvestontrolley.com/,at grade,2017-2021,,,,,,"Yonah Freemark; OpenStreetMap contributors","0",USA,,Galveston Island Trolley,4.85289550005753,,"0"
"46627",Streetcar,Galveston TX USA,Galveston Island Trolley,Galveston Island Trolley,"1988",,,closed,This section of the route was closed because of damage from Hurricane Ike,,at grade,,,"2008",,,,"Yonah Freemark; OpenStreetMap contributors","0",USA,,Galveston Island Trolley,1.57955776864141,,"0"
"47244",Monorail,Panama PAN,Metro de Panama,Linea 3,,,,proposed,,https://www.elmetrodepanama.com/linea-3/,elevated,,auto,,,,,"Yonah Freemark; OpenStreetMap contributors","0",PAN,,Linea 3 Phase 2,7.58295768770985,,"0"
"47245",Commuter Rail,Stockton CA USA,ACE,ACE Valley Rail,,,,uc,,https://www.sjrrc.com/lathrop-ceres-extension-eir/,at grade,2024-2030,,,,,,"Yonah Freemark; OpenStreetMap contributors","0",USA,,ACE Valley Rail Ceres Extension,38.1650474779079,,"0"
"47246",Commuter Rail,Stockton CA USA,ACE,ACE Valley Rail,,,,uc,,https://www.sjrrc.com/valley-rail/,at grade,2024-2030,,,,,,"Yonah Freemark; OpenStreetMap contributors","0",USA,,ACE Valley Rail Sacramento Extension,84.3635549487961,,"0"
"47250",Light Rail,Phoenix AZ USA,Valley Metro,I-10 West Extension,,,,cancelled,Project cancelled because of GOP opposition.,https://www.valleymetro.org/project/i-10-west-extension,highway,,,"2026",,,,"Yonah Freemark; OpenStreetMap contributors","0",USA,,I-10 West Extension,14.2574403855591,,"0"
"47259",Commuter Rail,New York NY USA,Long Island Rail Road,Montauk,"1871",,,existing,,,at grade,,,,,,,"Yonah Freemark; OpenStreetMap contributors","0",USA,,Cedarhurst Cut-off,9.02142399907641,,"0"
"47260",Commuter Rail,New York NY USA,Long Island Rail Road,Montauk,"1895",,,existing,,,at grade,,,,,,,"Yonah Freemark; OpenStreetMap contributors","0",USA,,Long Island Rail Road,34.1114556754312,,"0"
"47261",Commuter Rail,Bay Area CA USA,,Dumbarton Rail Corridor,,,,proposed,"In initial planning; project funding not assured.",http://www.samtrans.com/Planning/Planning_and_Research/Dumbarton_Rail_Corridor.html,at grade,,,,,,,"Yonah Freemark; OpenStreetMap contributors","0",USA,,Dumbarton Rail Corridor,32.5168978258796,,"0"
"47276",Light Metro,Montreal QC CAN,CDPQ,REM,"2025",,,existing,,https://rem.info/en,"subway; elevated",2018-2025,auto,,,,,"Yonah Freemark; OpenStreetMap contributors","0",CAN,,REM Central Segment,10.0888712247716,,"0"
"47280",Light Metro,Montreal QC CAN,CDPQ,REM,"2025",,,existing,,https://rem.info/en,elevated,2018-2025,auto,,,,,"Yonah Freemark; OpenStreetMap contributors","0",CAN,,REM Deux Montagnes Branch,19.5922349259966,,"0"
"47281",Light Metro,Montreal QC CAN,CDPQ,REM,,,,uc,,https://rem.info/en,elevated,2018-2026,auto,,,,,"Yonah Freemark; OpenStreetMap contributors","0",CAN,,REM Anse-à-l'Orme Branch,15.4526024446593,,"0"
"47283",Light Metro,Montreal QC CAN,CDPQ,REM,,,,uc,,https://rem.info/en,"subway; elevated",2018-2027,auto,,,,,"Yonah Freemark; OpenStreetMap contributors","0",CAN,,REM Airport Branch,4.54305665565783,,"0"
"47284",Light Metro,Montreal QC CAN,CDPQ,REM,"2023",,,existing,Delayed from 2022 opening.,https://rem.info/en,"subway; elevated",2018-2023,auto,,,,,"Yonah Freemark; OpenStreetMap contributors","0",CAN,,REM South Shore,16.65185982163,,"0"
"47285",Light Rail,Los Angeles CA USA,LA Metro,A,,,,uc,Previously L Line,https://foothillgoldline.org/construction_phases/glendora_to_montclair/,at grade,2017-2028,,,,,,"Yonah Freemark; OpenStreetMap contributors","0",USA,,Gold Line Phase 2B to Montclair (Montclair segment),4.97421446147213,,"0"
"47288",Bus Rapid Transit,Reno NV USA,Reno RTC,Virginia Street RAPID,"2021",80,,existing,,https://www.rtcwashoe.com/engineering-project/virginia-street-bus-rapid-transit-extension-project/,at grade,2018-2021,,,2019-10,114.9,0.352,"Yonah Freemark; OpenStreetMap contributors","0",USA,,Virginia Street BRT,11.7407042949493,,"0"
"47298",Light Rail,Toronto ON CAN,TTC,Line 5,,,,proposed,,http://www.metrolinx.com/en/greaterregion/projects/eglinton-crosstown-west.aspx,elevated,,,,,,,"Yonah Freemark; OpenStreetMap contributors","0",CAN,,Eglinton West to Pearson Airport,3.90040972207882,,"0"
"47299",Light Rail,Toronto ON CAN,TTC,510 Spadina,"1878",,,existing,Converted to dedicated right of way in 1997.,,at grade,,,,,,,"Yonah Freemark; OpenStreetMap contributors","0",CAN,,510 Spadina,4.18764859210354,,"0"
"47300",Bus Rapid Transit,Toronto ON CAN,Metrolinx,Dundas BRT,,,,proposed,,https://www.metrolinx.com/en/greaterregion/projects/dundas-bus-rapid-transit.aspx,at grade,,,,,,,"Yonah Freemark; OpenStreetMap contributors","0",CAN,,Dundas BRT,48.2783218603772,,"0"
"47301",Bus Rapid Transit,Toronto ON CAN,Metrolinx,Brampton Queen Street BRT,,,,proposed,,https://www.brampton.ca/en/business/planning-development/projects-studies/qstmp/Pages/Welcome.aspx,at grade,,,,,,,"Yonah Freemark; OpenStreetMap contributors","0",CAN,,Brampton Queen Street BRT,24.3417812989842,,"0"
"47306",Bus Rapid Transit,Atlanta GA USA,MARTA,MARTA Rapid Southlake,,356,"3700",planned,50% dedicated lanes,https://connectclayton.com/claytonbrt/,at grade,2027-2030,,,,,,"Yonah Freemark; OpenStreetMap contributors","0",USA,,Clayton BRT Phase 1,28.0036230055179,,"0"
"47309",Bus Rapid Transit,Atlanta GA USA,MARTA,Clayton Southlake BRT,,,,planned,,https://connectclayton.com/claytonbrt/,at grade,2026-2030,,,,,,"Yonah Freemark; OpenStreetMap contributors","0",USA,,Clayton BRT Phase 2,11.5760952422191,,"0"
"47310",Light Rail,New York NY USA,MTA,Interborough Express,,5400,"115000",planned,,https://new.mta.info/project/interborough-express,"open cut; at grade","-2032",,,,,,"Yonah Freemark; OpenStreetMap contributors","0",USA,,Interborough Express,23.2762721861813,,"0"
"47312",Aerial Tram,Santo Domingo DOM,OPRET,Linea T1,"2018",,,existing,,,elevated,,auto,,,,,"Yonah Freemark; OpenStreetMap contributors","0",DOM,,Linea T1,5.19374758761016,,"0"
"47315",Intercity Rail,,Amtrak,Cascades,,,,closed,Replaced with Point Defiance Bypass,,at grade,,,"2021",,,,US DOT BTS,"0",USA,,Cascades,42.1466801873992,,"0"
"47316",Intercity Rail,,Amtrak,Cascades,,,,existing,,,at grade,,,,,,,US DOT BTS,"0",USA,,Cascades,308.932886109112,,"0"
"47317",Intercity Rail,,Amtrak,Coast Starlight,,,,closed,Replaced with Point Defiance Bypass,,at grade,,,"2021",,,,US DOT BTS,"0",USA,,Coast Starlight,39.4821289131961,,"0"
"47318",Intercity Rail,,Amtrak,Coast Starlight,,,,existing,,,at grade,,,,,,,US DOT BTS,"0",USA,,Coast Starlight,896.929904562169,,"0"
"47320",Intercity Rail,Seattle WA USA,Amtrak,Port Defiance Bypass (Coast Starlight/Cascades),"2021",181.1,,existing,"Opened in 2017, but immediately suffered a derailment.",,at grade,,,,,,,"Yonah Freemark; OpenStreetMap contributors","0",USA,,Port Defiance Bypass (Coast Starlight/Cascades),26.169722688615,,"0"
"47322",Streetcar,Pittsburgh PA USA,PRC,PRC 77/54 - North Side-Carrick via Bloomfield,"1915",,,closed,Year open is estimated.,,at grade,,,"1965",,,,Alexander Rapp,"0",USA,,PRC 77/54 - North Side-Carrick via Bloomfield,21.5743003332302,,"0"
"47332",Streetcar,Pittsburgh PA USA,PRC,PRC 96 - East Liberty-62nd St,"1915",,,closed,Year open is estimated.,,at grade,,,"1960",,,,Alexander Rapp,"0",USA,,PRC 96 - East Liberty-62nd St,10.5137656822717,,"0"
"47495",Light Rail,Denver CO USA,Denver RTD,D/F/H/L,"1994",,,existing,,,at grade,,,,,,,"Yonah Freemark; OpenStreetMap contributors","0",USA,,D/F/H/L Lines,0.762870877287368,,"0"
"47496",Light Rail,Denver CO USA,Denver RTD,L,"1994",,,existing,,,at grade,,,,,,,"Yonah Freemark; OpenStreetMap contributors","0",USA,,L Line,2.00423303734468,,"0"
"47497",Light Rail,Denver CO USA,Denver RTD,L,"1994",,,existing,,,at grade,,,,,,,"Yonah Freemark; OpenStreetMap contributors","0",USA,,L Line,0.0434312181946569,,"0"
"47498",Light Rail,Denver CO USA,Denver RTD,D/F/H,"1994",,,existing,,,at grade,,,,,,,"Yonah Freemark; OpenStreetMap contributors","0",USA,,D/F/H Lines,0.048828772804336,,"0"
"47499",Light Rail,Denver CO USA,Denver RTD,D/F/H/L,"1994",,,existing,,,at grade,,,,,,,"Yonah Freemark; OpenStreetMap contributors","0",USA,,D/F/H/L Lines,0.767429603701569,,"0"
"47500",Light Rail,Denver CO USA,Denver RTD,D/F/H,"1994",,,existing,,,at grade,,,,,,,"Yonah Freemark; OpenStreetMap contributors","0",USA,,D/F/H Lines,1.33094361114061,,"0"
"47501",Light Rail,Denver CO USA,Denver RTD,C/E/W,"2002",,,existing,,,at grade,,,,,,,"Yonah Freemark; OpenStreetMap contributors","0",USA,,C/E/W Lines,2.4591724110232,,"0"
"47502",Light Rail,Denver CO USA,Denver RTD,C/D/E/F/H,"2000",,,existing,,,at grade,,,,,,,"Yonah Freemark; OpenStreetMap contributors","0",USA,,C/D/E/F/H Lines,4.6007013518287,,"0"
"47503",Light Rail,Denver CO USA,Denver RTD,E/F/H,"2006",,"38100",existing,,,at grade,,,,2000-11,879.3,0.597,"Yonah Freemark; OpenStreetMap contributors","0",USA,,"E, F/H Lines (Southeast Corridor)",11.0028932134908,,"0"
"47507",Commuter Rail,New York NY USA,New Jersey Transit,Boonton/M&E/NE Corridor/NJ Coast/Raritan Lines,"1910",,,existing,,,"subway; at grade",1904-1910,,,,,,"Yonah Freemark; OpenStreetMap contributors","0",USA,,New York Tunnel Extension,11.6973539149222,,"0"
"47508",Commuter Rail,New York NY USA,New Jersey Transit,Boonton/M&E/NE Corridor/NJ Coast/Raritan Lines,"1877",,,existing,,,"subway; at grade",1873-1877,,,,,,"Yonah Freemark; OpenStreetMap contributors","0",USA,,Bergen Tunnels,5.11117061442061,,"0"
"47509",Commuter Rail,New York NY USA,Long Island Rail Road,Oyster Bay,"1867",,,existing,,,at grade,,,,,,,"Yonah Freemark; OpenStreetMap contributors","0",USA,,Glen Cove Branch Rail Road,3.93871208711141,,"0"
"47510",Commuter Rail,New York NY USA,Long Island Rail Road,Oyster Bay,"1869",,,existing,,,at grade,,,,,,,"Yonah Freemark; OpenStreetMap contributors","0",USA,,Glen Cove Branch Rail Road,1.90731873387022,,"0"
"47511",Commuter Rail,New York NY USA,Long Island Rail Road,Oyster Bay,"1889",,,existing,,,at grade,1887-1889,,,,,,"Yonah Freemark; OpenStreetMap contributors","0",USA,,Oyster Bay Extension Railroad,6.11308770559824,,"0"
"47512",Commuter Rail,New York NY USA,Long Island Rail Road,Port Jefferson,"1868",,,existing,,,at grade,,,,,,,"Yonah Freemark; OpenStreetMap contributors","0",USA,,Hicksville and Syosset Railroad,16.5804198686521,,"0"
"47513",Commuter Rail,New York NY USA,Long Island Rail Road,Port Jefferson,"1873",,,existing,,,at grade,,,,,,,"Yonah Freemark; OpenStreetMap contributors","0",USA,,Smithtown and Port Jefferson Railroad,28.878686647076,,"0"
"47514",Commuter Rail,New York NY USA,Long Island Rail Road,Ronkonkoma,"1842",,,existing,,,at grade,,,,,,,"Yonah Freemark; OpenStreetMap contributors","0",USA,,Long Island Rail Road,19.3399887850035,,"0"
"47515",Commuter Rail,New York NY USA,Long Island Rail Road,Ronkonkoma,"1843",,,existing,,,at grade,,,,,,,"Yonah Freemark; OpenStreetMap contributors","0",USA,,Long Island Rail Road,15.161285374413,,"0"
"47516",Commuter Rail,New York NY USA,Long Island Rail Road,Ronkonkoma,"1844",,,existing,,,at grade,,,,,,,"Yonah Freemark; OpenStreetMap contributors","0",USA,,Long Island Rail Road,68.4006028637694,,"0"
"47517",Commuter Rail,New York NY USA,Long Island Rail Road,Montauk,"1870",,,existing,,,at grade,,,,,,,"Yonah Freemark; OpenStreetMap contributors","0",USA,,Long Island Rail Road,65.4033714381833,,"0"
"47519",Commuter Rail,New York NY USA,Long Island Rail Road,Montauk,"1869",,,existing,,,at grade,,,,,,,"Yonah Freemark; OpenStreetMap contributors","0",USA,,Long Island Rail Road,6.52697160436599,,"0"
"47520",Commuter Rail,New York NY USA,Long Island Rail Road,Montauk,"1868",,,existing,,,at grade,,,,,,,"Yonah Freemark; OpenStreetMap contributors","0",USA,,Long Island Rail Road,21.235713316396,,"0"
"47521",Commuter Rail,New York NY USA,Long Island Rail Road,Montauk,"1867",,,existing,,,at grade,,,,,,,"Yonah Freemark; OpenStreetMap contributors","0",USA,,Long Island Rail Road,1.71346834859783,,"0"
"47522",Commuter Rail,New York NY USA,Long Island Rail Road,Montauk,"1867",,,existing,,,at grade,,,,,,,"Yonah Freemark; OpenStreetMap contributors","0",USA,,Long Island Rail Road,31.4528201232172,,"0"
"47523",Commuter Rail,New York NY USA,Long Island Rail Road,Montauk,"1873",,,existing,,,at grade,,,,,,,"Yonah Freemark; OpenStreetMap contributors","0",USA,,Central Railroad Extension Company of Long Island,11.4073974865743,,"0"
"47524",Commuter Rail,New York NY USA,Long Island Rail Road,Montauk,"1837",,,existing,,,at grade,,,,,,,"Yonah Freemark; OpenStreetMap contributors","0",USA,,LIRR Main Line,25.2059352587621,,"0"
"47525",Commuter Rail,New York NY USA,Long Island Rail Road,Montauk,"1841",,,existing,,,at grade,,,,,,,"Yonah Freemark; OpenStreetMap contributors","0",USA,,LIRR Main Line,6.37872960831362,,"0"
"47526",Commuter Rail,New York NY USA,Long Island Rail Road,Port Washington,"1866",,,existing,,,at grade,,,,,,,"Yonah Freemark; OpenStreetMap contributors","0",USA,,Flushing Railroad,16.4653606923202,,"0"
"47527",Commuter Rail,New York NY USA,LIRR,Cedarhurst Cut-off,"1872",,,closed,,,at grade,,,"1934",,,,"Yonah Freemark; OpenStreetMap contributors","0",USA,,Cedarhurst Cut-off,5.61537109919285,,"0"
"47528",Commuter Rail,New York NY USA,New Jersey Transit,North Jersey Coast Line,"1881",,,existing,,,at grade,,,,,,,"Yonah Freemark; OpenStreetMap contributors","0",USA,,Long Branch and Barnegat Bay Railroad,1.79696265159701,,"0"
"47529",Commuter Rail,New York NY USA,New Jersey Transit,North Jersey Coast Line,"1880",,,existing,,,at grade,,,,,,,"Yonah Freemark; OpenStreetMap contributors","0",USA,,New York and Long Branch Extension Railroad,4.54689491072625,,"0"
"47530",Commuter Rail,New York NY USA,New Jersey Transit,North Jersey Coast Line,"1876",,,existing,,,at grade,,,,,,,"Yonah Freemark; OpenStreetMap contributors","0",USA,,Long Branch and Sea Girt Railroad,5.50072113255868,,"0"
"47531",Commuter Rail,New York NY USA,New Jersey Transit,North Jersey Coast Line,"1876",,,existing,,,at grade,,,,,,,"Yonah Freemark; OpenStreetMap contributors","0",USA,,New Egypt and Farmingdale Railroad,13.1094921360291,,"0"
"47532",Commuter Rail,New York NY USA,New Jersey Transit,North Jersey Coast Line,"1875",,,existing,,,at grade,,,,,,,"Yonah Freemark; OpenStreetMap contributors","0",USA,,New York and Long Branch Railroad,37.2086173508064,,"0"
"47533",Commuter Rail,New York NY USA,New Jersey Transit,Raritan Valley Line,"1852",,,existing,,,at grade,,,,,,,"Yonah Freemark; OpenStreetMap contributors","0",USA,,Raritan Valley Line,12.7660362309079,,"0"
"47534",Commuter Rail,New York NY USA,New Jersey Transit,Raritan Valley Line,"1848",,,existing,,,at grade,,,,,,,"Yonah Freemark; OpenStreetMap contributors","0",USA,,Raritan Valley Line,15.2823005214741,,"0"
"47535",Commuter Rail,New York NY USA,New Jersey Transit,Raritan Valley Line,"1842",,,existing,,,at grade,,,,,,,"Yonah Freemark; OpenStreetMap contributors","0",USA,,Raritan Valley Line,7.20856059924356,,"0"
"47536",Commuter Rail,New York NY USA,New Jersey Transit,Raritan Valley Line,"1840",,,existing,,,at grade,,,,,,,"Yonah Freemark; OpenStreetMap contributors","0",USA,,Raritan Valley Line,11.5954396163116,,"0"
"47537",Commuter Rail,New York NY USA,New Jersey Transit,Morris and Essex Lines,"1872",,,existing,,,at grade,,,,,,,"Yonah Freemark; OpenStreetMap contributors","0",USA,,Gladstone Branch,22.4088725259396,,"0"
"47538",Commuter Rail,New York NY USA,New Jersey Transit,Morris and Essex Lines,"1890",,,existing,,,at grade,,,,,,,"Yonah Freemark; OpenStreetMap contributors","0",USA,,Gladstone Branch,11.9528621185979,,"0"
"47539",Commuter Rail,New York NY USA,New Jersey Transit,Morris and Essex Lines,"1838",,,existing,,,at grade,,,,,,,"Yonah Freemark; OpenStreetMap contributors","0",USA,,Morristown Line,14.4123771713058,,"0"
"47540",Commuter Rail,New York NY USA,New Jersey Transit,Morris and Essex Lines,"1838",,,existing,,,at grade,,,,,,,"Yonah Freemark; OpenStreetMap contributors","0",USA,,Morristown Line,15.0254369275593,,"0"
"47541",Commuter Rail,New York NY USA,New Jersey Transit,Morris and Essex Lines,"1848",,,existing,,,at grade,,,,,,,"Yonah Freemark; OpenStreetMap contributors","0",USA,,Morristown Line,10.4617629490678,,"0"
"47543",Commuter Rail,New York NY USA,New Jersey Transit,Montclair-Boonton/Morris and Essex Lines,"1877",,,existing,,,at grade,1873-1877,,,,,,"Yonah Freemark; OpenStreetMap contributors","0",USA,,Bergen Tunnels,0.370261945977333,,"0"
"47544",Commuter Rail,New York NY USA,New Jersey Transit,Montclair-Boonton/Morris and Essex Lines,"1836",,,existing,,,at grade,,,,,,,"Yonah Freemark; OpenStreetMap contributors","0",USA,,Morristown Line,5.72417056577955,,"0"
"47547",Commuter Rail,New York NY USA,New Jersey Transit,Montclair-Boonton/Morris and Essex Lines,"1910",,,existing,,,at grade,,,,,,,"Yonah Freemark; OpenStreetMap contributors","0",USA,,North River Tunnels,1.19382369988455,,"0"
"47548",Commuter Rail,New York NY USA,New Jersey Transit,Montclair-Boonton/Morris and Essex Lines,"1854",,,existing,,,at grade,,,,,,,"Yonah Freemark; OpenStreetMap contributors","0",USA,,Morristown Line,31.0980487050079,,"0"
"47549",Commuter Rail,New York NY USA,New Jersey Transit,Montclair-Boonton Line,"2002",,,existing,,,at grade,,,,,,,"Yonah Freemark; OpenStreetMap contributors","0",USA,,Montclair Connection,0.342696219823286,,"0"
"47550",Commuter Rail,New York NY USA,New Jersey Transit,Montclair-Boonton Line,"1870",,,existing,,,at grade,,,,,,,"Yonah Freemark; OpenStreetMap contributors","0",USA,,Boonton Branch,37.1242557739698,,"0"
"47551",Commuter Rail,New York NY USA,New Jersey Transit,Boonton Line,"1870",,,closed,,,at grade,,,"2002",,,,"Yonah Freemark; OpenStreetMap contributors","0",USA,,Boonton Line,14.2366828060804,,"0"
"47552",Commuter Rail,New York NY USA,New Jersey Transit,Main Line and Bergen County Line,"1848",,,existing,,,at grade,,,,,,,"Yonah Freemark; OpenStreetMap contributors","0",USA,,New York and Erie Rail Road,22.0838255911787,,"0"
"47553",Commuter Rail,New York NY USA,New Jersey Transit,Main Line/Bergen County Line,"1853",,,existing,,,at grade,,,,,,,"Yonah Freemark; OpenStreetMap contributors","0",USA,,New York and Erie Rail Road,16.6333301972462,,"0"
"47555",Commuter Rail,New York NY USA,New Jersey Transit,Main Line/Bergen County Line,"1833",,,existing,,,at grade,,,,,,,"Yonah Freemark; OpenStreetMap contributors","0",USA,,Paterson and Hudson River Railroad,1.75524994037312,,"0"
"47557",Commuter Rail,New York NY USA,New Jersey Transit,Main Line/Bergen County Line,"1848",,,existing,,,at grade,,,,,,,"Yonah Freemark; OpenStreetMap contributors","0",USA,,New York and Erie Rail Road,23.1973092409243,,"0"
"47558",Commuter Rail,New York NY USA,New Jersey Transit,Main Line/Bergen County Line,"1909",,,existing,,,at grade,,,,,,,"Yonah Freemark; OpenStreetMap contributors","0",USA,,New York and Erie Rail Road,58.55427691542,,"0"
"47559",Commuter Rail,New York NY USA,New Jersey Transit,Main Line/Bergen County Line,"1870",,,existing,,,at grade,,,,,,,"Yonah Freemark; OpenStreetMap contributors","0",USA,,Main Line,25.0714187837821,,"0"
"47560",Commuter Rail,New York NY USA,New Jersey Transit,Main Line/Bergen County Line,"1881",,,existing,,,at grade,,,,,,,"Yonah Freemark; OpenStreetMap contributors","0",USA,,Bergen County Railroad,16.5133197752574,,"0"
"47561",Commuter Rail,New York NY USA,New Jersey Transit,Pascack Valley Line,"1869",,,existing,,,at grade,,,,,,,"Yonah Freemark; OpenStreetMap contributors","0",USA,,Hackensack and New York Railroad,1.96618136843451,,"0"
"47562",Commuter Rail,New York NY USA,New Jersey Transit,Pascack Valley Line,"1870",,,existing,,,at grade,,,,,,,"Yonah Freemark; OpenStreetMap contributors","0",USA,,Hackensack and New York Railroad,26.9276539095774,,"0"
"47563",Commuter Rail,New York NY USA,Metro-North,Metro-North,"1875",,,existing,An at-grade portion of the line opened as early as 1831.,,at grade,,,,,,,"Yonah Freemark; OpenStreetMap contributors","0",USA,,Park Avenue Main Line,8.33228335233213,,"0"
"47564",Commuter Rail,New York NY USA,Metro-North,Hudson Line,"1842",,,existing,,,at grade,,,,,,,"Yonah Freemark; OpenStreetMap contributors","0",USA,,Spuyten Duyvil and Port Morris Railroad,11.5288378110832,,"0"
"47565",Commuter Rail,New York NY USA,Metro-North,Harlem Line,"1840",,,existing,,,at grade,,,,,,,"Yonah Freemark; OpenStreetMap contributors","0",USA,,Harlem,1.49464055439093,,"0"
"47566",Commuter Rail,New York NY USA,Metro-North,Harlem Line,"1841",,,existing,,,at grade,,,,,,,"Yonah Freemark; OpenStreetMap contributors","0",USA,,Harlem,4.61425005135793,,"0"
"47567",Commuter Rail,New York NY USA,Metro-North,Harlem Line,"1842",,,existing,,,at grade,,,,,,,"Yonah Freemark; OpenStreetMap contributors","0",USA,,Harlem,2.57160392220499,,"0"
"47568",Commuter Rail,New York NY USA,Metro-North,Harlem Line,"1844",,,existing,,,at grade,,,,,,,"Yonah Freemark; OpenStreetMap contributors","0",USA,,Harlem,19.3297698390488,,"0"
"47569",Commuter Rail,New York NY USA,Metro-North,Harlem Line,"1846",,,existing,,,at grade,,,,,,,"Yonah Freemark; OpenStreetMap contributors","0",USA,,Harlem,12.6270620498852,,"0"
"47570",Commuter Rail,New York NY USA,Metro-North,Harlem Line,"1847",,,existing,,,at grade,,,,,,,"Yonah Freemark; OpenStreetMap contributors","0",USA,,Harlem,27.8940965522513,,"0"
"47571",Commuter Rail,New York NY USA,Metro-North,Harlem Line,"1848",,,existing,,,at grade,,,,,,,"Yonah Freemark; OpenStreetMap contributors","0",USA,,Harlem,46.6739268551538,,"0"
"47574",Commuter Rail,Philadelphia PA USA,SEPTA,R5,"1871",,,existing,,,at grade,,,,,,,"Yonah Freemark; OpenStreetMap contributors","0",USA,,R5,12.005394984916,,"0"
"47575",Commuter Rail,Philadelphia PA USA,SEPTA,R5,"1834",,,existing,,,at grade,,,,,,,"Yonah Freemark; OpenStreetMap contributors","0",USA,,Main Line of Public Works,50.5253305740818,,"0"
"47576",Commuter Rail,Philadelphia PA USA,SEPTA,R5,"1856",,,existing,,,at grade,,,,,,,"Yonah Freemark; OpenStreetMap contributors","0",USA,,R5,15.5330186892692,,"0"
"47577",Commuter Rail,Philadelphia PA USA,SEPTA,R2,"1974",,,existing,,,at grade,,,,,,,"Yonah Freemark; OpenStreetMap contributors","0",USA,,R2,2.48679912029927,,"0"
"47578",Commuter Rail,Philadelphia PA USA,SEPTA,R2,"1872",,,existing,,,at grade,,,,,,,"Yonah Freemark; OpenStreetMap contributors","0",USA,,"Philadelphia, Wilmington and Baltimore Railroad",15.417235825713,,"0"
"47579",Commuter Rail,Philadelphia PA USA,SEPTA,R6,"1839",,,existing,,,at grade,,,,,,,"Yonah Freemark; OpenStreetMap contributors","0",USA,,Reading Company,23.7678354660266,,"0"
"47580",Commuter Rail,Philadelphia PA USA,SEPTA,R7,"1832",,,existing,,,at grade,,,,,,,"Yonah Freemark; OpenStreetMap contributors","0",USA,,"Philadelphia, Germantown and Norristown Railroad",9.35329866256276,,"0"
"47582",Commuter Rail,Philadelphia PA USA,SEPTA,R1/R2/R3/R5/R6/R7/R8,"1984",,,existing,,,"subway; elevated",1978-1984,,,,,,"Yonah Freemark; OpenStreetMap contributors","0",USA,,Center City Commuter Connection,4.12750668697985,,"0"
"47583",Commuter Rail,Philadelphia PA USA,Reading Company,Reading Viaduct,"1832",,,closed,Branch fully elevated in 1911.,,elevated,1891-1893,,"1984",,,,"Yonah Freemark; OpenStreetMap contributors","0",USA,,Reading Company/Ninth St Branch,1.48763492009664,,"0"
"47584",Commuter Rail,Philadelphia PA USA,SEPTA,R3,"1858",,,existing,,,at grade,,,,,,,"Yonah Freemark; OpenStreetMap contributors","0",USA,,West Chester and Philadelphia Railroad,20.1995734460832,,"0"
"47585",Commuter Rail,Philadelphia PA USA,SEPTA,R3,"1876",,,existing,,,at grade,,,,,,,"Yonah Freemark; OpenStreetMap contributors","0",USA,,New York Branch,34.9189750332651,,"0"
"47586",Commuter Rail,Philadelphia PA USA,SEPTA,R8,"1884",,,existing,,,at grade,,,,,,,"Yonah Freemark; OpenStreetMap contributors","0",USA,,"Philadelphia, Germantown and Chestnut Hill Railroad",10.8398084393373,,"0"
"47587",Commuter Rail,Philadelphia PA USA,SEPTA,R8,"1878",,,existing,,,at grade,,,,,,,"Yonah Freemark; OpenStreetMap contributors","0",USA,,"Philadelphia, Newtown and New York Railroad",7.74760528299985,,"0"
"47588",Commuter Rail,Philadelphia PA USA,SEPTA,R2,"1838",,,existing,,,at grade,,,,,,,"Yonah Freemark; OpenStreetMap contributors","0",USA,,"Philadelphia, Wilmington and Baltimore Railroad",42.4675589356442,,"0"
"47589",Commuter Rail,Philadelphia PA USA,"Philadelphia, Wilmington and Baltimore Railroad","Philadelphia, Wilmington and Baltimore Railroad","1838",,,closed,,,at grade,,,"1872",,,,"Yonah Freemark; OpenStreetMap contributors","0",USA,,"Philadelphia, Wilmington and Baltimore Railroad",8.46030840269961,,"0"
"47590",Commuter Rail,Philadelphia PA USA,SEPTA/NJ Transit,R7/Atlantic City Line,"1867",,,existing,Atlantic City Line beginning in 1989,,at grade,,,,,,,"Yonah Freemark; OpenStreetMap contributors","0",USA,,Connecting Railway,12.5750850050288,,"0"
"47591",Commuter Rail,Philadelphia PA USA,SEPTA,R7,"1834",,,existing,,,at grade,,,,,,,"Yonah Freemark; OpenStreetMap contributors","0",USA,,Philadelphia and Trenton Railroad,39.8513037008575,,"0"
"47592",Commuter Rail,Philadelphia PA USA,"Philadelphia, Wilmington and Baltimore Railroad","Philadelphia, Wilmington and Baltimore Railroad","1838",,,closed,,,at grade,,,,,,,"Yonah Freemark; OpenStreetMap contributors","0",USA,,"Philadelphia, Wilmington and Baltimore Railroad",2.43703594595672,,"0"
"47595",Commuter Rail,Baltimore MD USA,MARC,Penn Line,"1873",,,existing,,,at grade,,,,,,,"Yonah Freemark; OpenStreetMap contributors","0",USA,,Union Railroad,6.00286093898434,,"0"
"47596",Commuter Rail,Baltimore MD USA,MARC,Penn Line,"1872",,,existing,,,at grade,,,,,,,"Yonah Freemark; OpenStreetMap contributors","0",USA,,Baltimore and Potomac Rail Road,52.231450754523,,"0"
"47597",Commuter Rail,Baltimore MD USA,MARC,Penn Line,"1838",,,existing,,,at grade,,,,,,,"Yonah Freemark; OpenStreetMap contributors","0",USA,,"Philadelphia, Wilmington and Baltimore Railroad",52.2683443533456,,"0"
"47598",Streetcar,Baltimore MD USA,BTC,BTC 8 - Towson-Catonsville,"1895",,,closed,Year open is estimated.,,at grade,,,"1963",,,,Alexander Rapp,"0",USA,,BTC 8 - Towson-Catonsville,27.3804340050263,,"0"
"47599",Streetcar,Baltimore MD USA,BTC,BTC 15 - Belair Rd-Edmondson Ave,"1895",,,closed,Year open is estimated.,,at grade,,,"1963",,,,Alexander Rapp,"0",USA,,BTC 15 - Belair Rd-Edmondson Ave,19.0192527107606,,"0"
"47600",Commuter Rail,Baltimore MD USA,MARC,Camden Line,"1830",,,existing,,,at grade,,,,,,,"Yonah Freemark; OpenStreetMap contributors","0",USA,,Baltimore & Ohio Railroad,11.4083557475571,,"0"
"47601",Commuter Rail,Baltimore MD USA,MARC,Camden Line,"1835",,,existing,,,at grade,,,,,,,"Yonah Freemark; OpenStreetMap contributors","0",USA,,Baltimore & Ohio Railroad,44.4920577416827,,"0"
"47602",Commuter Rail,Washington DC USA,MARC,Brunswick Line,"1873",,,existing,,,at grade,,,,,,,"Yonah Freemark; OpenStreetMap contributors","0",USA,,Baltimore & Ohio Railroad,116.360008197558,,"0"
"47603",Commuter Rail,Baltimore MD USA,MARC,Brunswick Line,"1831",,,existing,,,at grade,,,,,,,"Yonah Freemark; OpenStreetMap contributors","0",USA,,Frederick Branch,5.17806235327815,,"0"
"47604",Commuter Rail,Washington DC USA,Virginia Railway Express,Fredericksburg/Manassas Lines,"1857",,,existing,,,at grade,,,,,,,"Yonah Freemark; OpenStreetMap contributors","0",USA,,Alexandria and Washington Railroad,9.97455887096071,,"0"
"47605",Commuter Rail,Washington DC USA,Virginia Railway Express,Fredericksburg Line,"1872",,,existing,,,at grade,,,,,,,"Yonah Freemark; OpenStreetMap contributors","0",USA,,"Richmond, Fredericksburg and Potomac Railroad",81.1738920302082,,"0"
"47606",Commuter Rail,Boston MA USA,MBTA,Rockport Line,"1861",,,existing,,,at grade,,,,,,,"Yonah Freemark; OpenStreetMap contributors","0",USA,,Rockport Line,5.86525417027179,,"0"
"47607",Commuter Rail,Boston MA USA,MBTA,Haverhill Line,"1836",,,existing,,,at grade,,,,,,,"Yonah Freemark; OpenStreetMap contributors","0",USA,,Boston and Maine Railroad,8.98044909443847,,"0"
"47608",Commuter Rail,Boston MA USA,MBTA,Haverhill Line,"1837",,,existing,,,at grade,,,,,,,"Yonah Freemark; OpenStreetMap contributors","0",USA,,Boston and Maine Railroad,16.0926495497426,,"0"
"47609",Commuter Rail,Boston MA USA,MBTA,Fitchburg Line,"1844",,,existing,,,at grade,,,,,,,"Yonah Freemark; OpenStreetMap contributors","0",USA,,Fitchburg Railroad,47.3250051375085,,"0"
"47611",Commuter Rail,Boston MA USA,MBTA,Fitchburg Line,"1845",,,existing,,,at grade,,,,,,,"Yonah Freemark; OpenStreetMap contributors","0",USA,,Fitchburg Railroad,16.2410336985375,,"0"
"47612",Commuter Rail,Boston MA USA,MBTA,Fall River/New Bedford/Plymouth Lines,"1997",,,existing,Previous service in place before 1959.,,at grade,,,,,,,"Yonah Freemark; OpenStreetMap contributors","0",USA,,Fairmount/Middleborough/Plymouth Lines,18.4492525916004,,"0"
"47613",Metro,Boston MA USA,MBTA,Red Line,"1985",,,existing,,,subway,,,,,,,"Yonah Freemark; OpenStreetMap contributors","0",USA,,Red Line Northwest Extension,1.80255119204683,,"0"
"47615",Metro,Boston MA USA,MBTA,Red Line,"1984",,,existing,,,subway,,,,,,,"Yonah Freemark; OpenStreetMap contributors","0",USA,,Red Line Northwest Extension,2.62247781052321,,"0"
"47616",Metro,Boston MA USA,MBTA,Red Line,"1983",,,existing,,,subway,,,,,,,"Yonah Freemark; OpenStreetMap contributors","0",USA,,Red Line Northwest Extension,0.308615255153255,,"0"
"47617",Metro,Boston MA USA,MBTA,Red Line,"1912",,,closed,,,subway,,,"1983",,,,"Yonah Freemark; OpenStreetMap contributors","0",USA,,Red Line,0.891528791584563,,"0"
"47618",Metro,Boston MA USA,MBTA,Red Line,"1912",,,existing,,,"subway; elevated",,,,,,,"Yonah Freemark; OpenStreetMap contributors","0",USA,,Cambridge Tunnel,5.22985562254621,,"0"
"47619",Metro,Boston MA USA,MBTA,Red Line,"1915",,,existing,,,subway,,,,,,,"Yonah Freemark; OpenStreetMap contributors","0",USA,,Dorcester Tunnel,0.255057842288347,,"0"
"47620",Metro,Boston MA USA,MBTA,Red Line,"1916",,,existing,,,subway,,,,,,,"Yonah Freemark; OpenStreetMap contributors","0",USA,,Dorcester Tunnel,0.560624120329591,,"0"
"47621",Metro,Boston MA USA,MBTA,Red Line,"1917",,,existing,,,subway,,,,,,,"Yonah Freemark; OpenStreetMap contributors","0",USA,,Dorcester Tunnel,1.23153483185044,,"0"
"47622",Metro,Boston MA USA,MBTA,Red Line,"1918",,,existing,,,subway,,,,,,,"Yonah Freemark; OpenStreetMap contributors","0",USA,,Dorcester Tunnel,1.42554589914963,,"0"
"47623",Metro,Boston MA USA,MBTA,Red Line,"1928",,,existing,,,"subway; at grade",,,,,,,"Yonah Freemark; OpenStreetMap contributors","0",USA,,Dorcester Extension,1.82462517135168,,"0"
"47624",Metro,Boston MA USA,MBTA,Red Line,"1971",,,existing,,,at grade,,,,,,,"Yonah Freemark; OpenStreetMap contributors","0",USA,,Red Line Braintree Extension,9.3085648734416,,"0"
"47625",Metro,Boston MA USA,MBTA,Red Line,"1927",,,existing,,,"subway; at grade",,,,,,,"Yonah Freemark; OpenStreetMap contributors","0",USA,,Dorcester Extension,3.95677512061415,,"0"
"47626",Metro,Boston MA USA,MBTA,Red Line,"1980",,,existing,,,at grade,,,,,,,"Yonah Freemark; OpenStreetMap contributors","0",USA,,Red Line Braintree Extension,5.06470317980558,,"0"
"47627",Metro,Boston MA USA,MBTA,Red-Blue Connector,,,,proposed,,https://www.mass.gov/red-blue-connector,subway,,,,,,,"Yonah Freemark; OpenStreetMap contributors","0",USA,,Red-Blue Connector,0.616918048271037,,"0"
"47628",Metro,Boston MA USA,MBTA,Blue Line,"1904",,,existing,Originally a streetcar tunnel,,subway,,,,,,,"Yonah Freemark; OpenStreetMap contributors","0",USA,,East Boston Tunnel,2.03592474414708,,"0"
"47629",Metro,Boston MA USA,MBTA,Blue Line,"1924",,,existing,Converted to a subway station from streetcar portal.,,subway,,,,,,,"Yonah Freemark; OpenStreetMap contributors","0",USA,,Maverick Subway,0.303141668196751,,"0"
"47630",Metro,Boston MA USA,MBTA,Blue Line,"1952",,,existing,,,"subway; elevated; at grade",,,,,,,"Yonah Freemark; OpenStreetMap contributors","0",USA,,Revere Extension,4.27070967315099,,"0"
"47631",Metro,Boston MA USA,MBTA,Blue Line,"1954",,,existing,,,at grade,,,,,,,"Yonah Freemark; OpenStreetMap contributors","0",USA,,Revere Extension,2.62089253412064,,"0"
"47632",Metro,Boston MA USA,MBTA,Orange Line,"1908",,,existing,,,subway,,,,,,,"Yonah Freemark; OpenStreetMap contributors","0",USA,,Washington Street Tunnel,1.3672641747577,,"0"
"47633",Metro,Boston MA USA,MBTA,Orange Line,"1975",,,existing,,,"subway; at grade",,,,,,,"Yonah Freemark; OpenStreetMap contributors","0",USA,,Orange Line,7.80959598007868,,"0"
"47634",Metro,Boston MA USA,MBTA,Orange Line,"1977",,,existing,,,at grade,,,,,,,"Yonah Freemark; OpenStreetMap contributors","0",USA,,Orange Line,1.28259102119594,,"0"
"47635",Commuter Rail,Boston MA USA,MBTA,Franklin/Needham/Providence/Stoughton Lines,"1835",,,existing,,,at grade,,,,,,,"Yonah Freemark; OpenStreetMap contributors","0",USA,,Boston and Providence Railroad,8.45533095232278,,"0"
"47637",Commuter Rail,Boston MA USA,MBTA,Providence Line,"1835",,,existing,,,at grade,,,,,,,"Yonah Freemark; OpenStreetMap contributors","0",USA,,Boston and Providence Railroad,46.0801588547179,,"0"
"47638",Commuter Rail,Boston MA USA,MBTA,Franklin Line,"1848",,,existing,,,at grade,,,,,,,"Yonah Freemark; OpenStreetMap contributors","0",USA,,Norfolk County Railroad,11.9923078765459,,"0"
"47639",Commuter Rail,Boston MA USA,MBTA,Franklin Line,"1849",,,existing,,,at grade,,,,,,,"Yonah Freemark; OpenStreetMap contributors","0",USA,,Norfolk County Railroad,17.6661742290136,,"0"
"47640",Commuter Rail,Boston MA USA,MBTA,Needham Line,"1853",,,existing,,,at grade,,,,,,,"Yonah Freemark; OpenStreetMap contributors","0",USA,,Charles River Branch Railroad,8.97208547538972,,"0"
"47641",Commuter Rail,Chicago IL USA,Chicago and Northwestern Railway,Wells Street Station,"1853",,,closed,,,at grade,,,"1911",,,,"Yonah Freemark; OpenStreetMap contributors","0",USA,,Wells Street Station,0.640889124705298,,"0"
"47642",Commuter Rail,Chicago IL USA,Metra,Union Pacific Northwest,"1910",,,existing,Year open is estimated.,,at grade,,,,,,,"Yonah Freemark; OpenStreetMap contributors","0",USA,,Union Pacific Northwest,41.1016878438331,,"0"
"47643",Commuter Rail,Chicago IL USA,Metra,Union Pacific Northwest,"1910",,,existing,Year open is estimated.,,at grade,,,,,,,"Yonah Freemark; OpenStreetMap contributors","0",USA,,Union Pacific Northwest,14.1115997997459,,"0"
"47644",Commuter Rail,Chicago IL USA,Metra,Union Pacific Northwest,"1910",,,existing,Year open is estimated.,,at grade,,,,,,,"Yonah Freemark; OpenStreetMap contributors","0",USA,,Union Pacific Northwest,12.2333810507635,,"0"
"47645",Commuter Rail,Chicago IL USA,Metra,Milwaukee District North Line,"1880",,,existing,,,at grade,,,,,,,"Yonah Freemark; OpenStreetMap contributors","0",USA,,Milwaukee & St. Paul Railroad,5.49522014026163,,"0"
"47646",Commuter Rail,Chicago IL USA,Metra,Milwaukee District North Line,"1895",,,existing,Year open is estimated.,,at grade,,,,,,,"Yonah Freemark; OpenStreetMap contributors","0",USA,,Milwaukee & St. Paul Railroad,8.40860862817734,,"0"
"47647",Commuter Rail,Chicago IL USA,Metra,SouthWest Service,"1909",,,existing,,,at grade,,,,,,,"Yonah Freemark; OpenStreetMap contributors","0",USA,,"Wabash, St. Louis and Pacific Railway",27.8139285492242,,"0"
"47648",Commuter Rail,Chicago IL USA,Metra,SouthWest Service,"1893",,,existing,,,at grade,,,,,,,"Yonah Freemark; OpenStreetMap contributors","0",USA,,"Wabash, St. Louis and Pacific Railway",20.6416794867698,,"0"
"47650",Commuter Rail,Chicago IL USA,NICTD,South Shore Line,"1992",,,existing,,,at grade,,,,,,,"Yonah Freemark; OpenStreetMap contributors","0",USA,,South Shore Line to South Bend Airport,4.9187451276672,,"0"
"47651",Commuter Rail,Chicago IL USA,NICTD,South Shore Line,"1908",,,existing,,,at grade,,,,,,,"Yonah Freemark; OpenStreetMap contributors","0",USA,,"Chicago, Lake Shore and South Bend Railway",46.6645536295483,,"0"
"47655",Commuter Rail,Chicago IL USA,Metra,Electric South Chicago Branch,"1883",,,existing,,,"elevated; at grade",,,,,,,"Yonah Freemark; OpenStreetMap contributors","0",USA,,South Chicago Branch,7.3998186188105,,"0"
"47656",Commuter Rail,Chicago IL USA,Metra,Electric Main Line,"1856",,,existing,,,"elevated; open cut; at grade",,,,,,,"Yonah Freemark; OpenStreetMap contributors","0",USA,,Illinois Central Railroad,50.0115183155751,,"0"
"47657",Commuter Rail,Chicago IL USA,Metra,Electric Blue Island Branch,"1891",,,existing,,,"elevated; open cut; at grade",,,,,,,"Yonah Freemark; OpenStreetMap contributors","0",USA,,Blue Island Branch,6.23220443601857,,"0"
"47663",Light Rail,Edmonton AB CAN,ETS,Capital Line,"1983",,,existing,,,subway,,,,,,,"Yonah Freemark; OpenStreetMap contributors","0",CAN,,Corona Extension,0.860425507044667,,"0"
"47669",Light Rail,Edmonton AB CAN,ETS,Capital Line,"1978",,,existing,,,"subway; at grade",,,,,,,"Yonah Freemark; OpenStreetMap contributors","0",CAN,,First Segment,6.9776176679382,,"0"
"47671",Light Rail,Edmonton AB CAN,ETS,Capital Line,"1981",,,existing,,,at grade,,,,,,,"Yonah Freemark; OpenStreetMap contributors","0",CAN,,Clareview Extension,1.98130428728094,,"0"
"47672",Light Rail,Edmonton AB CAN,ETS,Capital Line,"1989",,,existing,,,subway,,,,,,,"Yonah Freemark; OpenStreetMap contributors","0",CAN,,Grandin Extension,0.776367341900766,,"0"
"47673",Light Rail,Edmonton AB CAN,ETS,Capital Line,"1992",,,existing,,,"subway; at grade",,,,,,,"Yonah Freemark; OpenStreetMap contributors","0",CAN,,University Extension,1.6199303949989,,"0"
"47674",Light Rail,Edmonton AB CAN,ETS,Capital Line,"2006",,,existing,,,"subway; at grade",,,,,,,"Yonah Freemark; OpenStreetMap contributors","0",CAN,,Health Sciences Extension,0.838823581134365,,"0"
"47675",Light Rail,Edmonton AB CAN,ETS,Capital Line,"2009",,,existing,,,at grade,,,,,,,"Yonah Freemark; OpenStreetMap contributors","0",CAN,,South Campus Extension,1.82653068572924,,"0"
"47677",Light Rail,Edmonton AB CAN,ETS,Capital Line,"2010",,,existing,,,at grade,,,,,,,"Yonah Freemark; OpenStreetMap contributors","0",CAN,,Century Park Extension,5.60987477716089,,"0"
"47678",Light Rail,Edmonton AB CAN,ETS,Metro Line,"2015",,,existing,,,"subway; at grade",,,,,,,"Yonah Freemark; OpenStreetMap contributors","0",CAN,,NAIT Branch,3.28295355069283,,"0"
"47679",Streetcar,Pittsburgh PA USA,PRC,PRC 48 - Arlington,"1915",,,closed,Year open is estimated.,,at grade,,,"1971",,,,Alexander Rapp,"0",USA,,PRC 48 - Arlington,8.55637443563321,,"0"
"47680",Streetcar,Pittsburgh PA USA,PRC,PRC 10 - West View,"1915",,,closed,Year open is estimated.,,at grade,,,"1965",,,,Alexander Rapp,"0",USA,,PRC 10 - West View,14.6666652655814,,"0"
"47681",Streetcar,Pittsburgh PA USA,PRC,PRC 15 - Bellevue,"1915",,,closed,Year open is estimated.,,at grade,,,"1965",,,,Alexander Rapp,"0",USA,,PRC 15 - Bellevue,12.7635170319678,,"0"
"47682",Streetcar,Pittsburgh PA USA,PRC,PRC 25 - Island Ave,"1910",,,closed,Year open is estimated.,,at grade,,,"1959",,,,Alexander Rapp,"0",USA,,PRC 25 - Island Ave,9.53174083626572,,"0"
"47683",Streetcar,Pittsburgh PA USA,PRC,PRC 26 - West Park,"1915",,,closed,Year open is estimated.,,at grade,,,"1959",,,,Alexander Rapp,"0",USA,,PRC 26 - West Park,9.97679445924662,,"0"
"47684",Streetcar,Pittsburgh PA USA,PRC,PRC 27 - Carnegie,"1910",,,closed,Year open is estimated.,,at grade,,,"1959",,,,Alexander Rapp,"0",USA,,PRC 27 - Carnegie,12.3575298649474,,"0"
"47685",Streetcar,Pittsburgh PA USA,PRC,PRC 28 - Heidelberg,"1916",,,closed,Year open is estimated.,,at grade,,,"1959",,,,Alexander Rapp,"0",USA,,PRC 28 - Heidelberg,13.8848836388135,,"0"
"47686",Streetcar,Pittsburgh PA USA,PRC,PRC 30 - Crafton-Ingram,"1915",,,closed,Year open is estimated.,,at grade,,,"1959",,,,Alexander Rapp,"0",USA,,PRC 30 - Crafton-Ingram,10.0280596796035,,"0"
"47687",Streetcar,Pittsburgh PA USA,PRC,PRC 31/34 - Elliott-Sheraden-Ingram,"1897",,,closed,,,at grade,,,"1959",,,,Alexander Rapp,"0",USA,,PRC 31/34 - Elliott-Sheraden-Ingram,8.17655557174604,,"0"
"47688",Streetcar,Pittsburgh PA USA,PRC,PRC 36 - Drake,"1916",,,closed,"Cut south of Castle Shannon 1982; restored to Drake 1984; cut north of Castle Shannon 1993.",,at grade,,,"1999",,,,Alexander Rapp,"0",USA,,PRC 36 - Drake,18.6094321614578,,"0"
"47689",Streetcar,Pittsburgh PA USA,PRC,PRC 40 - Mt Washington,"1915",,,closed,Year open is estimated.,,at grade,,,"1966",,,,Alexander Rapp,"0",USA,,PRC 40 - Mt Washington,8.93987155615038,,"0"
"47690",Streetcar,Pittsburgh PA USA,PRC,PRC 44 - Knoxville,"1915",,,closed,Year open is estimated.,,at grade,,,"1971",,,,Alexander Rapp,"0",USA,,PRC 44 - Knoxville,7.23935690853459,,"0"
"47691",Streetcar,Pittsburgh PA USA,PRC,PRC 49 - Beltzhoover,"1915",,,closed,"South end rerouted to South Hills in 1971; suspended 1986; restored 1993-2011.",,at grade,,,"2011",,,,Alexander Rapp,"0",USA,,PRC 49 - Beltzhoover,5.81694279009146,,"0"
"47692",Streetcar,Pittsburgh PA USA,PRC,PRC 50 - Carson St,"1915",,,closed,Year open is estimated.,,at grade,,,"1966",,,,Alexander Rapp,"0",USA,,PRC 50 - Carson St,6.74345319733976,,"0"
"47693",Streetcar,Pittsburgh PA USA,PRC,PRC 56 - McKeesport via 2nd Ave,"1895",,,closed,,,at grade,,,"1963",,,,Alexander Rapp,"0",USA,,PRC 56 - McKeesport via 2nd Ave,22.3812971308102,,"0"
"47694",Streetcar,Pittsburgh PA USA,PRC,PRC 64 - Wilkinsburg-East Pittsburgh,"1915",,,closed,Year open is estimated.,,at grade,,,"1967",,,,Alexander Rapp,"0",USA,,PRC 64 - Wilkinsburg-East Pittsburgh,22.4456028507599,,"0"
"47695",Streetcar,Pittsburgh PA USA,PRC,PRC 7 - Charles St,"1915",,,closed,Year open is estimated.,,at grade,,,"1961",,,,Alexander Rapp,"0",USA,,PRC 7 - Charles St,5.09644650680131,,"0"
"47696",Streetcar,Pittsburgh PA USA,PRC,PRC 87 - Ardmore,"1915",,,closed,Year open is estimated.,,at grade,,,"1967",,,,Alexander Rapp,"0",USA,,PRC 87 - Ardmore,27.5499872284005,,"0"
"47697",Streetcar,Pittsburgh PA USA,PRC,PRC 88 - Frankstown,"1915",,,closed,Year open is estimated.,,at grade,,,"1967",,,,Alexander Rapp,"0",USA,,PRC 88 - Frankstown,15.2878011849983,,"0"
"47698",Streetcar,Pittsburgh PA USA,PRC,PRC 94 - Sharpsburg-Aspinwall,"1910",,,closed,Year open is estimated.,,at grade,,,"1960",,,,Alexander Rapp,"0",USA,,PRC 94 - Sharpsburg-Aspinwall,15.698582071561,,"0"
"47699",Streetcar,Mexico MEX,STEDF,STEDF La Villa-Tacubaya,,,,closed,,,at grade,,,,,,,Alexander Rapp,"0",MEX,,STEDF La Villa-Tacubaya,17.3530680105158,,"0"
"47700",Streetcar,Mexico MEX,STEDF,STEDF 71 - Valle,,,,closed,,,at grade,,,"1979",,,,Alexander Rapp,"0",MEX,,STEDF 71 - Valle,3.01174347515638,,"0"
"47720",Bus Rapid Transit,Charlotte NC USA,CATS,Red Line BRT,,,,cancelled,Replaced with commuter rail project,https://charlottenc.gov/cats/transit-planning/Pages/red-line.aspx,at grade,,,"2023",,,,"Yonah Freemark; OpenStreetMap contributors","0",USA,,Red Line BRT,34.5186272827868,,"0"
"47721",Aerial Tram,Mexico MEX,STE,Cablebus Linea 2,"2021",,,existing,,,elevated,,,,,,,"Yonah Freemark; OpenStreetMap contributors","0",MEX,,Cablebus Linea 2,10.5496214276579,,"0"
"47722",Aerial Tram,Mexico MEX,STE,Cablebus Linea 3,"2024",157,"20000",existing,,https://gobierno.cdmx.gob.mx/noticias/cablebus-linea-3-proyecto-de-movilidad-sustentable/,elevated,2022-2024,auto,,,,,"Yonah Freemark; OpenStreetMap contributors","0",MEX,,Cablebus Linea 3,5.49034843716541,,"0"
"47856",Light Rail,Portland OR USA,TriMet,MAX Blue Line,"1986",,,existing,,,"subway; highway; at grade",,,,,,,"Yonah Freemark; OpenStreetMap contributors","0",USA,,MAX Blue Line Cleveland Ave–Gateway,12.8782787066886,,"0"
"47858",Metro,Chicago IL USA,Lake Street Elevated,Market Stub,"1893",,,closed,,https://www.chicago-l.org/stations/market_term.html,elevated,,,"1948",,,,"Yonah Freemark; OpenStreetMap contributors","0",USA,,Lake Street Elevated Railroad,0.442011174365643,,"0"
"47859",Light Rail,Boston MA USA,MBTA,Green Line,"1897",,,existing,,,"subway; elevated",,,,,,,"Yonah Freemark; OpenStreetMap contributors","0",USA,,Green Line,5.85134218157071,,"0"
"47863",Bus Rapid Transit,San Antonio TX USA,VIA,Green Line,,320,"13500",planned,,https://keepsamoving.com/projects/via-rapid/via-rapid-green-line/,at grade,2025-2027,,,,,,"Yonah Freemark; OpenStreetMap contributors","0",USA,,Advanced Rapid Transit North/South Corridor,19.6043375067951,,"0"
"47864",Arterial Rapid Transit,Austin TX USA,Capital Metro,Expo Center Rapid,"2025",35.6,"11200",existing,,https://www.capmetro.org/docs/default-source/default-document-library/pcon-210825b-metrorapid-maps_expo.pdf?sfvrsn=88c6dc7a_4,at grade,2021-2025,,,"202303",48.5,63.5,"Yonah Freemark; OpenStreetMap contributors","0",USA,,Expo Center Rapid,19.9869005931701,,"0"
"47865",Arterial Rapid Transit,Austin TX USA,Capital Metro,Pleasant Valley Rapid,"2025",36.6,"6900",existing,,https://www.capmetro.org/docs/default-source/default-document-library/pcon-210825b-metrorapid-maps_pleasantvalley.pdf,at grade,2021-2025,,,"202303",57.2,60.7,"Yonah Freemark; OpenStreetMap contributors","0",USA,,Pleasant Valley Rapid,22.8761136266847,,"0"
"47866",Arterial Rapid Transit,Seattle WA USA,Community Transit,Swift Gold Line,,,,planned,,https://www.communitytransit.org/swift-gold,at grade,2028-2031,,,,,,"Yonah Freemark; OpenStreetMap contributors","0",USA,,Swift Gold Line,24.5703000940698,,"0"
"47867",Bus Rapid Transit,Seattle WA USA,King County Transit,RapidRide I,,141,"8500",uc,,https://kingcounty.gov/depts/transportation/metro/travel-options/bus/rapidride/i-line.aspx,at grade,2025-2027,,,,,,"Yonah Freemark; OpenStreetMap contributors","0",USA,,RapidRide I,27.4302970585999,,"0"
"47868",Bus Rapid Transit,Seattle WA USA,King County Transit,RapidRide K,,106,"6800",planned,On pause due to limited budget,https://kingcounty.gov/depts/transportation/metro/travel-options/bus/rapidride/k-line.aspx,at grade,2027-2030,,,,,,"Yonah Freemark; OpenStreetMap contributors","0",USA,,RapidRide K,25.093372641136,,"0"
"47869",Bus Rapid Transit,Seattle WA USA,Sound Transit,Stride S1,,,,uc,Funded by 2016 referendum.,https://www.soundtransit.org/system-expansion/i-405-brt,highway,2024-2028,,,,,,"Yonah Freemark; OpenStreetMap contributors","0",USA,,I-405 BRT Bellevue to Burien,29.037440979013,,"0"
"47870",Bus Rapid Transit,Rochester MN USA,City of Rochester,Link BRT,,143,"12800",uc,,https://www.rochestermn.gov/government/departments/public-transportation/link,at grade,2025-2027,,,"202410",162,0.52,"Yonah Freemark; OpenStreetMap contributors","0",USA,,Link BRT,4.84391178775993,,"0"
"47871",Bus Rapid Transit,Salt Lake UT USA,UTA,Midvalley Express,,106,"1200",uc,,http://midvalleyconnector.com/,at grade,2024-2026,,,,,,"Yonah Freemark; OpenStreetMap contributors","0",USA,,Midvalley Express,10.7763217070716,,"0"
"47872",Bus Rapid Transit,Memphis TN USA,MATA,mConnect BRT,,73,"5600",planned,,https://memphisinnovationcorridor.com/,at grade,,,,,,,"Yonah Freemark; OpenStreetMap contributors","0",USA,,mConnect BRT,15.8032495787768,,"0"
"47873",Bus Rapid Transit,Columbus OH USA,COTA,West Broad Street BRT,,185,,planned,,,at grade,2026-2027,,,,,,"Yonah Freemark; OpenStreetMap contributors","0",USA,,West Broad Street BRT,15.2686370632013,,"0"
"47874",Bus Rapid Transit,Columbus OH USA,COTA,East Main Street BRT,,385,"6100",planned,,https://linkuscolumbus.com/east-main-street-brt-corridor/,at grade,2027-2029,,,,,,"Yonah Freemark; OpenStreetMap contributors","0",USA,,East Main Street BRT,24.2446605677606,,"0"
"47875",Bus Rapid Transit,Cleveland OH USA,GCRTA,MetroHealth Line BRT,,52,"3100",planned,,https://www.25connects.com/,at grade,2027-2028,,,,,,"Yonah Freemark; OpenStreetMap contributors","0",USA,,MetroHealth Line BRT,5.98819675212675,,"0"
"47877",Bus Rapid Transit,Denver CO USA,City and County of Denver,Colfax Corridor,,255,"35900",uc,,https://www.denvergov.org/content/denvergov/en/transportation-infrastructure/programs-services/projects/colfax-corridor.html,at grade,2024-2028,,,"202410",149.9,53.4,"Yonah Freemark; OpenStreetMap contributors","0",USA,,Colfax Corridor BRT,17.8683363584373,,"0"
"47878",Arterial Rapid Transit,Fort Collins CO USA,City of Fort Collins,West Elizabeth Corridor,,99,,proposed,,https://www.fcgov.com/westelizabeth/,at grade,,,,,,,"Yonah Freemark; OpenStreetMap contributors","0",USA,,West Elizabeth Corridor,5.0520475936428,,"0"
"47880",Arterial Rapid Transit,Oklahoma City OK USA,EMBARK,RAPID NW,"2023",29,,existing,,https://embarkok.com/brt,at grade,2022-2023,,,,,,"Yonah Freemark; OpenStreetMap contributors","0",USA,,RAPID NW,16.0035552285417,,"0"
"47881",Bus Rapid Transit,Boston MA USA,MBTA,Columbus Avenue Busway,,,,planned,,https://www.mbta.com/projects/columbus-avenue-bus-lanes,at grade,"-2028",,,,,,"Yonah Freemark; OpenStreetMap contributors","0",USA,,Columbus Avenue Busway Northern Extension,1.82559214846314,,"0"
"47882",Light Rail,Toronto ON CAN,Metrolinx,Line 10,,,,proposed,Not currently funded.,https://www.brampton.ca/EN/residents/transit/Projects-Initiatives/LRT-Extension-Study/Pages/Welcome.aspx,"subway; at grade",,,,,,,"Yonah Freemark; OpenStreetMap contributors","0",CAN,,Extension to Brampton GO,3.28371268057512,,"0"
"47883",Bus Rapid Transit,Toronto ON CAN,City of Mississauga,Lakeshore BRT,,,,proposed,Under evaluation,https://www.mississauga.ca/projects-and-strategies/environmental-assessments/lakeshore-bus-rapid-transit-brt-study/,at grade,,,,,,,"Yonah Freemark; OpenStreetMap contributors","0",CAN,,Lakeshore BRT,2.5121324498548,,"0"
"47884",Bus Rapid Transit,Toronto ON CAN,Durham Region,Simcoe Street Transit,,,,proposed,,https://www.durham.ca/en/news/virtual-public-information-centre-for-simcoe-street-transit-priority-pilot-study.aspx,at grade,,,,,,,"Yonah Freemark; OpenStreetMap contributors","0",CAN,,Simcoe Street Transit,9.96582501604902,,"0"
"47899",Bus Rapid Transit,Guadalajara MEX,SITEUR,Mi Macro Periferico,"2022",440,"300000",existing,,https://mimacro.jalisco.gob.mx/,highway,,,,,,,"Yonah Freemark; OpenStreetMap contributors","0",MEX,Basic,Mi Macro Periferico,41.5164330314366,,"0"
"47900",Light Rail,Guadalajara MEX,SITEUR,Tren Ligero Line 1,"2018",,,existing,,,subway,2014-2018,,,,,,"Yonah Freemark; OpenStreetMap contributors","0",MEX,,Tren Ligero Line 1 to Auditorio,0.776479244919685,,"0"
"47926",Bus Rapid Transit,Mexico MEX,Mexico City Metrobus,Metrobus Linea 6,"2016",73,"145000",existing,,,at grade,,,,,,,"Yonah Freemark; OpenStreetMap contributors","0",MEX,Basic,Metrobus Linea 6,22.3996302203707,,"0"
"48042",Bus Rapid Transit,Panama PAN,,Metrobus Cinta Costera,"2011",,,existing,,,at grade,,,,,,,"Yonah Freemark; OpenStreetMap contributors","0",PAN,,Metrobus Cinta Costera,6.08578434263242,,"0"
"48043",Bus Rapid Transit,Juarez MEX,Vivebus,BravoBus Linea A,"2013",,,existing,,,at grade,,,,,,,"Yonah Freemark; OpenStreetMap contributors","0",MEX,Basic,BravoBus Linea A,20.9307691279449,,"0"
"48044",Bus Rapid Transit,Juarez MEX,Vivebus,BravoBus Linea B,"2021",,,existing,,,at grade,,,,,,,"Yonah Freemark; OpenStreetMap contributors","0",MEX,,BravoBus Linea B,14.8601681191511,,"0"
"48047",Bus Rapid Transit,Chihuahua MEX,Gobierno del Estado de Chihuahua,Bowi,"2013",,,existing,Previously named Metrobus or Vivebus,,at grade,,,,,,,"Yonah Freemark; OpenStreetMap contributors","0",MEX,Silver (74),Bowi,20.0634522184953,"2013","0"
"48048",Bus Rapid Transit,Acapulco MEX,Gobierno del Estado,Acabus Ruta Principal,"2016",,,existing,,,"highway; at grade",2013-2016,,,,,,"Yonah Freemark; OpenStreetMap contributors","0",MEX,Basic,Acabus Ruta Principal,14.1389776984704,,"0"
"48049",Bus Rapid Transit,Monterrey MEX,,TransMetro Guadalupe,"2005",,,existing,,,at grade,,,,,,,"Yonah Freemark; OpenStreetMap contributors","0",MEX,,TransMetro Guadalupe,7.95084999597257,,"0"
"48050",Bus Rapid Transit,Monterrey MEX,Gobierno del Estado de Nuevo Leon,Ecovia,"2014",,,existing,,,at grade,2011-2014,,,,,,"Yonah Freemark; OpenStreetMap contributors","0",MEX,Silver (75),Ecovia,30.6141244477251,"2014","0"
"48052",Bus Rapid Transit,Leon MEX,Transportistas Coordinados de León,Optibus L5,"2016",,,existing,Year open is estimated,,"highway; at grade",,,,,,,"Yonah Freemark; OpenStreetMap contributors","0",MEX,Basic,Optibus L5,2.61878454662352,,"0"
"48053",Bus Rapid Transit,Leon MEX,Transportistas Coordinados de León,Optibus L3,"2010",,,existing,,,at grade,,,,,,,"Yonah Freemark; OpenStreetMap contributors","0",MEX,Basic,Optibus L3,3.26120768209138,,"0"
"48055",Bus Rapid Transit,Leon MEX,Transportistas Coordinados de León,Optibus L2,"2003",,,existing,,,"highway; at grade",,,,,,,"Yonah Freemark; OpenStreetMap contributors","0",MEX,Basic,Optibus L2,13.3253217296539,,"0"
"48056",Bus Rapid Transit,Mexico MEX,Gobierno del Estado de Mexico,Mexibus Linea I,"2010",,,existing,,,highway,,,,,,,"Yonah Freemark; OpenStreetMap contributors","0",MEX,Silver (83),Mexibus Linea I Ciudad Azteca-Ojo de Agua,16.948979168647,"2013","0"
"48057",Bus Rapid Transit,Mexico MEX,Gobierno del Estado de Mexico,Mexibus Linea I,"2022",,,existing,,,highway,,,,,,,"Yonah Freemark; OpenStreetMap contributors","0",MEX,Silver (83),Mexibus Linea I Ojo de Agua-Terminal de Pasajeros,19.7668066434353,"2013","0"
"48058",Bus Rapid Transit,Mexico MEX,Gobierno del Estado de Mexico,Mexibus Linea II,"2015",,,existing,,,"highway; at grade",,,,,,,"Yonah Freemark; OpenStreetMap contributors","0",MEX,Basic,Mexibus Linea II,22.3915876603577,,"0"
"48059",Aerial Tram,Mexico MEX,Estado de Mexico,Mexicable Linea 2,"2023",,,existing,,,elevated,"-2023",auto,,,,,"Yonah Freemark; OpenStreetMap contributors","0",MEX,,Mexicable Linea 2,8.16279696913816,,"0"
"48060",Bus Rapid Transit,Mexico MEX,Gobierno del Estado de Mexico,Mexibus Linea IV,"2021",,,existing,,,"highway; at grade",,,,,,,"Yonah Freemark; OpenStreetMap contributors","0",MEX,Basic,Mexibus Linea IV,26.0705074130715,,"0"
"48061",Bus Rapid Transit,Mexico MEX,Gobierno del Estado de Mexico,Mexibus Linea III,"2013",,,existing,,,"highway; at grade",,,,,,,"Yonah Freemark; OpenStreetMap contributors","0",MEX,Silver (72),Mexibus Linea III,18.0695171932842,"2014","0"
"48064",Bus Rapid Transit,Pachuca MEX,Gobierno del Estado de Hidalgo,Tuzobus,"2015",,,existing,,,"highway; at grade",,,,,,,"Yonah Freemark; OpenStreetMap contributors","0",MEX,Basic,Tuzobus,19.773083514612,,"0"
"48066",Bus Rapid Transit,Puebla MEX,RUTA,Linea 2,"2015",,,existing,,,at grade,,,,,,,"Yonah Freemark; OpenStreetMap contributors","0",MEX,Basic,L2,16.0261079729395,,"0"
"48068",Bus Rapid Transit,Puebla MEX,RUTA,Linea 3,"2018",,,existing,,,at grade,2018-2018,,,,,,"Yonah Freemark; OpenStreetMap contributors","0",MEX,Basic,Linea 3,15.5142581330405,,"0"
"48069",Bus Rapid Transit,San Salvador SLV,,Corredor SITRAMSS,"2015",,,existing,,,"highway; at grade",,,,,,,"Yonah Freemark; OpenStreetMap contributors","0",SLV,Basic,Corredor SITRAMSS,9.77491843308416,"2016","0"
"48070",Bus Rapid Transit,Port of Spain TTO,MOWT,Priority Bus Route,"2011",,,existing,,,at grade,,,,,,,"Yonah Freemark; OpenStreetMap contributors","0",TTO,,Priority Bus Route,25.218514352234,,"0"
"48071",Bus Rapid Transit,Guatemala GTM,,Linea 12,"2007",,,existing,,,at grade,,,,,,,"Yonah Freemark; OpenStreetMap contributors","0",GTM,Basic,Linea 12,14.5593282372184,,"0"
"48072",Bus Rapid Transit,Guatemala GTM,,Linea 7,"2020",,,existing,,,at grade,,,,,,,"Yonah Freemark; OpenStreetMap contributors","0",GTM,Gold (85),Linea 7,14.1844205774538,"2014","0"
"48073",Bus Rapid Transit,Guatemala GTM,,Linea 13,"2010",,,existing,,,at grade,,,,,,,"Yonah Freemark; OpenStreetMap contributors","0",GTM,Silver (73),Linea 13,14.6977185137993,"2014","0"
"48074",Bus Rapid Transit,Guatemala GTM,,Linea 1,"2012",,,existing,,,at grade,,,,,,,"Yonah Freemark; OpenStreetMap contributors","0",GTM,Basic,Linea 1,4.60249546965169,,"0"
"48075",Bus Rapid Transit,Guatemala GTM,,Linea 2,"2016",,,existing,,,at grade,,,,,,,"Yonah Freemark; OpenStreetMap contributors","0",GTM,Basic,Linea 2,1.84551356449927,,"0"
"48076",Bus Rapid Transit,Guatemala GTM,,Linea 6,"2015",,,existing,,,at grade,,,,,,,"Yonah Freemark; OpenStreetMap contributors","0",GTM,Basic,Linea 6,10.9203890554528,,"0"
"48096",Light Rail,Pittsburgh PA USA,PAT,Blue/Red Lines,"1872",,,existing,,,"subway; elevated",,,,,,,"Yonah Freemark; OpenStreetMap contributors","0",USA,,Blue/Red Lines,7.71893332054989,,"0"
"48099",Light Metro,Miami FL USA,Miami-Dade Transit,SMART Beach Corridor,,,,planned,Would extend Miami MetroMover.,http://www.miamidadetpo.org/smartplan.asp,elevated,2027-2030,,,,,,"Yonah Freemark; OpenStreetMap contributors","0",USA,,SMART Beach Corridor - Trunkline,6.0386887153153,,"0"
"48100",Bus Rapid Transit,Miami FL USA,Miami-Dade Transit,SMART Beach Corridor,,,,planned,,http://www.miamidadetpo.org/smartplan.asp,at grade,2027-2030,,,,,,"Yonah Freemark; OpenStreetMap contributors","0",USA,,SMART Beach Corridor - Miami Beach,2.30257312414777,,"0"
"48111",Arterial Rapid Transit,San Diego CA USA,MTS,Iris Rapid,"2023",,,existing,,https://www.sdmts.com/inside-mts/current-projects/iris-rapid,at grade,2022-2023,,,,,,"Yonah Freemark; OpenStreetMap contributors","0",USA,,Iris Rapid,20.2832433405223,,"0"
"48863",Streetcar,Memphis TN USA,MATA,Main Street Trolley,"2022",,,existing,,,at grade,"-2022",,,,,,"Yonah Freemark; OpenStreetMap contributors","0",USA,,Main Street Trolley to Central Station,0.132946029501672,,"0"
"48864",Commuter Rail,Syracuse NY USA,NYS&W Railway,OnTrack,"1994",,,closed,,,at grade,,,"2008",,,,"Yonah Freemark; OpenStreetMap contributors","0",USA,,OnTrack,19.5332727281393,,"0"
"48876",Streetcar,Sacramento CA USA,SACRT,Downtown Riverfront Streetcar,,164,"4200",planned,,https://www.sacrt.com/apps/sacramento-downtown-riverfront-streetcar-project/,at grade,2027-2029,,,,,,"Yonah Freemark; OpenStreetMap contributors","0",USA,,Downtown Riverfront Streetcar,1.47539189554349,,"0"
"49118",Light Rail,Sacramento CA USA,Sacramento RTD,Gold Line,"1998",,,existing,,,at grade,,,,,,,"Yonah Freemark; OpenStreetMap contributors","0",USA,,Gold Line Butterfield–Mather Field/Mills,3.64813890291945,,"0"
"49120",Light Rail,Sacramento CA USA,Sacramento RTD,Gold Line,"2005",,,existing,,,at grade,,,,,,,"Yonah Freemark; OpenStreetMap contributors","0",USA,,Gold Line Sunrise–Folsom,11.6607010997392,,"0"
"49121",Light Rail,Sacramento CA USA,Sacramento RTD,Gold Line,"1987",,,existing,,,at grade,,,,,,,"Yonah Freemark; OpenStreetMap contributors","0",USA,,Gold Line Midtown–Butterfield,13.1569057879303,,"0"
"49125",Light Rail,Sacramento CA USA,Sacramento RTD,Blue Line,"1987",,,existing,,,at grade,,,,,,,"Yonah Freemark; OpenStreetMap contributors","0",USA,,Blue Line Downtown–Watt I-80,13.6142596832112,,"0"
"49126",Light Rail,Sacramento CA USA,Sacramento RTD,Blue/Gold/Green Lines,"1987",,,existing,,,at grade,,,,,,,"Yonah Freemark; OpenStreetMap contributors","0",USA,,Light Rail,0.53614333936148,,"0"
"49127",Light Rail,Sacramento CA USA,Sacramento RTD,Gold Line,"2012",,,existing,,,at grade,,,,,,,"Yonah Freemark; OpenStreetMap contributors","0",USA,,Gold Line to 7th & Richards,2.04228560005231,,"0"
"49131",Light Rail,Sacramento CA USA,Sacramento RTD,Blue/Gold/Green Lines,"1987",,,existing,,,at grade,,,,,,,"Yonah Freemark; OpenStreetMap contributors","0",USA,,Light Rail,0.618895754356951,,"0"
"49133",Light Rail,Sacramento CA USA,Sacramento RTD,Gold/Green Lines,"2006",,,existing,,,at grade,,,,,,,"Yonah Freemark; OpenStreetMap contributors","0",USA,,Gold to Sacramento Valley Station,1.54155400765067,,"0"
"49134",Light Rail,Bay Area CA USA,Santa Clara VTA,Blue Line,"1991",,,existing,,,highway,,,,,,,"Yonah Freemark; OpenStreetMap contributors","0",USA,,Tamien–Santa Teresa,13.7593736464257,,"0"
"49136",Light Rail,Bay Area CA USA,Santa Clara VTA,Blue/Green Lines,"1987",,,existing,,,highway,,,,,,,"Yonah Freemark; OpenStreetMap contributors","0",USA,,Tasman–Civic Center,7.4983723800156,,"0"
"49137",Light Rail,Bay Area CA USA,Santa Clara VTA,Blue/Green Lines,"1988",,,existing,,,highway,,,,,,,"Yonah Freemark; OpenStreetMap contributors","0",USA,,Civic Center–Convention Center,3.80204385087111,,"0"
"49138",Light Rail,Bay Area CA USA,Santa Clara VTA,Green Line,"1987",,,existing,,,at grade,,,,,,,"Yonah Freemark; OpenStreetMap contributors","0",USA,,Mountain View-I880/Milpitas Line,0.0460541888038314,,"0"
"49139",Light Rail,Bay Area CA USA,Santa Clara VTA,Green/Orange Lines,"1987",,,existing,,,at grade,,,,,,,"Yonah Freemark; OpenStreetMap contributors","0",USA,,Tasman–Old Ironsides,3.6215471180034,,"0"
"49142",Light Rail,Bay Area CA USA,Santa Clara VTA,Orange Line,"1999",,,existing,,,at grade,,,,,,,"Yonah Freemark; OpenStreetMap contributors","0",USA,,Old Ironsides–Mountainview,11.9921153195554,,"0"
"49143",Light Rail,Bay Area CA USA,Santa Clara VTA,Blue/Orange Lines,"1999",,,existing,,,at grade,,,,,,,"Yonah Freemark; OpenStreetMap contributors","0",USA,,Tasman–Baypointe,0.568968899635043,,"0"
"49144",Light Rail,Bay Area CA USA,Santa Clara VTA,Orange Line,"2001",,,existing,,,at grade,,,,,,,"Yonah Freemark; OpenStreetMap contributors","0",USA,,Baypointe–Milpitas,2.2248151596616,,"0"
"49206",Bus Rapid Transit,Ottawa ON CAN,OC Transpo,Transitway,"2005",,,existing,,,at grade,,,,,,,"Yonah Freemark; OpenStreetMap contributors","0",CAN,Bronze (64),Transitway,3.59826275199043,,"0"
"49207",Arterial Rapid Transit,Austin TX USA,Capital Metro,ACC Highland to Tech Ridge,,,,proposed,,,at grade,,,,,,,"Yonah Freemark; OpenStreetMap contributors","0",USA,,ACC Highland to Tech Ridge,16.0041776481844,,"0"
"49208",Regional Rail,Austin TX USA,Capital Metro,Green Line,,,,proposed,,,at grade,,,,,,,"Yonah Freemark; OpenStreetMap contributors","0",USA,,Green Line Colony Park–Elgin,29.963262866013,,"0"
"49209",Arterial Rapid Transit,Austin TX USA,Capital Metro,Parmer,,,,proposed,,,at grade,,,,,,,"Yonah Freemark; OpenStreetMap contributors","0",USA,,Parmer,28.0859184292158,,"0"
"49210",Arterial Rapid Transit,Austin TX USA,Capital Metro,Burnet to Menchaca and Oak Hill,,,,planned,,,at grade,,,,,,,"Yonah Freemark; OpenStreetMap contributors","0",USA,,Burnet to Menchaca and Oak Hill,16.4077714014213,,"0"
"49211",Arterial Rapid Transit,Austin TX USA,Capital Metro,Burnet to Menchaca and Oak Hill,,,,planned,,,at grade,,,,,,,"Yonah Freemark; OpenStreetMap contributors","0",USA,,Burnet to Menchaca and Oak Hill,15.337127736874,,"0"
"49212",Arterial Rapid Transit,Austin TX USA,Capital Metro,Burnet to Menchaca and Oak Hill,,,,planned,,,at grade,,,,,,,"Yonah Freemark; OpenStreetMap contributors","0",USA,,Burnet to Menchaca and Oak Hill,4.42944982286392,,"0"
"49213",Arterial Rapid Transit,Austin TX USA,Capital Metro,MLK,,,,proposed,,,at grade,,,,,,,"Yonah Freemark; OpenStreetMap contributors","0",USA,,MLK,16.910665735728,,"0"
"49214",Arterial Rapid Transit,Austin TX USA,Capital Metro,Crosstown,,,,proposed,,,at grade,,,,,,,"Yonah Freemark; OpenStreetMap contributors","0",USA,,Crosstown,10.4744191521344,,"0"
"49408",Metro,Chicago IL USA,Chicago Transit Authority,Metropolitan Main Line,"1895",,,closed,Replaced by Congress Branch.,,elevated,,,"1958",,,,"Yonah Freemark; OpenStreetMap contributors","0",USA,,Metropolitan Main Line,0.151235912266316,,"0"
"49439",Metro,Chicago IL USA,Chicago Transit Authority,Paulina Connector,"1896",,,closed,Reopened in 2006.,,elevated,,,"1951",,,,"Yonah Freemark; OpenStreetMap contributors","0",USA,,Paulina Connector,1.18169509213596,,"0"
"50962",Bus Rapid Transit,Vancouver BC CAN,Translink,R6 Scott Road RapidBus,"2024",,,existing,,https://www.translink.ca/plans-and-projects/projects/bus-projects/r6-scott-road-rapidbus,at grade,2023-2024,,,,,,"Yonah Freemark; OpenStreetMap contributors","0",CAN,,R6 Scott Road RapidBus,11.789863337976,,"0"
"50965",Bus Rapid Transit,New Orleans LA USA,NORTA,East-West Bank BRT,,326,,proposed,,https://www.norta.com/current-projects/bus-rapid-transit,at grade,2026-2027,,,,,,"Yonah Freemark; OpenStreetMap contributors","0",USA,,East-West Bank BRT,24.5238016616763,,"0"
"50968",Bus Rapid Transit,Milwaukee WI USA,MCTA,North-South BRT,,148,,proposed,80% dedicated lanes,https://www.mkenorthsouth.com/,at grade,2026-2028,,,,,,"Yonah Freemark; OpenStreetMap contributors","0",USA,,North-South BRT,30.4235472355423,,"0"
"50971",Bus Rapid Transit,Mexico MEX,Ciudad de Mexico,Trolebus Elevado,"2022",,"76000",existing,Also known as Linea 10 del Trolebus,https://gobierno.cdmx.gob.mx/noticias/trolebus-elevado/,"elevated; at grade",2020-2022,,,,,,"Yonah Freemark; OpenStreetMap contributors","0",MEX,Basic,Trolebus Elevado,8.25109076511757,,"0"
"50974",Bus Rapid Transit,Columbus OH USA,COTA,Northwest Corridor,,,,proposed,,https://linkuscolumbus.com/northwest/,at grade,2028-2031,,,,,,"Yonah Freemark; OpenStreetMap contributors","0",USA,,Northwest Corridor,31.7693757818075,,"0"
"50978",Bus Rapid Transit,Monterey CA USA,MST,SURF,,66,"2800",planned,Portion of line from Sand City to Marina Transit Exchange will be a busway,https://mst.org/about-mst/planning-development/surf/,at grade,2026-2030,,,"202501",66,34,"Yonah Freemark; OpenStreetMap contributors","0",USA,,SURF! Busway and Bus Rapid Transit,30.1816306418339,,"0"
"50979",Arterial Rapid Transit,Minneapolis MN USA,Metro Transit,F,,98,"11000",planned,Semi-exclusive right of way,https://www.metrotransit.org/f-line-project,at grade,2028-2030,,,,,,"Yonah Freemark; OpenStreetMap contributors","0",USA,,F Line BRT,20.8135912919724,,"0"
"50983",Bus Rapid Transit,Las Vegas NV USA,Las Vegas RTC,Maryland Parkway Transit,,305,"15000",uc,,http://www.rtcsnv.com/maryland-parkway/,at grade,2024-2026,,,"202404",305,0.492,"Yonah Freemark; OpenStreetMap contributors","0",USA,,Maryland Parkway transit,22.8545458478079,,"0"
"50986",Bus Rapid Transit,San Antonio TX USA,VIA,Silver Line,,289,"11400",planned,,https://keepsamoving.com/projects/via-rapid/via-rapid-silver-line/,at grade,2027-2029,,,,,,"Yonah Freemark; OpenStreetMap contributors","0",USA,,ART East/West Corridor,17.7051873104086,,"0"
"50992",Interurban,San Jose CRI,Incofer,Interurbano,,,,uc,Service was implemented briefly from 1993-1995,,at grade,,,,,,,"Yonah Freemark; OpenStreetMap contributors","0",CRI,,Interurbano Oreamuno–Paraiso,4.57965842618458,,"0"
"50993",Interurban,San Jose CRI,Incofer,Interurbano,,,,uc,Service was implemented briefly from 1993-1995,,at grade,,,,,,,"Yonah Freemark; OpenStreetMap contributors","0",CRI,,Interurbano Belen–Ojo de Agua,4.06179770500619,,"0"
"50995",Interurban,San Jose CRI,Incofer,Interurbano,"2014",,,existing,Service was implemented briefly from 1993-1995,,at grade,,,,,,,"Yonah Freemark; OpenStreetMap contributors","0",CRI,,Interurbano Heredia–Alajuela,11.0206441117078,,"0"
"50996",Interurban,San Jose CRI,Incofer,Interurbano,"2013",,,existing,Service was implemented briefly from 1993-1995,,at grade,,,,,,,"Yonah Freemark; OpenStreetMap contributors","0",CRI,,Interurbano U. Latina–Cartago,17.5557039390691,,"0"
"50997",Interurban,San Jose CRI,Incofer,Interurbano,"2005",,,existing,Service was implemented briefly from 1993-1995,,at grade,,,,,,,"Yonah Freemark; OpenStreetMap contributors","0",CRI,,Interurbano Atlantico–Metropoli,12.3994508293852,,"0"
"50999",Interurban,San Jose CRI,Incofer,Interurbano,"2011",,,existing,Service was implemented briefly from 1993-1995,,at grade,,,,,,,"Yonah Freemark; OpenStreetMap contributors","0",CRI,,Interurbano Metropoli–Belen,5.12329414531886,,"0"
"51000",Interurban,San Jose CRI,Incofer,Interurbano,"2023",,,existing,Service was implemented briefly from 1993-1995,,at grade,,,,,,,"Yonah Freemark; OpenStreetMap contributors","0",CRI,,Interurbano Cartago–Oreamuno,1.95505895799287,,"0"
"51001",Interurban,San Jose CRI,Incofer,Interurbano,"2009",,,existing,Service was implemented briefly from 1993-1995,,at grade,,,,,,,"Yonah Freemark; OpenStreetMap contributors","0",CRI,,Interurbano Atlantico-Heredia,9.58245222841892,,"0"
"51002",Interurban,San Jose CRI,Incofer,Interurbano,"2005",,,existing,Service was implemented briefly from 1993-1995,,at grade,,,,,,,"Yonah Freemark; OpenStreetMap contributors","0",CRI,,Interurbano Atlantico-U. Latina,3.27713019287726,,"0"
"51003",Intercity Rail,Baltimore MD USA,Amtrak,Frederick Douglass Tunnel,,6000,,uc,Major construction expected to begin in 2024,https://www.amtrak.com/bptunnel,subway,2022-2032,,,,,,"Yonah Freemark; OpenStreetMap contributors","0",USA,,Frederick Douglass Tunnel,4.9721775881619,,"0"
"51005",Bus Rapid Transit,San Juan PR USA,ATI,E10,,,,existing,,,"highway; at grade",,,,,,,"Yonah Freemark; OpenStreetMap contributors","0",USA,,E10,7.91910064223786,,"0"
"51013",Light Rail,Austin TX USA,Capital Metro,Orange Line,,,,cancelled,Cancelled due to inadequate funds,https://projectconnect.com/,at grade,,,"2023",,,,Yonah Freemark,"0",USA,,Orange Line Republic Square–SOCO,1.43245708760565,,"0"
"51015",Light Rail,Austin TX USA,Capital Metro,Austin Light Rail,,,,proposed,"In initial planning; to be presented to voters for funding in Nov. 2020.",https://projectconnect.com/,at grade,,,,,,,Yonah Freemark,"0",USA,,Austin Light Rail Oltorf–Stassney,4.2668362907825,,"0"
"51017",Light Rail,Austin TX USA,Capital Metro,Austin Light Rail,,,,proposed,"In initial planning; partly funded thanks to 2020 referendum.",https://projectconnect.com/,at grade,,,,,,,Yonah Freemark,"0",USA,,Austin Light Rail Yellow Jacket–Airport,4.85445612744547,,"0"
"51254",Arterial Rapid Transit,Atlanta GA USA,MARTA,Buford Highway ART,,,,proposed,,https://itsmarta.com/buford-highway.aspx,at grade,,,,,,,"Yonah Freemark; OpenStreetMap contributors","0",USA,,Buford Highway ART,13.6222429931535,,"0"
"51266",Commuter Rail,Washington DC USA,Virginia Passenger Rail Authority,Long Bridge Project,,,,uc,,https://vapassengerrailauthority.org/longbridgeproject/,at grade,2024-2030,,,,,,"Yonah Freemark; OpenStreetMap contributors","0",USA,,Long Bridge Project,1.38318057330956,,"0"
"51267",Light Rail,Los Angeles CA USA,LA Metro,E,"2023",1756,"90000",existing,Delayed opening from 2022.,https://www.metro.net/projects/connector-2/,subway,2014-2023,,,2014-02,1402.9,0.477,"Yonah Freemark; OpenStreetMap contributors","0",USA,,Regional Connector (Little Tokyo–Pico),0.255561507270878,,"0"
"51268",Light Rail,Los Angeles CA USA,LA Metro,A,"2023",1756,"90000",existing,Delayed opening from 2022.,https://www.metro.net/projects/connector-2/,subway,2014-2023,,,2014-02,1402.9,0.477,"Yonah Freemark; OpenStreetMap contributors","0",USA,,Regional Connector (Little Tokyo–Union Station),0.295099900154657,,"0"
"51269",Light Rail,Los Angeles CA USA,LA Metro,A,"2009",,,existing,Previously L Line,,elevated,,,,,,,"Yonah Freemark; OpenStreetMap contributors","0",USA,,Gold Line Little Tokyo–Union Station,0.674664529923022,,"0"
"51270",Light Rail,Los Angeles CA USA,LA Metro,L,"2009",,,closed,Replaced with subway service,,at grade,,,"2023",,,,"Yonah Freemark; OpenStreetMap contributors","0",USA,,Gold Line Little Tokyo–Union Station,0.480045669453996,,"0"
"51271",Bus Rapid Transit,Los Angeles CA USA,LA Metro,G,"2005",,,closed,Replaced by shuttle,,at grade,,,"2018",,,,"Yonah Freemark; OpenStreetMap contributors","0",USA,Bronze (65),G Line (Orange) to Warner Center,2.01732500217253,"2013","0"
"51272",Bus Rapid Transit,Los Angeles CA USA,LA Metro,G,"2005",,,existing,,,at grade,,,,,,,"Yonah Freemark; OpenStreetMap contributors","0",USA,Bronze (65),G Line (Orange) North Hollywood–Canoga,21.5225320730915,"2013","0"
"51274",Bus Rapid Transit,Los Angeles CA USA,LA Metro,G,"2012",,,existing,,,at grade,,,,,,,"Yonah Freemark; OpenStreetMap contributors","0",USA,Bronze (65),G Line (Orange) Canoga–Chatsworth,7.12187710859517,"2013","0"
"51276",Light Rail,Los Angeles CA USA,LA Metro,C/K,"2025",,,existing,,https://kline.metro.net/,"subway; elevated; at grade",2014-2025,,,,,,"Yonah Freemark; OpenStreetMap contributors","0",USA,,Crenshaw Line Phase 2 Westchester/Veterans–Aviation/Century,1.6025210585826,,"0"
"51278",Intercity Rail,,VIA,VIA Canadian,,,,existing,,,at grade,,,,,,,Government of Canada,"0",CAN,,VIA Canadian,422.154306965661,,"0"
"51279",Intercity Rail,,VIA,VIA Canadian,,,,existing,,,at grade,,,,,,,Government of Canada,"0",CAN,,VIA Canadian,4199.4082958796,,"0"
"51280",Intercity Rail,,VIA,VIA Corridor,,,,existing,,,at grade,,,,,,,Government of Canada,"0",CAN,,VIA Corridor,1167.72058455158,,"0"
"51281",Intercity Rail,,VIA,VIA Corridor Ottawa Branch,,,,existing,,,at grade,,,,,,,Government of Canada,"0",CAN,,VIA Corridor Ottawa Branch,233.928519897278,,"0"
"51282",Intercity Rail,,VIA,VIA Corridor Niagara Falls Branch,,,,existing,,,at grade,,,,,,,Government of Canada,"0",CAN,,VIA Corridor Niagara Falls Branch,73.6156702763979,,"0"
"51283",Intercity Rail,,VIA,VIA Corridor Sarnia Branch,,,,existing,,,at grade,,,,,,,Government of Canada,"0",CAN,,VIA Corridor Sarnia Branch,79.5875394007487,,"0"
"51284",Intercity Rail,,VIA,VIA Corridor Kitchener Branch,,,,existing,,,at grade,,,,,,,Government of Canada,"0",CAN,,VIA Corridor Kitchener Branch,193.225375569419,,"0"
"51285",Intercity Rail,,VIA,VIA Ocean,,,,existing,,,at grade,,,,,,,Government of Canada,"0",CAN,,VIA Ocean,1098.3930666302,,"0"
"51286",Intercity Rail,,VIA,VIA Montreal–Jonquiere/Senneterre,,,,existing,,,at grade,,,,,,,Government of Canada,"0",CAN,,VIA Montreal–Jonquiere/Senneterre,201.826054207681,,"0"
"51287",Intercity Rail,,VIA,VIA Montreal-Jonquiere,,,,existing,,,at grade,,,,,,,Government of Canada,"0",CAN,,VIA Montreal-Jonquiere,293.877879983824,,"0"
"51288",Intercity Rail,,VIA,VIA Montreal-Senneterre,,,,existing,,,at grade,,,,,,,Government of Canada,"0",CAN,,VIA Montreal-Senneterre,500.57850954134,,"0"
"51289",Intercity Rail,,VIA,VIA Jasper-Prince Rupert,,,,existing,,,at grade,,,,,,,Government of Canada,"0",CAN,,VIA Jasper-Prince Rupert,1086.99239630644,,"0"
"51290",Intercity Rail,,VIA,VIA Sudbury-White River,,,,existing,,,at grade,,,,,,,Government of Canada,"0",CAN,,VIA Sudbury-White River,484.647895754596,,"0"
"51291",Intercity Rail,,VIA,VIA Winnipeg-Churchill,,,,existing,,,at grade,,,,,,,Government of Canada,"0",CAN,,VIA Winnipeg-Churchill,1510.22825118247,,"0"
"51292",Intercity Rail,,VIA,VIA Keewatin,,,,existing,,,at grade,,,,,,,Government of Canada,"0",CAN,,VIA Keewatin,245.532835667133,,"0"
"51295",Intercity Rail,,Amtrak,Ethan Allen Express,"2022",,,existing,,,at grade,,,,,,,"Yonah Freemark; OpenStreetMap contributors","0",USA,,Ethan Allen Express,106.135215368912,,"0"
"51297",Intercity Rail,,State of Alaska,Alaska Railroad,"1923",,,existing,,,at grade,1903-1923,,,,,,State of Alaska,"0",USA,,Alaska Railroad,825.061216232753,,"0"
"51401",Metro,Honolulu HI USA,HART,Skyline,,8165,"119600",uc,"Project cost increased from $5.2 billion; second phase delayed from 2020.",http://www.honolulutransit.org/,elevated,2025-2030,auto,,2012-12,5121.7,0.303,"Yonah Freemark; OpenStreetMap contributors","0",USA,,Skyline Kakauiki/Middle Street–Ka'akaukukui/Civic Center,4.76997984219027,,"0"
"51402",Metro,Honolulu HI USA,HART,Skyline,,,,planned,,http://www.honolulutransit.org/,elevated,,auto,,,,,"Yonah Freemark; OpenStreetMap contributors","0",USA,,Skyline Ka'akaukukui/Civic Center–Kalia/Ala Moana Center,1.88816945024584,,"0"
"51487",Bus Rapid Transit,Bay Area CA USA,SF Muni,Bayview BRT,,,,planned,Funded by FY 2023 RAISE Grant,https://www.sfpublicworks.org/project/bayview-transportation-improvements-project,at grade,"-2034",,,,,,"Yonah Freemark; OpenStreetMap contributors","0",USA,,Bayview BRT,11.1064735952943,,"0"
"51526",Light Metro,Montreal QC CAN,ARTM,REM de l'Est,,35000,,cancelled,Project was cancelled due to high costs,,subway,,auto,"2023",,,,Yonah Freemark,"0",CAN,,REM de l'Est,23.0306463504371,,"0"
"51549",Arterial Rapid Transit,Portland OR USA,C-Tran,The Vine Fourth Plain Extension,,,,planned,,,at grade,2025-2027,,,,,,"Yonah Freemark; OpenStreetMap contributors","0",USA,,The Vine Fourth Plain Extension,15.8363774041267,,"0"
"51554",Arterial Rapid Transit,Portland OR USA,Vancouver C-Tran,The Vine on Highway 99,,,,uc,,https://www.catchthevine.com/highway99,at grade,2025-2027,,,,,,"Yonah Freemark; OpenStreetMap contributors","0",USA,,The Vine on Highway 99,16.5778074081669,,"0"
"51588",Bus Rapid Transit,Montreal QC CAN,STM,SRB Pie-IX,,,,uc,,https://www.stm.info/en/about/major_projects/major-bus-projects/pie-ix-brt,at grade,2023-2027,,,,,,"Yonah Freemark; OpenStreetMap contributors","0",CAN,,SRB Pie-IX vers Notre-Dame Est,1.49753498123351,,"0"
"51632",Streetcar,Battle Creek MI USA,Battle Creek Transportation Co,East Michigan (BCCL-1),"1883",,,closed,Horsecar from 1883-1891,,at grade,,,"1932",,,,"Cedar; based on G Meints, ""Michigan Railroad Lines","0",USA,,,3.19713871912692,,"0"
"51633",Streetcar,Battle Creek MI USA,Battle Creek Transportation Co,West Michigan (BCCL-2),"1883",,,closed,Horsecar from 1883-1891,,at grade,,,"1932",,,,"Cedar; based on G Meints, ""Michigan Railroad Lines","0",USA,,,2.69146262257496,,"0"
"51634",Streetcar,Battle Creek MI USA,Battle Creek Transportation Co,Washington (BCCL-3),"1883",,,closed,Horsecar from 1883-1891,,at grade,,,"1932",,,,"Cedar; based on G Meints, ""Michigan Railroad Lines","0",USA,,,2.07745200562043,,"0"
"51635",Streetcar,Battle Creek MI USA,Battle Creek Transportation Co,East Main (BCCL-4),"1883",,,closed,Horsecar from 1883-1891,,at grade,,,"1932",,,,"Cedar; based on G Meints, ""Michigan Railroad Lines","0",USA,,,3.21273176051406,,"0"
"51636",Streetcar,Battle Creek MI USA,Battle Creek Transportation Co,Lake Avenue (BCCL-5),"1883",,,closed,Horsecar from 1883-1891,,at grade,,,"1932",,,,"Cedar; based on G Meints, ""Michigan Railroad Lines","0",USA,,,4.42851239915058,,"0"
"51637",Streetcar,Battle Creek MI USA,Battle Creek Transportation Co,Maple St (BCCL-6),"1883",,,closed,Horsecar from 1883-1891,,at grade,,,"1932",,,,"Cedar; based on G Meints, ""Michigan Railroad Lines","0",USA,,,2.99832626495351,,"0"
"51638",Streetcar,Battle Creek MI USA,Battle Creek Transportation Co,Garfield St (BCCL-7),"1883",,,closed,Horsecar from 1883-1891,,at grade,,,"1932",,,,"Cedar; based on G Meints, ""Michigan Railroad Lines","0",USA,,,1.13547354644768,,"0"
"51639",Streetcar,Battle Creek MI USA,Battle Creek Transportation Co,Upton Ave (BCCL-8),"1883",,,closed,Horsecar from 1883-1891,,at grade,,,"1932",,,,"Cedar; based on G Meints, ""Michigan Railroad Lines","0",USA,,,2.38611487314293,,"0"
"51640",Streetcar,Jackson MI USA,Jackson Transportation Co,West Michigan Ave (JACL-1),"1882",,,closed,Horsecar from 1882-1891,,at grade,,,"1936",,,,"Cedar; based on G Meints, ""Michigan Railroad Lines","0",USA,,,2.36865499467923,,"0"
"51641",Streetcar,Jackson MI USA,Jackson Transportation Co,Downtown Loop (JACL-1A),"1882",,,closed,Horsecar from 1882-1891,,at grade,,,"1936",,,,"Cedar; based on G Meints, ""Michigan Railroad Lines","0",USA,,,0.613390400085904,,"0"
"51642",Streetcar,Jackson MI USA,Jackson Transportation Co,East Michigan Ave (JACL-2),"1882",,,closed,Horsecar from 1882-1891,,at grade,,,"1936",,,,"Cedar; based on G Meints, ""Michigan Railroad Lines","0",USA,,,2.54070236093508,,"0"
"51643",Streetcar,Jackson MI USA,Jackson Transportation Co,Francis St (JACL-3),"1882",,,closed,Horsecar from 1882-1891,,at grade,,,"1936",,,,"Cedar; based on G Meints, ""Michigan Railroad Lines","0",USA,,,7.17856861696166,,"0"
"51644",Streetcar,Jackson MI USA,Jackson Transportation Co,First St (JACL-4),"1882",,,closed,Horsecar from 1882-1891,,at grade,,,"1936",,,,"Cedar; based on G Meints, ""Michigan Railroad Lines","0",USA,,,2.5211217922246,,"0"
"51645",Streetcar,Jackson MI USA,Jackson Transportation Co,Jackson St (JACL-5),"1882",,,closed,Horsecar from 1882-1891,,at grade,,,"1936",,,,"Cedar; based on G Meints, ""Michigan Railroad Lines","0",USA,,,3.26022326616292,,"0"
"51646",Streetcar,Jackson MI USA,Jackson Transportation Co,Lansing Ave (JACL-6),"1882",,,closed,Horsecar from 1882-1891,,at grade,,,"1936",,,,"Cedar; based on G Meints, ""Michigan Railroad Lines","0",USA,,,1.78206252992475,,"0"
"51647",Streetcar,Jackson MI USA,Jackson Transportation Co,Cooper St (JACL-7),"1882",,,closed,Horsecar from 1882-1891,,at grade,,,"1936",,,,"Cedar; based on G Meints, ""Michigan Railroad Lines","0",USA,,,2.3853904620102,,"0"
"51648",Streetcar,Jackson MI USA,Jackson Transportation Co,Page Ave (JACL-8),"1882",,,closed,Horsecar from 1882-1891,,at grade,,,"1936",,,,"Cedar; based on G Meints, ""Michigan Railroad Lines","0",USA,,,1.84145496451403,,"0"
"51649",Streetcar,Jackson MI USA,Jackson Transportation Co,Page Ave Connection (JACL-8A),"1882",,,closed,Horsecar from 1882-1891,,at grade,,,"1936",,,,"Cedar; based on G Meints, ""Michigan Railroad Lines","0",USA,,,0.380004418574047,,"0"
"51650",Streetcar,Jackson MI USA,Jackson Transportation Co,Leroy St (JACL-9),"1882",,,closed,Horsecar from 1882-1891,,at grade,,,"1936",,,,"Cedar; based on G Meints, ""Michigan Railroad Lines","0",USA,,,3.21239060207068,,"0"
"51651",Streetcar,Kalamazoo MI USA,Kalamazoo Transportation Co,E Main St (KACL-1),"1885",,,closed,Horsecar from 1885-1893,,at grade,,,"1932",,,,"Cedar; based on G Meints, ""Michigan Railroad Lines","0",USA,,,2.5634438821993,,"0"
"51652",Streetcar,Kalamazoo MI USA,Kalamazoo Transportation Co,W Main St (KACL-2),"1885",,,closed,Horsecar from 1885-1893,,at grade,,,"1932",,,,"Cedar; based on G Meints, ""Michigan Railroad Lines","0",USA,,,2.24098974940252,,"0"
"51653",Streetcar,Kalamazoo MI USA,Kalamazoo Transportation Co,Interurban Spur (KACL-2A),"1885",,,closed,Horsecar from 1885-1893,,at grade,,,"1932",,,,"Cedar; based on G Meints, ""Michigan Railroad Lines","0",USA,,,0.146114098300414,,"0"
"51654",Streetcar,Kalamazoo MI USA,Kalamazoo Transportation Co,Oakland Dr (KACL-3),"1885",,,closed,Horsecar from 1885-1893,,at grade,,,"1932",,,,"Cedar; based on G Meints, ""Michigan Railroad Lines","0",USA,,,4.43046042661355,,"0"
"51655",Streetcar,Kalamazoo MI USA,Kalamazoo Transportation Co,Westnedge Ave (KACL-4),"1885",,,closed,Horsecar from 1885-1893,,at grade,,,"1932",,,,"Cedar; based on G Meints, ""Michigan Railroad Lines","0",USA,,,2.73362801728118,,"0"
"51656",Streetcar,Kalamazoo MI USA,Kalamazoo Transportation Co,S Burdick St (KACL-5),"1885",,,closed,Horsecar from 1885-1893,,at grade,,,"1932",,,,"Cedar; based on G Meints, ""Michigan Railroad Lines","0",USA,,,2.677625196342,,"0"
"51657",Streetcar,Kalamazoo MI USA,Kalamazoo Transportation Co,Portage St (KACL-6),"1885",,,closed,Horsecar from 1885-1893,,at grade,,,"1932",,,,"Cedar; based on G Meints, ""Michigan Railroad Lines","0",USA,,,5.47810627375043,,"0"
"51658",Streetcar,Kalamazoo MI USA,Kalamazoo Transportation Co,N Burdick St (KACL-7),"1885",,,closed,Horsecar from 1885-1893,,at grade,,,"1932",,,,"Cedar; based on G Meints, ""Michigan Railroad Lines","0",USA,,,1.46777865069377,,"0"
"51659",Streetcar,Kalamazoo MI USA,Kalamazoo Transportation Co,North St (KACL?),"1885",,,closed,Horsecar from 1885-1893,,at grade,,,"1932",,,,"Cedar; based on G Meints, ""Michigan Railroad Lines","0",USA,,,1.7606479314074,,"0"
"51660",Streetcar,Kalamazoo MI USA,Kalamazoo Transportation Co,Seminary-Lincoln (KACL?),"1885",,,closed,Horsecar from 1885-1893,,at grade,,,"1932",,,,"Cedar; based on G Meints, ""Michigan Railroad Lines","0",USA,,,0.913163368340562,,"0"
"51661",Streetcar,Lansing MI USA,Lansing Transportation Co,South Washington St (LACL-1),"1886",,,closed,Horsecar from 1886-1890,,at grade,,,"1933",,,,"Cedar; based on G Meints, ""Michigan Railroad Lines","0",USA,,,3.16870283419463,,"0"
"51662",Streetcar,Lansing MI USA,Lansing Transportation Co,North Washington St (LACL-2),"1886",,,closed,Horsecar from 1886-1890,,at grade,,,"1933",,,,"Cedar; based on G Meints, ""Michigan Railroad Lines","0",USA,,,1.5301635321164,,"0"
"51663",Streetcar,Lansing MI USA,Lansing Transportation Co,Washtenaw St (LACL-3),"1886",,,closed,Horsecar from 1886-1890,,at grade,,,"1933",,,,"Cedar; based on G Meints, ""Michigan Railroad Lines","0",USA,,,3.47005232748549,,"0"
"51664",Streetcar,Lansing MI USA,Lansing Transportation Co,Waverly Park (LACL-4),"1886",,,closed,Horsecar from 1886-1890,,at grade,,,"1933",,,,"Cedar; based on G Meints, ""Michigan Railroad Lines","0",USA,,,4.45144574313057,,"0"
"51665",Streetcar,Lansing MI USA,Lansing Transportation Co,Belt (LACL-5),"1886",,,closed,Horsecar from 1886-1890,,at grade,,,"1933",,,,"Cedar; based on G Meints, ""Michigan Railroad Lines","0",USA,,,5.16852609999645,,"0"
"51666",Streetcar,Lansing MI USA,Lansing Transportation Co,Michigan Avenue (LACL-6),"1886",,,closed,Horsecar from 1886-1890,,at grade,,,"1933",,,,"Cedar; based on G Meints, ""Michigan Railroad Lines","0",USA,,,6.06580255489524,,"0"
"51667",Streetcar,Lansing MI USA,Lansing Transportation Co,Cedar St (LACL-7),"1886",,,closed,Horsecar from 1886-1890,,at grade,,,"1933",,,,"Cedar; based on G Meints, ""Michigan Railroad Lines","0",USA,,,1.42046562169374,,"0"
"51668",Streetcar,Lansing MI USA,Lansing Transportation Co,Potter Park (LACL-8),"1886",,,closed,Horsecar from 1886-1890,,at grade,,,"1933",,,,"Cedar; based on G Meints, ""Michigan Railroad Lines","0",USA,,,2.2283950297671,,"0"
"51669",Streetcar,Lansing MI USA,Lansing Transportation Co,Potter Park (LACL-8A),"1886",,,closed,Horsecar from 1886-1890,,at grade,,,"1933",,,,"Cedar; based on G Meints, ""Michigan Railroad Lines","0",USA,,,0.512966310279958,,"0"
"51670",Interurban,Detroit MI USA,Detroit United Railway,DUR-A,"1900",,,closed,Years open and closed are estimated,,at grade,,,"1932",,,,"Cedar; based on G Meints, ""Michigan Railroad Lines","0",USA,,,45.6495354544731,,"0"
"51671",Interurban,Detroit MI USA,Detroit United Railway,DUR-C,"1900",,,closed,Years open and closed are estimated,,at grade,,,"1932",,,,"Cedar; based on G Meints, ""Michigan Railroad Lines","0",USA,,,10.8315985701631,,"0"
"51672",Interurban,Detroit MI USA,Detroit United Railway,DUR-F,"1900",,,closed,Years open and closed are estimated,,at grade,,,"1932",,,,"Cedar; based on G Meints, ""Michigan Railroad Lines","0",USA,,,84.5995538658537,,"0"
"51673",Interurban,Detroit MI USA,Detroit United Railway,DUR-J,"1900",,,closed,Years open and closed are estimated,,at grade,,,"1932",,,,"Cedar; based on G Meints, ""Michigan Railroad Lines","0",USA,,,112.193355219467,,"0"
"51674",Interurban,Detroit MI USA,Detroit United Railway,DUR-JP,"1900",,,closed,Years open and closed are estimated,,at grade,,,"1932",,,,"Cedar; based on G Meints, ""Michigan Railroad Lines","0",USA,,,22.88431278962,,"0"
"51675",Interurban,Detroit MI USA,Detroit United Railway,DUR-JS,"1900",,,closed,Years open and closed are estimated,,at grade,,,"1932",,,,"Cedar; based on G Meints, ""Michigan Railroad Lines","0",USA,,,16.1321156623893,,"0"
"51676",Interurban,Detroit MI USA,Detroit United Railway,DUR-JY,"1900",,,closed,Years open and closed are estimated,,at grade,,,"1932",,,,"Cedar; based on G Meints, ""Michigan Railroad Lines","0",USA,,,0.465665387937391,,"0"
"51677",Interurban,Detroit MI USA,Detroit United Railway,DUR-L,"1900",,,closed,Years open and closed are estimated,,at grade,,,"1932",,,,"Cedar; based on G Meints, ""Michigan Railroad Lines","0",USA,,,44.8955270224618,,"0"
"51678",Interurban,Detroit MI USA,Detroit United Railway,DUR-LF,"1900",,,closed,Years open and closed are estimated,,at grade,,,"1932",,,,"Cedar; based on G Meints, ""Michigan Railroad Lines","0",USA,,,13.5678853285195,,"0"
"51679",Interurban,Detroit MI USA,Detroit United Railway,DUR-P,"1900",,,closed,Years open and closed are estimated,,at grade,,,"1932",,,,"Cedar; based on G Meints, ""Michigan Railroad Lines","0",USA,,,26.8311476780056,,"0"
"51680",Interurban,Detroit MI USA,Detroit United Railway,DUR-Q,"1900",,,closed,Years open and closed are estimated,,at grade,,,"1932",,,,"Cedar; based on G Meints, ""Michigan Railroad Lines","0",USA,,,11.5802759866012,,"0"
"51681",Interurban,Detroit MI USA,Detroit United Railway,DUR-R,"1900",,,closed,Years open and closed are estimated,,at grade,,,"1932",,,,"Cedar; based on G Meints, ""Michigan Railroad Lines","0",USA,,,107.30129308517,,"0"
"51682",Interurban,Detroit MI USA,Detroit United Railway,DUR-RS,"1900",,,closed,Years open and closed are estimated,,at grade,,,"1932",,,,"Cedar; based on G Meints, ""Michigan Railroad Lines","0",USA,,,15.2280504752612,,"0"
"51683",Interurban,Detroit MI USA,Detroit United Railway,DUR-RZ,"1900",,,closed,Years open and closed are estimated,,at grade,,,"1932",,,,"Cedar; based on G Meints, ""Michigan Railroad Lines","0",USA,,,0.575577854143178,,"0"
"51684",Interurban,Detroit MI USA,Detroit United Railway,DUR-S,"1900",,,closed,Years open and closed are estimated,,at grade,,,"1932",,,,"Cedar; based on G Meints, ""Michigan Railroad Lines","0",USA,,,30.3166410350365,,"0"
"51685",Interurban,Detroit MI USA,Detroit United Railway,DUR-T,"1900",,,closed,Years open and closed are estimated,,at grade,,,"1932",,,,"Cedar; based on G Meints, ""Michigan Railroad Lines","0",USA,,,73.5975050818978,,"0"
"51686",Interurban,Detroit MI USA,Detroit United Railway,DUR-W,"1900",,,closed,Years open and closed are estimated,,at grade,,,"1932",,,,"Cedar; based on G Meints, ""Michigan Railroad Lines","0",USA,,,17.6680972371974,,"0"
"51687",Interurban,Detroit MI USA,Detroit United Railway,DUR-WR,"1900",,,closed,Years open and closed are estimated,,at grade,,,"1932",,,,"Cedar; based on G Meints, ""Michigan Railroad Lines","0",USA,,,1.70173653275177,,"0"
"51688",Streetcar,Detroit MI USA,Department of Street Railways,Baker (DSR-A),"1886",,,closed,Years open and closed are estimated,,at grade,,,"1950",,,,"Cedar; based on G Meints, ""Michigan Railroad Lines","0",USA,,,23.9232650397547,,"0"
"51689",Streetcar,Detroit MI USA,Department of Street Railways,Baker EO (DSR-A2),"1886",,,closed,Years open and closed are estimated,,at grade,,,"1950",,,,"Cedar; based on G Meints, ""Michigan Railroad Lines","0",USA,,,0.309583986163733,,"0"
"51690",Streetcar,Detroit MI USA,Department of Street Railways,Baker EO (DSR-A3),"1886",,,closed,Years open and closed are estimated,,at grade,,,"1950",,,,"Cedar; based on G Meints, ""Michigan Railroad Lines","0",USA,,,2.97008530754275,,"0"
"51691",Streetcar,Detroit MI USA,Department of Street Railways,Brush (DSR-B),"1886",,,closed,Years open and closed are estimated,,at grade,,,"1950",,,,"Cedar; based on G Meints, ""Michigan Railroad Lines","0",USA,,,7.05691699265927,,"0"
"51692",Streetcar,Detroit MI USA,Department of Street Railways,Cass & 3rd (DSR-CT),"1886",,,closed,Years open and closed are estimated,,at grade,,,"1950",,,,"Cedar; based on G Meints, ""Michigan Railroad Lines","0",USA,,,2.1612668367753,,"0"
"51693",Streetcar,Detroit MI USA,Department of Street Railways,Cass & 3rd-Larned (DSR-CL),"1886",,,closed,Years open and closed are estimated,,at grade,,,"1950",,,,"Cedar; based on G Meints, ""Michigan Railroad Lines","0",USA,,,0.669873650937264,,"0"
"51694",Streetcar,Detroit MI USA,Department of Street Railways,Charlevoix EO (DSR-C2),"1886",,,closed,Years open and closed are estimated,,at grade,,,"1950",,,,"Cedar; based on G Meints, ""Michigan Railroad Lines","0",USA,,,0.633944406916785,,"0"
"51695",Streetcar,Detroit MI USA,Department of Street Railways,Charlevoix EO (DSR-C3),"1886",,,closed,Years open and closed are estimated,,at grade,,,"1950",,,,"Cedar; based on G Meints, ""Michigan Railroad Lines","0",USA,,,0.817084232283832,,"0"
"51696",Streetcar,Detroit MI USA,Department of Street Railways,Charlevoix (DSR-C),"1886",,,closed,Years open and closed are estimated,,at grade,,,"1950",,,,"Cedar; based on G Meints, ""Michigan Railroad Lines","0",USA,,,16.6127530485028,,"0"
"51697",Streetcar,Detroit MI USA,Department of Street Railways,Clairmount (DSR-CM),"1886",,,closed,Years open and closed are estimated,,at grade,,,"1950",,,,"Cedar; based on G Meints, ""Michigan Railroad Lines","0",USA,,,23.7917298423117,,"0"
"51698",Streetcar,Detroit MI USA,Department of Street Railways,Contant Ave (DSR-CO),"1886",,,closed,Years open and closed are estimated,,at grade,,,"1950",,,,"Cedar; based on G Meints, ""Michigan Railroad Lines","0",USA,,,0.517181994833413,,"0"
"51699",Streetcar,Detroit MI USA,Department of Street Railways,Congress & Baker (DSR-CB),"1886",,,closed,Years open and closed are estimated,,at grade,,,"1950",,,,"Cedar; based on G Meints, ""Michigan Railroad Lines","0",USA,,,2.36646258850183,,"0"
"51700",Streetcar,Detroit MI USA,Department of Street Railways,Crosstown (DSR-X),"1886",,,closed,Year open is estimated,,at grade,,,"1949",,,,"Cedar; based on G Meints, ""Michigan Railroad Lines","0",USA,,,23.5362810918059,,"0"
"51701",Streetcar,Detroit MI USA,Department of Street Railways,Crosstown EO (DSR-X2),"1886",,,closed,Year open is estimated,,at grade,,,"1949",,,,"Cedar; based on G Meints, ""Michigan Railroad Lines","0",USA,,,2.82246716734285,,"0"
"51702",Streetcar,Detroit MI USA,Department of Street Railways,Davison East (DSR-DE),"1886",,,closed,Years open and closed are estimated,,at grade,,,"1950",,,,"Cedar; based on G Meints, ""Michigan Railroad Lines","0",USA,,,1.62909158694207,,"0"
"51703",Streetcar,Detroit MI USA,Department of Street Railways,Davison West (DSR-DW),"1886",,,closed,Years open and closed are estimated,,at grade,,,"1950",,,,"Cedar; based on G Meints, ""Michigan Railroad Lines","0",USA,,,1.02425508473424,,"0"
"51704",Streetcar,Detroit MI USA,Department of Street Railways,Davison-12th (DSR-DT),"1886",,,closed,Years open and closed are estimated,,at grade,,,"1950",,,,"Cedar; based on G Meints, ""Michigan Railroad Lines","0",USA,,,0.627519838899515,,"0"
"51705",Streetcar,Detroit MI USA,Department of Street Railways,Dearborn Rd (DSR-DR),"1886",,,closed,Years open and closed are estimated,,at grade,,,"1950",,,,"Cedar; based on G Meints, ""Michigan Railroad Lines","0",USA,,,1.64279786421335,,"0"
"51706",Streetcar,Detroit MI USA,Department of Street Railways,Depot (DSR-D),"1886",,,closed,Years open and closed are estimated,,at grade,,,"1950",,,,"Cedar; based on G Meints, ""Michigan Railroad Lines","0",USA,,,0.769178167858481,,"0"
"51707",Streetcar,Detroit MI USA,Department of Street Railways,East Detroit & Grosse Pointe (DSR-EG),"1886",,,closed,Years open and closed are estimated,,at grade,,,"1950",,,,"Cedar; based on G Meints, ""Michigan Railroad Lines","0",USA,,,9.93758130549264,,"0"
"51708",Streetcar,Detroit MI USA,Department of Street Railways,Fort-Kercheval (DSR-F),"1886",,,closed,Years open and closed are estimated,,at grade,,,"1950",,,,"Cedar; based on G Meints, ""Michigan Railroad Lines","0",USA,,,18.3225027125621,,"0"
"51709",Streetcar,Detroit MI USA,Department of Street Railways,Fort-Kercheval WO (DSR-F2),"1886",,,closed,Years open and closed are estimated,,at grade,,,"1950",,,,"Cedar; based on G Meints, ""Michigan Railroad Lines","0",USA,,,1.245132832663,,"0"
"51710",Streetcar,Detroit MI USA,Department of Street Railways,Fort-Kercheval WO (DSR-F3),"1886",,,closed,Years open and closed are estimated,,at grade,,,"1950",,,,"Cedar; based on G Meints, ""Michigan Railroad Lines","0",USA,,,3.07955965723412,,"0"
"51711",Streetcar,Detroit MI USA,Department of Street Railways,Fort-Rouge (DSR-FR),"1886",,,closed,Years open and closed are estimated,,at grade,,,"1950",,,,"Cedar; based on G Meints, ""Michigan Railroad Lines","0",USA,,,3.01483618009946,,"0"
"51712",Streetcar,Detroit MI USA,Department of Street Railways,Fort & Congress (DSR-FC),"1886",,,closed,Years open and closed are estimated,,at grade,,,"1950",,,,"Cedar; based on G Meints, ""Michigan Railroad Lines","0",USA,,,6.47521915582012,,"0"
"51713",Streetcar,Detroit MI USA,Department of Street Railways,14th EO (DSR-Q2),"1886",,,closed,Years open and closed are estimated,,at grade,,,"1950",,,,"Cedar; based on G Meints, ""Michigan Railroad Lines","0",USA,,,0.330668904235494,,"0"
"51714",Streetcar,Detroit MI USA,Department of Street Railways,14th EO (DSR-Q3),"1886",,,closed,Years open and closed are estimated,,at grade,,,"1950",,,,"Cedar; based on G Meints, ""Michigan Railroad Lines","0",USA,,,2.23606474824957,,"0"
"51715",Streetcar,Detroit MI USA,Department of Street Railways,14th (DSR-Q),"1886",,,closed,Years open and closed are estimated,,at grade,,,"1950",,,,"Cedar; based on G Meints, ""Michigan Railroad Lines","0",USA,,,15.8774586226454,,"0"
"51716",Streetcar,Detroit MI USA,Department of Street Railways,14th to Grand Blvd (DSR-Q4),"1886",,,closed,Years open and closed are estimated,,at grade,,,"1950",,,,"Cedar; based on G Meints, ""Michigan Railroad Lines","0",USA,,,0.144703618240119,,"0"
"51717",Streetcar,Detroit MI USA,Department of Street Railways,Grand Belt (DSR-GB),"1886",,,closed,Years open and closed are estimated,,at grade,,,"1950",,,,"Cedar; based on G Meints, ""Michigan Railroad Lines","0",USA,,,19.8319656939803,,"0"
"51718",Streetcar,Detroit MI USA,Department of Street Railways,Grand Belt EO (DSR-GB2),"1886",,,closed,Years open and closed are estimated,,at grade,,,"1950",,,,"Cedar; based on G Meints, ""Michigan Railroad Lines","0",USA,,,1.53079535696254,,"0"
"51719",Streetcar,Detroit MI USA,Department of Street Railways,Grand Belt ELO (DSR-GB3),"1886",,,closed,Years open and closed are estimated,,at grade,,,"1950",,,,"Cedar; based on G Meints, ""Michigan Railroad Lines","0",USA,,,0.816101009118015,,"0"
"51720",Streetcar,Detroit MI USA,Department of Street Railways,Grand River (DSR-R),"1886",,,closed,Year open is estimated,,at grade,,,"1951",,,,"Cedar; based on G Meints, ""Michigan Railroad Lines","0",USA,,,22.1726762691359,,"0"
"51721",Streetcar,Detroit MI USA,Department of Street Railways,Grand River- 3rd St (DSR-RT),"1886",,,closed,Year open is estimated,,at grade,,,"1951",,,,"Cedar; based on G Meints, ""Michigan Railroad Lines","0",USA,,,1.4110565514777,,"0"
"51722",Streetcar,Detroit MI USA,Department of Street Railways,Gratiot (DSR-G),"1886",,,closed,Year open is estimated,,at grade,,,"1954",,,,"Cedar; based on G Meints, ""Michigan Railroad Lines","0",USA,,,8.56572211256834,,"0"
"51723",Streetcar,Detroit MI USA,Department of Street Railways,Gratiot EO (DSR-G6),"1886",,,closed,Years open and closed are estimated,,at grade,,,"1950",,,,"Cedar; based on G Meints, ""Michigan Railroad Lines","0",USA,,,0.56713003580269,,"0"
"51724",Streetcar,Detroit MI USA,Department of Street Railways,Hamilton (DSR-H),"1886",,,closed,Years open and closed are estimated,,at grade,,,"1950",,,,"Cedar; based on G Meints, ""Michigan Railroad Lines","0",USA,,,12.0585158721589,,"0"
"51725",Streetcar,Detroit MI USA,Department of Street Railways,Hamilton SO (DSR-H2),"1886",,,closed,Years open and closed are estimated,,at grade,,,"1950",,,,"Cedar; based on G Meints, ""Michigan Railroad Lines","0",USA,,,3.2846293964266,,"0"
"51726",Streetcar,Detroit MI USA,Department of Street Railways,Hamilton-Oakman (DSR-HO),"1886",,,closed,Years open and closed are estimated,,at grade,,,"1950",,,,"Cedar; based on G Meints, ""Michigan Railroad Lines","0",USA,,,3.09266194198989,,"0"
"51727",Streetcar,Detroit MI USA,Department of Street Railways,Harper (DSR-P),"1886",,,closed,Years open and closed are estimated,,at grade,,,"1950",,,,"Cedar; based on G Meints, ""Michigan Railroad Lines","0",USA,,,15.5758917444578,,"0"
"51728",Streetcar,Detroit MI USA,Department of Street Railways,Harper SO (DSR-P2),"1886",,,closed,Years open and closed are estimated,,at grade,,,"1950",,,,"Cedar; based on G Meints, ""Michigan Railroad Lines","0",USA,,,2.55221271537513,,"0"
"51729",Streetcar,Detroit MI USA,Department of Street Railways,Harper SO (DSR-P7),"1886",,,closed,Years open and closed are estimated,,at grade,,,"1950",,,,"Cedar; based on G Meints, ""Michigan Railroad Lines","0",USA,,,0.239188778749939,,"0"
"51730",Streetcar,Detroit MI USA,Department of Street Railways,Jefferson (DSR-J),"1886",,,closed,Year open is estimated,,at grade,,,"1954",,,,"Cedar; based on G Meints, ""Michigan Railroad Lines","0",USA,,,11.072030450153,,"0"
"51731",Streetcar,Detroit MI USA,Department of Street Railways,Jefferson DL (DSR-J6),"1886",,,closed,Year open is estimated,,at grade,,,"1954",,,,"Cedar; based on G Meints, ""Michigan Railroad Lines","0",USA,,,1.48741220792286,,"0"
"51732",Streetcar,Detroit MI USA,Department of Street Railways,Mack (DSR-K),"1886",,,closed,Years open and closed are estimated,,at grade,,,"1950",,,,"Cedar; based on G Meints, ""Michigan Railroad Lines","0",USA,,,7.44578325013,,"0"
"51733",Streetcar,Detroit MI USA,Department of Street Railways,Mack-Warren (DSR-KW),"1886",,,closed,Years open and closed are estimated,,at grade,,,"1950",,,,"Cedar; based on G Meints, ""Michigan Railroad Lines","0",USA,,,2.75349899985147,,"0"
"51734",Streetcar,Detroit MI USA,Department of Street Railways,McDougall-Moran (DSR-MM),"1886",,,closed,Years open and closed are estimated,,at grade,,,"1950",,,,"Cedar; based on G Meints, ""Michigan Railroad Lines","0",USA,,,0.873702836987027,,"0"
"51735",Streetcar,Detroit MI USA,Department of Street Railways,Michigan-Rouge (DSR-MR),"1886",,,closed,Years open and closed are estimated,,at grade,,,"1950",,,,"Cedar; based on G Meints, ""Michigan Railroad Lines","0",USA,,,4.1675585820977,,"0"
"51736",Streetcar,Detroit MI USA,Department of Street Railways,Michigan (DSR-M),"1886",,,closed,Year open is estimated,,at grade,,,"1952",,,,"Cedar; based on G Meints, ""Michigan Railroad Lines","0",USA,,,12.8785580065295,,"0"
"51737",Streetcar,Detroit MI USA,Department of Street Railways,Michigan DL WO (DSR-M7),"1886",,,closed,Years open and closed are estimated,,at grade,,,"1950",,,,"Cedar; based on G Meints, ""Michigan Railroad Lines","0",USA,,,0.454406824650631,,"0"
"51738",Streetcar,Detroit MI USA,Department of Street Railways,Lafayette (DSR-MLA),"1886",,,closed,Years open and closed are estimated,,at grade,,,"1950",,,,"Cedar; based on G Meints, ""Michigan Railroad Lines","0",USA,,,2.51967695019568,,"0"
"51739",Streetcar,Detroit MI USA,Department of Street Railways,Monroe-Lafayette (DSR-ML),"1886",,,closed,Years open and closed are estimated,,at grade,,,"1950",,,,"Cedar; based on G Meints, ""Michigan Railroad Lines","0",USA,,,4.35643564278136,,"0"
"51740",Streetcar,Detroit MI USA,Department of Street Railways,Mt Elliot (DSR-ME),"1886",,,closed,Years open and closed are estimated,,at grade,,,"1950",,,,"Cedar; based on G Meints, ""Michigan Railroad Lines","0",USA,,,11.0962604372909,,"0"
"51741",Streetcar,Detroit MI USA,Department of Street Railways,Myrtle Line (DSR-Y),"1886",,,closed,Years open and closed are estimated,,at grade,,,"1950",,,,"Cedar; based on G Meints, ""Michigan Railroad Lines","0",USA,,,2.12643921159444,,"0"
"51742",Streetcar,Detroit MI USA,Department of Street Railways,Oakland (DSR-OK),"1886",,,closed,Years open and closed are estimated,,at grade,,,"1950",,,,"Cedar; based on G Meints, ""Michigan Railroad Lines","0",USA,,,11.2854908165459,,"0"
"51743",Streetcar,Detroit MI USA,Department of Street Railways,Oakland SO (DSR-OK2),"1886",,,closed,Years open and closed are estimated,,at grade,,,"1950",,,,"Cedar; based on G Meints, ""Michigan Railroad Lines","0",USA,,,1.41792713192739,,"0"
"51744",Streetcar,Detroit MI USA,Department of Street Railways,Oakman (DSR-OM),"1886",,,closed,Years open and closed are estimated,,at grade,,,"1950",,,,"Cedar; based on G Meints, ""Michigan Railroad Lines","0",USA,,,16.1419487758242,,"0"
"51745",Streetcar,Detroit MI USA,Department of Street Railways,East Palmer (DSR-PE),"1886",,,closed,Years open and closed are estimated,,at grade,,,"1950",,,,"Cedar; based on G Meints, ""Michigan Railroad Lines","0",USA,,,1.37871943096658,,"0"
"51746",Streetcar,Detroit MI USA,Department of Street Railways,St Aubin (DSR-SA),"1886",,,closed,Years open and closed are estimated,,at grade,,,"1950",,,,"Cedar; based on G Meints, ""Michigan Railroad Lines","0",USA,,,4.6480308800597,,"0"
"51747",Streetcar,Detroit MI USA,Department of Street Railways,Scotten (DSR-SC),"1886",,,closed,Years open and closed are estimated,,at grade,,,"1950",,,,"Cedar; based on G Meints, ""Michigan Railroad Lines","0",USA,,,2.28124724076466,,"0"
"51748",Streetcar,Detroit MI USA,Department of Street Railways,Trumbull (DSR-T),"1886",,,closed,Years open and closed are estimated,,at grade,,,"1950",,,,"Cedar; based on G Meints, ""Michigan Railroad Lines","0",USA,,,13.6543088038992,,"0"
"51749",Streetcar,Detroit MI USA,Department of Street Railways,Trumbull DT (DSR-TA),"1886",,,closed,Years open and closed are estimated,,at grade,,,"1950",,,,"Cedar; based on G Meints, ""Michigan Railroad Lines","0",USA,,,0.240332342404865,,"0"
"51750",Streetcar,Detroit MI USA,Department of Street Railways,Van Dyke Ave (DSR-VD),"1886",,,closed,Years open and closed are estimated,,at grade,,,"1950",,,,"Cedar; based on G Meints, ""Michigan Railroad Lines","0",USA,,,3.33759709431073,,"0"
"51751",Streetcar,Detroit MI USA,Department of Street Railways,Washington BLVD Trolley (DSR-Z),"1886",,,closed,Years open and closed are estimated,,at grade,,,"1950",,,,"Cedar; based on G Meints, ""Michigan Railroad Lines","0",USA,,,1.11882377075341,,"0"
"51752",Streetcar,Detroit MI USA,Department of Street Railways,West Jefferson (DSR-WJ),"1886",,,closed,Years open and closed are estimated,,at grade,,,"1950",,,,"Cedar; based on G Meints, ""Michigan Railroad Lines","0",USA,,,5.08613625293502,,"0"
"51753",Streetcar,Detroit MI USA,Department of Street Railways,Woodmere (DSR-U),"1886",,,closed,Years open and closed are estimated,,at grade,,,"1950",,,,"Cedar; based on G Meints, ""Michigan Railroad Lines","0",USA,,,9.89452709235602,,"0"
"51754",Streetcar,Detroit MI USA,Department of Street Railways,Woodmere EO (DSR-U2),"1886",,,closed,Years open and closed are estimated,,at grade,,,"1950",,,,"Cedar; based on G Meints, ""Michigan Railroad Lines","0",USA,,,3.61892365758995,,"0"
"51755",Streetcar,Detroit MI USA,Department of Street Railways,Woodward (DSR-W),"1886",,,closed,Year open is estimated,,at grade,,,"1956",,,,"Cedar; based on G Meints, ""Michigan Railroad Lines","0",USA,,,20.0899166145286,,"0"
"51756",Streetcar,Detroit MI USA,Department of Street Railways,Woodward-Atwater (DSR-WA),"1886",,,closed,Years open and closed are estimated,,at grade,,,"1950",,,,"Cedar; based on G Meints, ""Michigan Railroad Lines","0",USA,,,0.344143440532732,,"0"
"51757",Streetcar,Detroit MI USA,Department of Street Railways,Campus Connections (DSR-X),"1886",,,closed,Years open and closed are estimated,,at grade,,,"1950",,,,"Cedar; based on G Meints, ""Michigan Railroad Lines","0",USA,,,0.167256455360714,,"0"
"51758",Streetcar,Detroit MI USA,Department of Street Railways,Woodward Ave (Q-1),"1886",,,closed,Years open and closed are estimated,,at grade,,,"1950",,,,"Cedar; based on G Meints, ""Michigan Railroad Lines","0",USA,,,5.71096377973865,,"0"
"51759",Interurban,Saginaw MI USA,Michigan United Railways,MUR-E,"1904",,,closed,Years open and closed are estimated,,at grade,,,"1922",,,,"Cedar; based on G Meints, ""Michigan Railroad Lines","0",USA,,,17.3079368471635,,"0"
"51760",Interurban,Saginaw MI USA,Michigan United Railways,MUR-E2,"1904",,,closed,Portions of the line opened in 1908,,at grade,,,"1929",,,,"Cedar; based on G Meints, ""Michigan Railroad Lines","0",USA,,,42.6453696634431,,"0"
"51761",Interurban,Saginaw MI USA,Michigan United Railways,MUR-EF,"1904",,,closed,,,at grade,,,"1922",,,,"Cedar; based on G Meints, ""Michigan Railroad Lines","0",USA,,,8.20768450188736,,"0"
"51762",Interurban,Saginaw MI USA,Michigan United Railways,MUR-EW,"1904",,,closed,Years open and closed are estimated,,at grade,,,"1922",,,,"Cedar; based on G Meints, ""Michigan Railroad Lines","0",USA,,,14.3891131796298,,"0"
"51763",Interurban,Lansing MI USA,Michigan United Railways,MUR-N,"1909",,,closed,,,at grade,,,"1929",,,,"Cedar; based on G Meints, ""Michigan Railroad Lines","0",USA,,,30.8565349814906,,"0"
"51764",Interurban,Jackson MI USA,Michigan United Railways,MUR-N2,"1909",,,closed,,,at grade,,,"1929",,,,"Cedar; based on G Meints, ""Michigan Railroad Lines","0",USA,,,23.910244623619,,"0"
"51765",Interurban,Lansing MI USA,Michigan United Railways,MUR-NS,"1902",,,closed,,,at grade,,,"1929",,,,"Cedar; based on G Meints, ""Michigan Railroad Lines","0",USA,,,30.6762616063085,,"0"
"51766",Interurban,Lansing MI USA,Michigan United Railways,MUR-NO,"1910",,,closed,,,at grade,,,"1929",,,,"Cedar; based on G Meints, ""Michigan Railroad Lines","0",USA,,,27.8041051935569,,"0"
"51767",Interurban,Lansing MI USA,Michigan United Railways,MUR-NO2,"1910",,,closed,,,at grade,,,"1929",,,,"Cedar; based on G Meints, ""Michigan Railroad Lines","0",USA,,,19.8482237324331,,"0"
"51768",Interurban,Lansing MI USA,Michigan United Railways,MUR-NP,"1910",,,closed,Year closed is estimated,,at grade,,,"1930",,,,"Cedar; based on G Meints, ""Michigan Railroad Lines","0",USA,,,0.987733073584883,,"0"
"51769",Interurban,Battle Creek MI USA,Michigan United Railways,MUR-S,"1903",,,closed,,,at grade,,,"1928",,,,"Cedar; based on G Meints, ""Michigan Railroad Lines","0",USA,,,64.5262707563562,,"0"
"51770",Interurban,Battle Creek MI USA,Michigan United Railways,MUR-S2,"1903",,,closed,,,at grade,,,"1928",,,,"Cedar; based on G Meints, ""Michigan Railroad Lines","0",USA,,,34.395031859094,,"0"
"51771",Interurban,Battle Creek MI USA,Michigan United Railways,MUR-SG,"1903",,,closed,,,at grade,,,"1928",,,,"Cedar; based on G Meints, ""Michigan Railroad Lines","0",USA,,,3.38716737377936,,"0"
"51772",Interurban,Jackson MI USA,Michigan United Railways,MUR-SL,"1903",,,closed,Years open and closed are estimated,,at grade,,,"1928",,,,"Cedar; based on G Meints, ""Michigan Railroad Lines","0",USA,,,16.1844510117691,,"0"
"51773",Interurban,Jackson MI USA,Michigan United Railways,MUR-SM,"1903",,,closed,Years open and closed are estimated,,at grade,,,"1928",,,,"Cedar; based on G Meints, ""Michigan Railroad Lines","0",USA,,,1.40575033731426,,"0"
"51774",Interurban,Jackson MI USA,Michigan United Railways,MUR-SW,"1903",,,closed,Years open and closed are estimated,,at grade,,,"1928",,,,"Cedar; based on G Meints, ""Michigan Railroad Lines","0",USA,,,3.6717688976167,,"0"
"51775",Interurban,Grand Rapids MI USA,Michigan United Railways,MUR-W,"1890",,,closed,Years open and closed are estimated,,at grade,,,"1935",,,,"Cedar; based on G Meints, ""Michigan Railroad Lines","0",USA,,,79.2227559877828,,"0"
"51776",Interurban,Battle Creek MI USA,Michigan United Railways,MUR-WA,"1903",,,closed,,,at grade,,,"1928",,,,"Cedar; based on G Meints, ""Michigan Railroad Lines","0",USA,,,17.3297159866383,,"0"
"51777",Interurban,Battle Creek MI USA,Michigan United Railways,MUR-WB,"1903",,,closed,,,at grade,,,"1928",,,,"Cedar; based on G Meints, ""Michigan Railroad Lines","0",USA,,,48.3688916077327,,"0"
"51778",Streetcar,Escanaba MI USA,Escanaba Traction Co,10th Street (ESCL-3),"1892",,,closed,,,at grade,,,"1932",,,,"Cedar; based on G Meints, ""Michigan Railroad Lines","0",USA,,,2.23672954890516,,"0"
"51779",Streetcar,Escanaba MI USA,Escanaba Traction Co,9th Ave N (ESCL-4),"1892",,,closed,,,at grade,,,"1932",,,,"Cedar; based on G Meints, ""Michigan Railroad Lines","0",USA,,,0.587553962150383,,"0"
"51780",Streetcar,Escanaba MI USA,Escanaba Traction Co,ET-A,"1892",,,closed,,,at grade,,,"1932",,,,"Cedar; based on G Meints, ""Michigan Railroad Lines","0",USA,,,7.77878161004534,,"0"
"51781",Streetcar,Escanaba MI USA,Escanaba Traction Co,ET-B,"1892",,,closed,,,at grade,,,"1932",,,,"Cedar; based on G Meints, ""Michigan Railroad Lines","0",USA,,,10.4001176979148,,"0"
"51782",Interurban,Houghton MI USA,Houghton County Traction Co,HCT-A,"1900",,,closed,,,at grade,,,"1932",,,,"Cedar; based on G Meints, ""Michigan Railroad Lines","0",USA,,,34.0149734997506,,"0"
"51783",Interurban,Houghton MI USA,Houghton County Traction Co,HCT-W,"1900",,,closed,,,at grade,,,"1932",,,,"Cedar; based on G Meints, ""Michigan Railroad Lines","0",USA,,,0.669180098151033,,"0"
"51784",Interurban,Houghton MI USA,Houghton County Traction Co,HCT-AO,"1900",,,closed,,,at grade,,,"1932",,,,"Cedar; based on G Meints, ""Michigan Railroad Lines","0",USA,,,1.79492863771162,,"0"
"51785",Interurban,Houghton MI USA,Houghton County Traction Co,HCT-L,"1900",,,closed,,,at grade,,,"1932",,,,"Cedar; based on G Meints, ""Michigan Railroad Lines","0",USA,,,8.33085243466877,,"0"
"51786",Interurban,Houghton MI USA,Houghton County Traction Co,HCT-R,"1900",,,closed,,,at grade,,,"1932",,,,"Cedar; based on G Meints, ""Michigan Railroad Lines","0",USA,,,0.77077179155558,,"0"
"51787",Streetcar,Iron River MI USA,Iron River Stambaugh & Crystal Falls Street Railway Co,IRSCF-A,"1913",,,closed,,,at grade,,,"1921",,,,"Cedar; based on G Meints, ""Michigan Railroad Lines","0",USA,,,6.15130122368213,,"0"
"51788",Interurban,Ironwood MI USA,Lake Superior District Power Co,I&B-J,"1891",,,closed,,,at grade,,,"1932",,,,"Cedar; based on G Meints, ""Michigan Railroad Lines","0",USA,,,16.7236292698095,,"0"
"51789",Streetcar,Manistee MI USA,Manistee Railway Co,Manistee-Filer (MACL-A),"1892",,,closed,,,at grade,,,"1921",,,,"Cedar; based on G Meints, ""Michigan Railroad Lines","0",USA,,,6.04632516760138,,"0"
"51790",Streetcar,Manistee MI USA,Manistee Railway Co,Manistee-E Lake (MACL-B),"1892",,,closed,,,at grade,,,"1921",,,,"Cedar; based on G Meints, ""Michigan Railroad Lines","0",USA,,,6.09693964753087,,"0"
"51791",Streetcar,Manistee MI USA,Manistee Railway Co,Orchard Beach (MACL-C),"1892",,,closed,,,at grade,,,"1921",,,,"Cedar; based on G Meints, ""Michigan Railroad Lines","0",USA,,,1.96212086959704,,"0"
"51792",Streetcar,Marquette MI USA,Marquette City Railway Co,Line 1 (MQCL-1),"1891",,,closed,,,at grade,,,"1935",,,,"Cedar; based on G Meints, ""Michigan Railroad Lines","0",USA,,,6.46420425577549,,"0"
"51793",Streetcar,Marquette MI USA,Marquette City Railway Co,Line 1A (MQCL-1A),"1891",,,closed,,,at grade,,,"1935",,,,"Cedar; based on G Meints, ""Michigan Railroad Lines","0",USA,,,1.25730709116529,,"0"
"51794",Streetcar,Marquette MI USA,Marquette City Railway Co,Line 2 (MQCL-2),"1891",,,closed,,,at grade,,,"1935",,,,"Cedar; based on G Meints, ""Michigan Railroad Lines","0",USA,,,0.873907825246214,,"0"
"51795",Streetcar,Marquette MI USA,Marquette City Railway Co,Line 3 (MQCL-3),"1891",,,closed,,,at grade,,,"1935",,,,"Cedar; based on G Meints, ""Michigan Railroad Lines","0",USA,,,1.21592143378957,,"0"
"51796",Streetcar,Menominee MI USA,Menominee & Marinette Light & Traction Co,Line 1 (MECL-1),"1891",,,closed,,,at grade,,,"1928",,,,"Cedar; based on G Meints, ""Michigan Railroad Lines","0",USA,,,7.21981580216314,,"0"
"51797",Streetcar,Menominee MI USA,Menominee & Marinette Light & Traction Co,Line 2A (MECL-2A),"1891",,,closed,,,at grade,,,"1928",,,,"Cedar; based on G Meints, ""Michigan Railroad Lines","0",USA,,,1.16831928150037,,"0"
"51798",Streetcar,Menominee MI USA,Menominee & Marinette Light & Traction Co,Line 3 (MECL-3),"1891",,,closed,,,at grade,,,"1928",,,,"Cedar; based on G Meints, ""Michigan Railroad Lines","0",USA,,,0.469286651081212,,"0"
"51799",Streetcar,Menominee MI USA,Menominee & Marinette Light & Traction Co,Line 2 (MECL-2),"1891",,,closed,,,at grade,,,"1928",,,,"Cedar; based on G Meints, ""Michigan Railroad Lines","0",USA,,,4.08980202079741,,"0"
"51800",Streetcar,Negaunee MI USA,Michigan Gas & Electric Co,NISR-A,"1893",,,closed,,,at grade,,,"1927",,,,"Cedar; based on G Meints, ""Michigan Railroad Lines","0",USA,,,5.82654195778882,,"0"
"51801",Streetcar,Sault Saint Marie MI USA,Sault Ste. Marie Traction Co,Portage (SMCL-1),"1888",,,closed,,,at grade,,,"1931",,,,"Cedar; based on G Meints, ""Michigan Railroad Lines","0",USA,,,7.07409208049744,,"0"
"51802",Streetcar,Sault Saint Marie MI USA,Sault Ste. Marie Traction Co,Depot Spur (SMCL-1A),"1888",,,closed,,,at grade,,,"1931",,,,"Cedar; based on G Meints, ""Michigan Railroad Lines","0",USA,,,0.165302623108067,,"0"
"51803",Streetcar,Sault Saint Marie MI USA,Sault Ste. Marie Traction Co,Ashmun (SMCL-2),"1888",,,closed,,,at grade,,,"1931",,,,"Cedar; based on G Meints, ""Michigan Railroad Lines","0",USA,,,1.28984440401311,,"0"
"51804",Streetcar,Sault Saint Marie MI USA,Sault Ste. Marie Traction Co,Easterday-Barbeau (SMCL-3),"1888",,,closed,,,at grade,,,"1931",,,,"Cedar; based on G Meints, ""Michigan Railroad Lines","0",USA,,,1.87519614396152,,"0"
"51805",Streetcar,Saginaw MI USA,Saginaw Transit Co,E Genesee (SACL-1),"1863",,,closed,Horsecar from 1863-1896,,at grade,,,"1931",,,,"Cedar; based on G Meints, ""Michigan Railroad Lines","0",USA,,,3.46970464802538,,"0"
"51806",Streetcar,Saginaw MI USA,Saginaw Transit Co,Interurban Loop (SACL-1A),"1863",,,closed,Horsecar from 1863-1896,,at grade,,,"1931",,,,"Cedar; based on G Meints, ""Michigan Railroad Lines","0",USA,,,0.507775203835112,,"0"
"51807",Streetcar,Saginaw MI USA,Saginaw Transit Co,S Washington (SACL-2),"1863",,,closed,Horsecar from 1863-1896,,at grade,,,"1931",,,,"Cedar; based on G Meints, ""Michigan Railroad Lines","0",USA,,,4.58092962290323,,"0"
"51808",Streetcar,Saginaw MI USA,Saginaw Transit Co,N Washington (SACL-3),"1863",,,closed,Horsecar from 1863-1896,,at grade,,,"1931",,,,"Cedar; based on G Meints, ""Michigan Railroad Lines","0",USA,,,1.40840324489201,,"0"
"51809",Streetcar,Saginaw MI USA,Saginaw Transit Co,W Genesee (SACL-4),"1863",,,closed,Horsecar from 1863-1896,,at grade,,,"1931",,,,"Cedar; based on G Meints, ""Michigan Railroad Lines","0",USA,,,2.37140417274542,,"0"
"51810",Streetcar,Saginaw MI USA,Saginaw Transit Co,N Michigan (SACL-5),"1863",,,closed,Horsecar from 1863-1896,,at grade,,,"1931",,,,"Cedar; based on G Meints, ""Michigan Railroad Lines","0",USA,,,1.19159439559697,,"0"
"51811",Streetcar,Saginaw MI USA,Saginaw Transit Co,S Michigan (SACL-6),"1863",,,closed,Horsecar from 1863-1896,,at grade,,,"1931",,,,"Cedar; based on G Meints, ""Michigan Railroad Lines","0",USA,,,6.2511639379901,,"0"
"51812",Streetcar,Saginaw MI USA,Saginaw Transit Co,Michigan-Hamilton (SACL-6A),"1863",,,closed,Horsecar from 1863-1896,,at grade,,,"1931",,,,"Cedar; based on G Meints, ""Michigan Railroad Lines","0",USA,,,2.32498194300805,,"0"
"51813",Streetcar,Saginaw MI USA,Saginaw Transit Co,Court (SACL-7),"1863",,,closed,Horsecar from 1863-1896,,at grade,,,"1931",,,,"Cedar; based on G Meints, ""Michigan Railroad Lines","0",USA,,,1.29273593820095,,"0"
"51814",Streetcar,Saginaw MI USA,Saginaw Transit Co,Gratiot-Fordney (SACL-8),"1863",,,closed,Horsecar from 1863-1896,,at grade,,,"1931",,,,"Cedar; based on G Meints, ""Michigan Railroad Lines","0",USA,,,2.90119891660448,,"0"
"51815",Streetcar,Saginaw MI USA,Saginaw Transit Co,Janes-Lapeer (SACL-9),"1863",,,closed,Horsecar from 1863-1896,,at grade,,,"1931",,,,"Cedar; based on G Meints, ""Michigan Railroad Lines","0",USA,,,3.90408133576352,,"0"
"51816",Streetcar,Saginaw MI USA,Saginaw Transit Co,Warren (SACL-10),"1863",,,closed,Horsecar from 1863-1896,,at grade,,,"1931",,,,"Cedar; based on G Meints, ""Michigan Railroad Lines","0",USA,,,4.09312255638044,,"0"
"51817",Streetcar,Bay City MI USA,Michigan Railroad Co,Line 1 (BYCL-1),"1865",,,closed,Horsecar from 1865-1895,,at grade,,,"1921",,,,"Cedar; based on G Meints, ""Michigan Railroad Lines","0",USA,,,4.13431280730023,,"0"
"51818",Streetcar,Bay City MI USA,Michigan Railroad Co,Line 2 (BYCL-2),"1865",,,closed,Horsecar from 1865-1895,,at grade,,,"1921",,,,"Cedar; based on G Meints, ""Michigan Railroad Lines","0",USA,,,7.704610199066,,"0"
"51819",Streetcar,Bay City MI USA,Michigan Railroad Co,Line 3 (BYCL-3),"1865",,,closed,Horsecar from 1865-1895,,at grade,,,"1921",,,,"Cedar; based on G Meints, ""Michigan Railroad Lines","0",USA,,,2.790411934914,,"0"
"51820",Streetcar,Bay City MI USA,Michigan Railroad Co,Line 4 (BYCL-4),"1865",,,closed,Horsecar from 1865-1895,,at grade,,,"1921",,,,"Cedar; based on G Meints, ""Michigan Railroad Lines","0",USA,,,4.98705503953148,,"0"
"51821",Streetcar,Bay City MI USA,Michigan Railroad Co,Line 5 (BYCL-5),"1865",,,closed,Horsecar from 1865-1895,,at grade,,,"1921",,,,"Cedar; based on G Meints, ""Michigan Railroad Lines","0",USA,,,2.52057124907696,,"0"
"51822",Streetcar,Bay City MI USA,Michigan Railroad Co,Line 5A (BYCL-5A),"1865",,,closed,Horsecar from 1865-1895,,at grade,,,"1921",,,,"Cedar; based on G Meints, ""Michigan Railroad Lines","0",USA,,,1.2392122077499,,"0"
"51823",Streetcar,Bay City MI USA,Michigan Railroad Co,Line 6 (BYCL-6),"1865",,,closed,Horsecar from 1865-1895,,at grade,,,"1921",,,,"Cedar; based on G Meints, ""Michigan Railroad Lines","0",USA,,,0.630016370842804,,"0"
"51824",Streetcar,Bay City MI USA,Michigan Railroad Co,Line 7 (BYCL-7),"1865",,,closed,Horsecar from 1865-1895,,at grade,,,"1921",,,,"Cedar; based on G Meints, ""Michigan Railroad Lines","0",USA,,,4.26075548705356,,"0"
"51825",Streetcar,Morenci MI USA,,Line 40,"1900",,,closed,Years open and closed are estimated,,at grade,,,"1930",,,,"Cedar; based on G Meints, ""Michigan Railroad Lines","0",USA,,,6.62535045740955,,"0"
"51826",Interurban,Blissfield MI USA,Lake Shore & Michigan Southern,Line 28,"1901",,,closed,Year closed is estimated,,at grade,,,"1929",,,,"Cedar; based on G Meints, ""Michigan Railroad Lines","0",USA,,,30.8613448247308,,"0"
"51827",Streetcar,Adrian MI USA,Adrian Street Railway Co,Adrian (ADCL-1),"1889",,,closed,,,at grade,,,"1924",,,,"Cedar; based on G Meints, ""Michigan Railroad Lines","0",USA,,,5.80581139165879,,"0"
"51828",Interurban,Niles MI USA,,SOM,"1903",,,closed,,,at grade,,,"1934",,,,"Cedar; based on G Meints, ""Michigan Railroad Lines","0",USA,,,43.9275645338783,,"0"
"51829",Streetcar,Owosso MI USA,Michigan Electric Railway Co,Owosso (OWCL-1),"1892",,,closed,,,at grade,,,"1929",,,,"Cedar; based on G Meints, ""Michigan Railroad Lines","0",USA,,,6.13824421851258,,"0"
"51830",Streetcar,Ann Arbor MI USA,,Line 1 (AACL-1A),"1890",,,closed,,,at grade,,,"1925",,,,"Cedar; based on G Meints, ""Michigan Railroad Lines","0",USA,,,2.57971812758602,,"0"
"51831",Streetcar,Ann Arbor MI USA,,Line 1B (AACL-1B),"1890",,,closed,,,at grade,,,"1925",,,,"Cedar; based on G Meints, ""Michigan Railroad Lines","0",USA,,,2.19071528640163,,"0"
"51832",Streetcar,Ann Arbor MI USA,,Line 2 (AACL-2),"1890",,,closed,,,at grade,,,"1925",,,,"Cedar; based on G Meints, ""Michigan Railroad Lines","0",USA,,,1.02730052341692,,"0"
"51833",Streetcar,Flint MI USA,,Saginaw St (FLCL-1),"1890",,,closed,Years open and closed are estimated,,at grade,,,"1935",,,,"Cedar; based on G Meints, ""Michigan Railroad Lines","0",USA,,,11.1612965754196,,"0"
"51834",Streetcar,Flint MI USA,,Peer Park (FLCL-1A),"1890",,,closed,Years open and closed are estimated,,at grade,,,"1935",,,,"Cedar; based on G Meints, ""Michigan Railroad Lines","0",USA,,,0.365691667154291,,"0"
"51835",Streetcar,Flint MI USA,,8th Street (FCL-1B),"1890",,,closed,Years open and closed are estimated,,at grade,,,"1935",,,,"Cedar; based on G Meints, ""Michigan Railroad Lines","0",USA,,,0.685855940042851,,"0"
"51836",Streetcar,Flint MI USA,,Lippincott (FLCL-2),"1890",,,closed,Years open and closed are estimated,,at grade,,,"1935",,,,"Cedar; based on G Meints, ""Michigan Railroad Lines","0",USA,,,2.15862895309032,,"0"
"51837",Streetcar,Flint MI USA,,Court St (FLCL-3),"1890",,,closed,Years open and closed are estimated,,at grade,,,"1935",,,,"Cedar; based on G Meints, ""Michigan Railroad Lines","0",USA,,,4.97872924617577,,"0"
"51838",Streetcar,Flint MI USA,,Crapo-Lewis (FLCL-4),"1890",,,closed,Years open and closed are estimated,,at grade,,,"1935",,,,"Cedar; based on G Meints, ""Michigan Railroad Lines","0",USA,,,5.12161411058646,,"0"
"51839",Streetcar,Flint MI USA,,Detroit St (FLCL-5),"1890",,,closed,Years open and closed are estimated,,at grade,,,"1935",,,,"Cedar; based on G Meints, ""Michigan Railroad Lines","0",USA,,,4.1351770690247,,"0"
"51840",Streetcar,Flint MI USA,,Third Ave (FLCL-5A),"1890",,,closed,Years open and closed are estimated,,at grade,,,"1935",,,,"Cedar; based on G Meints, ""Michigan Railroad Lines","0",USA,,,1.65349814633623,,"0"
"51841",Streetcar,Flint MI USA,,Dayton St (FLCL-5B),"1890",,,closed,Years open and closed are estimated,,at grade,,,"1935",,,,"Cedar; based on G Meints, ""Michigan Railroad Lines","0",USA,,,1.04947733691763,,"0"
"51842",Streetcar,Flint MI USA,,Industrial Ave (FLCL-6),"1890",,,closed,Years open and closed are estimated,,at grade,,,"1935",,,,"Cedar; based on G Meints, ""Michigan Railroad Lines","0",USA,,,3.16745579100622,,"0"
"51843",Streetcar,Flint MI USA,,Hamilton Ave (FLCL-6A),"1890",,,closed,Years open and closed are estimated,,at grade,,,"1935",,,,"Cedar; based on G Meints, ""Michigan Railroad Lines","0",USA,,,0.534267683475379,,"0"
"51844",Streetcar,Flint MI USA,,Stewart Ave (FLCL-7),"1890",,,closed,Years open and closed are estimated,,at grade,,,"1935",,,,"Cedar; based on G Meints, ""Michigan Railroad Lines","0",USA,,,2.57038557674896,,"0"
"51845",Streetcar,Monroe MI USA,Monroe & Toledo Short Line Railway,Monroe (MOCL-1),"1890",,,closed,Years open and closed are estimated,,at grade,,,"1928",,,,"Cedar; based on G Meints, ""Michigan Railroad Lines","0",USA,,,5.91880035087087,,"0"
"51846",Streetcar,Pontiac MI USA,,Saginaw St (POCL-1),"1900",,,closed,Years open and closed are estimated,,at grade,,,"1930",,,,"Cedar; based on G Meints, ""Michigan Railroad Lines","0",USA,,,4.91643391298428,,"0"
"51847",Streetcar,Pontiac MI USA,,Interurban Loop (POCL-1A),"1900",,,closed,Years open and closed are estimated,,at grade,,,"1930",,,,"Cedar; based on G Meints, ""Michigan Railroad Lines","0",USA,,,0.287885764276975,,"0"
"51848",Streetcar,Pontiac MI USA,,Oakland-State (POCL-2),"1900",,,closed,Years open and closed are estimated,,at grade,,,"1930",,,,"Cedar; based on G Meints, ""Michigan Railroad Lines","0",USA,,,2.72788521552885,,"0"
"51849",Streetcar,Pontiac MI USA,,Huron St (POCL-3),"1900",,,closed,Years open and closed are estimated,,at grade,,,"1930",,,,"Cedar; based on G Meints, ""Michigan Railroad Lines","0",USA,,,2.12095032384776,,"0"
"51850",Streetcar,Pontiac MI USA,,South BLVD (POCL-4),"1900",,,closed,Years open and closed are estimated,,at grade,,,"1930",,,,"Cedar; based on G Meints, ""Michigan Railroad Lines","0",USA,,,1.76310658805786,,"0"
"51851",Streetcar,Pontiac MI USA,,Sanford St (POCL-5),"1900",,,closed,Years open and closed are estimated,,at grade,,,"1930",,,,"Cedar; based on G Meints, ""Michigan Railroad Lines","0",USA,,,3.43339621139584,,"0"
"51852",Streetcar,Mount Clemens MI USA,,Mt Clemens 1 (MCCL-1),"1900",,,closed,Years open and closed are estimated,,at grade,,,"1930",,,,"Cedar; based on G Meints, ""Michigan Railroad Lines","0",USA,,,3.18423240852881,,"0"
"51853",Streetcar,Mount Clemens MI USA,,Mt Clemens 2 (MCCL-2),"1900",,,closed,Years open and closed are estimated,,at grade,,,"1930",,,,"Cedar; based on G Meints, ""Michigan Railroad Lines","0",USA,,,1.78787690556346,,"0"
"51854",Streetcar,Mount Clemens MI USA,,Mt Clemens 3 (MCCL-3),"1900",,,closed,Years open and closed are estimated,,at grade,,,"1930",,,,"Cedar; based on G Meints, ""Michigan Railroad Lines","0",USA,,,0.728675025081309,,"0"
"51855",Streetcar,Port Huron MI USA,Port Huron and Gratiot Street Railway Co,Military-Gratiot (PHCL-1),"1866",,,closed,Horsecar from 1866-1886,,at grade,,,"1930",,,,"Cedar; based on G Meints, ""Michigan Railroad Lines","0",USA,,,10.5953021576611,,"0"
"51856",Streetcar,Port Huron MI USA,Port Huron and Gratiot Street Railway Co,Broad St (PHCL-1A),"1866",,,closed,Horsecar from 1866-1886,,at grade,,,"1930",,,,"Cedar; based on G Meints, ""Michigan Railroad Lines","0",USA,,,0.245454197449031,,"0"
"51857",Streetcar,Port Huron MI USA,Port Huron and Gratiot Street Railway Co,Griswold (PHCL-2),"1866",,,closed,Horsecar from 1866-1886,,at grade,,,"1930",,,,"Cedar; based on G Meints, ""Michigan Railroad Lines","0",USA,,,3.53299855914573,,"0"
"51858",Streetcar,Port Huron MI USA,Port Huron and Gratiot Street Railway Co,Water-Lapeer (PHCL-3),"1866",,,closed,Horsecar from 1866-1886,,at grade,,,"1930",,,,"Cedar; based on G Meints, ""Michigan Railroad Lines","0",USA,,,1.95312445508537,,"0"
"51859",Streetcar,Port Huron MI USA,Port Huron and Gratiot Street Railway Co,Loop (PHCL-3A),"1866",,,closed,Horsecar from 1866-1886,,at grade,,,"1930",,,,"Cedar; based on G Meints, ""Michigan Railroad Lines","0",USA,,,0.325822729867262,,"0"
"51860",Streetcar,Port Huron MI USA,Port Huron and Gratiot Street Railway Co,Elmwood (PHCL-4),"1866",,,closed,Horsecar from 1866-1886,,at grade,,,"1930",,,,"Cedar; based on G Meints, ""Michigan Railroad Lines","0",USA,,,1.03376664844521,,"0"
"51861",Streetcar,Benton Harbor MI USA,Twin City Railway,Line 1 (BHCL-1),"1884",,,closed,Horsecar from 1884-1892,,at grade,,,"1935",,,,"Cedar; based on G Meints, ""Michigan Railroad Lines","0",USA,,,5.61355366971665,,"0"
"51862",Streetcar,Benton Harbor MI USA,Twin City Railway,Line 2 (BHCL-2),"1884",,,closed,Horsecar from 1884-1892,,at grade,,,"1935",,,,"Cedar; based on G Meints, ""Michigan Railroad Lines","0",USA,,,0.48318734412363,,"0"
"51863",Streetcar,Benton Harbor MI USA,Twin City Railway,Line 3 (BHCL-3),"1884",,,closed,Horsecar from 1884-1892,,at grade,,,"1935",,,,"Cedar; based on G Meints, ""Michigan Railroad Lines","0",USA,,,0.424921177544392,,"0"
"51864",Streetcar,Benton Harbor MI USA,Twin City Railway,Line 4 (BHCL-4),"1884",,,closed,Horsecar from 1884-1892,,at grade,,,"1935",,,,"Cedar; based on G Meints, ""Michigan Railroad Lines","0",USA,,,4.16224542278285,,"0"
"51865",Streetcar,Benton Harbor MI USA,Twin City Railway,Line 5 (BHCL-5),"1884",,,closed,Horsecar from 1884-1892,,at grade,,,"1935",,,,"Cedar; based on G Meints, ""Michigan Railroad Lines","0",USA,,,0.713251023061357,,"0"
"51866",Streetcar,Benton Harbor MI USA,Twin City Railway,Line 6 (BHCL-6),"1884",,,closed,Horsecar from 1884-1892,,at grade,,,"1935",,,,"Cedar; based on G Meints, ""Michigan Railroad Lines","0",USA,,,1.94645418061225,,"0"
"51867",Streetcar,Benton Harbor MI USA,Twin City Railway,Line 6A (BHCL-6A),"1884",,,closed,Horsecar from 1884-1892,,at grade,,,"1935",,,,"Cedar; based on G Meints, ""Michigan Railroad Lines","0",USA,,,0.594307991925178,,"0"
"51868",Streetcar,Benton Harbor MI USA,Twin City Railway,Line 7 (BHCL-7),"1884",,,closed,Horsecar from 1884-1892,,at grade,,,"1935",,,,"Cedar; based on G Meints, ""Michigan Railroad Lines","0",USA,,,1.78335962593018,,"0"
"51869",Streetcar,Benton Harbor MI USA,Twin City Railway,Line 8 (BHCL-8),"1884",,,closed,Horsecar from 1884-1892,,at grade,,,"1935",,,,"Cedar; based on G Meints, ""Michigan Railroad Lines","0",USA,,,3.53018644503965,,"0"
"51870",Streetcar,Grand Rapids MI USA,Grand Rapids Railroad Co,Division Ave (GRCL-1),"1864",,,closed,Horsecar from 1864-1892,,at grade,,,"1935",,,,"Cedar; based on G Meints, ""Michigan Railroad Lines","0",USA,,,5.73786009111882,,"0"
"51871",Streetcar,Grand Rapids MI USA,Grand Rapids Railroad Co,Union Depot (GRCL-1A),"1864",,,closed,Horsecar from 1864-1892,,at grade,,,"1935",,,,"Cedar; based on G Meints, ""Michigan Railroad Lines","0",USA,,,0.758343889473953,,"0"
"51872",Streetcar,Grand Rapids MI USA,Grand Rapids Railroad Co,Cherry St (GRCL-2),"1864",,,closed,Horsecar from 1864-1892,,at grade,,,"1935",,,,"Cedar; based on G Meints, ""Michigan Railroad Lines","0",USA,,,3.32477718001737,,"0"
"51873",Streetcar,Grand Rapids MI USA,Grand Rapids Railroad Co,Lafayette St (GRCL-3),"1864",,,closed,Horsecar from 1864-1892,,at grade,,,"1935",,,,"Cedar; based on G Meints, ""Michigan Railroad Lines","0",USA,,,3.52371501733547,,"0"
"51874",Streetcar,Grand Rapids MI USA,Grand Rapids Railroad Co,Hall St (GRCL-3A),"1864",,,closed,Horsecar from 1864-1892,,at grade,,,"1935",,,,"Cedar; based on G Meints, ""Michigan Railroad Lines","0",USA,,,0.480729300461195,,"0"
"51875",Streetcar,Grand Rapids MI USA,Grand Rapids Railroad Co,Oakdale (GRCL-4),"1864",,,closed,Horsecar from 1864-1892,,at grade,,,"1935",,,,"Cedar; based on G Meints, ""Michigan Railroad Lines","0",USA,,,0.798715053896877,,"0"
"51876",Streetcar,Grand Rapids MI USA,Grand Rapids Railroad Co,Franklin St (GRCL-5),"1864",,,closed,Horsecar from 1864-1892,,at grade,,,"1935",,,,"Cedar; based on G Meints, ""Michigan Railroad Lines","0",USA,,,2.29198007111346,,"0"
"51877",Streetcar,Grand Rapids MI USA,Grand Rapids Railroad Co,Wealthy St (GRCL-6),"1864",,,closed,Horsecar from 1864-1892,,at grade,,,"1935",,,,"Cedar; based on G Meints, ""Michigan Railroad Lines","0",USA,,,4.89445110834848,,"0"
"51878",Streetcar,Grand Rapids MI USA,Grand Rapids Railroad Co,West Fulton St (GRCL-7),"1864",,,closed,Horsecar from 1864-1892,,at grade,,,"1935",,,,"Cedar; based on G Meints, ""Michigan Railroad Lines","0",USA,,,2.6616793144869,,"0"
"51879",Streetcar,Grand Rapids MI USA,Grand Rapids Railroad Co,Butterworth St (GRCL-8),"1864",,,closed,Horsecar from 1864-1892,,at grade,,,"1935",,,,"Cedar; based on G Meints, ""Michigan Railroad Lines","0",USA,,,0.916902216477819,,"0"
"51880",Streetcar,Grand Rapids MI USA,Grand Rapids Railroad Co,Grandville Ave (GRCL-9),"1864",,,closed,Horsecar from 1864-1892,,at grade,,,"1935",,,,"Cedar; based on G Meints, ""Michigan Railroad Lines","0",USA,,,3.26236032876975,,"0"
"51881",Streetcar,Grand Rapids MI USA,Grand Rapids Railroad Co,Lyon St (GRCL-10),"1864",,,closed,Horsecar from 1864-1892,,at grade,,,"1935",,,,"Cedar; based on G Meints, ""Michigan Railroad Lines","0",USA,,,3.6167106754794,,"0"
"51882",Streetcar,Grand Rapids MI USA,Grand Rapids Railroad Co,Plainfield Ave (GRCL-11),"1864",,,closed,Horsecar from 1864-1892,,at grade,,,"1935",,,,"Cedar; based on G Meints, ""Michigan Railroad Lines","0",USA,,,4.28431201725811,,"0"
"51883",Streetcar,Grand Rapids MI USA,Grand Rapids Railroad Co,Taylor-Fair Grounds (GRCL-12),"1864",,,closed,Horsecar from 1864-1892,,at grade,,,"1935",,,,"Cedar; based on G Meints, ""Michigan Railroad Lines","0",USA,,,6.22224955063202,,"0"
"51884",Streetcar,Grand Rapids MI USA,Grand Rapids Railroad Co,College Ave (GRCL-13),"1864",,,closed,Horsecar from 1864-1892,,at grade,,,"1935",,,,"Cedar; based on G Meints, ""Michigan Railroad Lines","0",USA,,,1.50664814362415,,"0"
"51885",Streetcar,Grand Rapids MI USA,Grand Rapids Railroad Co,Michigan St (GRCL-14),"1864",,,closed,Horsecar from 1864-1892,,at grade,,,"1935",,,,"Cedar; based on G Meints, ""Michigan Railroad Lines","0",USA,,,2.2463893920854,,"0"
"51886",Streetcar,Grand Rapids MI USA,Grand Rapids Railroad Co,West Bridge St (GRCL-15),"1864",,,closed,Horsecar from 1864-1892,,at grade,,,"1935",,,,"Cedar; based on G Meints, ""Michigan Railroad Lines","0",USA,,,2.18048179616004,,"0"
"51887",Streetcar,Grand Rapids MI USA,Grand Rapids Railroad Co,Stocking St (GRCL-16),"1864",,,closed,Horsecar from 1864-1892,,at grade,,,"1935",,,,"Cedar; based on G Meints, ""Michigan Railroad Lines","0",USA,,,0.954208116168805,,"0"
"51888",Streetcar,Grand Rapids MI USA,Grand Rapids Railroad Co,Scribner St (GRCL-17),"1864",,,closed,Horsecar from 1864-1892,,at grade,,,"1935",,,,"Cedar; based on G Meints, ""Michigan Railroad Lines","0",USA,,,3.09401618321609,,"0"
"51889",Streetcar,Grand Rapids MI USA,Grand Rapids Railroad Co,W Leonard St (GRCL-18),"1864",,,closed,Horsecar from 1864-1892,,at grade,,,"1935",,,,"Cedar; based on G Meints, ""Michigan Railroad Lines","0",USA,,,2.55672871666828,,"0"
"51890",Streetcar,Muskegon MI USA,Muskegon Traction & Lighting Co,Line 1 (MUCL-1),"1882",,,closed,Horsecar from 1882-1890,,at grade,,,"1929",,,,"Cedar; based on G Meints, ""Michigan Railroad Lines","0",USA,,,11.3922381577668,,"0"
"51891",Streetcar,Muskegon MI USA,Muskegon Traction & Lighting Co,Line 1A (MUCL-1A),"1882",,,closed,Horsecar from 1882-1890,,at grade,,,"1929",,,,"Cedar; based on G Meints, ""Michigan Railroad Lines","0",USA,,,0.526391394270609,,"0"
"51892",Streetcar,Muskegon MI USA,Muskegon Traction & Lighting Co,Line 2 (MUCL-2),"1882",,,closed,Horsecar from 1882-1890,,at grade,,,"1929",,,,"Cedar; based on G Meints, ""Michigan Railroad Lines","0",USA,,,2.71614207588098,,"0"
"51893",Streetcar,Muskegon MI USA,Muskegon Traction & Lighting Co,Line 2A (MUCL-2A),"1882",,,closed,Horsecar from 1882-1890,,at grade,,,"1929",,,,"Cedar; based on G Meints, ""Michigan Railroad Lines","0",USA,,,0.284273060081537,,"0"
"51894",Streetcar,Muskegon MI USA,Muskegon Traction & Lighting Co,Line 3 (MUCL-3),"1882",,,closed,Horsecar from 1882-1890,,at grade,,,"1929",,,,"Cedar; based on G Meints, ""Michigan Railroad Lines","0",USA,,,6.47985106062989,,"0"
"51895",Streetcar,Muskegon MI USA,Muskegon Traction & Lighting Co,Line 4 (MUCL-4),"1882",,,closed,Horsecar from 1882-1890,,at grade,,,"1929",,,,"Cedar; based on G Meints, ""Michigan Railroad Lines","0",USA,,,0.70828656462242,,"0"
"51896",Interurban,Benton Harbor MI USA,Twin City Railway,B. H.-Watervliet (BHSJ-A),"1906",,,closed,,,at grade,,,"1928",,,,"Cedar; based on G Meints, ""Michigan Railroad Lines","0",USA,,,20.7366435140736,,"0"
"51897",Interurban,Benton Harbor MI USA,Twin City Railway,Paw Paw Lake Branch (BHSJ-B),"1906",,,closed,,,at grade,,,"1928",,,,"Cedar; based on G Meints, ""Michigan Railroad Lines","0",USA,,,1.60833158829046,,"0"
"51898",Interurban,Benton Harbor MI USA,Twin City Railway,Dowagiac (BHSJ-D),"1906",,,closed,,,at grade,,,"1928",,,,"Cedar; based on G Meints, ""Michigan Railroad Lines","0",USA,,,36.4082358593532,,"0"
"51899",Interurban,Grand Rapids MI USA,Grand Rapids Railroad Co,GRGHM-B,"1900",,,closed,Years open and closed are estimated,,at grade,,,"1935",,,,"Cedar; based on G Meints, ""Michigan Railroad Lines","0",USA,,,13.4629908833076,,"0"
"51900",Interurban,Grand Rapids MI USA,Grand Rapids Railroad Co,GRGHM-A,"1900",,,closed,Years open and closed are estimated,,at grade,,,"1935",,,,"Cedar; based on G Meints, ""Michigan Railroad Lines","0",USA,,,53.2508761768058,,"0"
"51901",Interurban,Grand Rapids MI USA,Grand Rapids Railroad Co,GRHC-A,"1900",,,closed,Years open and closed are estimated,,at grade,,,"1935",,,,"Cedar; based on G Meints, ""Michigan Railroad Lines","0",USA,,,51.9412131703242,,"0"
"51902",Interurban,Grand Rapids MI USA,Grand Rapids Railroad Co,GRHC-B,"1900",,,closed,Years open and closed are estimated,,at grade,,,"1935",,,,"Cedar; based on G Meints, ""Michigan Railroad Lines","0",USA,,,15.8452379778269,,"0"
"51903",Interurban,Grand Rapids MI USA,Grand Rapids Railroad Co,GRHC-BO,"1900",,,closed,Years open and closed are estimated,,at grade,,,"1935",,,,"Cedar; based on G Meints, ""Michigan Railroad Lines","0",USA,,,4.81040004013872,,"0"
"51904",Interurban,Grand Rapids MI USA,Grand Rapids Railroad Co,GRHC-YH,"1900",,,closed,Years open and closed are estimated,,at grade,,,"1935",,,,"Cedar; based on G Meints, ""Michigan Railroad Lines","0",USA,,,1.34422191602459,,"0"
"51920",Light Rail,Ottawa ON CAN,OC Transpo,Line 1,,,,proposed,,,at grade,,,,,,,"Yonah Freemark; OpenStreetMap contributors","0",CAN,,Confederation Line Stage 3 Baseline–Chapman Mills,9.80143015792376,,"0"
"51921",Light Rail,Ottawa ON CAN,OC Transpo,Line 3,,,,proposed,,,at grade,,,,,,,"Yonah Freemark; OpenStreetMap contributors","0",CAN,,Confederation Line Stage 3 Moodie–Stittsville,9.87652001745664,,"0"
"51922",Arterial Rapid Transit,Baton Rouge LA USA,CATS,Plank-Nicholson BRT,,,,uc,,https://www.batonrougebrt.com/,at grade,2024-2026,,,,,,"Yonah Freemark; OpenStreetMap contributors","0",USA,,,15.4580466419816,,"0"
"51968",Intercity Rail,,NCDOT/VA DOT,S-Line,,,,uc,Received a $1 b federal grant in 2023,https://www.ncdot.gov/divisions/rail/s-line-projects/raleigh-richmond/Pages/default.aspx,at grade,2024-,,,,,,"Yonah Freemark; OpenStreetMap contributors","0",USA,,S-Line Raleigh–Wake Forest,27.6027691112043,,"0"
"52090",Light Rail,Seattle WA USA,Sound Transit,Link Line 2,"2024",2800,"50000",existing,,https://www.soundtransit.org/system-expansion/east-link-extension,"subway; elevated; at grade",2016-2024,,,,,,"Yonah Freemark; OpenStreetMap contributors","0",USA,,East Link Blue Line South Bellevue–Redmond Technology,10.0912047546469,,"0"
"52092",Arterial Rapid Transit,Atlanta GA USA,MARTA,Cleveland Avenue ART,,,,uc,,https://www.itsmarta.com/cleveland-metropolitan-ART.aspx,at grade,2026-2027,,,,,,"Yonah Freemark; OpenStreetMap contributors","0",USA,,Cleveland Avenue ART,7.59111662615865,,"0"
"52093",Arterial Rapid Transit,Atlanta GA USA,MARTA,Metropolitan Parkway ART,,,,uc,,https://www.itsmarta.com/cleveland-metropolitan-ART.aspx,at grade,2026-2027,,,,,,"Yonah Freemark; OpenStreetMap contributors","0",USA,,Metropolitan Parkway ART,7.46555912963111,,"0"
"52094",Interurban,Chicago IL USA,Chicago Aurora & Elgin,Chicago Aurora & Elgin,"1902",,,closed,,,at grade,1900-1902,,"1957",,,,greatthirdrail.org,"0",USA,,Aurora Branch,22.000453774462,,"0"
"52095",Interurban,Chicago IL USA,Chicago Aurora & Elgin,Chicago Aurora & Elgin,"1903",,,closed,,,at grade,1900-1903,,"1957",,,,greatthirdrail.org,"0",USA,,Elgin Branch,25.6207227840027,,"0"
"52096",Interurban,Chicago IL USA,Chicago Aurora & Elgin,Chicago Aurora & Elgin,"1902",,,closed,Year closed is estimated,,at grade,,,"1926",,,,greatthirdrail.org,"0",USA,,Mt. Carmel Branch,3.38769181144041,,"0"
"52097",Interurban,Chicago IL USA,Chicago Aurora & Elgin,Chicago Aurora & Elgin,"1902",,,closed,,,at grade,,,"1957",,,,greatthirdrail.org,"0",USA,,Batavia Branch,9.46012000004365,,"0"
"52099",Interurban,Chicago IL USA,Chicago Aurora & Elgin,Chicago Aurora & Elgin,"1909",,,closed,Extended to St. Charles in 1910,,at grade,,,"1937",,,,greatthirdrail.org,"0",USA,,Geneva Branch,18.8063541956824,,"0"
"52101",Interurban,Chicago IL USA,Chicago Aurora & Elgin,Chicago Aurora & Elgin,"1902",,,closed,,,at grade,1900-1902,,"1957",,,,greatthirdrail.org,"0",USA,,Main Line,25.3903833188538,,"0"
"52102",Light Rail,Rochester NY USA,Rochester Industrial and Rapid Transit Railway,Rochester Subway,"1927",,,closed,,,"subway; at grade",1922-1927,,"1956",,,,"Yonah Freemark; OpenStreetMap contributors","0",USA,,Rowlands–Driving Park,12.9818996959117,,"0"
"52103",Light Rail,Rochester NY USA,Rochester Industrial and Rapid Transit Railway,Rochester Subway,"1937",,,closed,,,at grade,,,"1956",,,,"Yonah Freemark; OpenStreetMap contributors","0",USA,,Driving Park–General Motors,0.581388126947958,,"0"
"52104",Streetcar,Rockford IL USA,Rockford & Interurban,RI State St,"1890",,,closed,Years open and closed are estimated,https://www.google.com/maps/d/u/0/viewer?mid=1eG3XPnoAg-M2Zw5eIzd7k_yqb3g,at grade,,,"1936",,,,Chicago Historic Interurban and Rapid Transit Map,"0",USA,,,6.2559073982611,,"0"
"52105",Streetcar,Rockford IL USA,Rockford & Interurban,RI 7th/Harrison etc.,"1890",,,closed,Years open and closed are estimated,https://www.google.com/maps/d/u/0/viewer?mid=1eG3XPnoAg-M2Zw5eIzd7k_yqb3g,at grade,,,"1936",,,,Chicago Historic Interurban and Rapid Transit Map,"0",USA,,,7.67868435929679,,"0"
"52106",Interurban,Rockford IL USA,Rockford & Interurban,RI to Belvidere,"1890",,,closed,Years open and closed are estimated,https://www.google.com/maps/d/u/0/viewer?mid=1eG3XPnoAg-M2Zw5eIzd7k_yqb3g,at grade,,,"1936",,,,Chicago Historic Interurban and Rapid Transit Map,"0",USA,,,9.29510773865559,,"0"
"52107",Interurban,Rockford IL USA,Rockford & Interurban,RI to Belvidere,"1890",,,closed,Years open and closed are estimated,https://www.google.com/maps/d/u/0/viewer?mid=1eG3XPnoAg-M2Zw5eIzd7k_yqb3g,at grade,,,"1936",,,,Chicago Historic Interurban and Rapid Transit Map,"0",USA,,,13.5924282210029,,"0"
"52108",Streetcar,Rockford IL USA,Rockford & Interurban,RI Tay and Preston,"1890",,,closed,Years open and closed are estimated,https://www.google.com/maps/d/u/0/viewer?mid=1eG3XPnoAg-M2Zw5eIzd7k_yqb3g,at grade,,,"1930",,,,Chicago Historic Interurban and Rapid Transit Map,"0",USA,,,1.69568856788808,,"0"
"52109",Streetcar,Rockford IL USA,Rockford & Interurban,RI School St,"1890",,,closed,Years open and closed are estimated,https://www.google.com/maps/d/u/0/viewer?mid=1eG3XPnoAg-M2Zw5eIzd7k_yqb3g,at grade,,,"1936",,,,Chicago Historic Interurban and Rapid Transit Map,"0",USA,,,1.79972135848879,,"0"
"52110",Streetcar,Rockford IL USA,Rockford & Interurban,RI Main-Fulton-Harlem-Cumberland,"1890",,,closed,Years open and closed are estimated,https://www.google.com/maps/d/u/0/viewer?mid=1eG3XPnoAg-M2Zw5eIzd7k_yqb3g,at grade,,,"1930",,,,Chicago Historic Interurban and Rapid Transit Map,"0",USA,,,6.88432844553013,,"0"
"52111",Streetcar,Rockford IL USA,Rockford & Interurban,RI Brown and Harlem,"1890",,,closed,Years open and closed are estimated,https://www.google.com/maps/d/u/0/viewer?mid=1eG3XPnoAg-M2Zw5eIzd7k_yqb3g,at grade,,,"1936",,,,Chicago Historic Interurban and Rapid Transit Map,"0",USA,,,0.862068200704402,,"0"
"52112",Streetcar,Rockford IL USA,Rockford & Interurban,RI Rockton and Winnebago,"1890",,,closed,Years open and closed are estimated,https://www.google.com/maps/d/u/0/viewer?mid=1eG3XPnoAg-M2Zw5eIzd7k_yqb3g,at grade,,,"1926",,,,Chicago Historic Interurban and Rapid Transit Map,"0",USA,,,2.57964739576139,,"0"
"52113",Streetcar,Rockford IL USA,Rockford & Interurban,RI to Beloit-Janesville,"1890",,,closed,Years open and closed are estimated,https://www.google.com/maps/d/u/0/viewer?mid=1eG3XPnoAg-M2Zw5eIzd7k_yqb3g,at grade,,,"1936",,,,Chicago Historic Interurban and Rapid Transit Map,"0",USA,,,7.30715385329568,,"0"
"52114",Streetcar,Rockford IL USA,Rockford & Interurban,RI 4th,"1890",,,closed,Years open and closed are estimated,https://www.google.com/maps/d/u/0/viewer?mid=1eG3XPnoAg-M2Zw5eIzd7k_yqb3g,at grade,,,"1930",,,,Chicago Historic Interurban and Rapid Transit Map,"0",USA,,,0.835883766073862,,"0"
"52115",Streetcar,Rockford IL USA,Rockford & Interurban,RI Mulberry,"1890",,,closed,Years open and closed are estimated,https://www.google.com/maps/d/u/0/viewer?mid=1eG3XPnoAg-M2Zw5eIzd7k_yqb3g,at grade,,,"1936",,,,Chicago Historic Interurban and Rapid Transit Map,"0",USA,,,0.308827467077023,,"0"
"52116",Streetcar,Rockford IL USA,Rockford & Interurban,RI Wyman-Main,"1890",,,closed,Years open and closed are estimated,https://www.google.com/maps/d/u/0/viewer?mid=1eG3XPnoAg-M2Zw5eIzd7k_yqb3g,at grade,,,"1936",,,,Chicago Historic Interurban and Rapid Transit Map,"0",USA,,,0.510597330597004,,"0"
"52117",Streetcar,Rockford IL USA,Rockford & Interurban,RI Main-Island-Kent,"1890",,,closed,Years open and closed are estimated,https://www.google.com/maps/d/u/0/viewer?mid=1eG3XPnoAg-M2Zw5eIzd7k_yqb3g,at grade,,,"1926",,,,Chicago Historic Interurban and Rapid Transit Map,"0",USA,,,3.5321420509493,,"0"
"52118",Streetcar,Rockford IL USA,Rockford & Interurban,RI 2nd-Kishwaukee-Seminary,"1890",,,closed,Years open and closed are estimated,https://www.google.com/maps/d/u/0/viewer?mid=1eG3XPnoAg-M2Zw5eIzd7k_yqb3g,at grade,,,"1936",,,,Chicago Historic Interurban and Rapid Transit Map,"0",USA,,,3.27533731201349,,"0"
"52119",Streetcar,Racine WI USA,Milwaukee Electric Railway & Light Company,TMER&L,"1892",,,closed,Years open and closed are estimated,https://www.google.com/maps/d/u/0/viewer?mid=1eG3XPnoAg-M2Zw5eIzd7k_yqb3g,at grade,,,"1940",,,,Chicago Historic Interurban and Rapid Transit Map,"0",USA,,,1.35959689513157,,"0"
"52120",Streetcar,Racine WI USA,Milwaukee Electric Railway & Light Company,TMER&L,"1892",,,closed,Years open and closed are estimated,https://www.google.com/maps/d/u/0/viewer?mid=1eG3XPnoAg-M2Zw5eIzd7k_yqb3g,at grade,,,"1940",,,,Chicago Historic Interurban and Rapid Transit Map,"0",USA,,,1.83337802489949,,"0"
"52121",Streetcar,Racine WI USA,Milwaukee Electric Railway & Light Company,TMER&L,"1892",,,closed,Years open and closed are estimated,https://www.google.com/maps/d/u/0/viewer?mid=1eG3XPnoAg-M2Zw5eIzd7k_yqb3g,at grade,,,"1940",,,,Chicago Historic Interurban and Rapid Transit Map,"0",USA,,,1.88639577819918,,"0"
"52122",Streetcar,Racine WI USA,Milwaukee Electric Railway & Light Company,TMER&L,"1892",,,closed,Years open and closed are estimated,https://www.google.com/maps/d/u/0/viewer?mid=1eG3XPnoAg-M2Zw5eIzd7k_yqb3g,at grade,,,"1940",,,,Chicago Historic Interurban and Rapid Transit Map,"0",USA,,,3.0620069694042,,"0"
"52123",Streetcar,Kenosha WI USA,Kenosha Electric Railway,WG&E,"1903",,,closed,,https://www.google.com/maps/d/u/0/viewer?mid=1eG3XPnoAg-M2Zw5eIzd7k_yqb3g,at grade,,,"1932",,,,Chicago Historic Interurban and Rapid Transit Map,"0",USA,,,1.28242907591222,,"0"
"52124",Streetcar,Kenosha WI USA,Kenosha Electric Railway,WG&E,"1903",,,closed,,https://www.google.com/maps/d/u/0/viewer?mid=1eG3XPnoAg-M2Zw5eIzd7k_yqb3g,at grade,,,"1932",,,,Chicago Historic Interurban and Rapid Transit Map,"0",USA,,,1.87954112650745,,"0"
"52125",Streetcar,Kenosha WI USA,Kenosha Electric Railway,WG&E,"1903",,,closed,,https://www.google.com/maps/d/u/0/viewer?mid=1eG3XPnoAg-M2Zw5eIzd7k_yqb3g,at grade,,,"1932",,,,Chicago Historic Interurban and Rapid Transit Map,"0",USA,,,0.407222714590515,,"0"
"52126",Streetcar,Kenosha WI USA,Kenosha Electric Railway,WG&E,"1903",,,closed,,https://www.google.com/maps/d/u/0/viewer?mid=1eG3XPnoAg-M2Zw5eIzd7k_yqb3g,at grade,,,"1932",,,,Chicago Historic Interurban and Rapid Transit Map,"0",USA,,,2.14400617465338,,"0"
"52127",Streetcar,Kenosha WI USA,Kenosha Electric Railway,WG&E,"1903",,,closed,,https://www.google.com/maps/d/u/0/viewer?mid=1eG3XPnoAg-M2Zw5eIzd7k_yqb3g,at grade,,,"1932",,,,Chicago Historic Interurban and Rapid Transit Map,"0",USA,,,2.45220282004171,,"0"
"52128",Streetcar,Kenosha WI USA,Kenosha Electric Railway,WG&E,"1903",,,closed,,https://www.google.com/maps/d/u/0/viewer?mid=1eG3XPnoAg-M2Zw5eIzd7k_yqb3g,at grade,,,"1932",,,,Chicago Historic Interurban and Rapid Transit Map,"0",USA,,,2.26631922134071,,"0"
"52129",Streetcar,Kenosha WI USA,Kenosha Electric Railway,WG&E,"1903",,,closed,,https://www.google.com/maps/d/u/0/viewer?mid=1eG3XPnoAg-M2Zw5eIzd7k_yqb3g,at grade,,,"1932",,,,Chicago Historic Interurban and Rapid Transit Map,"0",USA,,,1.04070579927219,,"0"
"52130",Streetcar,Waukegan IL USA,Chicago North Shore & Milwaukee Railroad,Washington to Lewis,"1891",,,closed,Years open and closed are estimated,https://www.google.com/maps/d/u/0/viewer?mid=1eG3XPnoAg-M2Zw5eIzd7k_yqb3g,at grade,,,"1951",,,,Chicago Historic Interurban and Rapid Transit Map,"0",USA,,,1.99891312201481,,"0"
"52131",Streetcar,Waukegan IL USA,Chicago North Shore & Milwaukee Railroad,Loop,"1891",,,closed,Years open and closed are estimated,https://www.google.com/maps/d/u/0/viewer?mid=1eG3XPnoAg-M2Zw5eIzd7k_yqb3g,at grade,,,"1951",,,,Chicago Historic Interurban and Rapid Transit Map,"0",USA,,,0.724066413081394,,"0"
"52132",Streetcar,Waukegan IL USA,Chicago North Shore & Milwaukee Railroad,Washington to Spring ,"1891",,,closed,Years open and closed are estimated,https://www.google.com/maps/d/u/0/viewer?mid=1eG3XPnoAg-M2Zw5eIzd7k_yqb3g,at grade,,,"1951",,,,Chicago Historic Interurban and Rapid Transit Map,"0",USA,,,0.245071085343573,,"0"
"52133",Streetcar,Waukegan IL USA,Chicago North Shore & Milwaukee Railroad,County to Franklin,"1891",,,closed,Years open and closed are estimated,https://www.google.com/maps/d/u/0/viewer?mid=1eG3XPnoAg-M2Zw5eIzd7k_yqb3g,at grade,,,"1951",,,,Chicago Historic Interurban and Rapid Transit Map,"0",USA,,,0.978761901244532,,"0"
"52134",Streetcar,Waukegan IL USA,Chicago North Shore & Milwaukee Railroad,North to Greenwood,"1891",,,closed,Years open and closed are estimated,https://www.google.com/maps/d/u/0/viewer?mid=1eG3XPnoAg-M2Zw5eIzd7k_yqb3g,at grade,,,"1951",,,,Chicago Historic Interurban and Rapid Transit Map,"0",USA,,,1.81626523636914,,"0"
"52135",Streetcar,Waukegan IL USA,Chicago North Shore & Milwaukee Railroad,North to Glen Flora,"1891",,,closed,Years open and closed are estimated,https://www.google.com/maps/d/u/0/viewer?mid=1eG3XPnoAg-M2Zw5eIzd7k_yqb3g,at grade,,,"1951",,,,Chicago Historic Interurban and Rapid Transit Map,"0",USA,,,0.424368843273349,,"0"
"52136",Streetcar,Waukegan IL USA,Chicago North Shore & Milwaukee Railroad,Glen Flora N  of Grove,"1891",,,closed,Years open and closed are estimated,https://www.google.com/maps/d/u/0/viewer?mid=1eG3XPnoAg-M2Zw5eIzd7k_yqb3g,at grade,,,"1951",,,,Chicago Historic Interurban and Rapid Transit Map,"0",USA,,,0.292494583479843,,"0"
"52137",Streetcar,Waukegan IL USA,Chicago North Shore & Milwaukee Railroad,North to Western,"1891",,,closed,Years open and closed are estimated,https://www.google.com/maps/d/u/0/viewer?mid=1eG3XPnoAg-M2Zw5eIzd7k_yqb3g,at grade,,,"1951",,,,Chicago Historic Interurban and Rapid Transit Map,"0",USA,,,0.792259596672453,,"0"
"52138",Streetcar,Waukegan IL USA,Chicago North Shore & Milwaukee Railroad,Waukegan Transfer,"1891",,,closed,Years open and closed are estimated,https://www.google.com/maps/d/u/0/viewer?mid=1eG3XPnoAg-M2Zw5eIzd7k_yqb3g,at grade,,,"1951",,,,Chicago Historic Interurban and Rapid Transit Map,"0",USA,,,0.0616934756800762,,"0"
"52139",Streetcar,Waukegan IL USA,Chicago North Shore & Milwaukee Railroad,Line 13,"1891",,,closed,Years open and closed are estimated,https://www.google.com/maps/d/u/0/viewer?mid=1eG3XPnoAg-M2Zw5eIzd7k_yqb3g,at grade,,,"1951",,,,Chicago Historic Interurban and Rapid Transit Map,"0",USA,,,0.0387815098217144,,"0"
"52140",Streetcar,Waukegan IL USA,Chicago North Shore & Milwaukee Railroad,Line 14,"1891",,,closed,Years open and closed are estimated,https://www.google.com/maps/d/u/0/viewer?mid=1eG3XPnoAg-M2Zw5eIzd7k_yqb3g,at grade,,,"1951",,,,Chicago Historic Interurban and Rapid Transit Map,"0",USA,,,0.00661748846676683,,"0"
"52141",Streetcar,Waukegan IL USA,Chicago North Shore & Milwaukee Railroad,Line 15,"1891",,,closed,Years open and closed are estimated,https://www.google.com/maps/d/u/0/viewer?mid=1eG3XPnoAg-M2Zw5eIzd7k_yqb3g,at grade,,,"1951",,,,Chicago Historic Interurban and Rapid Transit Map,"0",USA,,,0.00629225521128011,,"0"
"52142",Streetcar,Waukegan IL USA,Chicago North Shore & Milwaukee Railroad,Line 135,"1891",,,closed,Years open and closed are estimated,https://www.google.com/maps/d/u/0/viewer?mid=1eG3XPnoAg-M2Zw5eIzd7k_yqb3g,at grade,,,"1951",,,,Chicago Historic Interurban and Rapid Transit Map,"0",USA,,,0.368825246532178,,"0"
"52143",Streetcar,Waukegan IL USA,Chicago North Shore & Milwaukee Railroad,Line 136,"1891",,,closed,Years open and closed are estimated,https://www.google.com/maps/d/u/0/viewer?mid=1eG3XPnoAg-M2Zw5eIzd7k_yqb3g,at grade,,,"1951",,,,Chicago Historic Interurban and Rapid Transit Map,"0",USA,,,0.159759383732016,,"0"
"52144",Streetcar,Waukegan IL USA,Chicago North Shore & Milwaukee Railroad,Line 137,"1891",,,closed,Years open and closed are estimated,https://www.google.com/maps/d/u/0/viewer?mid=1eG3XPnoAg-M2Zw5eIzd7k_yqb3g,at grade,,,"1951",,,,Chicago Historic Interurban and Rapid Transit Map,"0",USA,,,0.0185216063647049,,"0"
"52145",Streetcar,Waukegan IL USA,Chicago North Shore & Milwaukee Railroad,Line 138,"1891",,,closed,Years open and closed are estimated,https://www.google.com/maps/d/u/0/viewer?mid=1eG3XPnoAg-M2Zw5eIzd7k_yqb3g,at grade,,,"1951",,,,Chicago Historic Interurban and Rapid Transit Map,"0",USA,,,0.0162794074379227,,"0"
"52146",Streetcar,Chicago IL USA,Chicago Surface Lines,CSL State to Halsted,"1895",,,closed,Year open is estimated,https://www.google.com/maps/d/u/0/viewer?mid=1eG3XPnoAg-M2Zw5eIzd7k_yqb3g,at grade,,,"1955",,,,Chicago Historic Interurban and Rapid Transit Map,"0",USA,,,19.0250640692717,,"0"
"52147",Streetcar,Chicago IL USA,Chicago Surface Lines,CSL Devon-Halsted,"1895",,,closed,Years open and closed are estimated,https://www.google.com/maps/d/u/0/viewer?mid=1eG3XPnoAg-M2Zw5eIzd7k_yqb3g,at grade,,,"1950",,,,Chicago Historic Interurban and Rapid Transit Map,"0",USA,,,10.8970972436987,,"0"
"52148",Streetcar,Chicago IL USA,Chicago Surface Lines,CSL Broadway,"1895",,,closed,Year open is estimated,https://www.google.com/maps/d/u/0/viewer?mid=1eG3XPnoAg-M2Zw5eIzd7k_yqb3g,at grade,,,"1957",,,,Chicago Historic Interurban and Rapid Transit Map,"0",USA,,,2.15473205064823,,"0"
"52149",Streetcar,Chicago IL USA,Chicago Surface Lines,CSL Lincoln,"1895",,,closed,Year open is estimated,https://www.google.com/maps/d/u/0/viewer?mid=1eG3XPnoAg-M2Zw5eIzd7k_yqb3g,at grade,,,"1951",,,,Chicago Historic Interurban and Rapid Transit Map,"0",USA,,,10.3371753839996,,"0"
"52150",Streetcar,Chicago IL USA,Chicago Surface Lines,CSL Division,"1895",,,closed,Year open is estimated,https://www.google.com/maps/d/u/0/viewer?mid=1eG3XPnoAg-M2Zw5eIzd7k_yqb3g,at grade,,,"1951",,,,Chicago Historic Interurban and Rapid Transit Map,"0",USA,,,5.66347112242422,,"0"
"52151",Streetcar,Chicago IL USA,Chicago Surface Lines,CSL Armitage-Milwaukee,"1895",,,closed,Year open is estimated,https://www.google.com/maps/d/u/0/viewer?mid=1eG3XPnoAg-M2Zw5eIzd7k_yqb3g,at grade,,,"1951",,,,Chicago Historic Interurban and Rapid Transit Map,"0",USA,,,5.38892456277455,,"0"
"52152",Streetcar,Chicago IL USA,Chicago Surface Lines,CSL Milwaukee,"1895",,,closed,Year open is estimated,https://www.google.com/maps/d/u/0/viewer?mid=1eG3XPnoAg-M2Zw5eIzd7k_yqb3g,at grade,,,"1952",,,,Chicago Historic Interurban and Rapid Transit Map,"0",USA,,,17.4387202841215,,"0"
"52153",Streetcar,Chicago IL USA,Chicago Surface Lines,CSL Elston,"1895",,,closed,Year open is estimated,https://www.google.com/maps/d/u/0/viewer?mid=1eG3XPnoAg-M2Zw5eIzd7k_yqb3g,at grade,,,"1951",,,,Chicago Historic Interurban and Rapid Transit Map,"0",USA,,,9.99609649146901,,"0"
"52154",Streetcar,Chicago IL USA,Chicago Surface Lines,CSL Larrabee,"1895",,,closed,Year open is estimated,https://www.google.com/maps/d/u/0/viewer?mid=1eG3XPnoAg-M2Zw5eIzd7k_yqb3g,at grade,,,"1949",,,,Chicago Historic Interurban and Rapid Transit Map,"0",USA,,,2.81577053029371,,"0"
"52155",Streetcar,Chicago IL USA,Chicago Surface Lines,CSL Sedwick-Wells,"1895",,,closed,Year open is estimated,https://www.google.com/maps/d/u/0/viewer?mid=1eG3XPnoAg-M2Zw5eIzd7k_yqb3g,at grade,,,"1947",,,,Chicago Historic Interurban and Rapid Transit Map,"0",USA,,,3.5625887396973,,"0"
"52156",Streetcar,Chicago IL USA,Chicago Surface Lines,CSL Wells-Canal,"1895",,,closed,Year open is estimated,https://www.google.com/maps/d/u/0/viewer?mid=1eG3XPnoAg-M2Zw5eIzd7k_yqb3g,at grade,,,"1924",,,,Chicago Historic Interurban and Rapid Transit Map,"0",USA,,,5.38636823899695,,"0"
"52157",Streetcar,Chicago IL USA,Chicago Surface Lines,CSL Clybourn,"1895",,,closed,Year open is estimated,https://www.google.com/maps/d/u/0/viewer?mid=1eG3XPnoAg-M2Zw5eIzd7k_yqb3g,at grade,,,"1947",,,,Chicago Historic Interurban and Rapid Transit Map,"0",USA,,,5.64567944271722,,"0"
"52158",Streetcar,Chicago IL USA,Chicago Surface Lines,CSL Lake,"1895",,,closed,Year open is estimated,https://www.google.com/maps/d/u/0/viewer?mid=1eG3XPnoAg-M2Zw5eIzd7k_yqb3g,at grade,,,"1954",,,,Chicago Historic Interurban and Rapid Transit Map,"0",USA,,,11.5320783195157,,"0"
"52159",Streetcar,Chicago IL USA,Chicago Surface Lines,CSL Madison,"1895",,,closed,Year open is estimated,https://www.google.com/maps/d/u/0/viewer?mid=1eG3XPnoAg-M2Zw5eIzd7k_yqb3g,at grade,,,"1953",,,,Chicago Historic Interurban and Rapid Transit Map,"0",USA,,,11.4409498986302,,"0"
"52160",Streetcar,Chicago IL USA,Chicago Surface Lines,CSL Harrison,"1895",,,closed,Year open is estimated,https://www.google.com/maps/d/u/0/viewer?mid=1eG3XPnoAg-M2Zw5eIzd7k_yqb3g,at grade,,,"1948",,,,Chicago Historic Interurban and Rapid Transit Map,"0",USA,,,11.3730911189028,,"0"
"52161",Streetcar,Chicago IL USA,Chicago Surface Lines,CSL 5th Ave-Harrison/Madison,"1895",,,closed,Years open and closed are estimated,https://www.google.com/maps/d/u/0/viewer?mid=1eG3XPnoAg-M2Zw5eIzd7k_yqb3g,at grade,,,"1948",,,,Chicago Historic Interurban and Rapid Transit Map,"0",USA,,,2.46212588979056,,"0"
"52162",Streetcar,Chicago IL USA,Chicago Surface Lines,CSL Van Buren,"1895",,,closed,Year open is estimated,https://www.google.com/maps/d/u/0/viewer?mid=1eG3XPnoAg-M2Zw5eIzd7k_yqb3g,at grade,,,"1951",,,,Chicago Historic Interurban and Rapid Transit Map,"0",USA,,,6.50852026321528,,"0"
"52163",Streetcar,Chicago IL USA,Chicago Surface Lines,CSL Ogden,"1895",,,closed,Year open is estimated,https://www.google.com/maps/d/u/0/viewer?mid=1eG3XPnoAg-M2Zw5eIzd7k_yqb3g,at grade,,,"1951",,,,Chicago Historic Interurban and Rapid Transit Map,"0",USA,,,9.16103006409437,,"0"
"52164",Streetcar,Chicago IL USA,Chicago Surface Lines,CSL Randolph,"1895",,,closed,Years open and closed are estimated,https://www.google.com/maps/d/u/0/viewer?mid=1eG3XPnoAg-M2Zw5eIzd7k_yqb3g,at grade,,,"1950",,,,Chicago Historic Interurban and Rapid Transit Map,"0",USA,,,2.95456873202792,,"0"
"52165",Streetcar,Chicago IL USA,Chicago Surface Lines,CSL Taylor and Roosevelt,"1895",,,closed,Year open is estimated,https://www.google.com/maps/d/u/0/viewer?mid=1eG3XPnoAg-M2Zw5eIzd7k_yqb3g,at grade,,,"1947",,,,Chicago Historic Interurban and Rapid Transit Map,"0",USA,,,15.3769377272792,,"0"
"52166",Streetcar,Chicago IL USA,Chicago Surface Lines,CSL Morgan/120th/119th Loop,"1895",,,closed,Years open and closed are estimated,https://www.google.com/maps/d/u/0/viewer?mid=1eG3XPnoAg-M2Zw5eIzd7k_yqb3g,at grade,,,"1946",,,,Chicago Historic Interurban and Rapid Transit Map,"0",USA,,,1.16776401108367,,"0"
"52167",Streetcar,Chicago IL USA,Chicago Surface Lines,CSL South Side State to Division,"1895",,,closed,Year open is estimated,https://www.google.com/maps/d/u/0/viewer?mid=1eG3XPnoAg-M2Zw5eIzd7k_yqb3g,at grade,,,"1955",,,,Chicago Historic Interurban and Rapid Transit Map,"0",USA,,,27.4272880907636,,"0"
"52168",Streetcar,Chicago IL USA,Chicago Surface Lines,CSL Vincennes-Cermak,"1895",,,closed,Year open is estimated,https://www.google.com/maps/d/u/0/viewer?mid=1eG3XPnoAg-M2Zw5eIzd7k_yqb3g,at grade,,,"1946",,,,Chicago Historic Interurban and Rapid Transit Map,"0",USA,,,12.5989252452574,,"0"
"52169",Streetcar,Chicago IL USA,Chicago Surface Lines,CSL Archer,"1895",,,closed,Year open is estimated,https://www.google.com/maps/d/u/0/viewer?mid=1eG3XPnoAg-M2Zw5eIzd7k_yqb3g,at grade,,,"1948",,,,Chicago Historic Interurban and Rapid Transit Map,"0",USA,,,11.7089521199145,,"0"
"52170",Streetcar,Chicago IL USA,Chicago Surface Lines,CSL Wentworth to Archer,"1895",,,closed,Year open is estimated,https://www.google.com/maps/d/u/0/viewer?mid=1eG3XPnoAg-M2Zw5eIzd7k_yqb3g,at grade,,,"1957",,,,Chicago Historic Interurban and Rapid Transit Map,"0",USA,,,0.177966308677118,,"0"
"52171",Streetcar,Chicago IL USA,Chicago Surface Lines,CSL 26th-Blue Island,"1895",,,closed,Year open is estimated,https://www.google.com/maps/d/u/0/viewer?mid=1eG3XPnoAg-M2Zw5eIzd7k_yqb3g,at grade,,,"1948",,,,Chicago Historic Interurban and Rapid Transit Map,"0",USA,,,9.12245215759645,,"0"
"52172",Streetcar,Chicago IL USA,Chicago Surface Lines,CSL Ashland,"1895",,,closed,Year open is estimated,https://www.google.com/maps/d/u/0/viewer?mid=1eG3XPnoAg-M2Zw5eIzd7k_yqb3g,at grade,,,"1954",,,,Chicago Historic Interurban and Rapid Transit Map,"0",USA,,,12.9747490502699,,"0"
"52173",Streetcar,Chicago IL USA,Chicago Surface Lines,CSL Racine-Halsted,"1895",,,closed,Year open is estimated,https://www.google.com/maps/d/u/0/viewer?mid=1eG3XPnoAg-M2Zw5eIzd7k_yqb3g,at grade,,,"1948",,,,Chicago Historic Interurban and Rapid Transit Map,"0",USA,,,13.1569348090871,,"0"
"52174",Streetcar,Chicago IL USA,Chicago Surface Lines,CSL Root-Wallace-Canal,"1895",,,closed,Year open is estimated,https://www.google.com/maps/d/u/0/viewer?mid=1eG3XPnoAg-M2Zw5eIzd7k_yqb3g,at grade,,,"1951",,,,Chicago Historic Interurban and Rapid Transit Map,"0",USA,,,6.02883121962033,,"0"
"52175",Streetcar,Chicago IL USA,Chicago Surface Lines,CSL Indiana,"1895",,,closed,Year open is estimated,https://www.google.com/maps/d/u/0/viewer?mid=1eG3XPnoAg-M2Zw5eIzd7k_yqb3g,at grade,,,"1953",,,,Chicago Historic Interurban and Rapid Transit Map,"0",USA,,,6.62290185946254,,"0"
"52176",Streetcar,Chicago IL USA,Chicago Surface Lines,CSL Champlain/115th/111th Loop,"1895",,,closed,Year open is estimated,https://www.google.com/maps/d/u/0/viewer?mid=1eG3XPnoAg-M2Zw5eIzd7k_yqb3g,at grade,,,"1945",,,,Chicago Historic Interurban and Rapid Transit Map,"0",USA,,,2.22409100953238,,"0"
"52177",Streetcar,Chicago IL USA,Chicago Surface Lines,CSL Cottage Grove,"1895",,,closed,Year open is estimated,https://www.google.com/maps/d/u/0/viewer?mid=1eG3XPnoAg-M2Zw5eIzd7k_yqb3g,at grade,,,"1946",,,,Chicago Historic Interurban and Rapid Transit Map,"0",USA,,,18.7652056945903,,"0"
"52178",Streetcar,Chicago IL USA,Chicago Surface Lines,CSL Lake Park-Stony Island,"1895",,,closed,Year open is estimated,https://www.google.com/maps/d/u/0/viewer?mid=1eG3XPnoAg-M2Zw5eIzd7k_yqb3g,at grade,,,"1951",,,,Chicago Historic Interurban and Rapid Transit Map,"0",USA,,,10.6742145092753,,"0"
"52179",Streetcar,Chicago IL USA,Chicago Surface Lines,CSL 55th,"1895",,,closed,Year open is estimated,https://www.google.com/maps/d/u/0/viewer?mid=1eG3XPnoAg-M2Zw5eIzd7k_yqb3g,at grade,,,"1948",,,,Chicago Historic Interurban and Rapid Transit Map,"0",USA,,,1.55892871652533,,"0"
"52180",Streetcar,Chicago IL USA,Chicago Surface Lines,CSL Western,"1895",,,closed,Year open is estimated,https://www.google.com/maps/d/u/0/viewer?mid=1eG3XPnoAg-M2Zw5eIzd7k_yqb3g,at grade,,,"1956",,,,Chicago Historic Interurban and Rapid Transit Map,"0",USA,,,36.4345533337552,,"0"
"52181",Streetcar,Chicago IL USA,Chicago Surface Lines,CSL Grand,"1895",,,closed,Year open is estimated,https://www.google.com/maps/d/u/0/viewer?mid=1eG3XPnoAg-M2Zw5eIzd7k_yqb3g,at grade,,,"1951",,,,Chicago Historic Interurban and Rapid Transit Map,"0",USA,,,16.8834959230085,,"0"
"52182",Streetcar,Chicago IL USA,Chicago Surface Lines,CSL Cicero,"1895",,,closed,Year open is estimated,https://www.google.com/maps/d/u/0/viewer?mid=1eG3XPnoAg-M2Zw5eIzd7k_yqb3g,at grade,,,"1951",,,,Chicago Historic Interurban and Rapid Transit Map,"0",USA,,,12.8765250883714,,"0"
"52183",Streetcar,Chicago IL USA,Chicago Surface Lines,CSL Pulaski,"1895",,,closed,Year open is estimated,https://www.google.com/maps/d/u/0/viewer?mid=1eG3XPnoAg-M2Zw5eIzd7k_yqb3g,at grade,,,"1951",,,,Chicago Historic Interurban and Rapid Transit Map,"0",USA,,,16.2145606255917,,"0"
"52184",Streetcar,Chicago IL USA,Chicago Surface Lines,CSL Kedzie,"1895",,,closed,Year open is estimated,https://www.google.com/maps/d/u/0/viewer?mid=1eG3XPnoAg-M2Zw5eIzd7k_yqb3g,at grade,,,"1954",,,,Chicago Historic Interurban and Rapid Transit Map,"0",USA,,,13.7642448597998,,"0"
"52185",Streetcar,Chicago IL USA,Chicago Surface Lines,CSL Chicago Ave,"1895",,,closed,Year open is estimated,https://www.google.com/maps/d/u/0/viewer?mid=1eG3XPnoAg-M2Zw5eIzd7k_yqb3g,at grade,,,"1952",,,,Chicago Historic Interurban and Rapid Transit Map,"0",USA,,,13.0971980950713,,"0"
"52186",Streetcar,Chicago IL USA,Chicago Surface Lines,CSL Damen,"1895",,,closed,Year open is estimated,https://www.google.com/maps/d/u/0/viewer?mid=1eG3XPnoAg-M2Zw5eIzd7k_yqb3g,at grade,,,"1951",,,,Chicago Historic Interurban and Rapid Transit Map,"0",USA,,,8.49950677523919,,"0"
"52187",Streetcar,Chicago IL USA,Chicago Surface Lines,CSL Kedzie,"1895",,,closed,Year open is estimated,https://www.google.com/maps/d/u/0/viewer?mid=1eG3XPnoAg-M2Zw5eIzd7k_yqb3g,at grade,,,"1954",,,,Chicago Historic Interurban and Rapid Transit Map,"0",USA,,,5.98849874086875,,"0"
"52188",Streetcar,Chicago IL USA,Chicago Surface Lines,CSL Lawrence,"1895",,,closed,Year open is estimated,https://www.google.com/maps/d/u/0/viewer?mid=1eG3XPnoAg-M2Zw5eIzd7k_yqb3g,at grade,,,"1951",,,,Chicago Historic Interurban and Rapid Transit Map,"0",USA,,,9.76269662790746,,"0"
"52189",Streetcar,Chicago IL USA,Chicago Surface Lines,CSL Irving Park,"1895",,,closed,Year open is estimated,https://www.google.com/maps/d/u/0/viewer?mid=1eG3XPnoAg-M2Zw5eIzd7k_yqb3g,at grade,,,"1948",,,,Chicago Historic Interurban and Rapid Transit Map,"0",USA,,,11.6384836904956,,"0"
"52190",Streetcar,Chicago IL USA,Chicago Surface Lines,CSL Southport-Armitage,"1895",,,closed,Year open is estimated,https://www.google.com/maps/d/u/0/viewer?mid=1eG3XPnoAg-M2Zw5eIzd7k_yqb3g,at grade,,,"1924",,,,Chicago Historic Interurban and Rapid Transit Map,"0",USA,,,6.63953740479352,,"0"
"52191",Streetcar,Chicago IL USA,Chicago Surface Lines,CSL Armitage 2,"1895",,,closed,Year open is estimated,https://www.google.com/maps/d/u/0/viewer?mid=1eG3XPnoAg-M2Zw5eIzd7k_yqb3g,at grade,,,"1951",,,,Chicago Historic Interurban and Rapid Transit Map,"0",USA,,,2.33186670748376,,"0"
"52192",Streetcar,Chicago IL USA,Chicago Surface Lines,CSL Leavitt-18th,"1895",,,closed,Year open is estimated,https://www.google.com/maps/d/u/0/viewer?mid=1eG3XPnoAg-M2Zw5eIzd7k_yqb3g,at grade,,,"1948",,,,Chicago Historic Interurban and Rapid Transit Map,"0",USA,,,5.71493594531229,,"0"
"52193",Streetcar,Chicago IL USA,Chicago Surface Lines,CSL 14th St,"1895",,,closed,Year open is estimated,https://www.google.com/maps/d/u/0/viewer?mid=1eG3XPnoAg-M2Zw5eIzd7k_yqb3g,at grade,,,"1948",,,,Chicago Historic Interurban and Rapid Transit Map,"0",USA,,,3.07032791032225,,"0"
"52194",Streetcar,Chicago IL USA,Chicago Surface Lines,CSL Halsted 2,"1895",,,closed,Year open is estimated,https://www.google.com/maps/d/u/0/viewer?mid=1eG3XPnoAg-M2Zw5eIzd7k_yqb3g,at grade,,,"1954",,,,Chicago Historic Interurban and Rapid Transit Map,"0",USA,,,10.1075583425391,,"0"
"52195",Streetcar,Chicago IL USA,Chicago Surface Lines,CSL Halsted-Vincennes,"1895",,,closed,Year open is estimated,https://www.google.com/maps/d/u/0/viewer?mid=1eG3XPnoAg-M2Zw5eIzd7k_yqb3g,at grade,,,"1946",,,,Chicago Historic Interurban and Rapid Transit Map,"0",USA,,,15.9025122024498,,"0"
"52196",Streetcar,Chicago IL USA,Chicago Surface Lines,CSL 95th Michigan/Cottage Grove,"1895",,,closed,Year open is estimated,https://www.google.com/maps/d/u/0/viewer?mid=1eG3XPnoAg-M2Zw5eIzd7k_yqb3g,at grade,,,"1951",,,,Chicago Historic Interurban and Rapid Transit Map,"0",USA,,,1.34302244463932,,"0"
"52197",Streetcar,Chicago IL USA,Chicago Surface Lines,CSL 95th-93rd,"1895",,,closed,Year open is estimated,https://www.google.com/maps/d/u/0/viewer?mid=1eG3XPnoAg-M2Zw5eIzd7k_yqb3g,at grade,,,"1951",,,,Chicago Historic Interurban and Rapid Transit Map,"0",USA,,,4.88189243957485,,"0"
"52198",Streetcar,Chicago IL USA,Chicago Surface Lines,CSL Baltimore/91st/92nd/Commercial,"1895",,,closed,Year open is estimated,https://www.google.com/maps/d/u/0/viewer?mid=1eG3XPnoAg-M2Zw5eIzd7k_yqb3g,at grade,,,"1949",,,,Chicago Historic Interurban and Rapid Transit Map,"0",USA,,,0.868026173753549,,"0"
"52199",Streetcar,Chicago IL USA,Chicago Surface Lines,CSL South Chicago Ave,"1895",,,closed,Year open is estimated,https://www.google.com/maps/d/u/0/viewer?mid=1eG3XPnoAg-M2Zw5eIzd7k_yqb3g,at grade,,,"1952",,,,Chicago Historic Interurban and Rapid Transit Map,"0",USA,,,6.12207467938426,,"0"
"52200",Streetcar,Chicago IL USA,Chicago Surface Lines,CSL 63rd,"1895",,,closed,Year open is estimated,https://www.google.com/maps/d/u/0/viewer?mid=1eG3XPnoAg-M2Zw5eIzd7k_yqb3g,at grade,,,"1953",,,,Chicago Historic Interurban and Rapid Transit Map,"0",USA,,,19.0722788048916,,"0"
"52201",Streetcar,Chicago IL USA,Chicago Surface Lines,CSL Stony Island/63rd/64th/Blackstone Loop,"1895",,,closed,Year open is estimated,https://www.google.com/maps/d/u/0/viewer?mid=1eG3XPnoAg-M2Zw5eIzd7k_yqb3g,at grade,,,"1951",,,,Chicago Historic Interurban and Rapid Transit Map,"0",USA,,,0.412394248175537,,"0"
"52202",Streetcar,Chicago IL USA,Chicago Surface Lines,CSL 47th to Racine,"1895",,,closed,Year open is estimated,https://www.google.com/maps/d/u/0/viewer?mid=1eG3XPnoAg-M2Zw5eIzd7k_yqb3g,at grade,,,"1951",,,,Chicago Historic Interurban and Rapid Transit Map,"0",USA,,,4.04814623231961,,"0"
"52203",Streetcar,Chicago IL USA,Chicago Surface Lines,CSL 47th Halsted/Cottage Grove,"1895",,,closed,Year open is estimated,https://www.google.com/maps/d/u/0/viewer?mid=1eG3XPnoAg-M2Zw5eIzd7k_yqb3g,at grade,,,"1951",,,,Chicago Historic Interurban and Rapid Transit Map,"0",USA,,,3.23906966852286,,"0"
"52204",Streetcar,Chicago IL USA,Chicago Surface Lines,CSL 47th to Beach,"1895",,,closed,Year open is estimated,https://www.google.com/maps/d/u/0/viewer?mid=1eG3XPnoAg-M2Zw5eIzd7k_yqb3g,at grade,,,"1951",,,,Chicago Historic Interurban and Rapid Transit Map,"0",USA,,,0.323532625371724,,"0"
"52205",Streetcar,Chicago IL USA,Chicago Surface Lines,CSL 51st,"1895",,,closed,Year open is estimated,https://www.google.com/maps/d/u/0/viewer?mid=1eG3XPnoAg-M2Zw5eIzd7k_yqb3g,at grade,,,"1948",,,,Chicago Historic Interurban and Rapid Transit Map,"0",USA,,,8.87020702853419,,"0"
"52206",Streetcar,Chicago IL USA,Chicago Surface Lines,CSL 79th,"1895",,,closed,Year open is estimated,https://www.google.com/maps/d/u/0/viewer?mid=1eG3XPnoAg-M2Zw5eIzd7k_yqb3g,at grade,,,"1951",,,,Chicago Historic Interurban and Rapid Transit Map,"0",USA,,,11.378426179219,,"0"
"52207",Streetcar,Chicago IL USA,Chicago Surface Lines,CSL Brandon-Buffalo,"1895",,,closed,Year open is estimated,https://www.google.com/maps/d/u/0/viewer?mid=1eG3XPnoAg-M2Zw5eIzd7k_yqb3g,at grade,,,"1946",,,,Chicago Historic Interurban and Rapid Transit Map,"0",USA,,,2.8051871868951,,"0"
"52208",Streetcar,Chicago IL USA,Chicago Surface Lines,CSL Commercial to 91st,"1895",,,closed,Years open and closed are estimated,https://www.google.com/maps/d/u/0/viewer?mid=1eG3XPnoAg-M2Zw5eIzd7k_yqb3g,at grade,,,"1950",,,,Chicago Historic Interurban and Rapid Transit Map,"0",USA,,,2.46638681759376,,"0"
"52209",Streetcar,Chicago IL USA,Chicago Surface Lines,CSL Exchange-Torrence,"1895",,,closed,Year open is estimated,https://www.google.com/maps/d/u/0/viewer?mid=1eG3XPnoAg-M2Zw5eIzd7k_yqb3g,at grade,,,"1948",,,,Chicago Historic Interurban and Rapid Transit Map,"0",USA,,,4.12047186041295,,"0"
"52210",Streetcar,Chicago IL USA,Chicago Surface Lines,CSL 87th,"1895",,,closed,Year open is estimated,https://www.google.com/maps/d/u/0/viewer?mid=1eG3XPnoAg-M2Zw5eIzd7k_yqb3g,at grade,,,"1951",,,,Chicago Historic Interurban and Rapid Transit Map,"0",USA,,,7.67411525534927,,"0"
"52211",Streetcar,Chicago IL USA,Chicago Surface Lines,CSL Pershing-Morgan,"1895",,,closed,Year open is estimated,https://www.google.com/maps/d/u/0/viewer?mid=1eG3XPnoAg-M2Zw5eIzd7k_yqb3g,at grade,,,"1948",,,,Chicago Historic Interurban and Rapid Transit Map,"0",USA,,,13.6709727185755,,"0"
"52212",Streetcar,Chicago IL USA,Chicago Surface Lines,CSL Ashland,"1895",,,closed,Year open is estimated,https://www.google.com/maps/d/u/0/viewer?mid=1eG3XPnoAg-M2Zw5eIzd7k_yqb3g,at grade,,,"1954",,,,Chicago Historic Interurban and Rapid Transit Map,"0",USA,,,7.67555489256911,,"0"
"52213",Streetcar,Chicago IL USA,Chicago Surface Lines,CSL 43rd-Root,"1895",,,closed,Year open is estimated,https://www.google.com/maps/d/u/0/viewer?mid=1eG3XPnoAg-M2Zw5eIzd7k_yqb3g,at grade,,,"1953",,,,Chicago Historic Interurban and Rapid Transit Map,"0",USA,,,3.96133013158677,,"0"
"52214",Streetcar,Chicago IL USA,Chicago Surface Lines,CSL 35th-36th,"1895",,,closed,Year open is estimated,https://www.google.com/maps/d/u/0/viewer?mid=1eG3XPnoAg-M2Zw5eIzd7k_yqb3g,at grade,,,"1951",,,,Chicago Historic Interurban and Rapid Transit Map,"0",USA,,,7.77901335195214,,"0"
"52215",Streetcar,Chicago IL USA,Chicago Surface Lines,CSL 38th,"1895",,,closed,Year open is estimated,https://www.google.com/maps/d/u/0/viewer?mid=1eG3XPnoAg-M2Zw5eIzd7k_yqb3g,at grade,,,"1948",,,,Chicago Historic Interurban and Rapid Transit Map,"0",USA,,,2.40392249741931,,"0"
"52216",Streetcar,Chicago IL USA,Chicago Surface Lines,CSL North,"1895",,,closed,Year open is estimated,https://www.google.com/maps/d/u/0/viewer?mid=1eG3XPnoAg-M2Zw5eIzd7k_yqb3g,at grade,,,"1949",,,,Chicago Historic Interurban and Rapid Transit Map,"0",USA,,,12.6010383556942,,"0"
"52217",Streetcar,Chicago IL USA,Chicago Surface Lines,CSL California,"1895",,,closed,Year open is estimated,https://www.google.com/maps/d/u/0/viewer?mid=1eG3XPnoAg-M2Zw5eIzd7k_yqb3g,at grade,,,"1954",,,,Chicago Historic Interurban and Rapid Transit Map,"0",USA,,,5.1350507561013,,"0"
"52218",Streetcar,Chicago IL USA,Chicago Surface Lines,CSL Fullerton,"1895",,,closed,Year open is estimated,https://www.google.com/maps/d/u/0/viewer?mid=1eG3XPnoAg-M2Zw5eIzd7k_yqb3g,at grade,,,"1949",,,,Chicago Historic Interurban and Rapid Transit Map,"0",USA,,,9.72573451814315,,"0"
"52219",Streetcar,Chicago IL USA,Chicago Surface Lines,CSL 26th,"1895",,,closed,Year open is estimated,https://www.google.com/maps/d/u/0/viewer?mid=1eG3XPnoAg-M2Zw5eIzd7k_yqb3g,at grade,,,"1948",,,,Chicago Historic Interurban and Rapid Transit Map,"0",USA,,,1.62545899285369,,"0"
"52220",Streetcar,Chicago IL USA,Chicago Surface Lines,CSL 31st,"1895",,,closed,Year open is estimated,https://www.google.com/maps/d/u/0/viewer?mid=1eG3XPnoAg-M2Zw5eIzd7k_yqb3g,at grade,,,"1948",,,,Chicago Historic Interurban and Rapid Transit Map,"0",USA,,,4.19547569247842,,"0"
"52221",Streetcar,Chicago IL USA,Chicago Surface Lines,CSL Cermak,"1895",,,closed,Year open is estimated,https://www.google.com/maps/d/u/0/viewer?mid=1eG3XPnoAg-M2Zw5eIzd7k_yqb3g,at grade,,,"1954",,,,Chicago Historic Interurban and Rapid Transit Map,"0",USA,,,11.7814971833559,,"0"
"52222",Streetcar,Chicago IL USA,Chicago Surface Lines,CSL Belmont,"1895",,,closed,Year open is estimated,https://www.google.com/maps/d/u/0/viewer?mid=1eG3XPnoAg-M2Zw5eIzd7k_yqb3g,at grade,,,"1949",,,,Chicago Historic Interurban and Rapid Transit Map,"0",USA,,,9.71721062678188,,"0"
"52223",Streetcar,Chicago IL USA,Chicago Surface Lines,CSL 16th,"1895",,,closed,Year open is estimated,https://www.google.com/maps/d/u/0/viewer?mid=1eG3XPnoAg-M2Zw5eIzd7k_yqb3g,at grade,,,"1948",,,,Chicago Historic Interurban and Rapid Transit Map,"0",USA,,,2.71562849349017,,"0"
"52224",Streetcar,Chicago IL USA,Chicago Surface Lines,CSL Racine-Webster,"1895",,,closed,Year open is estimated,https://www.google.com/maps/d/u/0/viewer?mid=1eG3XPnoAg-M2Zw5eIzd7k_yqb3g,at grade,,,"1948",,,,Chicago Historic Interurban and Rapid Transit Map,"0",USA,,,1.60877783785481,,"0"
"52225",Streetcar,Chicago IL USA,Chicago Surface Lines,CSL Ashland south from Roosevelt,"1895",,,closed,Year open is estimated,https://www.google.com/maps/d/u/0/viewer?mid=1eG3XPnoAg-M2Zw5eIzd7k_yqb3g,at grade,,,"1954",,,,Chicago Historic Interurban and Rapid Transit Map,"0",USA,,,3.2439739396563,,"0"
"52226",Streetcar,Chicago IL USA,Chicago Surface Lines,CSL Pulaski to Kostner,"1895",,,closed,Year open is estimated,https://www.google.com/maps/d/u/0/viewer?mid=1eG3XPnoAg-M2Zw5eIzd7k_yqb3g,at grade,,,"1951",,,,Chicago Historic Interurban and Rapid Transit Map,"0",USA,,,0.805664685707618,,"0"
"52227",Streetcar,Chicago IL USA,Chicago Surface Lines,CSL 59th,"1895",,,closed,Year open is estimated,https://www.google.com/maps/d/u/0/viewer?mid=1eG3XPnoAg-M2Zw5eIzd7k_yqb3g,at grade,,,"1948",,,,Chicago Historic Interurban and Rapid Transit Map,"0",USA,,,7.16468808686758,,"0"
"52228",Streetcar,Chicago IL USA,Chicago Surface Lines,CSL 69th-67th,"1895",,,closed,Year open is estimated,https://www.google.com/maps/d/u/0/viewer?mid=1eG3XPnoAg-M2Zw5eIzd7k_yqb3g,at grade,,,"1953",,,,Chicago Historic Interurban and Rapid Transit Map,"0",USA,,,10.0028251078821,,"0"
"52229",Streetcar,Chicago IL USA,Chicago Surface Lines,CSL Stony Island-73rd-Coles,"1895",,,closed,Year open is estimated,https://www.google.com/maps/d/u/0/viewer?mid=1eG3XPnoAg-M2Zw5eIzd7k_yqb3g,at grade,,,"1951",,,,Chicago Historic Interurban and Rapid Transit Map,"0",USA,,,3.62823045468325,,"0"
"52230",Streetcar,Chicago IL USA,Chicago Surface Lines,Line 135,"1895",,,closed,Years open and closed are estimated,https://www.google.com/maps/d/u/0/viewer?mid=1eG3XPnoAg-M2Zw5eIzd7k_yqb3g,at grade,,,"1950",,,,Chicago Historic Interurban and Rapid Transit Map,"0",USA,,,0.243867643367961,,"0"
"52231",Streetcar,Chicago IL USA,Chicago Surface Lines,Line 136,"1895",,,closed,Years open and closed are estimated,https://www.google.com/maps/d/u/0/viewer?mid=1eG3XPnoAg-M2Zw5eIzd7k_yqb3g,at grade,,,"1950",,,,Chicago Historic Interurban and Rapid Transit Map,"0",USA,,,0.817997009400437,,"0"
"52232",Streetcar,Chicago IL USA,Chicago Surface Lines,Line 137,"1895",,,closed,Years open and closed are estimated,https://www.google.com/maps/d/u/0/viewer?mid=1eG3XPnoAg-M2Zw5eIzd7k_yqb3g,at grade,,,"1950",,,,Chicago Historic Interurban and Rapid Transit Map,"0",USA,,,0.162788182004738,,"0"
"52233",Streetcar,Chicago IL USA,Chicago Surface Lines,Line 138,"1895",,,closed,Years open and closed are estimated,https://www.google.com/maps/d/u/0/viewer?mid=1eG3XPnoAg-M2Zw5eIzd7k_yqb3g,at grade,,,"1950",,,,Chicago Historic Interurban and Rapid Transit Map,"0",USA,,,3.97445137297318,,"0"
"52234",Streetcar,Chicago IL USA,Chicago Surface Lines,Line 139,"1895",,,closed,Years open and closed are estimated,https://www.google.com/maps/d/u/0/viewer?mid=1eG3XPnoAg-M2Zw5eIzd7k_yqb3g,at grade,,,"1950",,,,Chicago Historic Interurban and Rapid Transit Map,"0",USA,,,0.134141667066751,,"0"
"52235",Streetcar,Chicago IL USA,Chicago Surface Lines,CSL Dearborn,"1895",,,closed,Years open and closed are estimated,https://www.google.com/maps/d/u/0/viewer?mid=1eG3XPnoAg-M2Zw5eIzd7k_yqb3g,at grade,,,"1950",,,,Chicago Historic Interurban and Rapid Transit Map,"0",USA,,,2.01101226180612,,"0"
"52236",Streetcar,Chicago IL USA,Chicago Surface Lines,Line 141,"1895",,,closed,Years open and closed are estimated,https://www.google.com/maps/d/u/0/viewer?mid=1eG3XPnoAg-M2Zw5eIzd7k_yqb3g,at grade,,,"1950",,,,Chicago Historic Interurban and Rapid Transit Map,"0",USA,,,0.542732385161244,,"0"
"52237",Streetcar,Chicago IL USA,Chicago Surface Lines,CSL Clinton,"1895",,,closed,Year open is estimated,https://www.google.com/maps/d/u/0/viewer?mid=1eG3XPnoAg-M2Zw5eIzd7k_yqb3g,at grade,,,"1945",,,,Chicago Historic Interurban and Rapid Transit Map,"0",USA,,,0.83534561038231,,"0"
"52238",Streetcar,Chicago IL USA,Chicago Surface Lines,"CSL Desplaines-Washington
","1895",,,closed,Years open and closed are estimated,https://www.google.com/maps/d/u/0/viewer?mid=1eG3XPnoAg-M2Zw5eIzd7k_yqb3g,at grade,,,"1950",,,,Chicago Historic Interurban and Rapid Transit Map,"0",USA,,,1.87808073342094,,"0"
"52239",Streetcar,Chicago IL USA,Chicago Surface Lines,CSL Monroe,"1895",,,closed,Year open is estimated,https://www.google.com/maps/d/u/0/viewer?mid=1eG3XPnoAg-M2Zw5eIzd7k_yqb3g,at grade,,,"1950",,,,Chicago Historic Interurban and Rapid Transit Map,"0",USA,,,0.978448613304865,,"0"
"52240",Streetcar,Chicago IL USA,Chicago Surface Lines,Line 145,"1895",,,closed,Years open and closed are estimated,https://www.google.com/maps/d/u/0/viewer?mid=1eG3XPnoAg-M2Zw5eIzd7k_yqb3g,at grade,,,"1950",,,,Chicago Historic Interurban and Rapid Transit Map,"0",USA,,,0.514999043967793,,"0"
"52241",Streetcar,Chicago IL USA,Chicago Surface Lines,Line 146,"1895",,,closed,Years open and closed are estimated,https://www.google.com/maps/d/u/0/viewer?mid=1eG3XPnoAg-M2Zw5eIzd7k_yqb3g,at grade,,,"1950",,,,Chicago Historic Interurban and Rapid Transit Map,"0",USA,,,0.132877264626174,,"0"
"52242",Streetcar,Chicago IL USA,Chicago Surface Lines,Line 147,"1895",,,closed,Years open and closed are estimated,https://www.google.com/maps/d/u/0/viewer?mid=1eG3XPnoAg-M2Zw5eIzd7k_yqb3g,at grade,,,"1950",,,,Chicago Historic Interurban and Rapid Transit Map,"0",USA,,,0.132803248483848,,"0"
"52243",Streetcar,Chicago IL USA,Chicago Surface Lines,Line 148,"1895",,,closed,Years open and closed are estimated,https://www.google.com/maps/d/u/0/viewer?mid=1eG3XPnoAg-M2Zw5eIzd7k_yqb3g,at grade,,,"1950",,,,Chicago Historic Interurban and Rapid Transit Map,"0",USA,,,0.618150367107121,,"0"
"52244",Streetcar,Chicago IL USA,Chicago Surface Lines,CSL Adams,"1895",,,closed,Years open and closed are estimated,https://www.google.com/maps/d/u/0/viewer?mid=1eG3XPnoAg-M2Zw5eIzd7k_yqb3g,at grade,,,"1948",,,,Chicago Historic Interurban and Rapid Transit Map,"0",USA,,,2.44148509024439,,"0"
"52245",Streetcar,Chicago IL USA,Chicago Surface Lines,CSL Dearborn N,"1895",,,closed,Years open and closed are estimated,https://www.google.com/maps/d/u/0/viewer?mid=1eG3XPnoAg-M2Zw5eIzd7k_yqb3g,at grade,,,"1950",,,,Chicago Historic Interurban and Rapid Transit Map,"0",USA,,,0.688325028409608,,"0"
"52246",Streetcar,Racine WI USA,Milwaukee Electric Railway and Light Company,TMER&L Racine,"1892",,,closed,Years open and closed are estimated,https://www.google.com/maps/d/u/0/viewer?mid=1eG3XPnoAg-M2Zw5eIzd7k_yqb3g,at grade,,,"1940",,,,Chicago Historic Interurban and Rapid Transit Map,"0",USA,,,2.48360757221917,,"0"
"52247",Streetcar,Racine WI USA,Milwaukee Electric Railway and Light Company,TMER&L Racine,"1892",,,closed,Years open and closed are estimated,https://www.google.com/maps/d/u/0/viewer?mid=1eG3XPnoAg-M2Zw5eIzd7k_yqb3g,at grade,,,"1940",,,,Chicago Historic Interurban and Rapid Transit Map,"0",USA,,,0.815869816883997,,"0"
"52248",Streetcar,Racine WI USA,Milwaukee Electric Railway and Light Company,TMER&L Racine,"1892",,,closed,Years open and closed are estimated,https://www.google.com/maps/d/u/0/viewer?mid=1eG3XPnoAg-M2Zw5eIzd7k_yqb3g,at grade,,,"1940",,,,Chicago Historic Interurban and Rapid Transit Map,"0",USA,,,2.02488323018364,,"0"
"52249",Streetcar,Racine WI USA,Milwaukee Electric Railway and Light Company,TMER&L Racine,"1892",,,closed,Years open and closed are estimated,https://www.google.com/maps/d/u/0/viewer?mid=1eG3XPnoAg-M2Zw5eIzd7k_yqb3g,at grade,,,"1940",,,,Chicago Historic Interurban and Rapid Transit Map,"0",USA,,,2.06166556091895,,"0"
"52250",Streetcar,Racine WI USA,Milwaukee Electric Railway and Light Company,TMER&L Racine,"1892",,,closed,Years open and closed are estimated,https://www.google.com/maps/d/u/0/viewer?mid=1eG3XPnoAg-M2Zw5eIzd7k_yqb3g,at grade,,,"1940",,,,Chicago Historic Interurban and Rapid Transit Map,"0",USA,,,1.79304043027436,,"0"
"52251",Streetcar,Racine WI USA,Milwaukee Electric Railway and Light Company,TMER&L Racine,"1892",,,closed,Years open and closed are estimated,https://www.google.com/maps/d/u/0/viewer?mid=1eG3XPnoAg-M2Zw5eIzd7k_yqb3g,at grade,,,"1940",,,,Chicago Historic Interurban and Rapid Transit Map,"0",USA,,,0.170750570259263,,"0"
"52252",Streetcar,Racine WI USA,Milwaukee Electric Railway and Light Company,TMER&L Racine,"1892",,,closed,Years open and closed are estimated,https://www.google.com/maps/d/u/0/viewer?mid=1eG3XPnoAg-M2Zw5eIzd7k_yqb3g,at grade,,,"1940",,,,Chicago Historic Interurban and Rapid Transit Map,"0",USA,,,3.10020298243261,,"0"
"52253",Streetcar,Racine WI USA,Milwaukee Electric Railway and Light Company,TMER&L Racine,"1892",,,closed,Years open and closed are estimated,https://www.google.com/maps/d/u/0/viewer?mid=1eG3XPnoAg-M2Zw5eIzd7k_yqb3g,at grade,,,"1940",,,,Chicago Historic Interurban and Rapid Transit Map,"0",USA,,,0.3555344824934,,"0"
"52254",Interurban,Milwaukee WI USA,Milwaukee Electric Railway and Light Company,TMER&L Racine to Milwaukee,"1897",,,closed,Years open and closed are estimated,https://www.google.com/maps/d/u/0/viewer?mid=1eG3XPnoAg-M2Zw5eIzd7k_yqb3g,at grade,,,"1942",,,,Chicago Historic Interurban and Rapid Transit Map,"0",USA,,,40.5686890511049,,"0"
"52255",Streetcar,Milwaukee WI USA,Milwaukee Electric Railway and Light Company,TMER&L Milwaukee,"1890",,,closed,Years open and closed are estimated,https://www.google.com/maps/d/u/0/viewer?mid=1eG3XPnoAg-M2Zw5eIzd7k_yqb3g,at grade,,,"1958",,,,Chicago Historic Interurban and Rapid Transit Map,"0",USA,,,10.1566601229207,,"0"
"52256",Streetcar,Milwaukee WI USA,Milwaukee Electric Railway and Light Company,TMER&L Milwaukee,"1890",,,closed,Years open and closed are estimated,https://www.google.com/maps/d/u/0/viewer?mid=1eG3XPnoAg-M2Zw5eIzd7k_yqb3g,at grade,,,"1958",,,,Chicago Historic Interurban and Rapid Transit Map,"0",USA,,,6.51596889317214,,"0"
"52257",Streetcar,Milwaukee WI USA,Milwaukee Electric Railway and Light Company,TMER&L Milwaukee,"1890",,,closed,Years open and closed are estimated,https://www.google.com/maps/d/u/0/viewer?mid=1eG3XPnoAg-M2Zw5eIzd7k_yqb3g,at grade,,,"1958",,,,Chicago Historic Interurban and Rapid Transit Map,"0",USA,,,10.4115640782782,,"0"
"52258",Streetcar,Milwaukee WI USA,Milwaukee Electric Railway and Light Company,TMER&L Milwaukee,"1890",,,closed,Years open and closed are estimated,https://www.google.com/maps/d/u/0/viewer?mid=1eG3XPnoAg-M2Zw5eIzd7k_yqb3g,at grade,,,"1958",,,,Chicago Historic Interurban and Rapid Transit Map,"0",USA,,,3.43901228684606,,"0"
"52259",Streetcar,Milwaukee WI USA,Milwaukee Electric Railway and Light Company,TMER&L Milwaukee,"1890",,,closed,Years open and closed are estimated,https://www.google.com/maps/d/u/0/viewer?mid=1eG3XPnoAg-M2Zw5eIzd7k_yqb3g,at grade,,,"1958",,,,Chicago Historic Interurban and Rapid Transit Map,"0",USA,,,7.32116114315825,,"0"
"52260",Streetcar,Milwaukee WI USA,Milwaukee Electric Railway and Light Company,TMER&L Milwaukee,"1890",,,closed,Years open and closed are estimated,https://www.google.com/maps/d/u/0/viewer?mid=1eG3XPnoAg-M2Zw5eIzd7k_yqb3g,at grade,,,"1958",,,,Chicago Historic Interurban and Rapid Transit Map,"0",USA,,,4.46115198781373,,"0"
"52261",Streetcar,Milwaukee WI USA,Milwaukee Electric Railway and Light Company,TMER&L Milwaukee,"1890",,,closed,Years open and closed are estimated,https://www.google.com/maps/d/u/0/viewer?mid=1eG3XPnoAg-M2Zw5eIzd7k_yqb3g,at grade,,,"1958",,,,Chicago Historic Interurban and Rapid Transit Map,"0",USA,,,6.85249783722158,,"0"
"52262",Streetcar,Milwaukee WI USA,Milwaukee Electric Railway and Light Company,TMER&L Milwaukee,"1890",,,closed,Years open and closed are estimated,https://www.google.com/maps/d/u/0/viewer?mid=1eG3XPnoAg-M2Zw5eIzd7k_yqb3g,at grade,,,"1958",,,,Chicago Historic Interurban and Rapid Transit Map,"0",USA,,,0.741257565179854,,"0"
"52263",Streetcar,Milwaukee WI USA,Milwaukee Electric Railway and Light Company,TMER&L Milwaukee,"1890",,,closed,Years open and closed are estimated,https://www.google.com/maps/d/u/0/viewer?mid=1eG3XPnoAg-M2Zw5eIzd7k_yqb3g,at grade,,,"1958",,,,Chicago Historic Interurban and Rapid Transit Map,"0",USA,,,8.16633059919424,,"0"
"52264",Streetcar,Milwaukee WI USA,Milwaukee Electric Railway and Light Company,TMER&L Milwaukee,"1890",,,closed,Years open and closed are estimated,https://www.google.com/maps/d/u/0/viewer?mid=1eG3XPnoAg-M2Zw5eIzd7k_yqb3g,at grade,,,"1958",,,,Chicago Historic Interurban and Rapid Transit Map,"0",USA,,,4.71919536819165,,"0"
"52265",Streetcar,Milwaukee WI USA,Milwaukee Electric Railway and Light Company,TMER&L Milwaukee,"1890",,,closed,Years open and closed are estimated,https://www.google.com/maps/d/u/0/viewer?mid=1eG3XPnoAg-M2Zw5eIzd7k_yqb3g,at grade,,,"1958",,,,Chicago Historic Interurban and Rapid Transit Map,"0",USA,,,6.21807571544423,,"0"
"52266",Streetcar,Milwaukee WI USA,Milwaukee Electric Railway and Light Company,TMER&L Milwaukee,"1890",,,closed,Years open and closed are estimated,https://www.google.com/maps/d/u/0/viewer?mid=1eG3XPnoAg-M2Zw5eIzd7k_yqb3g,at grade,,,"1958",,,,Chicago Historic Interurban and Rapid Transit Map,"0",USA,,,10.7998595158863,,"0"
"52267",Streetcar,Milwaukee WI USA,Milwaukee Electric Railway and Light Company,TMER&L Milwaukee,"1890",,,closed,Years open and closed are estimated,https://www.google.com/maps/d/u/0/viewer?mid=1eG3XPnoAg-M2Zw5eIzd7k_yqb3g,at grade,,,"1958",,,,Chicago Historic Interurban and Rapid Transit Map,"0",USA,,,9.83572325719455,,"0"
"52268",Streetcar,Milwaukee WI USA,Milwaukee Electric Railway and Light Company,TMER&L Milwaukee,"1890",,,closed,Years open and closed are estimated,https://www.google.com/maps/d/u/0/viewer?mid=1eG3XPnoAg-M2Zw5eIzd7k_yqb3g,at grade,,,"1958",,,,Chicago Historic Interurban and Rapid Transit Map,"0",USA,,,7.40581464863244,,"0"
"52269",Streetcar,Milwaukee WI USA,Milwaukee Electric Railway and Light Company,TMER&L Milwaukee,"1890",,,closed,Years open and closed are estimated,https://www.google.com/maps/d/u/0/viewer?mid=1eG3XPnoAg-M2Zw5eIzd7k_yqb3g,at grade,,,"1958",,,,Chicago Historic Interurban and Rapid Transit Map,"0",USA,,,5.07809121238849,,"0"
"52270",Streetcar,Milwaukee WI USA,Milwaukee Electric Railway and Light Company,TMER&L Milwaukee,"1890",,,closed,Years open and closed are estimated,https://www.google.com/maps/d/u/0/viewer?mid=1eG3XPnoAg-M2Zw5eIzd7k_yqb3g,at grade,,,"1958",,,,Chicago Historic Interurban and Rapid Transit Map,"0",USA,,,6.12093245539099,,"0"
"52271",Streetcar,Milwaukee WI USA,Milwaukee Electric Railway and Light Company,TMER&L Milwaukee,"1890",,,closed,Years open and closed are estimated,https://www.google.com/maps/d/u/0/viewer?mid=1eG3XPnoAg-M2Zw5eIzd7k_yqb3g,at grade,,,"1958",,,,Chicago Historic Interurban and Rapid Transit Map,"0",USA,,,1.01164452986455,,"0"
"52272",Streetcar,Milwaukee WI USA,Milwaukee Electric Railway and Light Company,TMER&L Milwaukee,"1890",,,closed,Years open and closed are estimated,https://www.google.com/maps/d/u/0/viewer?mid=1eG3XPnoAg-M2Zw5eIzd7k_yqb3g,at grade,,,"1958",,,,Chicago Historic Interurban and Rapid Transit Map,"0",USA,,,0.419821352103692,,"0"
"52273",Streetcar,Milwaukee WI USA,Milwaukee Electric Railway and Light Company,TMER&L Milwaukee,"1890",,,closed,Years open and closed are estimated,https://www.google.com/maps/d/u/0/viewer?mid=1eG3XPnoAg-M2Zw5eIzd7k_yqb3g,at grade,,,"1958",,,,Chicago Historic Interurban and Rapid Transit Map,"0",USA,,,0.560253706148828,,"0"
"52274",Streetcar,Milwaukee WI USA,Milwaukee Electric Railway and Light Company,TMER&L Milwaukee,"1890",,,closed,Years open and closed are estimated,https://www.google.com/maps/d/u/0/viewer?mid=1eG3XPnoAg-M2Zw5eIzd7k_yqb3g,at grade,,,"1958",,,,Chicago Historic Interurban and Rapid Transit Map,"0",USA,,,0.273264273715844,,"0"
"52275",Streetcar,Milwaukee WI USA,Milwaukee Electric Railway and Light Company,TMER&L Milwaukee,"1890",,,closed,Years open and closed are estimated,https://www.google.com/maps/d/u/0/viewer?mid=1eG3XPnoAg-M2Zw5eIzd7k_yqb3g,at grade,,,"1958",,,,Chicago Historic Interurban and Rapid Transit Map,"0",USA,,,4.69518259740172,,"0"
"52276",Streetcar,Milwaukee WI USA,Milwaukee Electric Railway and Light Company,TMER&L Milwaukee,"1890",,,closed,Years open and closed are estimated,https://www.google.com/maps/d/u/0/viewer?mid=1eG3XPnoAg-M2Zw5eIzd7k_yqb3g,at grade,,,"1958",,,,Chicago Historic Interurban and Rapid Transit Map,"0",USA,,,3.83193510671518,,"0"
"52277",Streetcar,Milwaukee WI USA,Milwaukee Electric Railway and Light Company,TMER&L Milwaukee,"1890",,,closed,Years open and closed are estimated,https://www.google.com/maps/d/u/0/viewer?mid=1eG3XPnoAg-M2Zw5eIzd7k_yqb3g,at grade,,,"1958",,,,Chicago Historic Interurban and Rapid Transit Map,"0",USA,,,6.42365302690511,,"0"
"52278",Streetcar,Milwaukee WI USA,Milwaukee Electric Railway and Light Company,TMER&L Milwaukee (Clybourn),"1890",,,closed,Years open and closed are estimated,https://www.google.com/maps/d/u/0/viewer?mid=1eG3XPnoAg-M2Zw5eIzd7k_yqb3g,at grade,,,"1958",,,,Chicago Historic Interurban and Rapid Transit Map,"0",USA,,,3.16774701859809,,"0"
"52279",Streetcar,Milwaukee WI USA,Milwaukee Electric Railway and Light Company,TMER&L Milwaukee,"1890",,,closed,Years open and closed are estimated,https://www.google.com/maps/d/u/0/viewer?mid=1eG3XPnoAg-M2Zw5eIzd7k_yqb3g,at grade,,,"1958",,,,Chicago Historic Interurban and Rapid Transit Map,"0",USA,,,3.73342063527959,,"0"
"52280",Streetcar,Milwaukee WI USA,Milwaukee Electric Railway and Light Company,TMER&L Milwaukee,"1890",,,closed,Years open and closed are estimated,https://www.google.com/maps/d/u/0/viewer?mid=1eG3XPnoAg-M2Zw5eIzd7k_yqb3g,at grade,,,"1958",,,,Chicago Historic Interurban and Rapid Transit Map,"0",USA,,,0.681643107451204,,"0"
"52281",Streetcar,Milwaukee WI USA,Milwaukee Electric Railway and Light Company,TMER&L Milwaukee,"1890",,,closed,Years open and closed are estimated,https://www.google.com/maps/d/u/0/viewer?mid=1eG3XPnoAg-M2Zw5eIzd7k_yqb3g,at grade,,,"1958",,,,Chicago Historic Interurban and Rapid Transit Map,"0",USA,,,3.67144420077981,,"0"
"52282",Streetcar,Milwaukee WI USA,Milwaukee Electric Railway and Light Company,TMER&L Milwaukee,"1890",,,closed,Years open and closed are estimated,https://www.google.com/maps/d/u/0/viewer?mid=1eG3XPnoAg-M2Zw5eIzd7k_yqb3g,at grade,,,"1958",,,,Chicago Historic Interurban and Rapid Transit Map,"0",USA,,,3.30005134234566,,"0"
"52283",Streetcar,Milwaukee WI USA,Milwaukee Electric Railway and Light Company,TMER&L Milwaukee,"1890",,,closed,Years open and closed are estimated,https://www.google.com/maps/d/u/0/viewer?mid=1eG3XPnoAg-M2Zw5eIzd7k_yqb3g,at grade,,,"1958",,,,Chicago Historic Interurban and Rapid Transit Map,"0",USA,,,2.0657458305577,,"0"
"52284",Streetcar,Milwaukee WI USA,Milwaukee Electric Railway and Light Company,TMER&L Milwaukee,"1890",,,closed,Years open and closed are estimated,https://www.google.com/maps/d/u/0/viewer?mid=1eG3XPnoAg-M2Zw5eIzd7k_yqb3g,at grade,,,"1958",,,,Chicago Historic Interurban and Rapid Transit Map,"0",USA,,,2.51805488015138,,"0"
"52285",Streetcar,Milwaukee WI USA,Milwaukee Electric Railway and Light Company,TMER&L Milwaukee,"1890",,,closed,Years open and closed are estimated,https://www.google.com/maps/d/u/0/viewer?mid=1eG3XPnoAg-M2Zw5eIzd7k_yqb3g,at grade,,,"1958",,,,Chicago Historic Interurban and Rapid Transit Map,"0",USA,,,4.00941159480889,,"0"
"52286",Streetcar,Milwaukee WI USA,Milwaukee Electric Railway and Light Company,TMER&L Milwaukee,"1890",,,closed,Years open and closed are estimated,https://www.google.com/maps/d/u/0/viewer?mid=1eG3XPnoAg-M2Zw5eIzd7k_yqb3g,at grade,,,"1958",,,,Chicago Historic Interurban and Rapid Transit Map,"0",USA,,,3.87575505073828,,"0"
"52287",Interurban,Milwaukee WI USA,Milwaukee Electric Railway and Light Company,6th Street to Port Washington and Sheboygan,"1897",,,closed,Years open and closed are estimated,https://www.google.com/maps/d/u/0/viewer?mid=1eG3XPnoAg-M2Zw5eIzd7k_yqb3g,at grade,,,"1938",,,,Chicago Historic Interurban and Rapid Transit Map,"0",USA,,,6.28033174057511,,"0"
"52288",Interurban,Milwaukee WI USA,Milwaukee Electric Railway and Light Company,Milwaukee to Waukesha,"1897",,,closed,Years open and closed are estimated,https://www.google.com/maps/d/u/0/viewer?mid=1eG3XPnoAg-M2Zw5eIzd7k_yqb3g,at grade,,,"1951",,,,Chicago Historic Interurban and Rapid Transit Map,"0",USA,,,14.6232187791456,,"0"
"52289",Streetcar,Waukesha WI USA,Milwaukee Electric Railway and Light Company,TMER&L Waukesha,"1892",,,closed,Years open and closed are estimated,https://www.google.com/maps/d/u/0/viewer?mid=1eG3XPnoAg-M2Zw5eIzd7k_yqb3g,at grade,,,"1940",,,,Chicago Historic Interurban and Rapid Transit Map,"0",USA,,,12.3547918403615,,"0"
"52290",Interurban,Milwaukee WI USA,Milwaukee Electric Railway and Light Company,TMER&L,"1897",,,closed,Years open and closed are estimated,https://www.google.com/maps/d/u/0/viewer?mid=1eG3XPnoAg-M2Zw5eIzd7k_yqb3g,at grade,,,"1938",,,,Chicago Historic Interurban and Rapid Transit Map,"0",USA,,,16.0977120148297,,"0"
"52291",Interurban,Milwaukee WI USA,Milwaukee Electric Railway and Light Company,TMER&L Lapham to Waukesha Line,"1897",,,closed,Years open and closed are estimated,https://www.google.com/maps/d/u/0/viewer?mid=1eG3XPnoAg-M2Zw5eIzd7k_yqb3g,at grade,,,"1938",,,,Chicago Historic Interurban and Rapid Transit Map,"0",USA,,,0.920516063060534,,"0"
"52292",Interurban,Milwaukee WI USA,Milwaukee Electric Railway and Light Company,TMER&L Auer Park to Delafield,"1897",,,closed,Years open and closed are estimated,https://www.google.com/maps/d/u/0/viewer?mid=1eG3XPnoAg-M2Zw5eIzd7k_yqb3g,at grade,,,"1938",,,,Chicago Historic Interurban and Rapid Transit Map,"0",USA,,,7.29674638079839,,"0"
"52293",Interurban,Milwaukee WI USA,Milwaukee Electric Railway and Light Company,Delafield to Watertown,"1897",,,closed,Years open and closed are estimated,https://www.google.com/maps/d/u/0/viewer?mid=1eG3XPnoAg-M2Zw5eIzd7k_yqb3g,at grade,,,"1938",,,,Chicago Historic Interurban and Rapid Transit Map,"0",USA,,,31.8116824484456,,"0"
"52294",Interurban,Milwaukee WI USA,Milwaukee Electric Railway and Light Company,TMER&L Final leg into Watertown,"1897",,,closed,Years open and closed are estimated,https://www.google.com/maps/d/u/0/viewer?mid=1eG3XPnoAg-M2Zw5eIzd7k_yqb3g,at grade,,,"1938",,,,Chicago Historic Interurban and Rapid Transit Map,"0",USA,,,1.13234988580725,,"0"
"52295",Interurban,Milwaukee WI USA,Milwaukee Electric Railway and Light Company,TMER&L Lapham to Howard INT,"1897",,,closed,Years open and closed are estimated,https://www.google.com/maps/d/u/0/viewer?mid=1eG3XPnoAg-M2Zw5eIzd7k_yqb3g,at grade,,,"1938",,,,Chicago Historic Interurban and Rapid Transit Map,"0",USA,,,4.06735596316944,,"0"
"52296",Streetcar,Milwaukee WI USA,Milwaukee Electric Railway and Light Company,TMER&L South to South,"1892",,,closed,Years open and closed are estimated,https://www.google.com/maps/d/u/0/viewer?mid=1eG3XPnoAg-M2Zw5eIzd7k_yqb3g,at grade,,,"1940",,,,Chicago Historic Interurban and Rapid Transit Map,"0",USA,,,11.5075685219769,,"0"
"52297",Streetcar,Milwaukee WI USA,Milwaukee Electric Railway and Light Company,TMER&L South of Hales Corners,"1897",,,closed,Years open and closed are estimated,https://www.google.com/maps/d/u/0/viewer?mid=1eG3XPnoAg-M2Zw5eIzd7k_yqb3g,at grade,,,"1951",,,,Chicago Historic Interurban and Rapid Transit Map,"0",USA,,,9.01433509453118,,"0"
"52298",Interurban,Milwaukee WI USA,Milwaukee Electric Railway and Light Company,Line 54,"1897",,,closed,Years open and closed are estimated,https://www.google.com/maps/d/u/0/viewer?mid=1eG3XPnoAg-M2Zw5eIzd7k_yqb3g,at grade,,,"1938",,,,Chicago Historic Interurban and Rapid Transit Map,"0",USA,,,29.60616209968,,"0"
"52299",Interurban,Milwaukee WI USA,Milwaukee Electric Railway and Light Company,TMER&L Into Burlington,"1897",,,closed,Years open and closed are estimated,https://www.google.com/maps/d/u/0/viewer?mid=1eG3XPnoAg-M2Zw5eIzd7k_yqb3g,at grade,,,"1938",,,,Chicago Historic Interurban and Rapid Transit Map,"0",USA,,,2.98553071627197,,"0"
"52300",Interurban,Milwaukee WI USA,Milwaukee Electric Railway and Light Company,Junction to East Troy,"1897",,,closed,Years open and closed are estimated,https://www.google.com/maps/d/u/0/viewer?mid=1eG3XPnoAg-M2Zw5eIzd7k_yqb3g,at grade,,,"1938",,,,Chicago Historic Interurban and Rapid Transit Map,"0",USA,,,32.3750520678736,,"0"
"52301",Interurban,Milwaukee WI USA,Milwaukee Electric Railway and Light Company,Port Washington to Cedarburg,"1897",,,closed,Years open and closed are estimated,https://www.google.com/maps/d/u/0/viewer?mid=1eG3XPnoAg-M2Zw5eIzd7k_yqb3g,at grade,,,"1938",,,,Chicago Historic Interurban and Rapid Transit Map,"0",USA,,,14.8610697654997,,"0"
"52302",Interurban,Milwaukee WI USA,Milwaukee Electric Railway and Light Company,TMER&L Cedarburg to Milwaukee,"1897",,,closed,Years open and closed are estimated,https://www.google.com/maps/d/u/0/viewer?mid=1eG3XPnoAg-M2Zw5eIzd7k_yqb3g,at grade,,,"1938",,,,Chicago Historic Interurban and Rapid Transit Map,"0",USA,,,22.0490280347313,,"0"
"52303",Interurban,Milwaukee WI USA,Milwaukee Electric Railway and Light Company,TMER&L to Belgium,"1892",,,closed,Years open and closed are estimated,https://www.google.com/maps/d/u/0/viewer?mid=1eG3XPnoAg-M2Zw5eIzd7k_yqb3g,at grade,,,"1940",,,,Chicago Historic Interurban and Rapid Transit Map,"0",USA,,,16.1430908886211,,"0"
"52304",Interurban,Milwaukee WI USA,Milwaukee Electric Railway and Light Company,TMER&L Belgium to Oostburg,"1897",,,closed,Years open and closed are estimated,https://www.google.com/maps/d/u/0/viewer?mid=1eG3XPnoAg-M2Zw5eIzd7k_yqb3g,at grade,,,"1938",,,,Chicago Historic Interurban and Rapid Transit Map,"0",USA,,,14.0895326083282,,"0"
"52305",Interurban,Milwaukee WI USA,Milwaukee Electric Railway and Light Company,TMER&L Oostburg to near Sheboygan,"1897",,,closed,Years open and closed are estimated,https://www.google.com/maps/d/u/0/viewer?mid=1eG3XPnoAg-M2Zw5eIzd7k_yqb3g,at grade,,,"1938",,,,Chicago Historic Interurban and Rapid Transit Map,"0",USA,,,11.5717347222316,,"0"
"52306",Streetcar,Sheboygan WI USA,Milwaukee Electric Railway and Light Company,TMER&L Sheboygan,"1885",,,closed,Years open and closed are estimated,https://www.google.com/maps/d/u/0/viewer?mid=1eG3XPnoAg-M2Zw5eIzd7k_yqb3g,at grade,,,"1935",,,,Chicago Historic Interurban and Rapid Transit Map,"0",USA,,,5.41560415317616,,"0"
"52307",Streetcar,Chicago IL USA,Evanston Rail Company,Evanston Rail Company,"1895",,,closed,Year open is estimated,https://www.google.com/maps/d/u/0/viewer?mid=1eG3XPnoAg-M2Zw5eIzd7k_yqb3g,at grade,,,"1935",,,,Chicago Historic Interurban and Rapid Transit Map,"0",USA,,,5.27594754074989,,"0"
"52308",Streetcar,Chicago IL USA,Evanston Rail Company,North Shore and Western Railway | Evanston Rail Company,"1895",,,closed,Year open is estimated,https://www.google.com/maps/d/u/0/viewer?mid=1eG3XPnoAg-M2Zw5eIzd7k_yqb3g,at grade,,,"1935",,,,Chicago Historic Interurban and Rapid Transit Map,"0",USA,,,8.06936674740831,,"0"
"52309",Streetcar,Chicago IL USA,Evanston Rail Company,Evanston Rail Company ,"1895",,,closed,Year open is estimated,https://www.google.com/maps/d/u/0/viewer?mid=1eG3XPnoAg-M2Zw5eIzd7k_yqb3g,at grade,,,"1935",,,,Chicago Historic Interurban and Rapid Transit Map,"0",USA,,,1.53536774637256,,"0"
"52310",Interurban,Chicago IL USA,CNS&M,CNS&M Chicago Division (Short Line Route),"1899",,,closed,,,at grade,,,"1955",,,,Chicago Historic Interurban and Rapid Transit Map,"0",USA,,Maple to Greenleaf Wilmette,1.68779748228471,,"0"
"52311",Interurban,Chicago IL USA,CNS&M,CNS&M Chicago Division (Short Line Route),"1899",,,closed,,,at grade,,,"1955",,,,Chicago Historic Interurban and Rapid Transit Map,"0",USA,,Wilmette (Downtown) to South,7.24082840835289,,"0"
"52312",Interurban,Chicago IL USA,CNS&M,CNS&M Chicago Division (Short Line Route),"1899",,,closed,,,at grade,,,"1955",,,,Chicago Historic Interurban and Rapid Transit Map,"0",USA,,South to Ravinia,4.45704964310174,,"0"
"52313",Interurban,Chicago IL USA,CNS&M,CNS&M Chicago Division (Short Line Route),"1899",,,closed,,,at grade,,,"1955",,,,Chicago Historic Interurban and Rapid Transit Map,"0",USA,,Upton Junction NSL to Mun (S),0.697045268132573,,"0"
"52314",Interurban,Chicago IL USA,CNS&M,CNS&M Chicago Division (Short Line Route),"1899",,,closed,,,at grade,,,"1955",,,,Chicago Historic Interurban and Rapid Transit Map,"0",USA,,North Chicago Jct,0.94083085838105,,"0"
"52315",Interurban,Chicago IL USA,CNS&M,CNS&M Chicago Division (Short Line Route),"1899",,,closed,,,at grade,,,"1955",,,,Chicago Historic Interurban and Rapid Transit Map,"0",USA,,North Chicago Jct 2,0.815202340611709,,"0"
"52316",Interurban,Chicago IL USA,CNS&M,CNS&M Chicago Division (Short Line Route),"1899",,,closed,,,at grade,,,"1955",,,,Chicago Historic Interurban and Rapid Transit Map,"0",USA,,Upton Jnct to North Chicago Jnct,4.05217508351446,,"0"
"52317",Interurban,Chicago IL USA,CNS&M,CNS&M Chicago Division (Short Line Route),"1899",,,closed,,,at grade,,,"1955",,,,Chicago Historic Interurban and Rapid Transit Map,"0",USA,,Broadway to 10th,1.84314632337882,,"0"
"52318",Interurban,Chicago IL USA,CNS&M,CNS&M Chicago Division (Short Line Route),"1899",,,closed,,,at grade,,,"1955",,,,Chicago Historic Interurban and Rapid Transit Map,"0",USA,,10th to Belvidere,1.51496124304232,,"0"
"52319",Interurban,Chicago IL USA,CNS&M,CNS&M Chicago Division (Short Line Route),"1899",,,closed,,,at grade,,,"1955",,,,Chicago Historic Interurban and Rapid Transit Map,"0",USA,,Ravinia to Highwood,4.78289075221896,,"0"
"52320",Interurban,Chicago IL USA,CNS&M,CNS&M Chicago Division (Short Line Route),"1899",,,closed,,,at grade,,,"1955",,,,Chicago Historic Interurban and Rapid Transit Map,"0",USA,,Highwood to Lake Bluff,8.90183619605426,,"0"
"52321",Interurban,Chicago IL USA,CNS&M,CNS&M Chicago Division (Short Line Route),"1899",,,closed,,,at grade,,,"1955",,,,Chicago Historic Interurban and Rapid Transit Map,"0",USA,,Merchant's Curve to Washington,0.554434955954123,,"0"
"52322",Interurban,Chicago IL USA,CNS&M,CNS&M Chicago Division (Short Line Route),"1899",,,closed,,,at grade,,,"1955",,,,Chicago Historic Interurban and Rapid Transit Map,"0",USA,,22nd to Broadway (North Chicago),0.686539720734263,,"0"
"52323",Interurban,Chicago IL USA,Gary & Interurban,Gary to Crown Point,"1908",,,closed,Years open and closed are estimated,https://www.google.com/maps/d/u/0/viewer?mid=1eG3XPnoAg-M2Zw5eIzd7k_yqb3g,at grade,,,"1945",,,,Chicago Historic Interurban and Rapid Transit Map,"0",USA,,,22.83832400284,,"0"
"52324",Interurban,Chicago IL USA,Gary & Interurban,GI to Hobart,"1908",,,closed,Years open and closed are estimated,https://www.google.com/maps/d/u/0/viewer?mid=1eG3XPnoAg-M2Zw5eIzd7k_yqb3g,at grade,,,"1945",,,,Chicago Historic Interurban and Rapid Transit Map,"0",USA,,,8.26610995221304,,"0"
"52325",Interurban,Chicago IL USA,Gary & Interurban,GI Broadway to Vermont,"1908",,,closed,Years open and closed are estimated,https://www.google.com/maps/d/u/0/viewer?mid=1eG3XPnoAg-M2Zw5eIzd7k_yqb3g,at grade,,,"1945",,,,Chicago Historic Interurban and Rapid Transit Map,"0",USA,,,1.04570533470755,,"0"
"52326",Interurban,Chicago IL USA,Gary & Interurban,GI Virginia and Tube Works,"1908",,,closed,Years open and closed are estimated,https://www.google.com/maps/d/u/0/viewer?mid=1eG3XPnoAg-M2Zw5eIzd7k_yqb3g,at grade,,,"1945",,,,Chicago Historic Interurban and Rapid Transit Map,"0",USA,,,3.72132931906901,,"0"
"52327",Interurban,Chicago IL USA,Gary & Interurban,GI Main Gate,"1908",,,closed,Years open and closed are estimated,https://www.google.com/maps/d/u/0/viewer?mid=1eG3XPnoAg-M2Zw5eIzd7k_yqb3g,at grade,,,"1945",,,,Chicago Historic Interurban and Rapid Transit Map,"0",USA,,,0.602366335869598,,"0"
"52328",Interurban,Chicago IL USA,Gary & Interurban,GI to Hammond,"1908",,,closed,Years open and closed are estimated,https://www.google.com/maps/d/u/0/viewer?mid=1eG3XPnoAg-M2Zw5eIzd7k_yqb3g,at grade,,,"1945",,,,Chicago Historic Interurban and Rapid Transit Map,"0",USA,,,14.4466894616729,,"0"
"52329",Interurban,Chicago IL USA,Gary & Interurban,GI Kennedy to 9th,"1908",,,closed,Years open and closed are estimated,https://www.google.com/maps/d/u/0/viewer?mid=1eG3XPnoAg-M2Zw5eIzd7k_yqb3g,at grade,,,"1945",,,,Chicago Historic Interurban and Rapid Transit Map,"0",USA,,,7.15061953321011,,"0"
"52330",Interurban,Chicago IL USA,Gary & Interurban,GI Summer-Sibley,"1908",,,closed,Years open and closed are estimated,https://www.google.com/maps/d/u/0/viewer?mid=1eG3XPnoAg-M2Zw5eIzd7k_yqb3g,at grade,,,"1945",,,,Chicago Historic Interurban and Rapid Transit Map,"0",USA,,,5.44864055041933,,"0"
"52331",Interurban,Chicago IL USA,Gary & Interurban,GI to Valpo,"1908",,,closed,Years open and closed are estimated,https://www.google.com/maps/d/u/0/viewer?mid=1eG3XPnoAg-M2Zw5eIzd7k_yqb3g,at grade,,,"1945",,,,Chicago Historic Interurban and Rapid Transit Map,"0",USA,,,22.6832122986636,,"0"
"52332",Interurban,Chicago IL USA,Gary & Interurban,GI into Valpo,"1908",,,closed,Years open and closed are estimated,https://www.google.com/maps/d/u/0/viewer?mid=1eG3XPnoAg-M2Zw5eIzd7k_yqb3g,at grade,,,"1945",,,,Chicago Historic Interurban and Rapid Transit Map,"0",USA,,,23.7087348672929,,"0"
"52333",Interurban,Chicago IL USA,Gary & Interurban,GI Aetna,"1908",,,closed,Years open and closed are estimated,https://www.google.com/maps/d/u/0/viewer?mid=1eG3XPnoAg-M2Zw5eIzd7k_yqb3g,at grade,,,"1945",,,,Chicago Historic Interurban and Rapid Transit Map,"0",USA,,,4.83673402270556,,"0"
"52334",Interurban,Chicago IL USA,Gary & Interurban,GI Kirk Yards,"1908",,,closed,Years open and closed are estimated,https://www.google.com/maps/d/u/0/viewer?mid=1eG3XPnoAg-M2Zw5eIzd7k_yqb3g,at grade,,,"1945",,,,Chicago Historic Interurban and Rapid Transit Map,"0",USA,,,2.89875909742738,,"0"
"52335",Interurban,Chicago IL USA,Gary & Interurban,GI Bridge,"1908",,,closed,Years open and closed are estimated,https://www.google.com/maps/d/u/0/viewer?mid=1eG3XPnoAg-M2Zw5eIzd7k_yqb3g,at grade,,,"1945",,,,Chicago Historic Interurban and Rapid Transit Map,"0",USA,,,0.768069250821294,,"0"
"52336",Interurban,Chicago IL USA,Hammond Whiting & East Chicago Railway,HW&EC,"1892",,,closed,Years open and closed are estimated,https://www.google.com/maps/d/u/0/viewer?mid=1eG3XPnoAg-M2Zw5eIzd7k_yqb3g,at grade,,,"1940",,,,Chicago Historic Interurban and Rapid Transit Map,"0",USA,,,7.88933081339459,,"0"
"52337",Interurban,Chicago IL USA,Hammond Whiting & East Chicago Railway,HW&EC State-Sibley,"1892",,,closed,Years open and closed are estimated,https://www.google.com/maps/d/u/0/viewer?mid=1eG3XPnoAg-M2Zw5eIzd7k_yqb3g,at grade,,,"1940",,,,Chicago Historic Interurban and Rapid Transit Map,"0",USA,,,1.95431536242269,,"0"
"52338",Interurban,Chicago IL USA,Hammond Whiting & East Chicago Railway,HW&EC into Chicago,"1892",,,closed,Years open and closed are estimated,https://www.google.com/maps/d/u/0/viewer?mid=1eG3XPnoAg-M2Zw5eIzd7k_yqb3g,at grade,,,"1940",,,,Chicago Historic Interurban and Rapid Transit Map,"0",USA,,,16.4259318484489,,"0"
"52339",Interurban,Chicago IL USA,Hammond Whiting & East Chicago Railway,HW&EC Sheffield-Calumet,"1892",,,closed,Years open and closed are estimated,https://www.google.com/maps/d/u/0/viewer?mid=1eG3XPnoAg-M2Zw5eIzd7k_yqb3g,at grade,,,"1940",,,,Chicago Historic Interurban and Rapid Transit Map,"0",USA,,,7.02771084046165,,"0"
"52340",Interurban,Chicago IL USA,Hammond Whiting & East Chicago Railway,HW&EC thru cars to Chicago (63rd),"1892",,,closed,Years open and closed are estimated,https://www.google.com/maps/d/u/0/viewer?mid=1eG3XPnoAg-M2Zw5eIzd7k_yqb3g,at grade,,,"1940",,,,Chicago Historic Interurban and Rapid Transit Map,"0",USA,,,11.0367073593723,,"0"
"52343",Commuter Rail,Montreal QC CAN,Exo,Exo 15,"2014",,,existing,,,at grade,,,,,,,"Yonah Freemark; OpenStreetMap contributors","0",CAN,,Exo 15 Mascouche line,64.349501719484,,"0"
"52345",Bus Rapid Transit,Houston TX USA,Houston Metro,University Corridor,,1566,,cancelled,Killed by administration hostile to BRT program.,https://www.ridemetro.org/about/metronext/metrorapid/metrorapid-university-corridor-project,"elevated; at grade",2026-2029,,"2024",,,,"Yonah Freemark; OpenStreetMap contributors","0",USA,,University Corridor BRT,40.7115265229218,,"0"
"52366",Bus Rapid Transit,Richmond VA USA,GRTC,GRTC Pulse North-South Corridor,,,,proposed,,,at grade,2029-,,,,,,"Yonah Freemark; OpenStreetMap contributors","0",USA,,GRTC Pulse North-South Corridor,18.2358981673702,,"0"
"52420",Commuter Rail,Mexico MEX,Mexico City Metro,El Insurgente,"2024",1978,"230000",existing,,https://trenelinsurgente.mx/,"subway; elevated; at grade",2014-2024,,,,,,"Yonah Freemark; OpenStreetMap contributors","0",MEX,,Tren Interurbano Lerma–Santa Fe,30.0165986821611,,"0"
"52430",Intercity Rail,Yucatan MEX,Mexican Government,Tren Maya,"2024",,,existing,,,at grade,2018-2024,,,,,,"Yonah Freemark; OpenStreetMap contributors","0",MEX,,Tren Maya Chetumal Aeropuerto–Escarcega,255.620002299514,,"0"
"52432",Intercity Rail,Yucatan MEX,Mexican Government,Tren Maya,"2023",,,existing,,,at grade,2018-2023,,,,,,"Yonah Freemark; OpenStreetMap contributors","0",MEX,,Tren Maya Cancun–Campeche,470.197276441649,,"0"
"52433",Intercity Rail,Yucatan MEX,Mexican Government,Tren Maya,"2024",,,existing,,,at grade,2018-2024,,,,,,"Yonah Freemark; OpenStreetMap contributors","0",MEX,,Tren Maya Campeche–Palenque,386.571506141978,,"0"
"52691",Light Rail,Portland OR USA,Tri-Met/ODOT/WSDOT,MAX Yellow Line,,,,planned,,https://www.interstatebridge.org/nextsteps,highway,2026-2031,,,,,,"Yonah Freemark; OpenStreetMap contributors","0",USA,,Interstate Bridge Replacement Program,2.98154839567852,,"0"
"52692",Metro,Chicago IL USA,Chicago Transit Authority,East 63rd Branch,"1893",,,closed,Extension into Jackson Park only open in 1893.,,elevated,,,"1982",,,,"Yonah Freemark; OpenStreetMap contributors","0",USA,,East 63rd Branch University–Jackson Park,1.06912373937166,,"0"
"52693",Streetcar,Philadelphia PA USA,SEPTA,15-Girard,"2005",,,existing,Previously open 1859-1992.,,at grade,,,,,,,"Yonah Freemark; OpenStreetMap contributors","0",USA,,15-Girard,14.5764582695085,,"0"
"53461",Metro,Montreal QC CAN,STM,Ligne Orange,"1967",,,existing,Other phases of the line opened up until 1986.,,subway,,,,,,,"Yonah Freemark; OpenStreetMap contributors","0",CAN,,Ligne Orange Place d'Armes–Bonaventure,0.857557839780459,,"0"
"53462",Metro,Montreal QC CAN,STM,Ligne Orange,"1980",,,existing,Other phases of the line opened up until 1986.,,subway,,,,,,,"Yonah Freemark; OpenStreetMap contributors","0",CAN,,Ligne Orange Bonaventure–Place-Saint-Henri,3.26205208616539,,"0"
"53463",Metro,Montreal QC CAN,STM,Ligne Orange,"1966",,,existing,Other phases of the line opened up until 1986.,,subway,,,,,,,"Yonah Freemark; OpenStreetMap contributors","0",CAN,,Ligne Orange (Initial system),11.3326875642956,,"0"
"53464",Metro,Montreal QC CAN,STM,Ligne Orange,"1981",,,existing,Other phases of the line opened up until 1986.,,subway,,,,,,,"Yonah Freemark; OpenStreetMap contributors","0",CAN,,Ligne Orange Place-Saint-Henri–Snowdon,4.00234827687463,,"0"
"53465",Metro,Montreal QC CAN,STM,Ligne Orange,"1982",,,existing,Other phases of the line opened up until 1986.,,subway,,,,,,,"Yonah Freemark; OpenStreetMap contributors","0",CAN,,Ligne Orange Snowdon–Plamondon,1.23585317081389,,"0"
"53466",Metro,Montreal QC CAN,STM,Ligne Orange,"1984",,,existing,Other phases of the line opened up until 1986.,,subway,,,,,,,"Yonah Freemark; OpenStreetMap contributors","0",CAN,,Ligne Orange Plamondon–Du College,3.54644209967131,,"0"
"53467",Metro,Montreal QC CAN,STM,Ligne Verte,"1978",,,existing,Other phases of the line opened up until 1978.,,subway,,,,,,,"Yonah Freemark; OpenStreetMap contributors","0",CAN,,Ligne Verte Atwater–Angringon,8.66545571463571,,"0"
"53468",Metro,Montreal QC CAN,STM,Ligne Verte,"1966",,,existing,Other phases of the line opened up until 1978.,,subway,,,,,,,"Yonah Freemark; OpenStreetMap contributors","0",CAN,,Ligne Verte Atwater–Frontenac,6.21216567705074,,"0"
"53469",Metro,Montreal QC CAN,STM,Ligne Bleue,"1987",,,existing,Other phases of the line opened up until 1988.,,subway,,,,,,,"Yonah Freemark; OpenStreetMap contributors","0",CAN,,Ligne Bleue De Castelnau–Parc,0.473716083716727,,"0"
"53470",Metro,Montreal QC CAN,STM,Ligne Bleue,"1988",,,existing,Other phases of the line opened up until 1988.,,subway,,,,,,,"Yonah Freemark; OpenStreetMap contributors","0",CAN,,Ligne Bleue Parc–Snowdon,6.10798236601897,,"0"
"53691",Bus Rapid Transit,Madison WI USA,City of Madison,Metro Rapid Route B,,,,planned,,https://www.cityofmadison.com/metro/routes-schedules/bus-rapid-transit/north-south-brt-line,at grade,"-2028",,,,,,"Yonah Freemark; OpenStreetMap contributors","0",USA,,Madison North-South BRT (south),9.1126648700214,,"0"
"53692",Bus Rapid Transit,Madison WI USA,City of Madison,Metro Rapid Route B,,,,planned,,https://www.cityofmadison.com/metro/routes-schedules/bus-rapid-transit/north-south-brt-line,at grade,"-2028",,,,,,"Yonah Freemark; OpenStreetMap contributors","0",USA,,Madison North-South BRT (north),10.1529476844872,,"0"
"53693",Arterial Rapid Transit,Houston TX USA,Metro,82 Westheimer BOOST,,,,uc,,https://www.ridemetro.org/about/plans-projects/current-metro-projects/82-westheimer,at grade,2025-2026,,,,,,"Yonah Freemark; OpenStreetMap contributors","0",USA,,82 Westheimer BOOST,32.3014985596035,,"0"
"53714",Commuter Rail,Montreal QC CAN,Exo,Vaudreuil-Hudson Line,"1887",,,closed,,,at grade,,,"2010",,,,"Yonah Freemark; OpenStreetMap contributors","0",CAN,,Hudson–Rigaud,12.9570427113367,,"0"
"53715",Metro,New York NY USA,MTA,Q,,,,proposed,,,subway,,,,,,,"Yonah Freemark; OpenStreetMap contributors","0",USA,,2nd Ave Subway Phase 3 Lexington Ave-Broadway,1.58547775954397,,"0"
"53747",Bus Rapid Transit,Spokane WA USA,Spokane STA,Division Street BRT,,167,"4300",planned,,https://www.spokanetransit.com/division-street-brt/,at grade,2027-2030,,,,,,"Yonah Freemark; OpenStreetMap contributors","0",USA,,Division Street BRT,17.5681634025577,,"0"
"53748",Bus Rapid Transit,Cincinnati OH USA,SORTA,Reading Road Corridor BRT,,167,"7000",planned,,https://www.metrobrtstudy.com/,at grade,2026-2027,,,,,,"Yonah Freemark; OpenStreetMap contributors","0",USA,,Reading Road Corridor BRT,16.3329575421726,,"0"
"53749",Bus Rapid Transit,Cincinnati OH USA,SORTA,Hamilton Avenue Corridor BRT,,172,"7700",planned,,https://www.metrobrtstudy.com/,at grade,2026-2028,,,,,,"Yonah Freemark; OpenStreetMap contributors","0",USA,,Hamilton Avenue Corridor BRT,14.0930025528712,,"0"
"54051",Bus Rapid Transit,Buffalo NY USA,NFTA,Bailey BRT,,,,planned,Funded by federal Neighborhood Access & Equity program,https://baileyavebrt.com/,at grade,2026-2028,,,,,,"Yonah Freemark; OpenStreetMap contributors","0",USA,,Bailey BRT,12.7599849652215,,"0"
"54070",Bus Rapid Transit,Boston MA USA,MBTA,Silver Line Extension,,,,planned,,https://www.mbta.com/projects/silver-line-extension-slx-alternatives-analysis,at grade,,,,,,,"Yonah Freemark; OpenStreetMap contributors","0",USA,,Silver Line Extension,5.22719563638601,,"0"
"54375",Monorail,Monterrey MEX,Monterrey Metro,Linea 4,,,,uc,,,elevated,2023-2026,,,,,,"Yonah Freemark; OpenStreetMap contributors","0",MEX,,Linea 4 Hospital Gine–Juarez,2.39595798126846,,"0"
"54376",Metro,Monterrey MEX,Monterrey Metro,Linea 1,"2002",,,existing,,,at grade,,,,,,,"Yonah Freemark; OpenStreetMap contributors","0",MEX,,Linea 1 San Bernabe–Talleres,0.569032667974548,,"0"
"54379",Metro,Monterrey MEX,Monterrey Metro,Linea 2,"2007",,,existing,,,"subway; elevated",,,,,,,"Yonah Freemark; OpenStreetMap contributors","0",MEX,,Linea 2 Universidad–General Anaya,3.09525172868418,,"0"
"54380",Metro,Monterrey MEX,Monterrey Metro,Linea 3,"2021",439,"280000",existing,,http://www.nl.gob.mx/proyectos/linea-3-del-metro,"subway; elevated",2013-2021,,,,,,"Yonah Freemark; OpenStreetMap contributors","0",MEX,,Linea 3,6.74897674313695,,"0"
"54381",Metro,Monterrey MEX,Monterrey Metro,Linea 2,"1994",439,,existing,,,subway,,,,,,,"Yonah Freemark; OpenStreetMap contributors","0",MEX,,Linea 2 General Anaya–General Zaragoza,4.83898311688632,,"0"
"54382",Monorail,Monterrey MEX,Monterrey Metro,Linea 6,,,,uc,,,elevated,2023-2028,,,,,,"Yonah Freemark; OpenStreetMap contributors","0",MEX,,Linea 6 Apodaca–Aeropuerto,6.96084895161601,,"0"
"54383",Monorail,Monterrey MEX,Monterrey Metro,Linea 6,,,,uc,,,elevated,2023-2026,,,,,,"Yonah Freemark; OpenStreetMap contributors","0",MEX,,Linea 6 Citadel–Parque Fundidora,9.51403074007752,,"0"
"54384",Monorail,Monterrey MEX,Monterrey Metro,Linea 6,,,,uc,,,elevated,2023-2026,,,,,,"Yonah Freemark; OpenStreetMap contributors","0",MEX,,Linea 6 Parque Fundidora–Hospital Gine,1.95533854479759,,"0"
"54385",Bus Rapid Transit,Monterrey MEX,Monterrey Metro,Linea 5,,,,planned,,,"elevated; at grade",2026-2028,,,,,,"Yonah Freemark; OpenStreetMap contributors","0",MEX,,Linea 5,10.2117625705537,,"0"
"54386",Aerial Tram,Santo Domingo DOM,OPRET,Linea T2,"2023",,,existing,,,elevated,,auto,,,,,"Yonah Freemark; OpenStreetMap contributors","0",DOM,,Linea T2,4.18477203088021,,"0"
"54387",Metro,Santo Domingo DOM,OPRET,Linea 2,,,,uc,,,elevated,2022-2026,,,,,,"Yonah Freemark; OpenStreetMap contributors","0",DOM,,Linea 2 Los Alcarrizos–Maria Montez,7.35643870899304,,"0"
"54389",Monorail,Santiago DOM,SIT,Monorriel,,,,uc,,,elevated,2022-2026,,,,,,"Yonah Freemark; OpenStreetMap contributors","0",DOM,,Monorriel,12.5263286985884,,"0"
"54390",Aerial Tram,Santiago DOM,SIT,Linea 1 Section 1,"2024",,,existing,,https://fitram.gob.do/proyecto/teleferico-santiago/,elevated,2021-2024,auto,,,,,"Yonah Freemark; OpenStreetMap contributors","0",DOM,,Linea 1 Section 1,3.94790822769494,,"0"
"54391",Aerial Tram,Santiago DOM,SIT,Linea 1 Section 2,"2024",,,existing,,https://fitram.gob.do/proyecto/teleferico-santiago/,elevated,2021-2024,auto,,,,,"Yonah Freemark; OpenStreetMap contributors","0",DOM,,Linea 1 Section 2,2.99193192767909,,"0"
"54399",Bus Rapid Transit,Las Vegas NV USA,RTC,Charleston Boulevard High-Capacity Transit,,,,proposed,Technically could be light rail,,at grade,,,,,,,"Yonah Freemark; OpenStreetMap contributors","0",USA,,Charleston Boulevard High-Capacity Transit,24.1821554181118,,"0"
"54576",Bus Rapid Transit,Merida MEX,Va-y-Ven,IE-TRAM Merida–Uman,,,,planned,,https://vayven.yucatan.gob.mx/rutaietram,at grade,,,,,,,"Yonah Freemark; OpenStreetMap contributors","0",MEX,,IE-TRAM Merida–Uman,23.1558953007925,,"0"
"54577",Bus Rapid Transit,Merida MEX,Va-y-Ven,IE-TRAM Centro-Mejorada-La Plancha-Kanasin,"2024",,,existing,,https://vayven.yucatan.gob.mx/rutaietram,at grade,,,,,,,"Yonah Freemark; OpenStreetMap contributors","0",MEX,Bronze (68),IE-TRAM Centro-Mejorada-La Plancha-Kanasin,17.2936982586109,"2024","0"
"54578",Bus Rapid Transit,Merida MEX,Va-y-Ven,IE-TRAM La Plancha–Teya,"2024",,,existing,,https://vayven.yucatan.gob.mx/rutaietram,at grade,,,,,,,"Yonah Freemark; OpenStreetMap contributors","0",MEX,,IE-TRAM La Plancha–Teya Centro,2.54888565880384,,"0"
"54579",Bus Rapid Transit,Merida MEX,Va-y-Ven,IE-TRAM La Plancha–Teya,"2024",,,existing,,https://vayven.yucatan.gob.mx/rutaietram,at grade,,,,,,,"Yonah Freemark; OpenStreetMap contributors","0",MEX,,IE-TRAM La Plancha–Teya Teya,6.88564046276826,,"0"
"54580",Bus Rapid Transit,Merida MEX,Va-y-Ven,IE-TRAM Centro–Fac. Ingenieria,,,,planned,,https://vayven.yucatan.gob.mx/rutaietram,at grade,,,,,,,"Yonah Freemark; OpenStreetMap contributors","0",MEX,,IE-TRAM Centro–Fac. Ingenieria,8.53522249890911,,"0"
"55131",Intercity Rail,,NCDOT/VA DOT,S-Line,,,,planned,Received a $1 b federal grant in 2023,https://www.ncdot.gov/divisions/rail/s-line-projects/raleigh-richmond/Pages/default.aspx,at grade,,,,,,,"Yonah Freemark; OpenStreetMap contributors","0",USA,,S-Line Wake Forest–Richmond,185.451759648731,,"0"
"55132",Intercity Rail,,VA Passenger Rail Authority,New River Valley Project,,,,planned,,https://vapassengerrailauthority.org/nrvproject/#project-summary,"subway; at grade",,,,,,,"Yonah Freemark; OpenStreetMap contributors","0",USA,,Roanoke–Blacksburg Rail,53.7546467455503,,"0"
"55133",Commuter Rail,Salt Lake UT USA,UTA,FrontRunner,,,,planned,,https://www.frontrunnersouthextension.com/,at grade,,,,,,,"Yonah Freemark; OpenStreetMap contributors","0",USA,,FrontRunner Provo–Salem,21.4090073264404,,"0"
"55166",Bus Rapid Transit,Oklahoma City OK USA,EMBARK,MAPS 4 BRT,,97,,planned,,https://www.okc.gov/government/maps-4/transit?utm_medium=email&utm_source=govdelivery,at grade,,,,,,,"Yonah Freemark; OpenStreetMap contributors","0",USA,,SW-NE BRT,26.6492563823885,,"0"
"55193",Bus Rapid Transit,Boston MA USA,MBTA,Lynnway,,,,planned,,https://www.mbta.com/projects/lynnway-multimodal-corridor-project,at grade,2027-2030,,,,,,"Yonah Freemark; OpenStreetMap contributors","0",USA,,Lynnway,3.23828895710368,,"0"
"55427",Bus Rapid Transit,Phoenix AZ USA,City of Phoenix,Phoenix BRT,,,,planned,,https://meetphoenixbrt.com/,at grade,,,,,,,"Yonah Freemark; OpenStreetMap contributors","0",USA,,35th Avenue/Van Buren Street Corridor,23.6238781107182,,"0"
"55428",Bus Rapid Transit,Richmond VA USA,GRTC,GRTC Pulse,,,,proposed,,https://www.pulsewex.com/about,at grade,,,,,,,"Yonah Freemark; OpenStreetMap contributors","0",USA,,GRTC Pulse Western Extension,5.97298302340881,,"0"
"55453",Streetcar,Triangle NC USA,Durham Light and Traction,Club/Broad/Main Streets,"1887",,,closed,,,at grade,,,"1934",,,,"Yonah Freemark; OpenStreetMap contributors","0",USA,,Club/Broad/Main Streets,8.14071959466228,,"0"
"55454",Streetcar,Triangle NC USA,Durham Light and Traction,Mangum Street,"1887",,,closed,,,at grade,,,"1934",,,,"Yonah Freemark; OpenStreetMap contributors","0",USA,,Mangum Street,1.30916109575051,,"0"
"55455",Streetcar,Triangle NC USA,Durham Light and Traction,Chapel Hill Street,"1887",,,closed,,,at grade,,,"1934",,,,"Yonah Freemark; OpenStreetMap contributors","0",USA,,Chapel Hill Street,3.33710942157052,,"0"
"55456",Streetcar,Triangle NC USA,Durham Light and Traction,Holloway/Driver Streets,"1887",,,closed,,,at grade,,,"1934",,,,"Yonah Freemark; OpenStreetMap contributors","0",USA,,Holloway/Driver Streets,4.12308580647162,,"0"
"55471",Commuter Rail,Iowa City IA USA,Pop-Up Metro,Iowa City Commuter Rail,,,,proposed,"Would run commuter service on existing lines; could open in 2025",,at grade,,,,,,,"Yonah Freemark; OpenStreetMap contributors","0",USA,,Iowa City Commuter Rail,13.0068123251932,,"0"
"55477",Arterial Rapid Transit,Seattle WA USA,Community Transit,Swift Orange Line,"2024",70,,existing,Edmonds CC to Mill Creek.,https://www.communitytransit.org/swift-orange,at grade,2022-2024,,,"202104",84,0.495,"Yonah Freemark; OpenStreetMap contributors","0",USA,,Swift Orange Line,17.8046823891425,,"0"
"55479",Bus Rapid Transit,Seattle WA USA,King County Metro,RapidRide C,"2012",,"8300",existing,,,at grade,,,,,,,"Yonah Freemark; OpenStreetMap contributors","0",USA,,RapidRide C,21.1507965610602,,"0"
"55481",Bus Rapid Transit,Seattle WA USA,King County Metro,RapidRide D,"2012",,"11700",existing,,,at grade,,,,,,,"Yonah Freemark; OpenStreetMap contributors","0",USA,,RapidRide D,16.0623502678857,,"0"
"55485",Bus Rapid Transit,Seattle WA USA,King County Metro,RapidRide E,"2014",,"15800",existing,,,at grade,,,,,,,"Yonah Freemark; OpenStreetMap contributors","0",USA,,RapidRide E,19.9077400994507,,"0"
"55487",Bus Rapid Transit,Seattle WA USA,King County Metro,RapidRide F,"2014",,"5600",existing,,,at grade,,,,,,,"Yonah Freemark; OpenStreetMap contributors","0",USA,,RapidRide F,21.0164547097728,,"0"
"55489",Bus Rapid Transit,Portland OR USA,TriMet,FX2,"2022",175,"10000",existing,,https://trimet.org/division,at grade,2019-2022,,,2020-01,175,0.499,"Yonah Freemark; OpenStreetMap contributors","0",USA,,Division Transit,26.4601056709504,,"0"
"55490",Streetcar,Portland OR USA,Portland Streetcar,Portland Streetcar Montgomery Park Extension,,,,proposed,,https://www.portland.gov/transportation/planning/montgomery-park-streetcar,at grade,,,,,,,"Yonah Freemark; OpenStreetMap contributors","0",USA,,Portland Streetcar Montgomery Park Extension,1.83251771663296,,"0"
"55507",Intercity Rail,Yucatan MEX,Mexican Government,Tren Maya,"2024",,,existing,,,at grade,2018-2024,,,,,,"Yonah Freemark; OpenStreetMap contributors","0",MEX,,Tren Maya Cancun–Chetumal Aeropuerto,364.598413493467,,"0"
"55508",Intercity Rail,,Ferrocarril del Istmo de Tehuantepec,Tren Interoceanico,"2024",,,existing,,,at grade,,,,,,,"Yonah Freemark; OpenStreetMap contributors","0",MEX,,Tren Interoceánico Linea FA,329.583629526659,,"0"
"55720",Light Rail,Los Angeles CA USA,LA Metro,C/K,"2024",,,existing,,https://kline.metro.net/,"subway; elevated; at grade",2014-2024,,,,,,"Yonah Freemark; OpenStreetMap contributors","0",USA,,Crenshaw Line Phase 2 Aviation/Century,2.32243085981686,,"0"
"55880",Light Rail,Ottawa ON CAN,OC Transpo,Line 4,"2025",1700,,existing,"Estimated cost; mileage and cost are for full segment.",https://www.octranspo.com/en/o-train-extension/,at grade,2019-2025,,,,,,"Yonah Freemark; OpenStreetMap contributors","0",CAN,,O-Train Trillium Line South,2.96093910973369,,"0"
"55881",Light Rail,Ottawa ON CAN,OC Transpo,Line 2,"2025",1700,,existing,"Estimated cost; mileage and cost are for full segment.",https://www.octranspo.com/en/o-train-extension/,at grade,2019-2025,,,,,,"Yonah Freemark; OpenStreetMap contributors","0",CAN,,O-Train Trillium Line South South Keys–Limebank,9.41001390017344,,"0"
"55919",Light Rail,Edmonton AB CAN,ETS,Metro Line,,,,uc,,https://www.edmonton.ca/projects_plans/transit/nw-lrt,at grade,2020-2026,,,,,,"Yonah Freemark; OpenStreetMap contributors","0",CAN,,Metro Line Northwest Extension Phase I,1.21805236048009,,"0"
"55933",Commuter Rail,Mexico MEX,Mexico City Metro,El Insurgente,"2026",1978,"230000",existing,,https://trenelinsurgente.mx/,"subway; elevated; at grade",2014-2026,,,,,,"Yonah Freemark; OpenStreetMap contributors","0",MEX,,Tren Interurbano Santa Fe–Observatorio,8.50151641404462,,"0"
"55992",Arterial Rapid Transit,Minneapolis MN USA,Metro Transit,E,"2025",,,existing,,https://www.metrotransit.org/e-line-project,at grade,2024-2025,,,,,,"Yonah Freemark; OpenStreetMap contributors","0",USA,,E Line,23.8985363140289,,"0"
"55997",Light Rail,Ottawa ON CAN,OC Transpo,Line 2/4,"2025",1700,,existing,"Estimated cost; mileage and cost are for full segment.",https://www.octranspo.com/en/o-train-extension/,at grade,2019-2025,,,,,,"Yonah Freemark; OpenStreetMap contributors","0",CAN,,O-Train Trillium Line South South Keys,1.78218965089132,,"0"
"56001",Bus Rapid Transit,Minneapolis MN USA,Metro Transit,H Line,,,,proposed,,https://www.metrotransit.org/h-line-project,at grade,,,,,,,"Yonah Freemark; OpenStreetMap contributors","0",USA,,H Line,26.9443890138385,,"0"
"56002",Bus Rapid Transit,Minneapolis MN USA,University of Minnesota,U of M Transitway,"1992",,,existing,,,at grade,,,,,,,"Yonah Freemark; OpenStreetMap contributors","1",USA,,U of M Transitway,4.21801766680988,,"0"
"56005",Light Rail,Ottawa ON CAN,OC Transpo,Line 3,,1600,,uc,"Estimated cost; mileage and cost are for full segment.",https://www.octranspo.com/en/o-train-extension/,at grade,2019-2027,,,,,,"Yonah Freemark; OpenStreetMap contributors","0",CAN,,Confederation Line West Lincoln Fields–Moodie,7.28388004962598,,"0"
"56007",Light Rail,Ottawa ON CAN,OC Transpo,Line 1,,1600,,uc,"Estimated cost; mileage and cost are for full segment.",https://www.octranspo.com/en/o-train-extension/,"subway; at grade",2019-2027,,,,,,"Yonah Freemark; OpenStreetMap contributors","0",CAN,,Confederation Line West Lincoln Fields–Baseline,3.00221295623476,,"0"
"56011",Bus Rapid Transit,Chicago IL USA,Chicago Transit Authority,Loop Link,"2015",,,existing,,,at grade,2014-2015,,,,,,"Yonah Freemark; OpenStreetMap contributors","0",USA,,Loop Link,3.81802992337535,,"0"
"56016",Light Rail,Toronto ON CAN,Metrolinx,Line 10,,1000,"110000",uc,,http://www.metrolinx.com/en/greaterregion/projects/hurontario-lrt.aspx,at grade,2018-2027,,,,,,"Yonah Freemark; OpenStreetMap contributors","0",CAN,,Hazel McCallion LRT/Hurontario LRT,17.7746531325168,,"0"
"56017",Bus Rapid Transit,Vancouver BC CAN,Translink,King George Blvd BRT,,,,planned,,,at grade,,,,,,,"Yonah Freemark; OpenStreetMap contributors","0",CAN,,King George Blvd BRT,12.9136914377018,,"0"
"56020",Bus Rapid Transit,Vancouver BC CAN,Translink,Langley-Haney Place BRT,,,,planned,,,at grade,,,,,,,"Yonah Freemark; OpenStreetMap contributors","0",CAN,,,15.1636872437236,,"0"
"56021",Metro,San Juan PR USA,ATI,Tren Urbano,,,,proposed,"Project alignment is conceptual; may also be BRT or LRT",https://www.tuextension.pr.gov/,subway,,auto,,,,,"Yonah Freemark; OpenStreetMap contributors","0",USA,,Tren Urbano Extension to Viejon San Juan,5.55563992367051,,"0"
"56025",Tramway,Montreal QC CAN,Mobilité Infra Québec,Tramway de l'est,,18600,,proposed,Project replaced previously proposed tramway and light metro,https://www.artm.quebec/grands-projets/projets-dinfrastructure/projet-structurant-de-lest/,"subway; at grade",,,,,,,Yonah Freemark,"0",CAN,,Tramway de l'est,35.7507260809062,,"0"
"56026",Bus Rapid Transit,Portland OR USA,TriMet,82nd Avenue FX,,320,"11100",planned,,https://trimet.org/82nd/,at grade,2027-2029,,,,,,"Yonah Freemark; OpenStreetMap contributors","0",USA,,82nd Avenue Transit Project,16.2031220952443,,"0"
"56027",Commuter Rail,Boston MA USA,MBTA,CapeFLYER,"2013",,,existing,"Summer season service only; Previous service operated from Boston until 1961",,at grade,,,,,,,"Yonah Freemark; OpenStreetMap contributors","0",USA,,CapeFLYER,70.2033178606848,,"0"
"56259",Regional Rail,Dallas TX USA,DCTA,A-Train,,,,planned,,https://www.linkedin.com/pulse/exciting-enhancements-dcta-a-train-4eehc/,at grade,,,,,,,"Yonah Freemark; OpenStreetMap contributors","0",USA,,A-Train Trinity Mills–Downtown Carrollton,3.23183349476345,,"0"
"56278",Aerial Tram,Santo Domingo DOM,OPRET,Linea T3,,,,uc,,https://fitram.gob.do/proyecto/teleferico-santo-domingo-linea-3/,elevated,,auto,,,,,"Yonah Freemark; OpenStreetMap contributors","0",DOM,,Linea T3 second phase,4.2087532106668,,"0"
"56279",Aerial Tram,Santo Domingo DOM,OPRET,Linea T3,,,,uc,,https://fitram.gob.do/proyecto/teleferico-santo-domingo-linea-3/,elevated,,auto,,,,,"Yonah Freemark; OpenStreetMap contributors","0",DOM,,Linea T3 first phase,3.43661801823948,,"0"
"56280",Metro,Santo Domingo DOM,OPRET,Linea 1,,,,uc,,,elevated,2024-2027,,,,,,"Yonah Freemark; OpenStreetMap contributors","0",DOM,,Linea 1 Mama Tingo–San Felipe,2.52236304167705,,"0"
"56285",Aerial Tram,Mexico MEX,Mexicable,Mexicable Linea 3,,,,uc,,,elevated,"-2026",,,,,,"Yonah Freemark; OpenStreetMap contributors","0",MEX,,Mexicable Linea 3,9.3946011304229,,"0"
"56287",Light Rail,San Diego CA USA,San Diego MTS,Orange/Green Lines,"1989",,,existing,,,at grade,,,,,,,"Yonah Freemark; OpenStreetMap contributors","0",USA,,Orange/Green Lines Grossmont–El Cajon,6.07639717194796,,"0"
"56506",Bus Rapid Transit,New York NY USA,Nassau County,Nassau Hub BRT,,,,planned,,https://nassauhubtransit.com/,at grade,,,,,,,"Yonah Freemark; OpenStreetMap contributors","0",USA,,Nassau Hub BRT,9.80489474055548,,"0"
"56507",Bus Rapid Transit,Seattle WA USA,King County Metro,RapidRide B,"2025",,"6600",existing,,,at grade,,,,,,,"Yonah Freemark; OpenStreetMap contributors","0",USA,,RapidRide B Redmond Transit Center–Redmond Downtown Station,0.862486212684402,,"0"
"56974",Light Rail,Phoenix AZ USA,Valley Metro,A Line,"2025",1345,,existing,,https://www.valleymetro.org/project/south-central-extensiondowntown-hub,at grade,2019-2025,,,2020-12,1345,0.39,"Yonah Freemark; OpenStreetMap contributors","0",USA,,South Central Corridor downtown segment,0.724027818630812,,"0"
"56975",Light Rail,Phoenix AZ USA,Valley Metro,B Line,"2025",1345,,existing,,https://www.valleymetro.org/project/south-central-extensiondowntown-hub,at grade,2019-2025,,,2020-12,1345,0.39,"Yonah Freemark; OpenStreetMap contributors","0",USA,,South Central Corridor,8.72851871911826,,"0"
"56976",Light Rail,Phoenix AZ USA,Valley Metro,A Line,"2008",,,existing,,,at grade,,,,,,,"Yonah Freemark; OpenStreetMap contributors","0",USA,,Metro Rail (Phase 1),25.6857838482906,,"0"
"56977",Light Rail,Phoenix AZ USA,Valley Metro,B Line,"2008",,,existing,,,at grade,,,,,,,"Yonah Freemark; OpenStreetMap contributors","0",USA,,Metro Rail (Phase 1),11.8872734216016,,"0"
"56978",Regional Rail,Bay Area CA USA,SMART,SMART Train,,,,proposed,"In planning; not yet funded",http://main.sonomamarintrain.org,at grade,,,,,,,"Yonah Freemark; OpenStreetMap contributors","0",USA,,SMART Train Phase 2 Healdsburg–Cloverdale,27.2489929731625,,"0"
"57125",Streetcar,Omaha NE USA,City of Omaha,Omaha Streetcar,,459,,planned,,https://www.cityofomaha.org/omaha-streetcar,at grade,,,,,,,"Yonah Freemark; OpenStreetMap contributors","0",USA,,Omaha Streetcar CHI Health Center,0.358764846159892,,"0"
"57126",Streetcar,Omaha NE USA,City of Omaha,Omaha Streetcar,,459,,planned,,https://www.cityofomaha.org/omaha-streetcar,at grade,,,,,,,"Yonah Freemark; OpenStreetMap contributors","0",USA,,Omaha Streetcar 39th St–42nd St,0.322292466850139,,"0"
"57129",Streetcar,Omaha NE USA,City of Omaha,Omaha Streetcar,,459,,uc,,https://www.cityofomaha.org/omaha-streetcar,at grade,2025-2028,,,,,,"Yonah Freemark; OpenStreetMap contributors","0",USA,,Omaha Streetcar,7.29209175800409,,"0"
"57130",Arterial Rapid Transit,Tucson AZ USA,City of Tucson,Tucson Rapid Transit,,137,"3200",planned,,https://www.tucsonrapidtransit.com/,at grade,2027-2029,,,,,,"Yonah Freemark; OpenStreetMap contributors","0",USA,,Stone Avenue BRT,8.25458637256979,,"0"
"57169",Intercity Rail,,Ferrocarril del Istmo de Tehuantepec,Tren Interoceanico,"2023",,,existing,,,at grade,,,,,,,"Yonah Freemark; OpenStreetMap contributors","0",MEX,,Tren Interoceánico Linea Z,303.581738125384,,"0"
"57172",Intercity Rail,,Ferrocarril del Istmo de Tehuantepec,Tren Interoceanico,"2025",,,existing,,,at grade,,,,,,,"Yonah Freemark; OpenStreetMap contributors","0",MEX,,Tren Interoceánico Linea K,176.119479572878,,"0"
"57237",Monorail,Monterrey MEX,Monterrey Metro,Linea 6,,,,uc,,,elevated,2023-2027,,,,,,"Yonah Freemark; OpenStreetMap contributors","0",MEX,,Linea 6 Citadel–Apodaca,6.2243308469354,,"0"
"57238",Monorail,Monterrey MEX,Monterrey Metro,Linea 4,,,,uc,,,elevated,2023-2027,,,,,,"Yonah Freemark; OpenStreetMap contributors","0",MEX,,Linea 4 Juarez–Pablo G. Garza,5.37259724229211,,"0"
"57251",Monorail,Panama PAN,Metro de Panama,Linea 3,,2800,"160000",uc,Monorail,http://www.elmetrodepanama.com/linea-3/,elevated,2021-2028,,,,,,"Yonah Freemark; OpenStreetMap contributors","0",PAN,,Linea 3 Panama Pacifico–Albrook,6.43408234849847,,"0"
"57260",Streetcar,Salt Lake UT USA,UTA,S-Line,,,,uc,,https://www.rideuta.com/Current-Projects/S-Line-Extension-Project,at grade,2026-2027,,,,,,"Yonah Freemark; OpenStreetMap contributors","0",USA,,S-Line Fairmont–Highland,0.266839914741883,,"0"
"57272",High-Speed Rail,,CA HSR,CA HSR - Phase 1 - San Francisco to San Jose,,,,planned,Would largely run along Caltrain corridor.,https://hsr.ca.gov/,"subway; elevated; at grade",,,,,,,CA HSR,"0",USA,,CA HSR - Phase 1 - San Francisco to San Jose,2.4009455950601,,"0"
"57273",High-Speed Rail,,CA HSR,CA HSR - Phase 1 - San Francisco to San Jose,,,,planned,Would largely run along Caltrain corridor.,https://hsr.ca.gov/,"subway; elevated; at grade",,,,,,,CA HSR,"0",USA,,CA HSR - Phase 1 - San Francisco to San Jose,72.8044363034548,,"0"
"57274",Commuter Rail,Bay Area CA USA,Caltrain,Downtown Rail Extension,,8255,,planned,Would largely run along Caltrain corridor.,https://tjpa.org/project/downtown-rail-extension,subway,2027-2035,,,,,,"Yonah Freemark; OpenStreetMap contributors","0",USA,,Downtown Rail Extension,2.13998620971398,,"0"
"57278",Arterial Rapid Transit,Portland OR USA,Oregon Metro,Tualatin Valley Highway Transit,,,,planned,,https://www.oregonmetro.gov/projects/tualatin-valley-highway-transit-and-safety-project,at grade,2027–2029,,,,,,"Yonah Freemark; OpenStreetMap contributors","0",USA,,Tualatin Valley Highway Transit,33.1673274967677,,"0"
"57279",Arterial Rapid Transit,Salt Lake UT USA,UTA,Davis - Salt Lake City Community Connector,,72,"3800",planned,,,at grade,2027-2029,,,,,,"Yonah Freemark; OpenStreetMap contributors","0",USA,,Davis - Salt Lake City Community Connector,40.611350970402,,"0"
"57283",Bus Rapid Transit,Campeche MEX,San Francisco de Campeche,Tren Ligero,"2025",,,existing,,,at grade,2023-2025,,,,,,"Yonah Freemark; OpenStreetMap contributors","0",MEX,,Tren Ligero,15.0891206522577,,"0"
"57308",Bus Rapid Transit,San Diego CA USA,San Diego MTS,235 Rapid,"2018",,,existing,,,"highway; at grade",,,,,,,"Yonah Freemark; OpenStreetMap contributors","0",USA,,235 Rapid,59.8937507034758,,"0"
"57309",Light Rail,Boston MA USA,MBTA,Green Line,"2022",2300,"45000",existing,,https://www.mbta.com/projects/green-line-extension-glx,open cut,2013-2022,,,2015-01,2297.6,0.434,"Yonah Freemark; OpenStreetMap contributors","0",USA,,Green Line Extension,6.9535948307326,,"0"
"57310",Aerial Tram,Mexico MEX,STE,Cablebus Linea 4,,,,uc,,https://www.proyectosmexico.gob.mx/proyecto_inversion/1036-linea-4-del-cablebus-de-la-ciudad-de-mexico/,elevated,2025-2028,auto,,,,,"Yonah Freemark; OpenStreetMap contributors","0",MEX,,Cablebus Linea 4,11.2470070850071,,"0"
"57312",Aerial Tram,Mexico MEX,STE,Cablebus Linea 5,,,,planned,,https://www.proyectosmexico.gob.mx/proyecto_inversion/1031-linea-5-del-cablebus-de-la-ciudad-de-mexico/,elevated,2026-2029,auto,,,,,"Yonah Freemark; OpenStreetMap contributors","0",MEX,,Cablebus Linea 5,16.0630333548655,,"0"
"57313",Aerial Tram,Mexico MEX,STE,Cablebus Linea 6,,,,planned,,https://www.proyectosmexico.gob.mx/proyecto_inversion/1032-linea-6-del-cablebus-de-la-ciudad-de-mexico/,elevated,2026-2029,auto,,,,,"Yonah Freemark; OpenStreetMap contributors","0",MEX,,Cablebus Linea 6,13.1037310633045,,"0"
"57314",Light Rail,Mexico MEX,Estado de Mexico,Tren Ligero Texcoco-La Paz,,,,planned,,,at grade,2026-2029,,,,,,"Yonah Freemark; OpenStreetMap contributors","0",MEX,,Tren Ligero Texcoco-La Paz,21.1928609744189,,"0"
"57324",Commuter Rail,Mexico MEX,Gobierno de Mexico,Tren Mexico-Pachuca,,,,uc,,https://www.proyectosmexico.gob.mx/ppp06-tren-mexico-pachuca/,at grade,2025-2027,,,,,,"Yonah Freemark; OpenStreetMap contributors","0",MEX,,Tren Mexico-Pachuca,55.1388262498534,,"0"
"57325",Intercity Rail,Mexico MEX,Gobierno de Mexico,Tren Queretaro–Irapuato,,,,uc,,https://www.proyectosmexico.gob.mx/proyecto_inversion/0961-tren-queretaro-irapuato/#carousel-1,at grade,2025-2027,,,,,,"Yonah Freemark; OpenStreetMap contributors","0",MEX,,Tren Queretaro–Irapuato,111.176299237197,,"0"
"57326",Intercity Rail,,,Tren Saltillo–Nuevo Laredo,,,,uc,,https://www.proyectosmexico.gob.mx/proyecto_inversion/0960-tren-saltillo-nuevo-laredo/,at grade,2025-2027,,,,,,"Yonah Freemark; OpenStreetMap contributors","0",MEX,,Tren Saltillo–Nuevo Laredo,363.575740082405,,"0"
"57738",Aerial Tram,Morelia MEX,Government of Michoacan,Teleferico de Morelia,,,,uc,,https://michoacan.gob.mx/teleferico/teleferico-morelia.php,elevated,2024-2026,auto,,,,,"Yonah Freemark; OpenStreetMap contributors","0",MEX,,Teleferico de Morelia Central de Autobuses–Zoológico,5.61736889198221,,"0"
"57739",Aerial Tram,Morelia MEX,Government of Michoacan,Teleferico de Morelia,,,,planned,,https://michoacan.gob.mx/teleferico/teleferico-morelia.php,elevated,,auto,,,,,"Yonah Freemark; OpenStreetMap contributors","0",MEX,,Teleferico de Morelia Zoológico–Santa María,1.16945955139093,,"0"
"57740",Aerial Tram,Uruapan MEX,Gobierno de Michoacan,Teleferico de Uruapan,,,,uc,,https://michoacan.gob.mx/teleferico/teleferico-uruapan.php,elevated,2024-2026,auto,,,,,"Yonah Freemark; OpenStreetMap contributors","0",MEX,,Teleferico de Uruapan,8.47240919965854,,"0"
"57741",Bus Rapid Transit,Guadalajara MEX,SITEUR,Linea 5,,,,uc,,,at grade,2024-2026,,,,,,"Yonah Freemark; OpenStreetMap contributors","0",MEX,,Mi Macro Aeropuero,23.7900186661957,,"0"
"57857",Monorail,Santo Domingo DOM,OPRET,Linea 3,,,,planned,,,elevated,,,,,,,"Yonah Freemark; OpenStreetMap contributors","0",DOM,,Linea 3,10.7974343692889,,"0"
"58058",Light Rail,Dallas TX USA,DART,Blue Line,"2002",,,existing,,,"elevated; at grade",,,,1993-09,,,"Yonah Freemark; OpenStreetMap contributors","0",USA,,Blue Line White Rock–Downtown Garland,12.9104393861032,,"0"
"58059",Light Rail,Dallas TX USA,DART,Blue Line,"1996",,,existing,,,"elevated; at grade",,,,1993-09,,,"Yonah Freemark; OpenStreetMap contributors","0",USA,,Blue Line 8th & Corinth–Illinois,2.86974672575357,,"0"
"58060",Light Rail,Dallas TX USA,DART,Blue Line,"1997",,,existing,,,"elevated; at grade",,,,1993-09,,,"Yonah Freemark; OpenStreetMap contributors","0",USA,,Blue Line Illinois–Ledbetter,4.57249945257723,,"0"
"58061",Light Rail,Dallas TX USA,DART,Orange Line,"2012",,,existing,Part of Dallas NW/SW LRT Project.,,"elevated; at grade",,,,2006-07,1406.2,0.498,"Yonah Freemark; OpenStreetMap contributors","0",USA,,Orange Line Bachman–Belt Line,14.7284922661771,,"0"
"58062",Light Rail,Dallas TX USA,DART,Green Line,"2009",,,existing,Part of Dallas NW/SW LRT Project.,,at grade,,,,2006-07,1406.2,0.498,"Yonah Freemark; OpenStreetMap contributors","0",USA,,Green Line Pearl/Arts–MLK Jr.,4.54906284330504,,"0"
"58063",Light Rail,Dallas TX USA,DART,Orange Line,"2014",,,existing,Part of Dallas NW/SW LRT Project.,,"elevated; at grade",,,,2006-07,1406.2,0.498,"Yonah Freemark; OpenStreetMap contributors","0",USA,,Orange Line Belt Line–DFW,8.33287948234644,,"0"
"58064",Light Rail,Portland OR USA,TriMet,MAX Blue/Red/Yellow Lines,"1986",,,existing,,,at grade,,,,,,,"Yonah Freemark; OpenStreetMap contributors","0",USA,,MAX Blue/Red/Yellow Lines Rose Quater–Pioneer Square,3.20287422134779,,"0"
"58065",Light Rail,Portland OR USA,TriMet,MAX Blue/Red Lines,"1997",,,existing,,,at grade,,,,,,,"Yonah Freemark; OpenStreetMap contributors","0",USA,,MAX Blue/Red Lines Library–Kings Hill,1.38227983027838,,"0"
"58066",Light Rail,Portland OR USA,TriMet,MAX Blue/Red Line,"1998",,,existing,,,"subway; highway; at grade",,,,,,,"Yonah Freemark; OpenStreetMap contributors","0",USA,,MAX Blue/Red Line Kings Hill–Hatfield,27.3863585515956,,"0"
"58067",Light Rail,Buffalo NY USA,NFTA,Metro Rail,"2025",,,existing,Completed in vehicle storage area,,at grade,,,,,,,"Yonah Freemark; OpenStreetMap contributors","0",USA,,Metro Rail Special Events–DL&W,0.256267659528718,,"0"
"58068",Light Rail,Buffalo NY USA,NFTA,Metro Rail,"1984",,,existing,,,at grade,,,,,,,"Yonah Freemark; OpenStreetMap contributors","0",USA,,Metro Rail Special Events–Theater,2.18482006162274,,"0"
"58069",Light Rail,Buffalo NY USA,NFTA,Metro Rail,"1985",,,existing,,,subway,,,,,,,"Yonah Freemark; OpenStreetMap contributors","0",USA,,Metro Rail Theater–Amherst St,6.08381226337538,,"0"
"58070",Metro,Cleveland OH USA,Cleveland RTA,Red Line,"1958",,,existing,,,at grade,,,,,,,"Yonah Freemark; OpenStreetMap contributors","0",USA,,Red Line West 117th-Madison–West Park,2.92267032633111,,"0"
"58071",Metro,Cleveland OH USA,Cleveland RTA,Red Line,"1955",,,existing,,,"subway; elevated; at grade",,,,,,,"Yonah Freemark; OpenStreetMap contributors","0",USA,,Red Line,12.590761656827,,"0"
"58072",Metro,Cleveland OH USA,Cleveland RTA,Red Line,"1968",,,existing,,,"subway; elevated; at grade",,,,,,,"Yonah Freemark; OpenStreetMap contributors","0",USA,,Red Line West Park–Airport,6.4981911859654,,"0"
"58073",Light Rail,Cleveland OH USA,Cleveland RTA,Green Line,"1915",,,existing,,,at grade,,,,,,,"Yonah Freemark; OpenStreetMap contributors","0",USA,,Green Line Attleboro–Courtland,1.2938690967841,,"0"
"58074",Light Rail,Cleveland OH USA,Cleveland RTA,Green Line,"1928",,,existing,,,at grade,,,,,,,"Yonah Freemark; OpenStreetMap contributors","0",USA,,Green Line Courtland–Warrensville-Shaker,0.473288475936726,,"0"
"58075",Light Rail,Cleveland OH USA,Cleveland RTA,Green Line,"1936",,,existing,,,at grade,,,,,,,"Yonah Freemark; OpenStreetMap contributors","0",USA,,Green Line Warrensville-Shaker–Green Road,1.87264185106698,,"0"
"58076",Metro,Philadelphia PA USA,SEPTA,Market-Frankford Line,"1907",,,existing,,,"subway; elevated",,,,,,,"Yonah Freemark; OpenStreetMap contributors","0",USA,,Market-Frankford Line 69th St–City Hall,8.50438303004861,,"0"
"58077",Metro,Philadelphia PA USA,SEPTA,Market-Frankford Line,"1908",,,existing,,,"subway; elevated",,,,,,,"Yonah Freemark; OpenStreetMap contributors","0",USA,,Market-Frankford Line City Hall–2nd St,1.7105332610781,,"0"
"58078",Metro,Philadelphia PA USA,SEPTA,Delaware Avenue Elevated,"1908",,,closed,,,elevated,,,"1939",,,,"Yonah Freemark; OpenStreetMap contributors","0",USA,,2nd St–South st,1.20871070156607,,"0"
"58079",Metro,Philadelphia PA USA,SEPTA,Broad Street Line,"1928",,,existing,,,subway,,,,,,,"Yonah Freemark; OpenStreetMap contributors","0",USA,,Broad Street Line Olney–City Hall,9.96221457912484,,"0"
"58080",Metro,Philadelphia PA USA,SEPTA,Broad Street Line,"1930",,,existing,,,subway,,,,,,,"Yonah Freemark; OpenStreetMap contributors","0",USA,,Broad Street Line City Hall–Walnut-Locust,0.474554999547173,,"0"
"58081",Metro,Philadelphia PA USA,SEPTA,Broad Street Line,"1932",,,existing,,,subway,,,,,,,"Yonah Freemark; OpenStreetMap contributors","0",USA,,Broad Street Line Walnut-Locust–Lombard South,0.473398550285637,,"0"
"58082",Metro,Philadelphia PA USA,SEPTA,Broad Street Line,"1938",,,existing,,,subway,,,,,,,"Yonah Freemark; OpenStreetMap contributors","0",USA,,Broad Street Line Lombard South–Snyder,2.2997797123436,,"0"
"58083",Metro,Philadelphia PA USA,SEPTA,Broad Street Line,"1973",,,existing,,,subway,,,,,,,"Yonah Freemark; OpenStreetMap contributors","0",USA,,Broad Street Line Snyder–Pattison Ave,2.0304753710428,,"0"
"58084",Metro,Toronto ON CAN,TTC,Line 1,"1954",,,existing,,,"subway; highway",,,,,,,"Yonah Freemark; OpenStreetMap contributors","0",CAN,,1 Yonge-University Union Station–Eglinton,7.6452523456135,,"0"
"58085",Metro,Toronto ON CAN,TTC,Line 1,"1973",,,existing,,,"subway; highway",,,,,,,"Yonah Freemark; OpenStreetMap contributors","0",CAN,,1 Yonge-University Eglinton–York Mills,4.05660435524475,,"0"
"58086",Metro,Toronto ON CAN,TTC,Line 1,"1963",,,existing,,,"subway; highway",,,,,,,"Yonah Freemark; OpenStreetMap contributors","0",CAN,,1 Yonge-University Union Station–St.George/Bloor,3.54097905272728,,"0"
"58087",Metro,Toronto ON CAN,TTC,Line 1,"1974",,,existing,,,"subway; highway",,,,,,,"Yonah Freemark; OpenStreetMap contributors","0",CAN,,1 Yonge-University York Mills–Finch,4.1253767496322,,"0"
"58088",Metro,Toronto ON CAN,TTC,Line 1,"1978",,,existing,,,"subway; highway",,,,,,,"Yonah Freemark; OpenStreetMap contributors","0",CAN,,1 Yonge-University St. George–Wilson,9.20286360934193,,"0"
"58089",Metro,Toronto ON CAN,TTC,Line 2,"1968",,,existing,,,"subway; at grade",,,,,,,"Yonah Freemark; OpenStreetMap contributors","0",CAN,,2 - Bloor-Danforth Woodbine–Warden,4.43779938088872,,"0"
"58090",Metro,Toronto ON CAN,TTC,Line 2,"1966",,,existing,,,"subway; at grade",,,,,,,"Yonah Freemark; OpenStreetMap contributors","0",CAN,,2 - Bloor-Danforth Keele–Woodbine,12.9306921667801,,"0"
"58091",Metro,Toronto ON CAN,TTC,Line 2,"1968",,,existing,,,"subway; at grade",,,,,,,"Yonah Freemark; OpenStreetMap contributors","0",CAN,,2 - Bloor-Danforth Keele–Islington,5.42757184771391,,"0"
"58092",Metro,Toronto ON CAN,TTC,Line 2,"1980",,,existing,,,"subway; at grade",,,,,,,"Yonah Freemark; OpenStreetMap contributors","0",CAN,,2 - Bloor-Danforth Warden–Kennedy,2.43785162260827,,"0"
"58093",Metro,Atlanta GA USA,MARTA,Blue Line,"1979",,,existing,,,"subway; elevated; at grade",,,,,,,"Yonah Freemark; OpenStreetMap contributors","0",USA,,West Line Ashby-Holmes,5.36462611983039,,"0"
"58094",Light Rail,San Diego CA USA,San Diego MTS,Blue/Green Lines,"1981",,,existing,,,at grade,,,,,,,"Yonah Freemark; OpenStreetMap contributors","0",USA,,Blue/Green Lines Santa Fe Depot,0.400609556726899,,"0"
"58095",Light Rail,San Diego CA USA,San Diego MTS,Blue Line,"1981",,,existing,,,at grade,,,,,,,"Yonah Freemark; OpenStreetMap contributors","0",USA,,Blue Line 12th/Imperial–San Ysidro,22.7405732125039,,"0"
"58096",Light Rail,San Diego CA USA,San Diego MTS,Blue/Silver Lines,"1981",,,existing,,,at grade,,,,,,,"Yonah Freemark; OpenStreetMap contributors","0",USA,,Blue/Silver Lines Courthouse–America Plaza,0.299223447173097,,"0"
"58097",Light Rail,San Diego CA USA,San Diego MTS,Blue Line,"1981",,,existing,,,at grade,,,,,,,"Yonah Freemark; OpenStreetMap contributors","0",USA,,Blue Line Santa Fe Depot,0.0804789235718778,,"0"
"58098",Light Rail,San Diego CA USA,San Diego MTS,Silver Line,"1990",,,existing,,,at grade,,,,,,,"Yonah Freemark; OpenStreetMap contributors","0",USA,,Silver Line Santa Fe Depot,0.0758969901537531,,"0"
"58099",Light Rail,San Diego CA USA,San Diego MTS,Green Line,"1990",,,existing,,,at grade,,,,,,,"Yonah Freemark; OpenStreetMap contributors","0",USA,,Green Line Santa Fe Depot,0.103932548989854,,"0"
"58100",Light Rail,San Diego CA USA,San Diego MTS,Green Line,"1997",,,existing,,,at grade,,,,,,,"Yonah Freemark; OpenStreetMap contributors","0",USA,,Green Line Old Town–Mission San Diego,9.4816747199095,,"0"
"58101",Light Rail,San Diego CA USA,San Diego MTS,Blue/Green Lines,"1996",,,existing,,,at grade,,,,,,,"Yonah Freemark; OpenStreetMap contributors","0",USA,,Blue/Green Lines Counter Center–Old Town,5.26263860501,,"0"
"58102",Light Rail,San Diego CA USA,San Diego MTS,Blue/Green Lines,"1992",,,existing,,,at grade,,,,,,,"Yonah Freemark; OpenStreetMap contributors","0",USA,,Blue/Green Lines Santa Fe Depot–County Center,0.24469168364842,,"0"
"58103",Light Rail,San Diego CA USA,San Diego MTS,Orange Line,"1986",,,existing,,,at grade,,,,,,,"Yonah Freemark; OpenStreetMap contributors","0",USA,,Orange Line 12th/Imperial–Euclid Ave,7.16199274033836,,"0"
"58104",Metro,Vancouver BC CAN,Translink,SkyTrain Expo Line,"1989",,,existing,,,elevated,,auto,,,,,"Yonah Freemark; OpenStreetMap contributors","0",CAN,,SkyTrain Expo Line New Westminster–Columbia,0.696042671937306,,"0"
"58105",Metro,Vancouver BC CAN,Translink,SkyTrain Expo Line,"1985",,,existing,,,"subway; elevated",,auto,,,,,"Yonah Freemark; OpenStreetMap contributors","0",CAN,,SkyTrain Expo Line Waterfront–New Westminster,21.157156870631,,"0"
"58106",Metro,Vancouver BC CAN,Translink,SkyTrain Expo Line,"1989",,,existing,,,elevated,,auto,,,,,"Yonah Freemark; OpenStreetMap contributors","0",CAN,,SkyTrain Expo Line Columbia–Scott Road,2.37226489934159,,"0"
"58107",Metro,Vancouver BC CAN,Translink,SkyTrain Expo Line,"1994",,,existing,,,elevated,,auto,,,,,"Yonah Freemark; OpenStreetMap contributors","0",CAN,,SkyTrain Expo Line Scott Road–King George,4.45112766815609,,"0"
"58108",Metro,Vancouver BC CAN,Translink,SkyTrain Expo/Millennium Lines,"2002",,,existing,,,"subway; elevated",,auto,,,,,"Yonah Freemark; OpenStreetMap contributors","0",CAN,,SkyTrain Millennium Line,2.02363533861429,,"0"
"58109",Metro,Vancouver BC CAN,Translink,SkyTrain Millennium Line,"2002",,,existing,,,elevated,,auto,,,,,"Yonah Freemark; OpenStreetMap contributors","0",CAN,,SkyTrain Millennium Line Production Way–Commercial-Broadway,11.6471069467888,,"0"
"58110",Metro,Vancouver BC CAN,Translink,SkyTrain Millennium Line,"2006",,,existing,,,subway,,auto,,,,,"Yonah Freemark; OpenStreetMap contributors","0",CAN,,SkyTrain Millennium Line Commercial-Broadway–VCC-Clark,0.892665761246951,,"0"
"58111",Light Rail,Calgary AB CAN,Calgary Transit,CTrain Blue Line,"2007",,,existing,,,"highway; at grade",,,,,,,"Yonah Freemark; OpenStreetMap contributors","0",CAN,,CTrain Blue Line Whitehorn–McKnight,2.55648986907994,,"0"
"58112",Light Rail,Calgary AB CAN,Calgary Transit,CTrain Blue Line,"2012",,,existing,,,at grade,,,,,,,"Yonah Freemark; OpenStreetMap contributors","0",CAN,,CTrain Blue Line McKnight–Saddletown,2.945000929405,,"0"
"58113",Light Rail,Calgary AB CAN,Calgary Transit,CTrain Red Line,"1987",,,existing,,,at grade,,,,,,,"Yonah Freemark; OpenStreetMap contributors","0",CAN,,CTrain Red Line 7th St–University,5.47347682131036,,"0"
"58114",Light Rail,Calgary AB CAN,Calgary Transit,CTrain Blue/Red Lines,"1981",,,existing,,,at grade,,,,,,,"Yonah Freemark; OpenStreetMap contributors","0",CAN,,CTrain Blue/Red Lines City Hall–7th St SW,1.8912117474756,,"0"
"58115",Light Rail,Calgary AB CAN,Calgary Transit,CTrain Red Line,"1990",,,existing,,,highway,,,,,,,"Yonah Freemark; OpenStreetMap contributors","0",CAN,,CTrain Red Line University–Brentwood,1.0368248648913,,"0"
"58116",Light Rail,Calgary AB CAN,Calgary Transit,CTrain Red Line,"2003",,,existing,,,highway,,,,,,,"Yonah Freemark; OpenStreetMap contributors","0",CAN,,CTrain Red Line Brentwood–Dalhousie,2.72217450539001,,"0"
"58117",Light Rail,Calgary AB CAN,Calgary Transit,CTrain Red Line,"2009",,,existing,,,highway,,,,,,,"Yonah Freemark; OpenStreetMap contributors","0",CAN,,CTrain Red Line Dalhousie–Crowfoot,3.9913868325737,,"0"
"58118",Light Rail,Calgary AB CAN,Calgary Transit,CTrain Red Line,"2014",,,existing,,,highway,,,,,,,"Yonah Freemark; OpenStreetMap contributors","0",CAN,,CTrain Red Line Crowfoot–Tuscany,2.48016642510135,,"0"
"58119",Light Rail,Calgary AB CAN,Calgary Transit,CTrain Red Line,"1981",,,existing,,,"subway; at grade",,,,,,,"Yonah Freemark; OpenStreetMap contributors","0",CAN,,CTrain Red Line City Hall–Anderson,10.780384020384,,"0"
"58120",Light Rail,Calgary AB CAN,Calgary Transit,CTrain Red Line,"2001",,,existing,,,at grade,,,,,,,"Yonah Freemark; OpenStreetMap contributors","0",CAN,,CTrain Red Line Anderson–Fish Creek,3.63675308917646,,"0"
"58121",Monorail,Jacksonville FL USA,JTA,Skyway,"2000",,,existing,Portions of the line opened after 1989.,,elevated,,auto,,,,,"Yonah Freemark; OpenStreetMap contributors","0",USA,,Skyway San Marco–Kings Ave,0.847533434786006,,"0"
"58122",Monorail,Jacksonville FL USA,JTA,Skyway,"1997",,,existing,Portions of the line opened after 1989.,,elevated,,auto,,,,,"Yonah Freemark; OpenStreetMap contributors","0",USA,,Skyway Central–Rosa Parks,0.820532026601838,,"0"
"58123",Monorail,Jacksonville FL USA,JTA,Skyway,"1989",,,existing,Portions of the line opened after 1989.,,elevated,,auto,,,,,"Yonah Freemark; OpenStreetMap contributors","0",USA,,Skyway Central–Convention Center,1.12274261644064,,"0"
"58124",Metro,Mexico MEX,Mexico City Metro,Linea 1,"1970",,,existing,,,subway,,,,,,,"Yonah Freemark; OpenStreetMap contributors","0",MEX,,Linea 1 Tacubaya–Chapultepec,2.43590581458208,,"0"
"58125",Metro,Mexico MEX,Mexico City Metro,Linea 1,"1969",,,existing,,,subway,,,,,,,"Yonah Freemark; OpenStreetMap contributors","0",MEX,,Linea 1 Chapultepec–Zaragoza,11.542021388756,,"0"
"58126",Metro,Mexico MEX,Mexico City Metro,Linea 1,"1984",,,existing,,,subway,,,,,,,"Yonah Freemark; OpenStreetMap contributors","0",MEX,,Linea 1 Zaragoza–Pantitlán,2.03705481005846,,"0"
"58127",Metro,Mexico MEX,Mexico City Metro,Linea 2,"1970",,,existing,,,"subway; at grade",,,,,,,"Yonah Freemark; OpenStreetMap contributors","0",MEX,,Linea 2 Tacuba–Tasqueña,17.6422846534305,,"0"
"58128",Metro,Mexico MEX,Mexico City Metro,Linea 2,"1970",,,existing,,,"subway; at grade",,,,,,,"Yonah Freemark; OpenStreetMap contributors","0",MEX,,Linea 2,0.0425343080073406,,"0"
"58129",Metro,Mexico MEX,Mexico City Metro,Linea 3,"1983",,,existing,,,"subway; at grade",,,,,,,"Yonah Freemark; OpenStreetMap contributors","0",MEX,,Linea 3 Zapata–Universidad,7.00420534263706,,"0"
"58130",Metro,Mexico MEX,Mexico City Metro,Linea 3,"1980",,,existing,,,"subway; at grade",,,,,,,"Yonah Freemark; OpenStreetMap contributors","0",MEX,,Linea 3 Zapata–Hospital General,5.0987552283248,,"0"
"58131",Metro,Mexico MEX,Mexico City Metro,Linea 3,"1970",,,existing,,,"subway; at grade",,,,,,,"Yonah Freemark; OpenStreetMap contributors","0",MEX,,Linea 3 Tlatelolco–Hospital General,4.96605409376028,,"0"
"58132",Metro,Mexico MEX,Mexico City Metro,Linea 3,"1978",,,existing,,,"subway; at grade",,,,,,,"Yonah Freemark; OpenStreetMap contributors","0",MEX,,Linea 3 Tlatelolco–La Raza,2.06231494824516,,"0"
"58133",Metro,Mexico MEX,Mexico City Metro,Linea 4,"1982",,,existing,,,"elevated; at grade",,,,,,,"Yonah Freemark; OpenStreetMap contributors","0",MEX,,Linea 4 Candelaria–Santa Anita,3.4660433300356,,"0"
"58134",Metro,Mexico MEX,Mexico City Metro,Linea 5,"1981",,,existing,,,"subway; at grade",,,,,,,"Yonah Freemark; OpenStreetMap contributors","0",MEX,,Linea 5 Consulado–Pantitlán,8.75718819808365,,"0"
"58135",Metro,Mexico MEX,Mexico City Metro,Linea 5,"1982",,,existing,,,"subway; at grade",,,,,,,"Yonah Freemark; OpenStreetMap contributors","0",MEX,,Linea 5 Consulado–Politécnico,6.77838135376962,,"0"
"58136",Metro,Mexico MEX,Mexico City Metro,Linea 6,"1983",,,existing,,,subway,,,,,,,"Yonah Freemark; OpenStreetMap contributors","0",MEX,,Linea 6 El Rosario–Instituto del Petróleo,7.51974756611149,,"0"
"58137",Metro,Mexico MEX,Mexico City Metro,Linea 7,"1984",,,existing,,,subway,,,,,,,"Yonah Freemark; OpenStreetMap contributors","0",MEX,,Linea 7 Auditorio–Tacuba,4.27369197028459,,"0"
"58138",Metro,Mexico MEX,Mexico City Metro,Linea 7,"1988",,,existing,,,subway,,,,,,,"Yonah Freemark; OpenStreetMap contributors","0",MEX,,Linea 7 El Rosario–Tacuba,5.92992154086595,,"0"
"58139",Metro,Mexico MEX,Mexico City Metro,Linea 9,"1988",,,existing,,,"subway; elevated",,,,,,,"Yonah Freemark; OpenStreetMap contributors","0",MEX,,Linea 9 Centro Médico–Tacubaya,3.49743935065336,,"0"
"58140",Metro,Mexico MEX,Mexico City Metro,Linea B,"2000",,,existing,,,at grade,,,,,,,"Yonah Freemark; OpenStreetMap contributors","0",MEX,,Linea B Villa de Aragón–Ciudad Azteca,8.77493695761187,,"0"
"58141",Metro,Mexico MEX,Mexico City Metro,Linea B,"1999",,,existing,,,"subway; elevated; at grade",,,,,,,"Yonah Freemark; OpenStreetMap contributors","0",MEX,,Linea B Villa de Aragón–Buenavista,11.6804269650141,,"0"
"58229",Intercity Rail,,Amtrak,Mardi Gras,,,,existing,Reopened in 2025 after being closed from 2005-2025,,at grade,,,,,,,US DOT BTS,"0",USA,,Mardi Gras,220.908531956175,,"0"
"58230",Bus Rapid Transit,Las Vegas NV USA,RTC,Boulder Highway BRT,,,,uc,,https://reimagineboulderhighway.com/,at grade,2025-2027,,,,,,"Yonah Freemark; OpenStreetMap contributors","0",USA,,Reimagine Boulder Highway,11.8830261122554,,"0"
"58241",Bus Rapid Transit,Toronto ON CAN,York Region Rapid Transit,Jane Street BRT,,,"20500",planned,,https://www.yrrtc.ca/jane_brt,at grade,,,,,,,"Yonah Freemark; OpenStreetMap contributors","0",CAN,,Jane Streeet BRT,6.43671654559557,,"0"
"58242",Bus Rapid Transit,Toronto ON CAN,York Region Rapid Transit,Highway 7 East / Markham BRT,,,,planned,,https://www.yrrtc.ca/hwy7east_brt,at grade,,,,,,,"Yonah Freemark; OpenStreetMap contributors","0",CAN,,Highway 7 East / Markham BRT,9.19270218282134,,"0"
"58243",Light Rail,Phoenix AZ USA,Valley Metro,West Phoenix Extension,,,,proposed,Replaced Capitol/I-10 extension project,https://www.valleymetro.org/project/west-phoenix-high-capacity-transit-alternatives-analysis,at grade,,,,,,,"Yonah Freemark; OpenStreetMap contributors","0",USA,,West Phoenix Extension,16.0418368850133,,"0"
"58321",Light Metro,Chicago IL USA,O'Hare Airport,Airport Transit System,"2021",,,existing,,,elevated,,auto,,,,,"Yonah Freemark; OpenStreetMap contributors","1",USA,,Airport Transit System Remote Parking–Multimodal Center,0.50148248577737,,"0"
"58330",Bus Rapid Transit,Washington DC USA,Montgomery County DOT,MD 355 Flash BRT,,499,"14300",planned,"In initial study; funding needed",https://www.montgomerycountymd.gov/dot-dte/projects/MD355BRT/,at grade,,,,,,,"Yonah Freemark; OpenStreetMap contributors","0",USA,,MD 355 BRT,22.7690345035228,,"0"
"58331",Light Rail,Austin TX USA,Capital Metro,Austin Light Rail,,8234,"33800",planned,,https://projectconnect.com/,"elevated; at grade",2027-2033,,,,,,Yonah Freemark,"0",USA,,Austin Light Rail,14.9589594330801,,"0"
