tract_fips,gamma01a_units_IV,gamma11a_units_IV,gamma01a_space_IV,pctdis,pop_tot,n_units,land_area_m2,n_cbg,med_hh_inc,p_white,p_black,p_asian,pop_density,unit_density,log_pop_density,log_unit_density,log_units,log_land_area,log_inc,near_dart_05mi,near_dart_1mi,dist_station_m,restrictiveness
48085031504,0.230769395828247,0.204479828476906,0.374899029731751,0.36039736866951,6429,2423,3130470,4,84314.3092238295,0.740395084772126,0.141079483589983,0.0751283247783482,0.0020536852293745,0.000774005181330599,-6.18811942684621,-7.16393199017137,7.79276172081653,14.9566937109879,11.3423068712679,0,0,9986.82830761571,-0.230769395828247
48085031611,0.1952905356884,0.155104592442513,0.323798388242722,0.283193588256836,3671,1351,2523303,3,90891.5843094525,0.704440207028058,0.137837101607192,0.0792699536910923,0.00145483915328441,0.000535409342437274,-6.53285993204037,-7.53247897757701,7.2086003379602,14.7410793155372,11.4174226940254,0,0,1660.37360224085,-0.1952905356884
48085031613,0.173140570521355,0.163531124591827,0.304356545209885,0.277296453714371,5712,2106,3270927,5,123605.569677871,0.81390056022409,0.0388655462184873,0.0483193277310924,0.00174629394052512,0.000643854173449912,-6.35025948491792,-7.34803829624342,7.65254569269392,15.0005839889373,11.7248508851092,0,0,4222.56736136894,-0.173140570521355
48085031621,0.0468427762389183,-0.00778337009251118,0.162288993597031,0.242958396673203,6104,2936,4561415,5,84749.5422673657,0.624508519003932,0.0994429882044562,0.10108125819135,0.00133818124419725,0.000643659916933671,-6.61644386740856,-7.34834005063844,7.98480338973441,15.3331434403728,11.3474556242531,0,0,3755.55948801588,-0.0468427762389183
48085031622,0.173233881592751,0.165640354156494,0.270448565483093,0.266434103250504,6642,2399,3862468,3,105069.493224932,0.652062631737429,0.120295091839807,0.185486299307438,0.00171962589722426,0.000621105469352756,-6.36564851342748,-7.38400965252448,7.7828072628397,15.1668169153642,11.5623772504574,0,0,1832.83199762814,-0.173233881592751
48085031623,-0.0381465144455433,-0.0459199696779251,0.0581022836267948,0.255157589912415,2526,1154,1827879,3,83816.0835312747,0.724465558194775,0.0787806809184481,0.166270783847981,0.001381929547853,0.000631332817981934,-6.5842745333348,-7.36767738917719,7.05098944706805,14.4186668362452,11.3363801956353,0,0,1883.97754189334,0.0381465144455433
48085031624,0.117932170629501,0.110076710581779,0.245185568928719,0.248733177781105,3121,1361,1372395,3,62753.843639859,0.656840756167895,0.079782121115027,0.170778596603653,0.0022741266180655,0.000991696996855862,-6.08615920443632,-6.91609294405563,7.21597500265147,14.1320679467071,11.046975108343,0,0,3092.20340329789,-0.117932170629501
48085031625,0.226512268185616,0.225123018026352,0.358955651521683,0.25964081287384,4569,1800,2467123,4,115536.180126942,0.798643029109214,0.0444298533595973,0.11096520026264,0.00185195468568045,0.00072959475470011,-6.29151361083263,-7.22302130851164,7.49554194388426,14.7185632523959,11.6573390077444,0,0,4310.86351120997,-0.226512268185616
48085031626,0.0303910560905933,0.0279182903468609,0.134491860866547,0.250871539115906,2284,909,1285797,2,111001.941330998,0.807355516637478,0.0302101576182136,0.0849387040280209,0.00177633016720369,0.000706954519259261,-6.33320574673331,-7.25454422333174,6.81234509417748,14.0668893175092,11.61730296961,0,0,3057.58733877749,-0.0303910560905933
48085031627,0.162424489855766,0.15266016125679,0.260191142559052,0.261862426996231,5478,1951,3004205,4,85638.3154435926,0.707374954362906,0.0682730923694779,0.181453085067543,0.00182344413913165,0.000649423058679418,-6.30702818205828,-7.33942619125819,7.57609734062311,14.9155235318813,11.3578880723046,0,0,3964.2636526663,-0.162424489855766
48085031628,0.259565740823746,0.257718086242676,0.358738929033279,0.284759074449539,4037,1483,1872301,4,90094.6398315581,0.80629180084221,0.0958632648005946,0.0374040128808522,0.00215617040208813,0.000792073496729425,-6.1394215928396,-7.14085637155461,7.30182234213793,14.4426787136925,11.4086159505011,0,0,2856.26721720814,-0.259565740823746
48085031629,0.0932680368423462,0.0904385894536972,0.185659304261208,0.277109384536743,4058,1321,1543705,4,88798.2841301134,0.842533267619517,0.0574174470182355,0.0522424839822572,0.00262874059486754,0.000855733446481031,-5.94125040875023,-7.06355162461366,7.18614430452233,14.249695929136,11.3941226059345,0,0,2473.87781692356,-0.0932680368423462
48085031630,0.00833471771329641,-0.0244759060442448,0.100778006017208,0.309610188007355,4492,1544,1963040,3,113188.034951024,0.619545859305432,0.0670080142475513,0.178094390026714,0.00228828755399788,0.000786535169940501,-6.07995153416668,-7.14787311944029,7.34213173058472,14.490004850025,11.6368057408523,0,0,5704.79850033759,-0.00833471771329641
48085031631,0.090220995247364,0.0865874961018562,0.166473582386971,0.311476469039917,5499,1997,1907766,3,98473.1534824514,0.590107292234952,0.0872885979268957,0.12856883069649,0.00288242897713871,0.00104677408025932,-5.84912194545204,-6.86204214854404,7.59940133341582,14.4614434819599,11.4975392365331,0,0,5067.9697054301,-0.090220995247364
48085031632,0.209120690822601,0.170342266559601,0.274230003356934,0.313557952642441,4853,1821,3683783,2,92911.9136616526,0.511024108798681,0.283535957139914,0.151246651555739,0.00131739573150753,0.000494328791896808,-6.63209842185134,-7.61230969152895,7.50714107972761,15.1194507712566,11.4394071583628,0,0,4767.14715693534,-0.209120690822601
48085031633,0.143000990152359,0.140950113534927,0.258983254432678,0.299197733402252,4308,1444,1509287,2,100966.121866295,0.753946146703807,0.0680129990714949,0.125812441968431,0.0028543279045006,0.00095674315090503,-5.85891887356972,-6.95197559239323,7.27517231945277,14.227147911846,11.5225403124888,0,0,4429.07820192979,-0.143000990152359
48085031634,0.266893446445465,0.26571199297905,0.382263392210007,0.291767001152039,3336,1168,1376357,3,82773.5710431655,0.727517985611511,0.0404676258992806,0.139088729016787,0.00242378975803516,0.000848617037585452,-6.02242294802048,-7.07190254811095,7.06304816338817,14.1349507114991,11.3238640991214,0,0,3741.61662855235,-0.266893446445465
48085031635,0.222591519355774,0.155550554394722,0.329275339841843,0.299173027276993,4640,1808,3000099,3,88189.5928879311,0.542672413793103,0.157974137931034,0.215517241379311,0.00154661562835093,0.000602646779322949,-6.4716862008676,-7.41417930513577,7.49997654095212,14.9141558460879,11.3872442405651,0,0,3221.4748811087,-0.222591519355774
48085031636,0.16864812374115,0.157766684889793,0.292967081069946,0.290363073348999,6168,2383,3156879,4,118652.209695109,0.568417639429313,0.0706874189364462,0.257619974059663,0.0019538284489206,0.000754859467214296,-6.23796452403631,-7.18897896218074,7.77611547709874,14.9650944392795,11.6839518853324,0,0,6487.69768966702,-0.16864812374115
48085031639,0.208895355463028,-0.026410898193717,0.290983617305756,0.335157215595245,5186,1687,2827677,3,138399.339182414,0.559969147705361,0.0564982645584266,0.314114924797532,0.00183401428098047,0.000596602794449295,-6.30124811838403,-7.42425900193668,7.43070708254597,14.8549660844826,11.8378985474608,0,0,9889.86762661919,-0.208895355463028
48085031641,-0.114862695336342,-0.150506123900414,-0.0135229453444481,0.32253760099411,3448,1132,2347052,2,148706.400232019,0.368909512761021,0.0200116009280743,0.6084686774942,0.00146907695270493,0.000482307166607301,-6.5231209987479,-7.63692937176835,7.03174125876313,14.6686706305315,11.9097291727595,0,0,7649.90522199334,0.114862695336342
48085031642,0.0409801043570042,0.0246465802192688,0.180112197995186,0.307645082473755,5120,1724,2033849,3,134474.577929688,0.5091796875,0.10703125,0.27734375,0.00251739435916826,0.000847653881876187,-5.98453089684655,-7.07303816365646,7.45240245122364,14.5254406148801,11.8091304484839,0,0,6355.28779078078,-0.0409801043570042
48085031643,0.220536887645721,0.212258338928223,0.335677623748779,0.292999476194382,4757,1913,2187045,3,98020.1845701072,0.60584401933992,0.0742064326256044,0.293672482657137,0.00217508098827413,0.000874696222528572,-6.13068937914663,-7.04163390613865,7.55642796944025,14.5980618755789,11.4929287014459,0,0,5157.73063961059,-0.220536887645721
48085031645,-0.0342476554214954,-0.066803440451622,0.0851569622755051,0.27802973985672,1766,622,1478828,2,162727,0.736693091732729,0.0537938844847112,0.169875424688562,0.00119418891175985,0.000420603342647015,-6.73028805897249,-7.77382034739721,6.43294009273918,14.2067604401364,11.9998292290395,0,0,9964.59509208815,0.0342476554214954
48085031646,0.301768779754639,0.246190637350082,0.394987642765045,0.276676535606384,5424,2193,6276457,3,186444.28060472,0.663901179941003,0.0575221238938053,0.201327433628319,0.000864181814676656,0.000349400943876458,-7.05372737764474,-7.95929045884708,7.69302574841789,15.652316207265,12.1358877099137,0,0,8557.46843157103,-0.301768779754639
48085031647,-0.0464949496090412,-0.121603138744831,0.0745242387056351,0.263057678937912,3388,1525,2474201,2,88852.0649350649,0.686540731995278,0.0699527744982291,0.183293978748524,0.00136933094764734,0.000616360594794037,-6.59343301780989,-7.39167838454032,7.32974968904151,14.7214280735818,11.394728074,0,0,8366.01328367301,0.0464949496090412
48085031649,0.16413414478302,0.109572604298592,0.255725562572479,0.245360553264618,5016,2530,6603647,4,126375.971092504,0.685406698564593,0.0879186602870813,0.187599681020734,0.000759580274354459,0.000383121629608609,-7.18274454782771,-7.8671580484189,7.83597458172157,15.7031326301405,11.7470166405069,0,0,6481.90640730572,-0.16413414478302
48085031704,0.0388658307492733,0.0383409634232521,0.190827742218971,0.218398422002792,3881,1906,1543999,4,103102.931203298,0.637722236536975,0.0528214377737697,0.0927595980417417,0.00251360266425043,0.00123445675806785,-5.98603823052935,-6.69712427768411,7.55276208421415,14.2498863618983,11.5434831002828,0,0,3748.08852293732,-0.0388658307492733
48085031706,0.05662751942873,0.047314427793026,0.156322345137596,0.217176765203476,2585,892,1800108,2,223056.12959381,0.92688588007737,0.00851063829787234,0.0363636363636364,0.00143602494961413,0.000495525824006115,-6.54587643412394,-7.60989108848646,6.79346613258001,14.4033572210665,12.315178720985,0,0,3413.36954823335,-0.05662751942873
48085031708,0.0500986352562904,0.0337230488657951,0.130783706903458,0.21561923623085,3073,1613,2336101,3,85762.6400911162,0.695411649853563,0.118451025056948,0.0816791409046537,0.00131543970059514,0.000690466722115183,-6.63358429616648,-7.27814278017175,7.38585107812521,14.663993858297,11.3593387604753,0,0,3557.57021806454,-0.0500986352562904
48085031709,0.260925650596619,0.210177570581436,0.362448960542679,0.228057086467743,4486,2151,3808169,3,101401.648461881,0.417298261257245,0.210432456531431,0.162951404369148,0.00117799393881942,0.000564838377708552,-6.74394233908057,-7.47897092489299,7.67368812926773,15.1526590541607,11.5268446270276,0,0,3132.18746589471,-0.260925650596619
48085032003,0.274145394563675,0.253619879484177,0.391851782798767,0.265008926391602,5380,2256,2301760,4,43436.893866171,0.84368029739777,0.0330855018587361,0.0159851301115242,0.00233734186014181,0.000980119560683998,-6.0587409525053,-6.92783599304318,7.72134861261795,14.6491846056611,10.6790644480497,0,1,1044.49017467614,-0.274145394563675
48085032008,0.339626461267471,0.293266475200653,0.392452031373978,0.286992639303207,4372,1539,4209951,3,94579.4110247027,0.752744739249772,0.0715919487648672,0.102927721866423,0.00103849189693657,0.000365562449539199,-6.86998571733953,-7.91407343279708,7.33888813383888,15.252961566636,11.4571950889074,0,0,2651.12507410955,-0.339626461267471
48113000100,0.54915714263916,0.539143919944763,0.564539670944214,0.0611833557486534,3985,1919,3064914,3,89925.7241867044,0.824090338770389,0.0797992471769133,0.0253450439146801,0.00130019961408379,0.00062611871001927,-6.64523747700691,-7.37597057222353,7.5595594960077,14.9355300682312,11.4067393217614,0,0,4277.3462808342,-0.54915714263916
48113000201,0.423211991786957,0.410939425230026,0.461630761623383,0.0618134401738644,2809,1360,1762502,3,134174.39516129,0.964756140975436,0.0217159131363475,0.00427198291206835,0.00159375705672958,0.000771630330064874,-6.44166112131545,-7.16700496968959,7.2152399787301,14.3822449484197,11.8068956892003,0,0,1750.76604443008,-0.423211991786957
48113000202,0.576395332813263,0.550019264221191,0.631832122802734,0.0569691583514214,3876,2027,1571509,3,137561.307791538,0.882610939112487,0.0154798761609907,0.02218782249742,0.00246641921872544,0.00128984307439537,-6.00498788920511,-6.65323471576377,7.614312146452,14.2675468622158,11.8318249715637,0,1,1084.05524055478,-0.576395332813263
48113000300,0.397469043731689,0.377662241458893,0.449560672044754,0.0510916784405708,3632,1722,1809162,3,100432.535242291,0.899779735682819,0.0181718061674009,0.0046806167400881,0.00200755930093601,0.000951821893230125,-6.21083557288549,-6.957132627619,7.45124168498768,14.4083743126067,11.517241489943,0,1,858.943662761039,-0.397469043731689
48113000401,0.00847684126347303,-0.0443076156079769,0.0834794715046883,0.0400141701102257,2423,974,2032900,3,49058.2649607924,0.755262071811804,0.0198101527032604,0.0553033429632687,0.00119189335432141,0.000479118500664076,-6.73221218219263,-7.64356259936662,6.88141130364254,14.5249739030092,10.8007639515286,1,1,349.62021307116,-0.00847684126347303
48113000405,-0.0688648894429207,-0.101658031344414,0.00695840828120709,0.0379190631210804,2406,1508,438318,2,41898.0789692436,0.590606816292602,0.36450540315877,0.0253532834580216,0.00548916540046268,0.00344042453196081,-5.20497905679083,-5.67216040475755,7.3185395485679,12.9906999533255,10.6429952568698,0,1,1034.97190009792,0.0688648894429207
48113001001,0.491522610187531,0.459783345460892,0.52523410320282,0.0431398935616016,1300,843,646816,2,126372.138461538,0.86,0.0384615384615384,0.05,0.00200984514916143,0.00130330727749468,-6.2096976000971,-6.64285018554487,6.73696695800186,13.3798171435467,11.7469863128343,0,0,1855.62535298744,-0.491522610187531
48113001002,0.265190571546555,0.237441539764404,0.318322569131851,0.0388413891196251,2213,1086,809000,2,116308.845458653,0.666516041572526,0.00677812923633077,0.0415725259828287,0.00273547589616811,0.00134239802224969,-5.90144985598958,-6.61329769554675,6.99025650049388,13.6035541960406,11.6640043928687,0,0,2013.8869713876,-0.265190571546555
48113001101,0.452867150306702,0.42002484202385,0.497623562812805,0.0430777966976166,3103,1812,1293440,3,121289.645504351,0.833709313567515,0.0625201417982599,0.0760554302288109,0.0023990289460663,0.00140091538842157,-6.03269122930896,-6.57062940715441,7.50218648660292,14.0728158937573,11.7059367285874,0,0,2602.79765617172,-0.452867150306702
48113001102,0.42343744635582,0.393361181020737,0.449266731739044,0.0500773824751377,2824,1351,878249,3,180319.173866856,0.93201133144476,0.00601983002832861,0.0290368271954675,0.00321548900141076,0.00153828811646811,-5.73977583288634,-6.47708509353927,7.2086003379602,13.6856854314995,12.1024837477794,0,0,2749.58543352174,-0.42343744635582
48113001202,0.524332880973816,0.514704525470734,0.54128223657608,0.0541337952017784,4020,2220,3208547,3,79280.8281094527,0.715174129353234,0.140298507462687,0.045273631840796,0.00125290357286336,0.000691901973073793,-6.68229156304204,-7.27606626978878,7.70526247486633,14.9813287446551,11.2807516143259,0,0,3522.31617294612,-0.524332880973816
48113001203,0.529536545276642,0.527078747749329,0.544896364212036,0.0498552359640598,1427,517,479384,2,87188,0.840925017519271,0.00700770847932726,0.0119131044148563,0.00297673681224238,0.00107846736645362,-5.81692760789648,-6.83221435086488,6.24804287450843,13.0802572253733,11.3758219857484,0,0,3078.23269068538,-0.529536545276642
48113001204,0.387922734022141,0.371049612760544,0.424388915300369,0.0448242500424385,2641,842,560060,2,49583,0.901552442256721,0,0,0.00471556618933686,0.00150341034889119,-5.35688628753196,-6.50001918558676,6.73578001424233,13.2357991998291,10.8114033120281,0,0,2472.33271930983,-0.387922734022141
48113001301,0.375270158052444,0.353806376457214,0.408455640077591,0.0445449985563755,2906,1697,1058164,3,81223.9249827942,0.836200963523744,0.0340674466620785,0.0323468685478321,0.00274626617424142,0.0016037211623151,-5.89751304470923,-6.43542862360523,7.43661726523423,13.8720458888395,11.3049651253964,0,0,2945.33208046207,-0.375270158052444
48113001302,0.60713917016983,0.586936354637146,0.676567196846008,0.0339608043432236,2624,1531,670843,3,65245.9603658537,0.6875,0.251524390243902,0.0152439024390244,0.00391149643061044,0.00228220313843925,-5.54383525937683,-6.08261401378313,7.33367639565768,13.4162904094408,11.0859194131666,0,0,2061.29129884813,-0.60713917016983
48113001400,0.416492700576782,0.400953978300095,0.474767327308655,0.0387993566691875,3843,1982,1027418,4,51346.9255789748,0.722612542284673,0.149102263856362,0.0541243819932344,0.00374044449289384,0.00192910772441207,-5.58855082625027,-6.25069770192518,7.59186171488993,13.8425594168151,10.8463603416846,0,0,2886.5430858582,-0.416492700576782
48113001502,0.378386199474335,0.35740339756012,0.48547625541687,0.0261139273643494,3424,1510,1044743,4,45221.589953271,0.726343457943925,0.117698598130841,0.0219042056074766,0.00327736103520196,0.00144533153129526,-5.72071674285858,-6.53941655031124,7.31986492980897,13.8592814801202,10.7193299056135,0,1,1321.42430506484,-0.378386199474335
48113001503,0.204184517264366,0.162941753864288,0.324633359909058,0.0239037033170462,2068,1557,623787,3,33978.8782991202,0.673597678916828,0.173114119922631,0.0551257253384913,0.00331523420654807,0.00249604432282173,-5.70922700729754,-5.99304807109186,7.350516171834,13.3435642429259,10.4334943840607,0,1,1552.24335711931,-0.204184517264366
48113001504,0.329833000898361,0.290663480758667,0.435289531946182,0.0268405228853226,2780,1620,613166,4,62791,0.696043165467626,0.161151079136691,0.0672661870503599,0.00453384564701892,0.00264202516121246,-5.39618477092161,-5.93620954937987,7.39018142822643,13.3263909776063,11.0475670300842,0,0,1718.40474075553,-0.329833000898361
48113002100,-0.112791068851948,-0.170693814754486,-0.0079491538926959,0.00495583238080144,2659,2104,991972,2,82064,0.598721323805942,0.226400902594961,0.0831139526137646,0.00268051920820346,0.00212102760965027,-5.92174476881918,-6.1558545862046,7.6515955738576,13.8074501600622,11.3152547096291,1,1,305.883724626275,0.112791068851948
48113002200,0.0864386782050133,0.0579015575349331,0.221652045845985,0.0165451113134623,1914,1507,1653376,2,72818.7460815047,0.757575757575758,0.133751306165099,0.0553814002089864,0.00115763141596346,0.000911468413718356,-6.76137924413873,-7.00045361752514,7.3178761986265,14.3183298161516,11.1957287021566,1,1,358.428681229632,-0.0864386782050133
48113002400,0.445642173290253,0.403163850307465,0.513048231601715,0.0351421758532524,2741,1202,1255975,3,48497.9761634506,0.809558555271799,0.0525355709595039,0.035388544326888,0.0021823682796234,0.000957025418499572,-6.1273446250508,-6.95168060625843,7.09174211509515,14.0434227213536,10.7892773474663,0,1,1533.56997098578,-0.445642173290253
48113002500,0.391835063695908,0.366725862026215,0.452764332294464,0.0416215993463993,6281,2050,4202731,4,48660.2883298838,0.605476834898902,0.194714217481293,0,0.0014945044067774,0.000487778066214564,-6.50596062758126,-7.62565003790319,7.62559507213245,15.2512451100356,10.7926185417183,0,0,1968.26582824945,-0.391835063695908
48113003700,0.724346280097961,0.71445494890213,0.798028647899628,0.0362436212599278,3098,1436,1634059,4,30955.3524854745,0.437701743060039,0.547772756617173,0.00355067785668173,0.00189589237597908,0.00087879323818785,-6.26806564048454,-7.03696091185319,7.26961674960817,14.3065776614614,10.3403012029172,0,1,1224.34790354105,-0.724346280097961
48113004201,0.435234397649765,0.412602454423904,0.459127694368362,0.0385812148451805,4060,1931,2569176,5,106097.505172414,0.82487684729064,0.0391625615763548,0.00985221674876848,0.00158027320821929,0.000751602848539765,-6.45015753029713,-7.19330250046439,7.56579328242852,14.7590957828929,11.5721138103993,1,1,642.082715894876,-0.435234397649765
48113004202,0.474812090396881,0.402140498161316,0.49578669667244,0.0531613118946552,1984,929,1273698,3,69630.8215725807,0.848286290322581,0.00856854838709677,0.0509072580645162,0.00155766908639254,0.000729372268779569,-6.46456475050333,-7.22332629953431,6.83410873881384,14.0574350383482,11.1509625869849,0,0,2256.60239945677,-0.474812090396881
48113004300,0.171628817915916,0.119824327528477,0.238562226295471,0.0371911861002445,3625,2156,4600709,3,57036,0.58648275862069,0.235862068965517,0.0162758620689655,0.000787922035494964,0.00046862342304197,-7.14611141272846,-7.66571104798834,7.67600993202889,15.3417209800172,10.951437926402,0,0,2193.49240711183,-0.171628817915916
48113004400,0.517922937870026,0.497378528118134,0.534396469593048,0.0493999272584915,3906,1766,2090033,3,113759.641065028,0.816692268305171,0.104454685099846,0.010752688172043,0.00186887001305721,0.000844962735038155,-6.2824213018534,-7.07621803212612,7.47647238116391,14.55269041329,11.6418430898372,0,0,2087.89339294731,-0.517922937870026
48113004500,0.385065227746964,0.378157705068588,0.415986627340317,0.0695614591240883,6101,2039,1984599,4,65046.5118832978,0.719718079003442,0.0599901655466319,0.00360596623504344,0.0030741726666193,0.00102741158289408,-5.78471946543042,-6.88071266600782,7.62021477057446,14.5009274365823,11.0828578604168,0,0,2208.09181436496,-0.385065227746964
48113004600,0.363093495368958,0.350114047527313,0.411922693252564,0.0558856278657913,2089,1074,712964,2,68828,0.687888942077549,0.164672091910005,0.00382958353279081,0.00293002171217621,0.00150638741928064,-5.83274544568157,-6.49804093216933,6.97914527506881,13.4771862072381,11.139365917873,0,0,1612.23037756993,-0.363093495368958
48113004700,0.0612751208245754,0.0432166047394276,0.153313845396042,0.0477848276495934,2935,995,966092,3,53697.5233390119,0.808177172061329,0.0228279386712095,0,0.00303801294286673,0.00102992261606555,-5.79655161449284,-6.87827160959644,6.90274273715859,13.781014346755,10.891122159117,1,1,628.986075586694,-0.0612751208245754
48113004800,0.0447322055697441,0.00999669265002012,0.107431858778,0.0434562712907791,2583,836,1691169,4,46596.4270228417,0.804490902051878,0.0468447541618273,0.00193573364305072,0.00152734587731918,0.000494332618443219,-6.48422377065452,-7.61230195066566,6.7286286130847,14.3409305637504,10.7492791438446,1,1,540.773615123415,-0.0447322055697441
48113005000,0.32920777797699,0.312187671661377,0.385575383901596,0.0544301979243755,3560,1256,1416298,3,45357.0606741573,0.662921348314607,0.0398876404494382,0,0.00251359530268348,0.00088681901690181,-5.98604115922522,-7.02786963604315,7.13568734702814,14.1635569830713,10.7223211363496,0,1,966.24377411537,-0.32920777797699
48113005100,0.413411796092987,0.408709406852722,0.452867388725281,0.0618314631283283,2928,850,986541,2,52256.2691256831,0.851092896174863,0.00956284153005465,0,0.00296794557955523,0.00086159622357307,-5.81988528957447,-7.05672381517131,6.74523634948436,13.8019601646557,10.8639151458963,1,1,546.694917248297,-0.413411796092987
48113005200,0.407768398523331,0.395844101905823,0.453232377767563,0.0641249120235443,5098,1550,1468699,4,83129.7999215379,0.815025500196155,0.0678697528442526,0.00176539819537073,0.00347109925178679,0.00105535579448206,-5.66328394793142,-6.85387732295419,7.34601020991329,14.1998875328675,11.3281585197081,0,1,1417.00173861301,-0.407768398523331
48113005300,0.388111591339111,0.383848011493683,0.421721547842026,0.0736918225884438,7066,2320,2104532,5,48976.2132748373,0.791253891876592,0.00693461647325218,0.00849136711010474,0.00335751606532949,0.00110238285756643,-5.69655384467007,-6.8102812079288,7.74932246466036,14.5596036725892,10.7990900158563,0,1,974.111109181063,-0.388111591339111
48113005400,0.415591150522232,0.400910466909409,0.442862451076508,0.0600171945989132,6140,1966,2645076,4,40555.2299674267,0.615635179153095,0.242345276872964,0.0151465798045603,0.00232129435978399,0.000743267868295656,-6.06563033517991,-7.20445405561399,7.58375630070711,14.7882103563211,10.6104200269957,0,1,1229.08417111542,-0.415591150522232
48113005500,0.405761986970902,0.396767377853394,0.434392184019089,0.0658186301589012,4615,1649,2710702,4,47965.7031419285,0.396533044420369,0.500758396533044,0,0.00170251101006308,0.000608329502837272,-6.37565105296412,-7.40479387734147,7.4079243225596,14.8127181999011,10.778241516624,1,1,564.328219589329,-0.405761986970902
48113005600,0.393722862005234,0.379903972148895,0.428944230079651,0.0738752484321594,7834,2013,2463717,4,47712.1701557314,0.749425580801634,0.163645647178963,0,0.00317974832336669,0.000817058128023633,-5.75095322891745,-7.10980031750344,7.60738142563979,14.7171817431432,10.772941783867,0,0,1895.71151427539,-0.393722862005234
48113005700,0.426245361566544,0.409819066524506,0.454388648271561,0.0872572883963585,5163,2123,2824284,4,31197.9848925044,0.379430563625799,0.550067790044548,0.00503583188068952,0.0018280739472376,0.000751694942859854,-6.30449235423138,-7.19317997740777,7.66058546170326,14.853765439111,10.3481087849331,0,1,887.248859041505,-0.426245361566544
48113005901,0.482033282518387,0.478991478681564,0.505174875259399,0.0959393978118896,5669,2075,2898961,6,33897.2026812489,0.321926265655318,0.557417533956606,0.000705591815134944,0.00195552820476026,0.000715773685813642,-6.2370949405742,-7.2421465222337,7.6377164326648,14.8798629548985,10.4310877731865,0,1,1432.48404206702,-0.482033282518387
48113005902,0.421810030937195,0.39338555932045,0.450598627328873,0.0911930724978447,3197,1159,1965611,2,37353.5986862684,0.257741632780732,0.639036596809509,0,0.00162646627435439,0.000589638539873861,-6.4213455473692,-7.43600085308929,7.05531284333975,14.491313696429,10.5281845362882,0,0,2041.24668203707,-0.421810030937195
48113006001,0.425839632749558,0.410247981548309,0.494547009468079,0.0842480584979057,4452,1257,1188588,3,51597,0.835130278526505,0.0530098831985625,0,0.00374562085432463,0.00105755737059435,-5.58716789355714,-6.85179339736233,7.13648320859025,13.9882766059526,10.8512188102446,0,0,2810.51479241371,-0.425839632749558
48113006002,0.254600375890732,0.169254884123802,0.300271183252335,0.0922790691256523,6072,2434,2343768,3,28807.5632411067,0.319664031620553,0.521080368906456,0.027832674571805,0.00259070010342321,0.00103849869099672,-5.9558271295959,-6.8699791751239,7.79729127354747,14.6672704486714,10.2683932441858,0,0,2990.3475384476,-0.254600375890732
48113006100,0.407349556684494,0.396355271339417,0.43800088763237,0.0981795787811279,4808,1688,2555319,2,48834.4425956739,0.414309484193011,0.45320299500832,0,0.00188156547186477,0.000660582886128894,-6.27565115084035,-7.32238795189949,7.4312996751559,14.7536876270554,10.7961911337829,0,0,3162.61705741665,-0.407349556684494
48113006200,0.398445516824722,0.391494244337082,0.435193002223969,0.0685724467039108,6783,2401,2808984,5,42091.8313430635,0.488869231903288,0.377414123544155,0.0140056022408963,0.00241475209541955,0.000854757449668635,-6.02615864914686,-7.06469281387169,7.78364059622125,14.8483334100929,10.6476089709883,0,1,1127.62135948124,-0.398445516824722
48113006301,0.677837491035461,0.673759937286377,0.720210909843445,0.0851075574755669,6333,1949,2527326,6,60268.847307753,0.729827885678194,0.0781620085267644,0,0.0025058104890307,0.000771170794745118,-5.98914304826059,-7.16760068526946,7.57507169950756,14.742672384777,11.0065706208214,0,0,1614.41358561467,-0.677837491035461
48113006302,0.434445291757584,0.432219505310059,0.464515388011932,0.075045183300972,4549,1580,1638632,3,59327.7487359859,0.725873818421631,0.0527588480984832,0,0.00277609615825884,0.000964218933842376,-5.88670959779527,-6.94419217934426,7.36518012602101,14.3093723053653,10.9908324137491,1,1,768.509942490721,-0.434445291757584
48113006501,0.313958913087845,0.311701506376267,0.358802974224091,0.0965914949774742,4061,1091,1360853,3,55464.280565371,0.896577197734548,0.00714109825166214,0.00221620290568826,0.00298415773048228,0.000801703049484404,-5.81443773929689,-7.12877228115011,6.99484998583307,14.1236222669832,10.9234944991226,0,0,1876.2743288474,-0.313958913087845
48113006502,0.30839991569519,0.287360012531281,0.357103884220123,0.0961070209741592,4387,1084,1676517,3,58583.0572144974,0.795304308183269,0.0027353544563483,0,0.00261673457531299,0.000646578591210229,-5.94582808384377,-7.3438158030104,6.98841318199959,14.33222898501,10.9782008077276,0,1,1098.29476072354,-0.30839991569519
48113006800,0.162880375981331,0.14591209590435,0.215732961893082,0.0701273530721664,4993,2299,1635833,3,48352.0404566393,0.714600440616863,0.0717003805327459,0.00660925295413579,0.00305226756031942,0.00140540018449316,-5.79187050219427,-6.5674331879317,7.74022952476318,14.3076627126949,10.7862637017829,0,0,3191.67286851062,-0.162880375981331
48113006900,0.0925915688276291,0.0725057274103165,0.151935935020447,0.0636754184961319,4287,1410,1590540,3,53877.1101672418,0.780732446932587,0.0755773268019595,0,0.00269531102644385,0.000886491380285941,-5.91624167258123,-7.028239155807,7.25134498337221,14.2795841391792,10.8944609944764,0,0,4071.23782217283,-0.0925915688276291
48113007101,0.699832618236542,0.681218981742859,0.777657568454742,0.0650271326303482,2445,1113,1180246,2,132778.156237219,0.939877300613497,0.0106339468302658,0.0384458077709612,0.00207160202195136,0.000943023742507918,-6.17943304738134,-6.96641909801477,7.01481435127555,13.9812334492903,11.7964350163296,0,0,2868.84280546941,-0.699832618236542
48113007102,0.50193190574646,0.472726345062256,0.597227394580841,0.0690287128090859,5349,2904,2501305,5,59934.2566834922,0.646289025986166,0.248457655636568,0.0424378388483828,0.0021384837115026,0.00116099396115228,-6.14765824711257,-6.75847877769914,7.97384437594469,14.7323231536438,11.0010035185203,0,0,2375.03494372961,-0.50193190574646
48113007301,0.498124837875366,0.484114348888397,0.56068617105484,0.0788162499666214,1509,841,1915644,2,213579.93638171,0.96752816434725,0.00530152418820411,0,0.000787724650300369,0.000439016852818165,-7.14636195772361,-7.73097275651851,6.73459165997295,14.4655644164915,12.2717664508592,0,0,4175.950460623,-0.498124837875366
48113007302,0.582742631435394,0.563669502735138,0.60346794128418,0.0846605971455574,4119,1815,3672875,4,142121.963191991,0.935178441369264,0.0284049526584122,0.00946831755280407,0.00112146479256713,0.000494163291699282,-6.79311959766029,-7.61264454539742,7.50384074669895,15.1164852920964,11.8644408636618,0,0,3061.87254201266,-0.582742631435394
48113007601,0.62718540430069,0.619035542011261,0.657111346721649,0.111174277961254,1840,864,2762135,2,154866.165217391,0.885869565217391,0.00760869565217394,0.0652173913043478,0.000666151364795711,0.000312801510425812,-7.31399363877878,-8.06994172057776,6.76157276880406,14.8315144893818,11.9503165727032,0,0,5092.28764655872,-0.62718540430069
48113007604,0.630455434322357,0.600729703903198,0.698803544044495,0.107412829995155,2886,1123,2676004,3,223500,0.899168399168399,0,0.0647955647955646,0.00107847372425452,0.000419655576000634,-6.83220845566363,-7.77607624025901,7.02375895473844,14.7998351949974,12.3171666930358,0,0,2875.79351369095,-0.630455434322357
48113007605,0.574443578720093,0.558013200759888,0.623238801956177,0.108339823782444,1621,876,2548612,2,161875,0.901912399753239,0,0.0635410240592227,0.000636032475716194,0.000343716501374081,-7.36026093348095,-7.97569336428023,6.77536609093639,14.7510594552166,11.9945797114359,0,0,4432.30188808321,-0.574443578720093
48113007801,0.138327479362488,0.103417746722698,0.203728601336479,0.0937063470482826,2463,1469,2421260,2,95096.7649208282,0.92326431181486,0.0259845716605765,0.02557856272838,0.00101723895822836,0.000606708903628689,-6.89066322567237,-7.40746144761903,7.29233717617388,14.6997986237929,11.462650230298,0,1,1172.25532825029,-0.138327479362488
48113007805,0.285392880439758,0.272879779338837,0.329839020967484,0.124598421156406,2515,1491,2692556,3,85627.6584938704,0.664015904572565,0.21272365805169,0,0.000934056710426821,0.000553748928527392,-6.97597340377695,-7.49879917154605,7.30720231476474,14.8060014863108,11.3577636231861,0,1,819.360566163053,-0.285392880439758
48113007809,0.310554295778275,0.296351402997971,0.351167649030685,0.0944122523069382,3314,1764,2086128,2,64122.2407966204,0.654496077248039,0.175920337960169,0.1004828002414,0.00158858900316759,0.000845585697521916,-6.44490907613114,-7.07548103755092,7.47533923656674,14.5508202741177,11.0685465530346,0,1,808.58897198764,-0.310554295778275
48113007810,-0.0826496407389641,-0.0928039252758026,0.000458801543572918,0.137168884277344,4749,2135,2260942,4,82565.9694672563,0.501789850494841,0.293746051800379,0.0692777426826702,0.00210045193552068,0.000944296669264404,-6.16560275001575,-6.96507017290215,7.66622192566273,14.6312920985649,11.3213528826952,0,0,1775.81168917625,0.0826496407389641
48113007812,0.447430670261383,0.433068484067917,0.477921545505524,0.118104837834835,2873,1146,2843536,2,174875.311521058,0.869126348764358,0.0480334145492517,0.0553428471980507,0.00101036174678288,0.000403019339301489,-6.89744684712323,-7.81652600882783,7.04403289727469,14.8605589061025,12.071828493359,0,0,1865.32942805657,-0.447430670261383
48113007815,0.227797403931618,0.200094610452652,0.280844181776047,0.106996685266495,5607,2269,1273816,3,39269.8992331015,0.229891207419298,0.325307651150348,0.333868378812199,0.00440173463043328,0.00178126197190175,-5.42575658155842,-6.33043319290225,7.72709448477984,14.0575276776821,10.5782135815668,0,1,821.983522412883,-0.227797403931618
48113007819,-0.0629681944847107,-0.217875450849533,0.0134912980720401,0.0902314931154251,2368,1497,689385,2,35207.1621621622,0.429476351351351,0.278716216216216,0.0701013513513514,0.00343494563995445,0.0021715006853935,-5.67375417877382,-6.13233679035809,7.31121838441963,13.4435551747777,10.4690048114048,0,1,1005.5874828975,0.0629681944847107
48113007902,0.48556911945343,0.475704103708267,0.530821144580841,0.0831407457590103,5092,2905,3003171,5,99093.1087981147,0.878633150039278,0.0487038491751767,0.0267085624509033,0.00169554114634165,0.00096731088572712,-6.37975332872392,-6.94099061911521,7.97418866928601,14.9151792884012,11.5038151800406,0,1,1383.93318991057,-0.48556911945343
48113007903,0.281366407871246,0.275560796260834,0.351895809173584,0.0782182738184929,1995,1113,1227090,2,101453.105764411,0.889724310776942,0.0355889724310777,0.0235588972431078,0.00162579761875657,0.000907023934674718,-6.42175674131238,-7.0053417193608,7.01481435127555,14.0201560706364,11.5273519585302,0,1,1437.90484035451,-0.281366407871246
48113007906,0.269355088472366,0.241666749119759,0.34208807349205,0.0725425407290459,2087,1160,1247282,2,144946,0.96741734547197,0.0100622903689506,0.0105414470531864,0.00167323828933633,0.000930022240359438,-6.39299443476114,-6.98030205773793,7.05617528410041,14.0364773418383,11.8841165382464,0,1,1356.80012347471,-0.269355088472366
48113008000,0.696670949459076,0.68697190284729,0.718410313129425,0.0744177252054215,7401,2735,5855428,6,197742.055075594,0.922172679367653,0.00851236319416294,0.0498581272800974,0.00126395542734024,0.000467087973757,-6.67350924705942,-7.66899293740081,7.91388671485608,15.5828796522569,12.1947187082139,0,0,2335.65395374129,-0.696670949459076
48113008200,0.562668144702911,0.553942263126373,0.605667591094971,0.102828957140446,3642,1801,2792555,4,111517.297364086,0.800384404173531,0.0980230642504118,0.0518945634266886,0.00130418201252974,0.00064492910614115,-6.64217924505723,-7.34637016016883,7.49609734517596,14.8424675053448,11.6219349911606,0,0,3833.73672318149,-0.562668144702911
48113008500,0.404633849859238,0.386079847812653,0.440674066543579,0.0920377299189568,4384,1282,2695036,4,48398.1309306569,0.730383211678832,0.145301094890511,0.00342153284671533,0.00162669441150322,0.000475689378546335,-6.42120529167867,-7.6507454828259,7.15617663748062,14.8069221203065,10.7872164748239,0,0,2758.02903204304,-0.404633849859238
48113008604,0.456974983215332,0.428071439266205,0.491074025630951,0.0718731135129929,2956,1545,1261731,2,28051.1765899865,0.21786197564276,0.65595399188092,0,0.00234281316699043,0.00122450823511509,-6.05640286357047,-6.70521595630672,7.34277918933185,14.0479951456386,10.2417858562382,0,0,3099.67757860926,-0.456974983215332
48113008701,0.661575675010681,0.654860734939575,0.69061666727066,0.0887334942817688,5468,2261,3992557,5,23337.6869056328,0.0963789319678129,0.792245793708852,0,0.00136954838716141,0.000566303749702259,-6.59327423789449,-7.47637996346036,7.72356247227797,15.1999424357383,10.0578247966292,0,0,2810.03547323799,-0.661575675010681
48113008703,0.594707190990448,0.585506021976471,0.622454285621643,0.0837447866797447,2977,1126,1427276,2,28846.6009405442,0.41081625797783,0.477662075915351,0,0.00208579139563756,0.000788915388474269,-6.17260692949539,-7.14485148181153,7.02642680869964,14.1712782905112,10.2697474466431,0,1,1419.00294016981,-0.594707190990448
48113008704,0.356599450111389,0.32295748591423,0.410607695579529,0.0917318388819695,4500,1940,2325812,3,17692.5321592649,0.169555555555556,0.786222222222222,0,0.0019348081444244,0.00083411728892963,-6.24774710758436,-7.0891365312854,7.57044325205737,14.6595797833428,9.78089791762611,0,1,1080.24047303684,-0.356599450111389
48113008705,0.575530290603638,0.56464022397995,0.589887917041779,0.101117342710495,1507,563,1608840,2,35846,0.148639681486397,0.548108825481088,0,0.000936699733969817,0.000349941572810224,-6.97314778175711,-7.95774435224392,6.33327962813969,14.2910239803836,10.4869872637915,0,1,967.150583926875,-0.575530290603638
48113008801,0.473004788160324,0.465731948614121,0.495529919862747,0.0644229054450989,2754,1248,2341062,3,25742.9673202614,0.160856935366739,0.740377632534495,0,0.00117638917721957,0.000533091391855491,-6.74530555124211,-7.53681768160134,7.12929754892937,14.6661152305307,10.1559167550133,0,1,1257.6464690555,-0.473004788160324
48113008802,0.482422679662705,0.476768851280212,0.510865807533264,0.0755686610937119,4687,1969,2492031,6,29974.1047578408,0.157030083208876,0.693834008960956,0,0.00188079522285236,0.000790118581991958,-6.27606060069679,-7.14332751998037,7.58528107863913,14.7286085986195,10.3080891131558,0,1,1315.82534726399,-0.482422679662705
48113009101,0.591711521148682,0.549817144870758,0.614436745643616,0.0873815640807152,6054,2076,3427437,4,51589.6228939544,0.598447307565246,0.189296333002973,0,0.00176633443590648,0.000605700411123531,-6.33884881992403,-7.40912506521992,7.63819824428578,15.0473233095057,10.8510758245387,0,0,2625.66215595416,-0.591711521148682
48113009103,0.509788453578949,0.496354222297669,0.536299347877502,0.0904032960534096,3475,1033,1225977,2,36613.7669064748,0.664460431654676,0.246906474820144,0,0.00283447405620171,0.000842593294980249,-5.86589887710767,-7.07902616598692,6.94022246911964,14.0192486351066,10.5081795936503,0,1,1025.83421136554,-0.509788453578949
48113009104,0.627105355262756,0.60730367898941,0.700281322002411,0.0990217924118042,3690,1098,1187855,2,60642.4243902439,0.644986449864499,0.167479674796748,0,0.0031064397590615,0.000924355245379276,-5.77427798054892,-6.98641409551402,7.00124562206948,13.9876597175835,11.0127499995673,0,0,2182.76050774268,-0.627105355262756
48113009105,0.64663964509964,0.626474142074585,0.731920182704926,0.10215850174427,3554,1103,1394850,3,35841.4901519415,0.700619020821609,0.191896454698931,0,0.0025479442233932,0.000790766032189841,-5.97246843185986,-7.14250842132095,7.0057890192535,14.1482974405745,10.4868614441247,0,0,1821.24476505967,-0.64663964509964
48113009202,0.674785971641541,0.654765605926514,0.737868905067444,0.122163370251656,6466,1676,2778633,3,41007.6538818435,0.738478193628209,0.136251159913393,0,0.00232704354983188,0.000603174294698148,-6.06315667982556,-7.41330435706891,7.42416528104203,14.8374696381109,10.6215140083089,0,1,1437.69266619725,-0.674785971641541
48113009301,0.813766956329346,0.763580679893494,0.879941344261169,0.102892003953457,5259,1386,2722019,3,44300.2935919376,0.730937440578057,0.116181783609051,0,0.00193202178236081,0.000509180869053449,-6.24918826874149,-7.58270726258099,7.23417717974985,14.8168844423308,10.6987465833688,0,1,1354.95444278708,-0.813766956329346
48113009303,0.818352580070496,0.813692927360535,0.861210405826569,0.0904946252703667,3930,1076,5125596,3,42528.6086513995,0.736386768447837,0.155470737913486,0,0.00076674010202911,0.000209926806560642,-7.1733626640469,-8.46875162818847,6.98100574072173,15.4497573689102,10.657932273191,0,1,1386.20789327945,-0.818352580070496
48113009304,0.5133997797966,0.478261590003967,0.587591588497162,0.108167730271816,8724,2855,2937318,4,32677.8930602958,0.244154057771664,0.618638239339753,0,0.00297005635753432,0.00097197511471349,-5.81917435074678,-6.93618035597819,7.95682712209011,14.8930074780683,10.3944540750564,0,1,1387.69995475982,-0.5133997797966
48113009401,0.532831251621246,0.529841303825378,0.579321324825287,0.10234721750021,3184,1497,1579701,3,75531.6077261307,0.762248743718593,0.0351758793969849,0.019786432160804,0.00201557130115129,0.000947647687758633,-6.2068525996243,-6.96152776216895,7.31121838441963,14.2727461465886,11.2323064930088,0,0,3115.88628574496,-0.532831251621246
48113009402,0.566783845424652,0.55883514881134,0.609620153903961,0.100035510957241,2458,1272,1643401,2,152915.119609439,0.917412530512612,0.00610252237591538,0.0231895850284784,0.00149567877833834,0.000774004640376877,-6.50517514284764,-7.16393268907356,7.14834574390007,14.3122784329736,11.9376382726361,0,0,3607.09787861324,-0.566783845424652
48113009500,0.465039670467377,0.445852547883987,0.50571596622467,0.116101451218128,2099,958,2734784,2,168614.27775131,0.862315388280134,0.0409718913768461,0.0319199618866127,0.00076751948234303,0.000350301888558658,-7.1723466946648,-7.95671523651457,6.86484777797086,14.8215630144854,12.0353690051359,0,0,3451.48871321389,-0.465039670467377
48113009603,0.465900957584381,0.450075566768646,0.565457463264465,0.140904322266579,4984,2099,3526073,3,146324.016853933,0.756420545746388,0.0377207062600321,0.0499598715890851,0.00141347045282386,0.000595279791428028,-6.56170728460492,-7.42647902525158,7.64921631982063,15.0756953450722,11.8935787352162,0,0,4638.12653722298,-0.465900957584381
48113009604,0.375774443149567,0.367315471172333,0.484665840864182,0.13910785317421,4433,2522,2374785,4,45921,0.778930746672682,0.177532145274081,0.00631626438078052,0.00186669530083776,0.00106199087496342,-6.28358563029228,-6.84760994851247,7.83280751652487,14.6804174650373,10.7346778077598,0,0,4680.69501045839,-0.375774443149567
48113009605,0.0947670340538025,0.0748364552855492,0.21151314675808,0.148055285215378,3069,1319,1361976,2,58581.6217008798,0.628869338546758,0.0967741935483871,0.029325513196481,0.00225334367125412,0.000968445846329157,-6.09534008977123,-6.93981799167365,7.18462915271732,14.124447144391,10.9781763035233,0,0,2646.53220653857,-0.0947670340538025
48113009607,0.488327175378799,0.481103926897049,0.565057814121246,0.136120021343231,3434,1459,2356308,3,117711.049504951,0.864589400116482,0.0203843913803145,0.0168899242865463,0.00145736465691242,0.000619189002456385,-6.5311255038027,-7.38709999673733,7.28550654852279,14.6726065452601,11.6759881673888,0,0,2364.78022266059,-0.488327175378799
48113009608,0.265884906053543,0.26083892583847,0.33773672580719,0.143739223480225,2846,1148,2261407,3,114777.251581167,0.87912860154603,0.0309205903021785,0.0182712579058328,0.00125850853030879,0.000507648556849784,-6.67782796525631,-7.58572116702659,7.04577657687951,14.6314977439061,11.6507485862734,0,0,4499.18481287254,-0.265884906053543
48113009609,0.449684858322144,0.44437712430954,0.496496081352234,0.130347460508347,3429,1269,2700101,4,149362.627296588,0.849518810148732,0.0236220472440945,0.0784485272674248,0.00126995249436966,0.000469982419176172,-6.66877578521941,-7.66281526996794,7.14598446771439,14.8087997376823,11.9141323684237,0,0,3873.23053951172,-0.449684858322144
48113009610,-0.0592557415366173,-0.0774502828717232,0.0989785864949226,0.145313799381256,4566,1447,1270009,3,44680.2378449409,0.779675865089794,0.0127025843188787,0,0.00359525011240078,0.00113936200452123,-5.6281417179341,-6.77728681839235,7.27724772663148,14.0545345450238,10.7072865764667,0,1,805.546780063558,0.0592557415366173
48113009611,0.372017800807953,0.366185545921326,0.487457692623138,0.140874713659287,4032,1418,1390772,3,90577,0.816220238095238,0.0327380952380952,0.0342261904761905,0.00289910927168508,0.00101957761588528,-5.84335173686402,-6.88836683952316,7.25700270709207,14.1453695466152,11.4139555966677,0,1,1292.87713135421,-0.372017800807953
48113009701,0.3759406208992,0.369165003299713,0.490174740552902,0.12870030105114,5219,1604,2545829,3,67402.4527687296,0.665644759532478,0.0408124161716804,0.017053075301782,0.00205001985600761,0.000630050172262159,-6.18990580002136,-7.36971110323831,7.38025578842646,14.7499668916648,11.1184366874657,0,1,901.589386987028,-0.3759406208992
48113009702,0.605730175971985,0.602782607078552,0.673328280448914,0.122221350669861,3080,1350,1879773,2,128219.990909091,0.890909090909091,0.00422077922077922,0.0321428571428571,0.00163849571198224,0.000718171821810399,-6.41397670686744,-7.23880171140258,7.20785987143248,14.4466615828351,11.7615027466404,0,0,2100.21137747641,-0.605730175971985
48113009802,0.509905755519867,0.495492577552795,0.590481281280518,0.106682382524014,6233,1985,1551056,5,42596.8804748917,0.64976736723889,0.0141184020535858,0.00561527354403979,0.00401855252163687,0.00127977326415036,-5.51683351043626,-6.66107235412382,7.59337419312129,14.2544465472451,10.6595363012872,0,0,2489.45221695752,-0.509905755519867
48113009803,0.186031609773636,0.171463936567307,0.317278832197189,0.119157426059246,2125,828,1452598,3,66343,0.772235294117647,0.0602352941176471,0.00705882352941177,0.00146289613506283,0.000570013176391541,-6.52733715395321,-7.46985108092647,6.71901315438526,14.1888642353117,11.1025935330643,0,1,1054.72176357016,-0.186031609773636
48113009804,0.345018446445465,0.333512842655182,0.449412524700165,0.111103370785713,7544,2433,1035640,4,38582.8659862142,0.807926829268293,0.0119300106044539,0.00715800636267232,0.00728438453516666,0.00234927194778108,-4.92202232675202,-6.05364980828179,7.79688034278352,13.8505301510653,10.5605635705387,0,0,1766.30243873942,-0.345018446445465
48113009900,0.331448405981064,0.276227355003357,0.450023859739304,0.137983307242394,4518,2550,23368815,2,79539.2003098716,0.303452855245684,0.221558211598052,0.35236830455954,0.000193334578582611,0.000109119782068539,-8.55108830216812,-9.1230643610436,7.84384863815247,16.9669129991961,11.2840052647744,0,0,2025.02407009565,-0.331448405981064
48113010101,0.728458106517792,0.70520281791687,0.790059626102448,0.0432372465729713,4347,1486,2711800,3,35255.2753623188,0.472739820565907,0.412698412698413,0.00322061191626409,0.00160299432111513,0.000547975514418468,-6.43588194802155,-7.50927995373264,7.30384322527771,14.8131231790103,10.4703704527117,0,0,2529.93186928904,-0.728458106517792
48113010102,0.50617927312851,0.465815097093582,0.553908467292786,0.0322588197886944,3596,907,1774191,3,47726.0823136819,0.688820912124583,0.0369855394883204,0.00111234705228031,0.0020268392749146,0.000511218916114443,-6.20127770675542,-7.57871265223179,6.81014245011514,14.3888551023469,10.7732333264653,0,0,2186.66045331624,-0.50617927312851
48113010500,0.177923515439034,0.124756008386612,0.269041776657105,0.0816185027360916,3317,939,4948641,2,48090.6279770877,0.725957190232138,0.221585770274344,0,0.000670285033810293,0.000189749064440116,-7.30780751244877,-8.56980807218756,6.84481547920826,15.4146235513958,10.780842592558,0,0,5616.80818655729,-0.177923515439034
48113010601,0.822756886482239,0.801488757133484,0.885826766490936,0.0901931375265121,5765,1504,6861821,3,58246.2293148309,0.700086730268864,0.0185602775368604,0,0.000840155987747276,0.000219183799752282,-7.08192298366783,-8.42559991186121,7.31588350450979,15.741483416371,10.9724346365401,0,0,5521.78872333241,-0.822756886482239
48113010602,0.404049813747406,0.360507547855377,0.478634476661682,0.103632584214211,2900,917,2781713,2,55125,0.508275862068966,0.35103448275862,0.02,0.00104252307840528,0.000329652987206085,-6.86611146697732,-8.01747001069542,6.82110747225647,14.8385774829519,10.9173586127491,0,0,5652.40046314135,-0.404049813747406
48113010701,0.388371497392654,0.293882220983505,0.422343790531158,0.099421963095665,3199,779,10087447,2,44615.1422319475,0.743044701469209,0,0,0.000317126821087635,7.7224693225154e-05,-8.05620879756976,-9.46879129164853,6.65801104587075,16.1268023375193,10.7058285923141,0,0,4949.83377823521,-0.388371497392654
48113010704,0.516977071762085,0.47570151090622,0.537719488143921,0.10856843739748,5479,1706,5451301,2,44849.9341120642,0.429822960394233,0.36046723854718,0.0182515057492243,0.00100508117236601,0.000312952816217633,-6.90268697220931,-8.0694581256961,7.44190672805163,15.5113648537477,10.7110773984126,0,0,3650.19729656759,-0.516977071762085
48113011002,0.571907997131348,0.543438076972961,0.587014436721802,0.108135402202606,3899,1517,2807942,3,50063.8591946653,0.25083354706335,0.688125160297512,0,0.00138856144464522,0.000540253324320802,-6.57948699966126,-7.52347240929533,7.32448997934853,14.8479623886439,10.821054653398,0,0,3886.3382867602,-0.571907997131348
48113011101,0.457043439149857,0.399826914072037,0.485373347997665,0.136448994278908,4946,1732,4934914,3,75668.4775576223,0.207844723008492,0.736959158916296,0,0.00100224644238988,0.000350968628835275,-6.90551135607143,-7.95481371503041,7.45703208912238,15.4118458041528,11.2341169399886,0,0,4441.22730261805,-0.457043439149857
48113011103,0.491338521242142,0.478498727083206,0.515310943126679,0.121911816298962,3749,1264,2182681,3,36005.0226727127,0.53587623366231,0.368364897305948,0.00986929847959455,0.00171761242252074,0.000579104321703446,-6.36682007893823,-7.45402792096734,7.1420365747068,14.5960644956741,10.4914137263929,0,0,3219.34418085547,-0.491338521242142
48113011104,0.434886872768402,0.42496120929718,0.465548723936081,0.138659194111824,4459,1689,1965158,4,31221.0659340659,0.302534200493384,0.572101368019735,0,0.00226902874985116,0.000859472876990044,-6.08840340255023,-7.0591912903699,7.4318919168078,14.4910832071777,10.3488483361536,0,0,3209.82581600289,-0.434886872768402
48113011105,0.381552368402481,0.369816720485687,0.417383372783661,0.137378603219986,5222,1844,1568993,3,41290.5944082727,0.268288012255841,0.58023745691306,0,0.00332824939308206,0.00117527611659198,-5.70530882100574,-6.74625216614827,7.51969240411654,14.2659445702648,10.6283900147143,0,0,2424.4523395436,-0.381552368402481
48113011300,0.651560425758362,0.622188329696655,0.659830152988434,0.119059801101685,5127,2176,7671176,3,46663.3608870968,0.105519797152331,0.834796177101619,0,0.00066834602673697,0.000283659245987838,-7.31070451444818,-8.16773687825604,7.68524360797583,15.8529804862319,10.7507145722806,1,1,708.298925346589,-0.651560425758362
48113011401,0.702817440032959,0.681712746620178,0.714926719665527,0.110481098294258,5763,2131,5899628,3,29964.1009890682,0.106888773208399,0.779108103418359,0,0.000976841251685699,0.000361209215225096,-6.93118640460404,-7.92605322394209,7.66434663209862,15.5903998560407,10.3077553104088,0,0,2087.8926410206,-0.702817440032959
48113011500,0.845447897911072,0.824300706386566,0.897582650184631,0.0682197734713554,4685,1512,15115739,4,23687.1282817503,0.468943436499466,0.309284951974386,0,0.00030994184273756,0.00010002818916098,-8.07912588215732,-9.21005852009036,7.32118855673948,16.5312470768298,10.0726870691106,0,0,2450.69880388755,-0.845447897911072
48113011601,0.90183424949646,0.884946763515472,0.92603862285614,0.111696533858776,4491,1678,10039995,3,34694.6949454465,0.429303050545536,0.460031173458027,0,0.000447310979736544,0.000167131557336433,-7.71225650113203,-8.69672928719261,7.42535788702715,16.1220871742198,10.4543420708306,0,0,2572.64911616641,-0.90183424949646
48113011701,0.737876951694489,0.712348222732544,0.791780829429627,0.135389059782028,6964,2051,4719167,4,39688.5399195864,0.614445720850086,0.196151636990235,0,0.00147568416205657,0.000434610599709652,-6.51863355804785,-7.74106010086354,7.62608275807238,15.3671428589359,10.58881775799,0,0,2246.49810851783,-0.737876951694489
48113011702,0.784652590751648,0.720977902412415,0.85669755935669,0.155674189329147,5942,1695,5584927,3,50190.2706159542,0.630595759003702,0.0476270615954224,0.0572197913160552,0.00106393512395059,0.000303495461981867,-6.84578086365231,-8.10014389986031,7.43543801981455,15.5355819196749,10.8235764744646,0,0,4360.76535685217,-0.784652590751648
48113012000,0.570371866226196,0.529706358909607,0.614771962165833,0.122941859066486,10362,3419,2595317,4,36206.1243003281,0.484462458984752,0.340088785948659,0.00878208839992279,0.00399257585874866,0.00131737279106945,-5.52331867774286,-6.63211583547829,8.1371033896393,14.7692192251176,10.4969835630717,0,0,4940.55713145226,-0.570371866226196
48113012206,0.38864329457283,0.32015135884285,0.419745802879334,0.0721456930041313,6118,2100,2715183,3,71515.6997384766,0.408793723439032,0.504903563255966,0.0135665250081726,0.00225325512129385,0.000773428531336562,-6.09537938768274,-7.16467728868207,7.64969262371151,14.8143699123936,11.1776722813406,0,0,2619.61297365286,-0.38864329457283
48113012207,0.340493440628052,0.259299546480179,0.430317103862762,0.0987509563565254,4685,1921,5403645,3,49652.0064034152,0.453788687299893,0.510352187833512,0.00128068303094984,0.000867007362622822,0.000355500777715783,-7.05046308915194,-7.94198312105591,7.56060116276856,15.5025842838245,10.8127940796017,0,0,4044.55344614666,-0.340493440628052
48113012208,0.552632927894592,0.502159237861633,0.568086802959442,0.0672787055373192,2574,1186,1052015,2,24379.7342657343,0.534576534576534,0.364413364413364,0,0.00244673317395665,0.00112736035132579,-6.0130015425772,-6.7878763511756,7.07834157955767,13.8662179307333,10.1015075032931,0,0,3808.95129488851,-0.552632927894592
48113012209,0.581052005290985,0.537013590335846,0.593754529953003,0.0858008340001106,2552,1240,1765091,2,77794.1304858934,0.711206896551725,0.21512539184953,0.0235109717868338,0.00144581780769377,0.00070251335483553,-6.53908016062944,-7.26084614649503,7.12286665859908,14.3837128050941,11.2618212636944,0,0,5471.01552789722,-0.581052005290985
48113012210,0.213644251227379,0.174895241856575,0.263197720050812,0.0954344943165779,3101,1694,1174023,2,39524.1118993873,0.53144147049339,0.370525636891325,0.00741696227023541,0.00264134518659345,0.00144290188522712,-5.93646695121922,-6.54109899510767,7.434847875212,13.9759468703197,10.5846661924865,0,0,5734.18472393239,-0.213644251227379
48113012211,0.0939083248376846,0.0425280295312405,0.180421784520149,0.0942660272121429,4970,2196,1318895,3,35723.6722334004,0.445674044265594,0.38169014084507,0.0456740442655936,0.00376830604407477,0.00166503019573203,-5.58112970367813,-6.39791202013938,7.69439280262942,14.0923048227688,10.4835688357925,0,0,5021.48650543434,-0.0939083248376846
48113012301,0.564979314804077,0.559098243713379,0.645980477333069,0.110750786960125,5263,1694,1732114,3,58279.9716891507,0.703021090632719,0.142694280828425,0.0077902337070112,0.00303848361020118,0.00097799567464959,-5.79639670044614,-6.93000531058792,7.434847875212,14.3648531857999,10.973013774536,0,0,6900.82646958236,-0.564979314804077
48113012302,0.456543564796448,0.340088427066803,0.53883820772171,0.108791559934616,6343,1981,2386796,3,28576.2532110092,0.390509222765253,0.436701876083872,0.010405171054706,0.00265753755243431,0.000829982956230863,-5.93035531711073,-7.09410539204608,7.59135704669855,14.6854624387446,10.2603313446045,0,0,6295.98822891755,-0.456543564796448
48113012400,0.607699155807495,0.595323145389557,0.666666686534882,0.108293585479259,5423,2340,3053580,6,54086.7739258713,0.858380969942836,0.0178867785358658,0,0.00177594823125643,0.000766313638417857,-6.33342078390433,-7.17391902239364,7.75790620835175,14.9318252307454,10.8983449603778,0,0,5432.71595436904,-0.607699155807495
48113012601,0.362656801939011,0.336922228336334,0.467387199401856,0.141896113753319,6678,2063,2215506,3,53117.7952979934,0.457023060796646,0.0844564240790657,0.0618448637316562,0.00301420984641883,0.000931164257736156,-5.8044175573067,-6.97907486473904,7.63191651307125,14.6109913778103,10.8802672791097,0,0,6209.58339416407,-0.362656801939011
48113012701,0.472181558609009,0.460700154304504,0.574782311916351,0.125975027680397,5827,2139,2824670,4,44011.3566157542,0.613694868714605,0.0902694353869916,0.0214518620216235,0.00206289584270021,0.000757256599886004,-6.18364453443701,-7.18580839249768,7.66809370908241,14.8539021015801,10.6922029845006,0,0,5632.65691868403,-0.472181558609009
48113012702,0.701139271259308,0.689102113246918,0.782726168632507,0.119730167090893,3257,1071,1181675,3,52843.242247467,0.787841571998772,0.0644765121277249,0,0.00275625700806059,0.000906340575877462,-5.89388167616533,-7.00609541099382,6.97634807044775,13.9824434814416,10.8750851164712,0,0,5576.72244976728,-0.701139271259308
48113012900,0.54700118303299,0.540913343429565,0.566988468170166,0.100370287895203,4797,2234,4772455,5,103376.951427976,0.793204085887013,0.0202209714404836,0.00562851782363977,0.00100514305530382,0.000468102894631799,-6.90262540401509,-7.66682242588801,7.71154897962915,15.3783714055172,11.5461373093229,0,0,1990.02004262678,-0.54700118303299
48113013005,0.274347096681595,0.258561581373215,0.32635223865509,0.12343543022871,4213,1872,2031713,4,113977.37051982,0.858295751246143,0.0225492523142654,0.0678851174934725,0.00207361965001947,0.000921389979785531,-6.17845957556868,-6.98962718051016,7.53476265703754,14.5243898375477,11.64375520346,0,0,2427.14260772274,-0.274347096681595
48113013007,0.301583170890808,0.290815651416779,0.352607637643814,0.125527024269104,3665,1417,1572733,3,102640.654843111,0.582537517053206,0.132878581173261,0.153888130968622,0.00233033833460606,0.000900979377936369,-6.06174181396075,-7.01202818859082,7.25629723969068,14.2683254282815,11.5389893792683,0,0,3568.24741194018,-0.301583170890808
48113013008,0.215292885899544,0.197737842798233,0.266534179449081,0.122931271791458,3468,1277,1806691,2,99905.2214532872,0.698096885813149,0.106113033448674,0.118512110726643,0.00191953134210554,0.000706817048405068,-6.25567421539127,-7.25473869725917,7.15226885603254,14.4070075532917,11.5119772300705,0,1,965.603131073211,-0.215292885899544
48113013009,0.232275933027267,0.221727386116982,0.288637459278107,0.129809468984604,4890,1848,1657055,3,99448.5288343558,0.566053169734151,0.293865030674847,0.0231083844580777,0.00295101852382691,0.00111523154029287,-5.82560490590552,-6.79869323617281,7.52185925220163,14.3205524883744,11.5073954911547,0,1,1213.2392781375,-0.232275933027267
48113013101,0.371103852987289,0.358227640390396,0.407066494226456,0.124034777283669,2983,1383,2594938,3,179442.926583976,0.964800536372779,0.00234663090848139,0.0241367750586658,0.0011495457694943,0.000532960710429305,-6.76838839768176,-7.53706285053175,7.23201033166476,14.7690731821965,12.0976124786018,0,0,1716.96223599969,-0.371103852987289
48113013102,0.217705458402634,0.199467211961746,0.267721503973007,0.10825552791357,2151,935,1354931,2,152212,0.924221292422129,0.0176662017666202,0.0139470013947001,0.00158753471578996,0.000690072040568856,-6.44557295922239,-7.27871455920143,6.84054652928869,14.1192610884901,11.9330295649285,0,0,1688.72152115529,-0.217705458402634
48113013300,0.569178760051727,0.559853494167328,0.612508535385132,0.122690662741661,1796,804,2512003,2,,0.885300668151448,0.0044543429844098,0.0723830734966592,0.000714967299004022,0.000320063312026299,-7.24327375197488,-8.04699173165806,6.68959926917897,14.736591000837,,0,0,3225.51092884462,-0.569178760051727
48113013400,0.624747753143311,0.607632160186768,0.704427361488342,0.123339831829071,1790,691,2238796,2,217371,0.822905027932961,0.0167597765363129,0.132402234636872,0.000799536893937634,0.000308648041179277,-7.13147788049151,-8.08330895555864,6.53813982376767,14.6214487793263,12.2893608501072,0,0,4661.3896501158,-0.624747753143311
48113013500,0.625379860401154,0.620461702346802,0.679297924041748,0.125682547688484,2560,971,2971705,2,189330,0.907421875,0,0.041015625,0.000861458321064843,0.000326748449122642,-7.05688388266186,-8.02631995184415,6.87832646829133,14.9046464201355,12.1512468032464,0,0,5598.16739343033,-0.625379860401154
48113013605,0.230317905545235,0.228288844227791,0.335403472185135,0.193319201469421,5339,1962,2778567,4,146891.952238247,0.878067053755385,0.00636823375163888,0.0279078479115939,0.00192149406510622,0.000706119377362504,-6.25465223664163,-7.2557262450165,7.58171964012531,14.8374458851418,11.8974525767147,0,0,3861.09926692145,-0.230317905545235
48113013606,0.0601851008832455,0.0583917275071144,0.137488022446632,0.178342774510384,6085,2734,2330938,3,76945.4644207067,0.581101068200493,0.0905505341002464,0.0409202958093674,0.00261053704560139,0.00117291837020118,-5.94819931421594,-6.74826030235367,7.9135210172839,14.6617813196376,11.2508521956287,0,0,2215.20115088285,-0.0601851008832455
48113013607,0.361718833446503,0.356547445058823,0.44196280837059,0.178929209709167,3752,1506,2071287,4,107901.054371002,0.763859275053305,0.0399786780383795,0.0151918976545842,0.00181143414698205,0.000727084175201216,-6.31363640104617,-7.22646830281245,7.31721240835984,14.5436807111723,11.5889699229409,0,0,3785.71879047027,-0.361718833446503
48113013608,0.3951835334301,0.385443538427353,0.431121110916138,0.158923164010048,2133,1007,4529252,2,140904.599624941,0.903891233005157,0.019690576652602,0.0520393811533052,0.000470938689214025,0.000222332517598932,-7.66078264394102,-8.41133646969381,6.91473089271856,15.3260673624124,11.8558383419596,0,0,3525.57609126486,-0.3951835334301
48113013609,0.308951646089554,0.291778177022934,0.371187537908554,0.167730793356895,3760,1242,1780746,3,88148.1489361702,0.471542553191489,0.104787234042554,0.00824468085106384,0.00211147462917227,0.000697460502508499,-6.16036869920958,-7.26806467310009,7.12447826249342,14.3925429355935,11.3867741885831,0,0,3730.57351897713,-0.308951646089554
48113013610,0.326584994792938,0.318014979362488,0.369236648082733,0.154297187924385,4823,1710,2772981,4,106065.562512959,0.515239477503628,0.0294422558573502,0.0217706821480406,0.00173928346425742,0.000616664881584115,-6.3542820527204,-7.39118482329267,7.44424864949671,14.8354334727894,11.5718126961663,0,0,2833.55980324468,-0.326584994792938
48113013611,0.350994795560837,0.317390561103821,0.407869398593903,0.201135963201523,2603,1542,3948897,2,123054.917402997,0.746830580099884,0.0703034959661929,0.0679984633115634,0.000659171409130195,0.000390488787122075,-7.32452695238152,-7.84811130325281,7.34083555412328,15.1889468573761,11.7203860176619,0,0,1797.02733001016,-0.350994795560837
48113013615,-0.328808486461639,-0.351437121629715,-0.203157052397728,0.153769806027412,4331,2232,1197538,3,43473.2470561071,0.220272454398522,0.35072731470792,0,0.00361658669704009,0.00186382394546144,-5.62222459932573,-6.28512501703915,7.7106533235012,13.9957783405404,10.679901017676,0,0,3457.59835583347,0.328808486461639
48113013617,0.0804542005062103,0.0704243034124374,0.151185467839241,0.205340370535851,2958,1304,1868407,3,126168.274509804,0.754225828262339,0.0885733603786342,0.050709939148073,0.00158316683677593,0.000697920742108117,-6.44832811085342,-7.26740501163756,7.1731917424866,14.4405967541242,11.7453718069133,0,0,2938.60258184584,-0.0804542005062103
48113013618,-0.0573178976774216,-0.0606188774108887,0.0410389788448811,0.205951780080795,2961,1415,1444316,2,101842.673758865,0.587301587301588,0.0469436001350895,0.127997298210064,0.00205010537860136,0.000979702502776401,-6.18986408295719,-6.92826160098144,7.25488481007734,14.1831464110588,11.5311844873924,0,0,2912.23618434132,0.0573178976774216
48113013619,0.188184261322021,0.18186429142952,0.279372364282608,0.192966058850288,4790,1998,3019822,3,125404.557202505,0.791022964509395,0.0313152400835073,0.0893528183716075,0.00158618620567702,0.000661628400614341,-6.44642275681169,-7.32080648800815,7.5999019592085,14.9207084472166,11.7393002478484,0,0,2354.08223298523,-0.188184261322021
48113013715,0.469489216804504,0.426980018615723,0.571881532669067,0.185209348797798,2895,781,804143,2,84875,0.638341968911917,0.018307426597582,0.033160621761658,0.00360010595130468,0.000971220292908102,-5.62679200303519,-6.9369572432026,6.66057514983969,13.5975323930423,11.348934864861,0,0,3004.99702906788,-0.469489216804504
48113013716,0.163817062973976,0.126778915524483,0.239139586687088,0.215236023068428,5133,1883,3918830,3,89055.8344048315,0.720826027664134,0.111435807519969,0.10013637249172,0.00130982971958467,0.000480500557564375,-6.63785813526773,-7.64068216917089,7.54062152865715,15.181303697828,11.397018804874,0,1,1469.62319296118,-0.163817062973976
48113013717,0.238993987441063,0.226043671369553,0.294233858585358,0.203685685992241,3266,1025,1377396,2,46785.2161665646,0.817207593386405,0.0202082057562768,0.0747091243110837,0.00237114090646408,0.000744157816633706,-6.04438404453604,-7.20325742649394,6.93244789157251,14.1357053180664,10.7533225381239,1,1,706.842973668067,-0.238993987441063
48113013718,0.137764886021614,0.129686146974564,0.226911544799805,0.201213181018829,4940,1362,1122900,3,55015.724291498,0.810526315789474,0.125910931174089,0.0097165991902834,0.00439932318104907,0.00121293080416778,-5.42630457237866,-6.71471569585117,7.21670948670946,13.9314251825606,10.9153743195631,0,1,1606.18325884709,-0.137764886021614
48113013719,-0.00469552399590612,-0.0598431341350079,0.111107043921947,0.229417845606804,4833,2144,4628606,2,60739.8665425202,0.420028967515001,0.140078626112146,0.395820401406994,0.00104415886770228,0.000463206416791578,-6.86454362897007,-7.67733777862446,7.67042852219069,15.3477663008152,11.0143555414047,0,1,1227.82766476154,0.00469552399590612
48113013720,0.0297539420425892,0.015510780736804,0.128097578883171,0.217698231339455,6912,2261,2521725,3,70125.6759259259,0.723668981481482,0.0651041666666667,0.100115740740741,0.00274098087618594,0.000896608472375061,-5.89943943863368,-7.0168912768396,7.72356247227797,14.7404537491176,11.1580442816509,0,0,3457.84815155931,-0.0297539420425892
48113013721,0.0748270899057388,0.0561356544494629,0.16919906437397,0.212333709001541,5699,2453,3365413,3,115811.96876645,0.735743112826812,0.0765046499385858,0.0926478329531497,0.00169340286021359,0.000728885280944716,-6.38101524772151,-7.22399420329802,7.80506704425849,15.0290612475565,11.6597231960033,0,0,4294.66931388018,-0.0748270899057388
48113013722,-0.0437025502324104,-0.0870607197284699,0.0493207089602947,0.214283555746079,5342,2513,3363064,2,71010.6564956945,0.586484462748034,0.254960688880569,0.0733807562710596,0.00158843245326286,0.00074723525927547,-6.44500762749884,-7.19913048362515,7.82923253754359,15.0283630211687,11.1705852362495,0,0,3273.0997991639,0.0437025502324104
48113013725,-0.236179426312447,-0.252082049846649,-0.126908779144287,0.1900385171175,4223,2350,1839527,3,48286.0880890362,0.648354250532797,0.279422211697845,0.0272318257163154,0.00229569883997354,0.00127750231445366,-6.07671797638691,-6.66284842418265,7.76217060713821,14.4250190313209,10.7848987668688,0,0,1736.65648851932,0.236179426312447
48113013804,0.372243076562881,0.368447780609131,0.44080001115799,0.151393711566925,3924,1473,2153146,3,69488.0107033639,0.703873598369011,0.051223241590214,0.0361875637104995,0.00182244956914208,0.000684115243462357,-6.30757376571695,-7.28738416993957,7.29505641646263,14.5824405864022,11.1489095088064,0,0,3259.41004045226,-0.372243076562881
48113013901,0.300059169530869,0.282707691192627,0.369359046220779,0.174656674265862,5145,1429,1765650,3,52209.8270165209,0.80952380952381,0.0229348882410107,0.0087463556851312,0.00291394104154277,0.000809333673151531,-5.83824880424059,-7.11929927457887,7.26473017792987,14.3840294525087,10.8630260131741,0,1,1089.09119376475,-0.300059169530869
48113013902,0.411953300237656,0.406475901603699,0.504689872264862,0.169919282197952,5026,1767,2540248,4,79047.9896538002,0.854158376442499,0.0318344608038202,0.017707918822125,0.00197854697651568,0.000695601374354,-6.2253925539202,-7.27073379970404,7.4770384723197,14.7477722720237,11.2778104109898,0,0,1737.22496342273,-0.411953300237656
48113014001,0.44145080447197,0.429187625646591,0.543959021568298,0.158082604408264,5240,2262,3675051,4,87019.627480916,0.812022900763359,0.0465648854961832,0.097328244274809,0.00142583055309981,0.000615501662425909,-6.55300079076871,-7.39307291140774,7.72400465667607,15.1170775680838,11.3738889754211,0,1,1027.44352631764,-0.44145080447197
48113014002,0.506840348243713,0.420402228832245,0.609919250011444,0.190835028886795,521,458,21908923,2,71014,0.527831094049904,0.153550863723608,0.234165067178503,2.37802652371365e-05,2.09047245270797e-05,-10.6466545129734,-10.7755353706126,6.12686918411419,16.9024045547268,11.170632319684,0,0,2032.85372248484,-0.506840348243713
48113014119,0.437208443880081,0.380933910608292,0.531104505062103,0.244688257575035,4404,1596,3298074,3,116700.618074478,0.749318801089918,0.0386012715712988,0.131471389645776,0.00133532479865522,0.000483918796242898,-6.6185807218485,-7.63359344168132,7.37525577800976,15.0088492196911,11.6673671145286,0,1,1059.11859072112,-0.437208443880081
48113014120,0.239996388554573,0.237725675106049,0.317994654178619,0.236034348607063,4792,1857,3091266,3,145332.737896494,0.73873121869783,0.00166944908180301,0.190734557595993,0.00155017394167956,0.000600724751606623,-6.4693881339088,-7.41737371235138,7.52671756135271,14.9440912737041,11.8867811366122,0,0,1892.84470102791,-0.239996388554573
48113014121,0.544611632823944,0.496590405702591,0.634014368057251,0.221330836415291,4955,2691,3798143,4,73702.9051463169,0.591321897073663,0.0764883955600404,0.257114026236125,0.00130458489846222,0.00070850412951803,-6.64187037427696,-7.25235467031414,7.89766815072691,15.150022821041,11.2077974959394,0,0,3332.91715938757,-0.544611632823944
48113014123,0.659041702747345,0.633255898952484,0.747449457645416,0.244057476520538,5790,2045,6458186,4,166194.77029361,0.644386873920553,0.0127806563039724,0.312780656303973,0.000896536581634533,0.000316652385050539,-7.01697146080509,-8.05770596289523,7.6231530684769,15.6808590313721,12.0209156945643,0,0,2248.87468064527,-0.659041702747345
48113014124,0.273830741643906,0.116515159606934,0.36598739027977,0.214716523885727,2456,932,11325000,2,159911,0.572475570032573,0.123778501628665,0.258550488599349,0.000216865342163355,8.22958057395143e-05,-8.43623394006634,-9.40519041464778,6.83733281468559,16.2425232293334,11.9823726894515,0,0,3390.07814893401,-0.273830741643906
48113014126,0.527918815612793,0.341804713010788,0.625700354576111,0.259188979864121,3658,1457,12569219,3,158501.960634226,0.708310552214325,0.00218698742482231,0.232094040459267,0.000291028424279981,0.000115918101196264,-8.14208961762488,-9.06262664038049,7.28413480619521,16.3467614465757,11.973522242155,0,0,2492.65339800769,-0.527918815612793
48113014203,0.400238513946533,0.392648905515671,0.474543958902359,0.142782747745514,2940,1081,1657175,3,79531.5486394558,0.777210884353742,0.022108843537415,0.0363945578231292,0.0017741035195438,0.000652314933546548,-6.33446004305217,-7.33498308574569,6.98564181763921,14.3206249033849,11.2839090601551,0,0,2846.97240326146,-0.400238513946533
48113014204,0.387075424194336,0.267085731029511,0.431003510951996,0.129031524062157,2516,654,4828675,2,42813,0.581081081081081,0.0337837837837838,0.207869634340223,0.000521053912305136,0.000135440881815405,-7.5596570430517,-8.90697530941484,6.4831073514572,15.390082660872,10.6645970737685,0,1,864.965215988089,-0.387075424194336
48113014306,0.279778957366943,0.273301154375076,0.387243032455444,0.175383374094963,6125,1860,2318078,4,65297.3368163265,0.603428571428572,0.0589387755102041,0.0452244897959184,0.00264227519522639,0.000802388875611606,-5.93611491660078,-7.12791718530646,7.52833176670725,14.6562489520137,11.0867065306094,0,0,3744.68740792656,-0.279778957366943
48113014308,0.176877930760384,0.167423203587532,0.312216311693192,0.150836274027824,4283,1518,1076275,2,45728.246322671,0.588372636002802,0.156198925986458,0.0408592108335279,0.00397946621448979,0.00141042019929851,-5.52660758564264,-6.56386760530243,7.32514895795558,13.889016563258,10.7304714674075,0,0,3255.64757603908,-0.176877930760384
48113014309,-0.216619089245796,-0.217847838997841,-0.107064701616764,0.184324741363525,5726,1927,681481,3,40205.2981138666,0.453719874257772,0.197869367796018,0.134998253580161,0.00840228854509517,0.00282766504128508,-4.77925116439484,-5.86830398163853,7.56371966841437,13.4320236500529,10.6017540598003,0,0,2908.45209799556,0.216619089245796
48113014310,0.166332826018333,0.127253547310829,0.226383224129677,0.179179564118385,4207,1924,1881326,3,60681.2239125267,0.434038507249822,0.328500118849537,0.107677680057048,0.0022361887307144,0.00102268293746007,-6.10298232174389,-6.88532577410876,7.56216163122565,14.4474874053344,11.0133896032084,0,0,2276.561745091,-0.166332826018333
48113014405,0.276048421859741,0.265787929296494,0.395670175552368,0.169869065284729,3412,1336,1849909,3,39743.3675263775,0.458382180539273,0.0542203985932005,0.0451348182883939,0.00184441504960514,0.000722197686480795,-6.29559309804392,-7.2332116525589,7.19743535409659,14.4306470066555,10.5901982514784,0,0,2676.99886389522,-0.276048421859741
48113014406,0.294471561908722,0.289104521274567,0.406525671482086,0.168338865041733,4510,1430,2014987,3,58156.6254988914,0.6,0.00909090909090908,0.0126385809312638,0.00223822783968333,0.000709681997948374,-6.10207086923248,-7.25069357847525,7.26542972325395,14.5161233017292,10.9708950895284,0,0,2173.52438162848,-0.294471561908722
48113014407,-0.0456427298486233,-0.115526340901852,0.0372668616473675,0.184386968612671,4795,2007,1721471,3,41242.8210636079,0.318873826903024,0.174139728884254,0.0988529718456725,0.00278540852561559,0.00116586338079468,-5.88336072852725,-6.75429336704845,7.60439634879634,14.3586897158448,10.6272323417954,0,0,1750.36448623949,0.0456427298486233
48113014408,0.13695615530014,0.099070280790329,0.200803130865097,0.182687476277351,4221,1564,1812692,3,73742.7672473868,0.275527126273395,0.158493248045487,0.120113717128643,0.00232858091722146,0.00086280515388163,-6.06249624535266,-7.0553216700299,7.35500192110526,14.4103235911352,11.2083381981709,0,1,827.512776701057,-0.13695615530014
48113014501,0.434675067663193,0.430522263050079,0.545000672340393,0.156623125076294,4276,1309,1883629,3,93899.4742750234,0.568755846585594,0.0198783910196445,0.0329747427502339,0.00227008609444854,0.000694935149119068,-6.0879375211382,-7.27169202737324,7.1770187659099,14.4487107932831,11.4499800664056,0,0,2617.63771113422,-0.434675067663193
48113014502,0.489225089550018,0.473390251398087,0.59082305431366,0.146148651838303,5259,1452,1997685,3,60873.1262597452,0.523293401787413,0.0252899790834759,0.0233884768967485,0.00263254717335316,0.000726841318826542,-5.93980339451436,-7.22680237271896,7.28069719538474,14.5074995681037,11.0165470797838,0,1,1166.71379992569,-0.489225089550018
48113014601,0.445881575345993,0.43336883187294,0.554286181926727,0.144485279917717,2182,646,1159772,2,53145,0.587534372135655,0.136571952337305,0.0077910174152154,0.00188140427601287,0.000557006032220126,-6.27573682564657,-7.49293448825699,6.4707995037826,13.9637339920396,10.8807793059677,0,0,2062.32469315721,-0.445881575345993
48113014602,0.43546587228775,0.382312268018723,0.544012427330017,0.131342887878418,4619,1450,1947504,3,54182.9374323447,0.543840658151115,0,0.0194847369560511,0.00237175379357372,0.000744542758320394,-6.0441256002096,-7.20274027522559,7.27931883541462,14.4820591106402,10.9001213303441,0,1,1501.11121916399,-0.43546587228775
48113014603,0.345707714557648,0.311095267534256,0.463452905416489,0.136606857180595,1894,506,1163570,1,51705,0.684266103484689,0.0337909186906019,0.00527983104540655,0.00162774908256487,0.000434868551097055,-6.42055714946911,-7.74046675392767,6.22653666928747,13.9670034232151,10.8533097676191,0,1,823.400321236676,-0.345707714557648
48113014701,0.269426733255386,0.253208816051483,0.388326168060303,0.123266957700253,4095,1625,1365778,4,47689.6566544567,0.703296703296704,0.0302808302808302,0.0329670329670331,0.00299829108390968,0.00118979804917051,-5.80971279131656,-6.73397169283989,7.39326309476384,14.1272347876037,10.7724698117372,0,0,2004.25942634159,-0.269426733255386
48113015202,0.366759926080704,0.357057064771652,0.483607739210129,0.154098942875862,3081,1109,1338141,2,45533.1830574489,0.419993508601104,0.0623174294060371,0,0.00230244794831038,0.00082876169252717,-6.07378239668736,-7.09557790793366,7.01121398735037,14.106791895284,10.7261966370964,0,0,2213.06087603515,-0.366759926080704
48113015205,0.53240841627121,0.513523101806641,0.632812261581421,0.152289807796478,3456,1123,1042093,3,42991.7268518519,0.641203703703704,0.0422453703703704,0,0.0033164026627182,0.00107763894393303,-5.70887461882837,-6.83298279401387,7.02375895473844,13.8567417487523,10.6687629773705,0,0,1900.08806379642,-0.53240841627121
48113015206,0.534654200077057,0.528582036495209,0.618753552436829,0.151169702410698,4955,1303,1445146,3,63954.965691221,0.578405650857719,0.037941473259334,0.0339051463168517,0.00342871931278916,0.00090163900394839,-5.67556846572286,-7.01129633536211,7.17242457712485,14.183720912487,11.0659344535815,0,0,2211.90231471038,-0.534654200077057
48113015303,0.542588591575623,0.370737284421921,0.584914684295654,0.195139333605766,1594,552,5647155,2,50556,0.650564617314931,0.0144291091593476,0,0.000282266025990078,9.77483352236657e-05,-8.17266057713071,-9.23311439020377,6.3135480462771,15.5466624364809,10.830836911767,0,0,1771.53530092836,-0.542588591575623
48113015304,0.779470264911652,0.706219136714935,0.839591920375824,0.173399075865746,4666,1260,16945244,2,52035.8165452208,0.531290184312045,0.0306472353193314,0.0355765109301329,0.000275357498540593,7.43571470555396e-05,-8.19744030986613,-9.50663076250198,7.13886699994552,16.6454977624475,10.8596875401795,0,0,3807.09192574744,-0.779470264911652
48113015305,0.448358565568924,0.440541803836823,0.538504362106323,0.166679203510284,4443,1393,2035289,3,67138.4305649336,0.573711456223273,0.111861354940355,0.0299347287868557,0.00218298236761462,0.00068442368626765,-6.1270632785818,-7.2869334077379,7.23921497377981,14.5261483815177,11.1145118947013,0,0,2134.48959989974,-0.448358565568924
48113015306,0.779094696044922,0.685339033603668,0.835009872913361,0.164347037672997,5898,2032,4889580,3,73260.7397422855,0.410817226178365,0.118175652763649,0.194981349610037,0.00120623857263814,0.000415577616073364,-6.72024837881656,-7.78584115949341,7.61677580869837,15.4026169681918,11.2017801337741,0,0,3427.86176716722,-0.779094696044922
48113015403,0.201794326305389,0.156736478209496,0.259661167860031,0.201626926660538,3279,1471,1078472,3,37822.505032022,0.59225373589509,0.222323879231473,0,0.00304041273208762,0.00136396679746901,-5.79576200564544,-6.59735806188866,7.29369772060144,13.8910557824901,10.5406595756621,0,0,6952.95862384325,-0.201794326305389
48113015404,0.322245955467224,0.215612530708313,0.374716192483902,0.202782943844795,5100,1551,2438737,3,46908.6450980392,0.65235294117647,0.167450980392157,0.00156862745098039,0.00209124641156467,0.000635984938105257,-6.16999502159314,-7.36033567712902,7.34665516317654,14.7069908403056,10.7559572678962,0,0,7909.26509435112,-0.322245955467224
48113015500,0.200321733951569,0.179037436842918,0.260847210884094,0.186068922281265,4033,1392,3642735,3,69621.0071906769,0.562112571286883,0.124473096950161,0.0282667989090007,0.00110713516080637,0.000382130459668354,-6.80597953622609,-7.86974849020509,7.23849684089437,15.1082453310995,11.150821628234,0,0,7156.82465227578,-0.200321733951569
48113015600,0.295459270477295,0.290082931518555,0.360587894916534,0.165162801742554,6155,1721,3163247,3,51238.604224208,0.726401299756296,0.0445166531275386,0.000812347684809098,0.00194578545399711,0.00054406121305102,-6.24208955104082,-7.51644879344784,7.45066079621154,14.9671095896594,10.8442485156749,0,0,7202.83309694972,-0.295459270477295
48113015700,0.480696499347687,0.444447159767151,0.548203706741333,0.149486228823662,2938,781,3470505,2,58945.8706603131,0.657930565010211,0,0.0357385976855003,0.000846562676037061,0.00022503929543395,-7.07432631774151,-8.39923552463565,6.66057514983969,15.0598106744753,10.9843748553409,0,0,6731.75993608852,-0.480696499347687
48113015900,0.455161392688751,0.400351792573929,0.556712150573731,0.159035086631775,3611,1376,5703572,3,33396.7898089172,0.669620603710883,0.0758792578233177,0.019939075048463,0.000633112021729541,0.000241252323982234,-7.36486318192043,-8.3296671847046,7.22693601849329,15.5566032031979,10.4162150608401,0,0,9191.31195536176,-0.455161392688751
48113016001,0.516489624977112,0.508648276329041,0.61115950345993,0.191212058067322,5079,1466,1587451,4,41747.2390234298,0.634376845835795,0.0614294152392204,0,0.00319946883399866,0.000923493071597171,-5.74477047232964,-6.98734726068429,7.2902928824466,14.2776401431309,10.6393885969169,0,0,8839.54560327963,-0.516489624977112
48113016002,0.431622833013535,0.4182548224926,0.49249479174614,0.183947384357452,3722,1119,1585905,2,39432.753895755,0.771896829661472,0.0475550779150994,0,0.00234692494191014,0.000705590814077766,-6.05464934306343,-7.25647507195371,7.02019070831193,14.2766657802656,10.5823520670844,0,0,8893.67279559543,-0.431622833013535
48113016100,0.353844255208969,0.246096760034561,0.432201266288757,0.207788199186325,1954,662,6663257,2,45990,0.328556806550665,0.387922210849539,0,0.000293249982703654,9.93508129732952e-05,-8.13448512941226,-9.21685340607798,6.49526555593701,15.712118962015,10.736179260534,0,0,10245.5306598489,-0.353844255208969
48113016201,0.549539625644684,0.441224694252014,0.599554002285004,0.19139139354229,4167,1266,1929905,3,64761.0926325894,0.608111351091913,0.189824814014879,0.0134389248860092,0.00215917363808063,0.000655990838927305,-6.13802970544921,-7.32936373416754,7.14361760270412,14.4729813368717,11.0784602796781,0,0,10162.8161449352,-0.549539625644684
48113016301,0.728672325611115,0.606848120689392,0.785650134086609,0.171335905790329,7520,2227,3614643,3,61302.0904255319,0.528856382978724,0.10718085106383,0.0732712765957445,0.00208042675307077,0.000616105103602209,-6.17518223656778,-7.3920929862543,7.70841066725737,15.1005036535117,11.0235692229013,0,0,9919.4415518942,-0.728672325611115
48113016302,0.561682879924774,0.547887861728668,0.651297032833099,0.182149767875671,2114,639,860045,2,42070,0.692999053926206,0.0231788079470199,0.011352885525071,0.00245801091803336,0.000742984378724369,-6.00840282601197,-7.20483553806462,6.45990445437754,13.6647399924422,10.6470901765846,0,0,10953.6934639494,-0.561682879924774
48113016406,0.414514571428299,0.401664167642593,0.529886424541473,0.202092945575714,4815,1543,1332048,4,61877.154517134,0.495742471443406,0.122533748701973,0.0438213914849429,0.00361473460415841,0.00115836666546551,-5.622736841237,-6.76074431310606,7.34148385236316,14.1022281654692,11.0329063197437,0,0,12578.0310708763,-0.414514571428299
48113016407,0.435327738523483,0.402638256549835,0.536564588546753,0.191657334566116,7671,2181,1936252,4,59415.3249902229,0.583365923608396,0.150958154086821,0.0138182766262547,0.00396177770248914,0.00112640296820868,-5.53106243967785,-6.78872593743552,7.68753876620163,14.4762647036372,10.9923074685438,0,0,11608.3120350093,-0.435327738523483
48113016409,0.697739481925964,0.657547235488892,0.750631332397461,0.199102774262428,3914,1285,6068070,2,112611.702095043,0.503321410321921,0.219213081246806,0.124680633622893,0.000645015630999642,0.000211764201797277,-7.34623600735417,-8.46003715798087,7.15851399732932,15.6185511553102,11.6317009155315,0,0,11485.9152149155,-0.697739481925964
48113016410,0.662781000137329,0.544820904731751,0.722880065441132,0.233076423406601,3668,1160,4242732,2,88647.2944383861,0.458015267175573,0.432660850599782,0.0343511450381679,0.000864537283995312,0.00027340873757758,-7.05331612595678,-8.20454267523273,7.05617528410041,15.2607179593331,11.3924207914471,0,0,15510.2354877199,-0.662781000137329
48113016511,0.252229779958725,0.223580494523048,0.306629687547684,0.209730073809624,4785,1545,1694306,2,59555.1222570533,0.229049111807732,0.61337513061651,0.0277951933124347,0.00282416517441359,0.000911877783588089,-5.86954247153836,-7.00000458609357,7.34277918933185,14.3427837754254,10.9946575871557,0,0,12598.1951278992,-0.252229779958725
48113016513,0.286696314811707,0.262682735919952,0.335386484861374,0.18957731127739,3901,1465,5281302,3,104525.886952064,0.519097667264804,0.333247885157652,0.0166623942578826,0.000738643614775296,0.000277393718442914,-7.21069500668634,-8.19007269474183,7.28961052145117,15.479683216193,11.5571900417383,0,0,10974.0780238058,-0.286696314811707
48113016516,0.230976149439812,0.217397749423981,0.294345855712891,0.160132855176926,5625,2063,2577418,5,44461.3048888889,0.599288888888889,0.234844444444445,0.0147555555555556,0.002182416666602,0.000800413437013321,-6.12732245352153,-7.1303821675229,7.63191651307125,14.7622986805941,10.7023745368151,0,0,7693.33481780749,-0.230976149439812
48113016517,0.220624029636383,0.17727442085743,0.27836886048317,0.169487848877907,5147,1686,2733010,3,59485.4967942491,0.427627744317078,0.386827278026035,0.00660578978045465,0.00188327155773305,0.000616902243314148,-6.27474482423356,-7.39079998532451,7.4301141385618,14.8209141238863,10.9934878104644,0,0,9250.82653000862,-0.220624029636383
48113016518,0.376866430044174,0.370296508073807,0.436466842889786,0.169017523527145,5702,2062,2535379,4,42137.690634865,0.459487898982813,0.370045598035777,0.0373553139249386,0.00224897342764139,0.000813290636232295,-6.09728142126311,-7.11442202615883,7.63143166457691,14.7458536907357,10.6486978836464,0,0,8324.10286484428,-0.376866430044174
48113016519,0.373903274536133,0.338902652263641,0.417943894863129,0.178434789180756,2270,778,2710118,2,72302.1475770925,0.751541850220264,0.102202643171806,0.00440528634361233,0.000837601905156897,0.000287072371018531,-7.08496762386792,-8.15577621016497,6.65672652417839,14.8125027343434,11.1886091113999,0,0,9231.23637878784,-0.373903274536133
48113016607,0.190804645419121,0.027191910892725,0.286858111619949,0.154785335063934,3420,2176,1131039,3,25839.0102339181,0.0792397660818713,0.900584795321637,0.00263157894736842,0.00302376841116885,0.00192389475517644,-5.80125140720571,-6.25340362928653,7.68524360797583,13.9386472372624,10.159640653522,0,0,7524.56614171789,-0.190804645419121
48113016610,0.231955111026764,0.208090871572495,0.28535607457161,0.179425075650215,4102,1880,2769975,4,50056.7876645539,0.102876645538761,0.837640175524135,0.00731350560702097,0.00148087979133386,0.000678706486520636,-6.51511891421971,-7.29532179702804,7.539027055824,14.834348852852,10.8209133932215,0,0,5589.20270451618,-0.231955111026764
48113016615,0.448243975639343,0.399106681346893,0.496113151311874,0.245502308011055,4680,1317,2481690,2,80589.5480769231,0.250854700854701,0.622222222222222,0.0497863247863248,0.00188581168477932,0.000530686749755207,-6.27339694875966,-7.54133863592807,7.18311170174328,14.7244503376713,11.297124243621,0,0,15170.2561629537,-0.448243975639343
48113016616,0.592006087303162,0.554180204868317,0.61828488111496,0.264599114656448,4774,1261,11410844,2,82464.6103896104,0.195643066610808,0.694176790950985,0.00691244239631337,0.000418373960769247,0.000110508915904906,-7.7791348824054,-9.11041435333926,7.13966033596492,16.2500746893042,11.3201245153166,0,0,17394.4619406201,-0.592006087303162
48113016617,0.552374482154846,0.50881838798523,0.575060844421387,0.192176982760429,4660,1699,6044336,3,94933.678111588,0.247424892703862,0.648497854077253,0.0158798283261803,0.000770969714456642,0.000281089601901681,-7.16786146603285,-8.1768370714806,7.43779512167193,15.6146321931525,11.4609338016387,0,0,9363.26226191477,-0.552374482154846
48113016618,0.512719750404358,0.398695707321167,0.539740860462189,0.198527634143829,4438,1817,4288528,3,66743.8900405588,0.29607931500676,0.622803064443443,0.00450653447498874,0.00103485391724153,0.000423688501042782,-6.87349500498819,-7.76651204008455,7.50494206839617,15.2714541084807,11.1086180371,0,0,8346.24031483301,-0.512719750404358
48113016619,0.48440608382225,0.445480138063431,0.513131022453308,0.182387962937355,3648,1430,2372880,3,50334.6258223684,0.338541666666667,0.638157894736842,0,0.00153737230706989,0.000602643201510401,-6.4776806140449,-7.41418524198517,7.26542972325395,14.6796149652391,10.8264485053894,0,0,6506.63037561338,-0.48440608382225
48113016620,0.379356950521469,0.349046498537064,0.419295132160187,0.195200458168983,5418,2028,5252428,3,93000.334440753,0.276485788113695,0.580841638981174,0.021594684385382,0.00103152294519792,0.000386107148922365,-6.87671898120409,-7.85939563913806,7.61480536471107,15.4742010038491,11.4403583682661,0,0,7322.89252594031,-0.379356950521469
48113016704,0.711147308349609,0.687832951545715,0.77127993106842,0.170775681734085,4154,1583,2591897,2,56338.0601829562,0.283100625902744,0.649975926817525,0.00577756379393356,0.00160268714381783,0.000610749578397598,-6.43607359357436,-7.40082353812941,7.36707705988101,14.7679005980104,10.9391256102902,0,0,4733.68157945162,-0.711147308349609
48113016802,0.817551493644714,0.803178310394287,0.832441627979279,0.221919640898705,4353,1495,37141265,3,75341.7723409143,0.434413048472318,0.531127957730301,0,0.000117201177719714,4.0251725405691e-05,-9.05161863206883,-10.1203576877963,7.30988148582479,17.4302391736211,11.2297900055368,0,0,9857.93601000629,-0.817551493644714
48113016803,0.482415169477463,0.458049893379211,0.529842615127564,0.194698378443718,5385,2294,4669681,3,37645.7860724234,0.286350974930362,0.626369545032498,0.0107706592386258,0.00115318369713049,0.000491254113503685,-6.76522872937029,-7.61854902127146,7.73805229768932,15.3566013189608,10.5359763032569,0,0,7335.87389156971,-0.482415169477463
48113016902,0.816875338554382,0.687633037567139,0.851351618766785,0.181907698512077,6070,1057,25139276,3,36554.3399209486,0.492421746293246,0.357825370675453,0.00214168039538715,0.000241454845398093,4.20457613815131e-05,-8.32882807793101,-10.0767519761143,6.96318998587024,17.0399419619846,10.5065551974162,0,0,8251.99991511014,-0.816875338554382
48113016903,0.931778609752655,0.902252435684204,0.966776669025421,0.239457994699478,5760,2185,133886864,5,48841.2763888889,0.578472222222222,0.301909722222222,0.00243055555555556,4.3021397528588e-05,1.63197488888828e-05,-10.0538129490971,-11.0231345952573,7.68937110752969,18.712505702787,10.7963310619718,0,0,14932.0967519279,-0.931778609752655
48113017101,0.839139223098755,0.787042856216431,0.893616080284119,0.194155424833298,4266,1194,9921269,2,44502.896390061,0.518752930145335,0.0836849507735582,0.0126582278481013,0.000429985317402441,0.000120347507964959,-7.75175949543536,-9.02512710051411,7.08506429395255,16.1101913944667,10.7033095534533,0,0,8094.16553226636,-0.839139223098755
48113017102,0.989639580249786,0.95939838886261,1.03683757781982,0.18241323530674,3742,1131,29262936,2,45064.1523249599,0.554516301443079,0.201763762693747,0.00774986638161412,0.000127875070362044,3.86495736449685e-05,-8.96445678345182,-10.1609748141697,7.03085747611612,17.1918322902859,10.7158423607606,0,0,7758.25294089814,-0.989639580249786
48113017201,0.758266150951386,0.673093199729919,0.83528071641922,0.160895332694054,5045,1783,5833532,5,47882.3417244797,0.626957383548068,0.2,0.0043607532210109,0.000864827689296982,0.00030564673340268,-7.05298027400085,-8.09308058892542,7.48605261786314,15.5791332067886,10.7765020666731,0,0,5658.24620767774,-0.758266150951386
48113017400,0.425657868385315,0.410634726285934,0.516497552394867,0.180454343557358,5172,1737,2955639,4,53619.0715390565,0.719064191802011,0.162799690641918,0.00773395204949729,0.00174987540765296,0.000587690174611988,-6.34821068920812,-7.43931066285876,7.45991476624111,14.8992254290999,10.8896600960685,0,0,9662.3143189938,-0.425657868385315
48113017500,0.48502504825592,0.458424925804138,0.525188088417053,0.164587035775185,3672,1278,4562289,3,80366.6772875817,0.703159041394336,0.144880174291939,0.0245098039215686,0.000804859139787068,0.000280122543749421,-7.12484327748776,-8.18028339429066,7.15305163493748,15.3333350292281,11.2943549076569,0,0,8411.59606975447,-0.48502504825592
48113017602,0.221972048282623,0.170687273144722,0.282803028821945,0.136624112725258,4271,1193,3196306,2,52597.6825099508,0.595645047998127,0.274408803558886,0,0.00133623001051839,0.00037324336280694,-6.61790305512446,-7.89327990386801,7.08422642209792,14.9775063259659,10.870427339009,0,0,7148.54151208539,-0.221972048282623
48113017604,0.465030342340469,0.424846529960632,0.510042667388916,0.161492824554443,3466,1025,1471238,2,51496.6197345643,0.532025389497981,0.131852279284478,0,0.0023558390960538,0.000696692173530048,-6.05085831091816,-7.2691668896212,6.93244789157251,14.2016147811937,10.8492714482756,0,0,6769.81204890039,-0.465030342340469
48113017703,0.525702595710754,0.455955624580383,0.591370642185211,0.157119929790497,5782,1897,2144524,4,39934.4199239018,0.384296091317883,0.316326530612245,0.0435835351089588,0.00269616940635778,0.000884578582473313,-5.91592325172007,-7.03039920436135,7.54802896993501,14.5784281742964,10.5949938857396,0,0,9803.21471961075,-0.525702595710754
48113017704,0.395883440971375,0.361931562423706,0.478270262479782,0.160555690526962,6700,2095,3123218,4,47961.0382089552,0.631641791044776,0.237313432835821,0.0164179104477612,0.0021452232921301,0.000670782507016801,-6.14451163312492,-7.30706560614774,7.64730883235624,14.954374438504,10.7781442562999,0,0,9460.4898741724,-0.395883440971375
48113017805,0.281123638153076,0.166031330823898,0.346352785825729,0.123552270233631,5059,1835,8576985,5,51338.072148646,0.593793239770706,0.272583514528563,0,0.000589834306577428,0.000213944643718043,-7.43566889681585,-8.44979325061912,7.51479976048867,15.9645930111078,10.8461879030509,0,0,6991.21776722958,-0.281123638153076
48113017806,0.392276585102081,0.356038719415665,0.496258914470673,0.118681974709034,4763,1663,2630000,4,54541.0697039681,0.63552382951921,0.129750157463784,0,0.00181102661596958,0.000632319391634981,-6.31386140335309,-7.36611592496102,7.41637847919293,14.7824944041539,10.906709269408,0,0,6943.38131434589,-0.392276585102081
48113017808,0.186710849404335,0.136893376708031,0.244708359241486,0.168855294585228,3915,1662,2728636,3,76453.912899106,0.655938697318008,0.133844189016603,0.0768837803320561,0.00143478279990442,0.000609095533446015,-6.5467418001781,-7.40353543318761,7.41577697541539,14.819312408603,11.2444433925079,0,0,9203.84848188663,-0.186710849404335
48113017811,0.446416884660721,0.388098239898682,0.5400350689888,0.167000725865364,4740,1756,2330016,3,77920.1759493671,0.636919831223629,0.182911392405063,0.0987341772151902,0.00203432079436364,0.000753642893439358,-6.19759327778197,-7.19059191827603,7.47079377419506,14.6613856924711,11.263440196391,0,0,10276.852019387,-0.446416884660721
48113017812,0.22528687119484,0.198594197630882,0.335500001907349,0.156584545969963,2125,795,1922322,2,69503.2352941177,0.697882352941176,0.114352941176471,0.04,0.00110543394915108,0.000413562348035345,-6.80751730694057,-7.79070227364476,6.67834211465433,14.4690443882991,11.1491285814639,0,0,10805.152925806,-0.22528687119484
48113017814,0.406614601612091,0.36491534113884,0.506246149539948,0.168324172496796,4943,1756,3514886,3,73796.5365162857,0.504551891563827,0.250657495448108,0.174590329759255,0.0014063045003451,0.000499589460369412,-6.56678993696157,-7.60172387607347,7.47079377419506,15.0725176502685,11.2090670788137,0,0,11644.7917661412,-0.406614601612091
48113017900,0.52330607175827,0.495509564876556,0.605898320674896,0.129958838224411,5242,1522,3463880,4,52233.7413201068,0.625906142693629,0.172453262113697,0.0385349103395651,0.00151333187061907,0.000439391664838274,-6.49344152214873,-7.73011936761045,7.32778053842163,15.0578999060321,10.8634839504963,0,0,8420.96546561031,-0.52330607175827
48113018001,0.36191388964653,0.350679904222488,0.434103399515152,0.140374004840851,5958,2414,2656321,5,53066.6587781135,0.736153071500504,0.128230949983216,0.00587445451493789,0.00224295181192333,0.000908775708959874,-6.09996250743618,-7.00341223905193,7.78904040165748,14.7924526407094,10.8793041150707,0,0,8570.54246398848,-0.36191388964653
48113018002,0.271915107965469,0.246180593967438,0.352505266666412,0.144245311617851,3968,1208,1506148,2,66053.8709677419,0.567540322580645,0.246975806451613,0.00655241935483872,0.00263453525151579,0.000802046014070331,-5.93904848768106,-7.12834457759106,7.09672137849476,14.2250659560858,11.0982259148606,0,0,9557.61413847439,-0.271915107965469
48113018105,0.392081141471863,0.345390200614929,0.485512524843216,0.206538155674934,5959,1745,3203257,4,64417.4576271186,0.66756167142138,0.0991777143816076,0.0110756838395704,0.00186029406944245,0.000544758038458981,-6.28702070190303,-7.51516882801348,7.46450983463653,14.97967866265,11.073139956523,0,1,1417.67119029397,-0.392081141471863
48113018110,0.351434737443924,0.308141320943832,0.402315050363541,0.195251569151878,5146,2177,5389039,3,86287.4259619122,0.697240575204042,0.0788962300816169,0.100077730275942,0.000954901235637745,0.000403968128640375,-6.95390264101194,-7.81417457261909,7.68570306123455,15.4998776338536,11.3654391649718,0,0,4491.31181218072,-0.351434737443924
48113018111,0.330825418233871,0.316134333610535,0.403670489788055,0.177623748779297,6638,1975,2715343,4,71842.5830069298,0.529225670382645,0.268906297077433,0.0061765592045797,0.00244462670093612,0.000727348257660266,-6.01386284626559,-7.22610516121029,7.58832367733522,14.8144288385455,11.182232657326,0,0,5645.73979974961,-0.330825418233871
48113018120,0.446709096431732,0.393707722425461,0.49915423989296,0.234351247549057,2962,985,4850260,2,96762.7407157326,0.527683997299123,0.274476704929102,0.12964213369345,0.000610688911522269,0.000203081896640592,-7.40092287489647,-8.50190122855213,6.89264164117209,15.3945428697242,11.4800172892064,0,0,4321.20426437884,-0.446709096431732
48113018121,0.593887388706207,0.530319750308991,0.649612963199616,0.218437418341637,4796,1580,3422279,2,57516.5919516264,0.565679733110926,0.134070058381985,0.0746455379482902,0.00140140532084029,0.000461680651986586,-6.57027974523164,-7.68063713535803,7.36518012602101,15.045817261379,10.9598287408417,0,0,3036.24183637458,-0.593887388706207
48113018126,0.402533918619156,0.399796813726425,0.460769265890122,0.165005713701248,6736,2275,3089604,5,80033.4724349158,0.681710213776722,0.163004750593824,0,0.00218021468123423,0.000736340320636561,-6.12833192939936,-7.21381815393647,7.72973533138505,14.9435534853215,11.2902002315853,0,0,6370.18928099641,-0.402533918619156
48113018127,0.335990160703659,0.329953014850616,0.429243147373199,0.154526323080063,2376,900,1337118,2,56306.4595959596,0.750420875420875,0.109006734006734,0.0404040404040404,0.00177695611008153,0.000673089435636945,-6.33285342899954,-7.30363234615777,6.80239476332431,14.1060271094821,10.9385645428208,0,0,7081.02815159022,-0.335990160703659
48113018128,0.256165236234665,0.227213874459267,0.327683418989182,0.181778982281685,5712,1916,1950196,3,53704.1607142857,0.505077030812325,0.300770308123249,0.0257352941176471,0.00292893637357476,0.000982465352200497,-5.83311593428995,-6.92544547977856,7.55799495853081,14.4834404383094,10.8912457582084,0,0,6813.062910653,-0.256165236234665
48113018129,0.429078072309494,0.38713926076889,0.472559154033661,0.171838462352753,2412,841,4057164,2,68605.0161691542,0.648839137645108,0.247927031509121,0.0186567164179104,0.000594503944134376,0.000207287652162939,-7.42778320748307,-8.4814031053572,6.73459165997295,15.2159947653301,11.13612093304,0,0,8085.17961134687,-0.429078072309494
48113018130,0.252334177494049,0.213132351636887,0.309782236814499,0.159907430410385,3129,1295,2983942,2,52385.635985938,0.363055289229786,0.482582294662832,0.0095877277085331,0.00104861287518323,0.000433989668699995,-6.86028705945069,-7.74248982898593,7.16626597413364,14.9087558031196,10.866387710325,0,0,8986.76495373112,-0.252334177494049
48113018132,0.424226820468903,0.37347337603569,0.466554433107376,0.198866173624992,5975,1941,4078644,3,75262.0393305439,0.501422594142259,0.163347280334728,0.0903765690376569,0.00146494766397852,0.000475893458708335,-6.52593576139798,-7.65031655502868,7.57095858316901,15.2212751381977,11.2287311609175,0,0,7448.16864651873,-0.424226820468903
48113018203,0.374805599451065,0.315662533044815,0.423486799001694,0.205037847161293,6503,1793,4567484,4,63885.5997232047,0.483007842534215,0.199292634168845,0.122097493464555,0.00142375977671734,0.000392557478033858,-6.55445417634861,-7.84282759061263,7.49164547360513,15.3344730642178,11.0648492585247,0,0,3139.65674353777,-0.374805599451065
48113018204,0.239460632205009,0.225384429097176,0.297752529382706,0.193321600556374,4130,928,1757604,2,62215.4590799032,0.42953995157385,0.141888619854721,0.00847457627118646,0.00234978982751519,0.00052799151572254,-6.05342938992555,-7.54643034309443,6.8330317327862,14.3794620758806,11.0383587861089,0,0,1842.37410316259,-0.239460632205009
48113018205,0.185894981026649,0.104465074837208,0.246906399726868,0.194001153111458,3823,1384,1623865,2,58452.8705205336,0.620978289301596,0.117185456447816,0.0813497253465863,0.00235425974449847,0.000852287597799078,-6.0515289344732,-7.067586531992,7.23273313617762,14.3003196681696,10.9759760763964,0,0,3573.66158789137,-0.185894981026649
48113018206,0.4339439868927,0.414191484451294,0.509666621685028,0.181089177727699,4460,1190,1770059,4,47695.1088985688,0.674215246636771,0.0795964125560539,0,0.00251969002163205,0.000672293974381645,-5.98361939231369,-7.30481485122223,7.08170858610558,14.3865234373278,10.7725841328049,0,0,3645.69580557685,-0.4339439868927
48113018300,0.478711247444153,0.462891459465027,0.523280799388886,0.169046863913536,6954,2237,3888318,5,52833.3242737993,0.749352890422778,0.0186942766752948,0.0280414150129422,0.00178843397067832,0.000575313027380991,-6.32641491877349,-7.46059626985116,7.71289096149013,15.1734872313413,10.8748974121575,0,0,3455.80764443743,-0.478711247444153
48113018401,0.330839663743973,0.300341188907623,0.446276068687439,0.150853246450424,4098,1640,2458951,3,61297.6198145437,0.712054660810152,0.11493411420205,0.0124450951683748,0.00166656431950047,0.000666951069785449,-6.39699106540143,-7.31279387338203,7.40245152081824,14.7152453942003,11.0234962926965,0,0,4650.30793008671,-0.330839663743973
48113018402,0.320069372653961,0.298190802335739,0.368096083402634,0.16372749209404,4364,1412,2432764,3,66768.3006416132,0.750229147571035,0.0705774518790099,0.0167277726856095,0.00179384436796993,0.000580409772587888,-6.32339427051895,-7.45177619941872,7.25276241805319,14.7045386174719,11.1089837056012,0,0,5004.57544736059,-0.320069372653961
48113018403,-0.106928698718548,-0.129239082336426,0.0384604148566723,0.149032592773438,1569,591,836038,1,43977,0.543658381134481,0.235181644359465,0,0.00187670895342078,0.000706905666967291,-6.27823559284623,-7.25461332817317,6.3818160174061,13.6364293455793,10.6914220489581,0,0,5879.84796006774,0.106928698718548
48113018501,0.161208316683769,0.115552075207233,0.288834750652313,0.157888129353523,4847,1313,8919136,3,59684.5923251496,0.668867340623066,0.0534351145038167,0.0187744996905302,0.000543438288192937,0.000147211568474794,-7.51759440303294,-8.82363976457552,7.1800698743028,16.0037096388783,10.9968291810652,0,0,2240.97667410344,-0.161208316683769
48113018600,0.410766780376434,0.388809055089951,0.485584110021591,0.172052532434464,3753,1404,2531337,3,71502.069810818,0.800159872102318,0.0700772715161205,0.00399680255795364,0.00148261570861564,0.000554647603223119,-6.51394738048169,-7.49717759503095,7.24708058458576,14.7442581796167,11.1774816766662,0,0,2206.55749416305,-0.410766780376434
48113018700,0.444338411092758,0.419997692108154,0.504033029079437,0.182685509324074,7040,2056,2673755,5,47342.1758522727,0.680539772727273,0.0325284090909091,0,0.00263300115380803,0.000768956018782574,-5.93963096025764,-7.17047678283467,7.62851762657506,14.7989944094097,10.7651568442482,0,0,1677.27141251442,-0.444338411092758
48113018801,0.33236226439476,0.266130119562149,0.450912773609161,0.201168194413185,5121,1541,3409121,4,61686.0956844366,0.684827182190978,0.0681507518062879,0.0494044132005468,0.00150214674105143,0.000452022676813173,-6.50086003330743,-7.70177820944987,7.34018683532012,15.04196504477,11.0298138309228,0,1,956.925495838435,-0.33236226439476
48113018802,0.0775066837668419,0.0486249849200249,0.207165896892548,0.189624145627022,1375,721,1724649,2,46377,0.743272727272727,0.144,0.0334545454545455,0.000797263675101427,0.000418056079816821,-7.13432509938155,-7.77989497219727,6.58063913728495,14.3605341094822,10.7445589256644,1,1,609.152439497218,-0.0775066837668419
48113018900,0.28804475069046,0.267403215169907,0.387683808803558,0.185759052634239,5883,1900,3531369,4,53319.3656297807,0.576576576576577,0.125276219615842,0.212986571477137,0.00166592616064761,0.000538034966042914,-6.39737405755967,-7.5275870072696,7.54960916515453,15.0771961724241,10.8840548768059,0,0,2072.52993291236,-0.28804475069046
48113019013,-0.0378110073506832,-0.0593344122171402,0.10180988162756,0.170601814985275,5105,1572,1376142,4,30188.7057786484,0.611949069539667,0.175514201762977,0.0603330068560235,0.00370964624290226,0.00114232397528743,-5.59681875922657,-6.77469051683618,7.36010397298915,14.1347944898253,10.3152231525752,1,1,738.362693229684,0.0378110073506832
48113019016,0.0300882998853922,0.018929285928607,0.116606593132019,0.148142427206039,2935,1297,1159082,3,54453.1860306644,0.524361158432709,0.286201022146508,0.163543441226576,0.00253217632574745,0.00111898899301344,-5.97867613820409,-6.79532968614985,7.16780918431644,13.9631388704663,10.9050966396092,0,1,924.662683642972,-0.0300882998853922
48113019018,0.139495074748993,0.135733753442764,0.236570209264755,0.163890227675438,4725,2066,1480195,3,50537.3764446891,0.226243386243386,0.316613756613757,0.313227513227513,0.00319214698063431,0.00139576204486571,-5.74706155389005,-6.57431474413831,7.63336964967958,14.2076843938179,10.8304684691217,0,0,2977.52788405375,-0.139495074748993
48113019019,0.0567717403173447,0.0322286114096642,0.13630273938179,0.154400706291199,7797,2673,1716309,4,55704.5405925356,0.325381557009106,0.504937796588432,0.112222649737078,0.0045428882561357,0.00155741186464675,-5.39419228943987,-6.46472989661055,7.89095671613892,14.3556866127495,10.9278169413099,0,0,1798.58038311398,-0.0567717403173447
48113019020,0.384813040494919,0.352365553379059,0.485605180263519,0.191626265645027,6859,2518,2473448,3,60524.3964134714,0.40793118530398,0.205569324974486,0.171307770812072,0.00277305203101096,0.00101801210294294,-5.88780674908747,-6.8899034719825,7.83122021460429,14.7211236865868,11.0108018092406,0,0,3377.67813671668,-0.384813040494919
48113019023,0.420848876237869,0.381584584712982,0.53055465221405,0.197300061583519,5926,2213,2735433,4,102498.609348633,0.74687816402295,0.0352683091461357,0.129429632129598,0.00216638462722355,0.000809012686474134,-6.13469557127244,-7.1196959593549,7.70210434005105,14.821800299406,11.5376045101382,0,0,3166.9172484952,-0.420848876237869
48113019024,0.249951094388962,0.23937714099884,0.3757284283638,0.183925583958626,4405,1547,2539646,4,81367.7550510783,0.596367763904654,0.130079455164586,0.185017026106697,0.00173449370502818,0.000609140014001952,-6.35703972083279,-7.40346240863,7.34407285057307,14.7475352592031,11.3067343439169,0,0,3543.23749260735,-0.249951094388962
48113019025,0.144667327404022,0.138723313808441,0.228503361344337,0.22149769961834,4329,1476,2001966,3,90463.5853545854,0.528759528759529,0.113421113421113,0.232617232617233,0.00216237438597858,0.000737275258420972,-6.13654840825413,-7.21254925053569,7.29709100516042,14.5096402556961,11.4127026769422,0,0,3398.00613276188,-0.144667327404022
48113019026,0.300329089164734,0.276586085557938,0.412764012813568,0.211121931672096,5797,1994,2720894,5,74010.7459030533,0.590305330343281,0.0921166120407109,0.242884250474383,0.00213054973843156,0.00073284736560851,-6.15137523940076,-7.21857311021871,7.59789795052178,14.8164710607405,11.2119655765498,0,0,2436.35821859128,-0.300329089164734
48113019027,0.421017527580261,0.289096623659134,0.462867438793182,0.220975115895271,5483,2146,5174338,3,64512.6228342149,0.34597847893489,0.146452671894948,0.357286157213204,0.00105965246182217,0.000414739044878785,-6.84981429082354,-7.78786104303694,7.67136092319064,15.4592219662276,11.0746161864926,0,0,4699.88064792751,-0.421017527580261
48113019028,0.311327159404755,0.290878087282181,0.400953441858292,0.207374453544617,3450,1100,1437182,3,64448.2,0.585217391304347,0.167536231884058,0.203188405797101,0.00240053103921424,0.000765386708155265,-6.03206529976476,-7.1751293510037,7.00306545878646,14.1781948097902,11.0736170793505,0,0,4528.97357963606,-0.311327159404755
48113019029,0.20260214805603,0.163532242178917,0.292103111743927,0.204501956701279,6224,2096,2214385,3,66218.5536632391,0.381748071979434,0.144601542416453,0.290006426735219,0.00281071268094753,0.00094653820360958,-5.87431720468039,-6.96269922509768,7.64778604544093,14.6104852705386,11.100715969474,0,0,4569.56742261704,-0.20260214805603
48113019031,0.238281935453415,0.233536809682846,0.294109493494034,0.222503542900085,4863,1984,3566411,4,82163.8383713757,0.751799300843101,0.0248817602303105,0.161011721159778,0.0013635556866553,0.000556301559186532,-6.59765951554795,-7.49420003810692,7.59287028784482,15.0870703259517,11.3164705617606,0,0,3561.37081547747,-0.238281935453415
48113019032,0.421867251396179,0.408464223146439,0.534218907356262,0.167977198958397,4826,1119,1280709,3,64795.5677579776,0.536883547451306,0.0462080397845006,0.18503937007874,0.00376822525647903,0.000873734782842941,-5.58115114261138,-7.04273368048443,7.02019070831193,14.0629243887964,11.0789924812044,0,0,1782.53963906857,-0.421867251396179
48113019033,0.339215964078903,0.331875145435333,0.455223739147186,0.161700248718262,4046,1203,1394493,3,50660.6020761246,0.730845279288186,0.0543746910528918,0.0944142362827486,0.00290141291494471,0.000862679124240853,-5.84255744858906,-7.05546775034207,7.09257371597468,14.1480414663168,10.8329038081302,0,1,1244.93307174392,-0.339215964078903
48113019034,0.272786408662796,0.245402917265892,0.357561767101288,0.154027909040451,2046,1023,1773268,2,40313,0.362170087976539,0.335777126099707,0.158846529814272,0.00115380190698755,0.000576900953493775,-6.7646927833542,-7.45783996391414,6.93049476595163,14.3883347298658,10.604429276562,0,0,2331.63812312985,-0.272786408662796
48113019035,-0.0741487517952919,-0.087547779083252,0.00864948332309723,0.146553635597229,7104,2737,1064176,3,42221.2176238739,0.34009009009009,0.458896396396396,0.0733389639639639,0.00667558749680504,0.00257194298687435,-5.00929806406625,-5.96309363969757,7.91461770904068,13.8777113487383,10.6506781609645,0,0,2086.61355338564,0.0741487517952919
48113019036,0.259142488241196,0.248903065919876,0.31527903676033,0.220177233219147,2690,1100,2698815,3,123363.416356877,0.874721189591078,0.0237918215613383,0.080297397769517,0.000996733751665083,0.00040758629250245,-6.91102687314987,-7.80525788695929,7.00306545878646,14.8083233457458,11.7228898826166,0,0,1958.85000384122,-0.259142488241196
48113019037,0.218442112207413,0.217323765158653,0.310980647802353,0.208516329526901,3299,1222,1774273,3,92681.593816308,0.731130645650197,0.105486511063959,0.122461351924826,0.00185935309842397,0.000688732793656895,-6.28752664829852,-7.28065717979556,7.10824413973154,14.3889013195271,11.4369251753806,0,0,2921.61524597502,-0.218442112207413
48113019202,0.306258648633957,0.294990539550781,0.386749684810638,0.172414392232895,6028,2175,2010818,5,63087.2541473125,0.576476443264764,0.201725282017253,0.033178500331785,0.00299778498103757,0.00108164935861923,-5.80988160267514,-6.82926821889874,7.68478394352279,14.5140521624215,11.0522740336298,0,1,1151.5882602032,-0.306258648633957
48113019203,0.437947124242783,0.403964132070541,0.516677916049957,0.185099706053734,4008,1824,2915946,4,116734.623752495,0.92065868263473,0.00573852295409183,0.0112275449101796,0.00137451105061616,0.000625525987106757,-6.589657210656,-7.37691768278642,7.50878717063428,14.8857048534207,11.6676584645235,0,0,1872.27134733673,-0.437947124242783
48113019205,0.457573562860489,0.431560575962067,0.558085322380066,0.19907221198082,4706,1879,3072961,3,124672.022311942,0.815554611134722,0.104547386315342,0.0737356566085848,0.0015314219737901,0.000611462364800595,-6.48155858056352,-7.39965715043737,7.53849499941347,14.9381521498508,11.7334417465273,0,0,2745.49571242593,-0.457573562860489
48113019208,-0.103060282766819,-0.122628249228001,-0.0182433295994997,0.155723288655281,4929,1607,1251804,3,54660.3069588152,0.177926557110976,0.15581253804017,0.0308378981537837,0.00393751737492451,0.00128374729590255,-5.53720486216088,-6.65797190312875,7.38212436573751,14.0400962688663,10.9088930752514,0,0,1959.04712977191,0.103060282766819
48113019210,0.251915693283081,0.246547177433968,0.314454734325409,0.211862534284592,5216,1777,3158860,4,159447.319018405,0.890145705521473,0.0208972392638037,0.0220475460122699,0.00165122860778889,0.000562544715498629,-6.40623565737357,-7.48303993282541,7.48268182815465,14.9657217609801,11.979468858364,0,0,1714.70816521765,-0.251915693283081
48113019211,0.222047343850136,0.211638495326042,0.32975110411644,0.198927134275436,5305,2108,3350670,4,65388.3532516494,0.69066918001885,0.15947219604147,0.0601319509896326,0.00158326543646495,0.000629127905762131,-6.44826583275583,-7.37117597414266,7.65349490966125,15.0246708838039,11.0880994367491,0,1,1082.44897134362,-0.222047343850136
48113019301,0.519303858280182,0.500607013702393,0.553090691566467,0.074815958738327,3340,1073,1199676,3,,0.898802395209581,0,0.0332335329341317,0.00278408503629313,0.000894408156869021,-5.88383599233092,-7.01934833567097,6.9782137426307,13.9975620783017,,0,1,1264.62704839959,-0.519303858280182
48113019302,0.299191534519196,0.253926903009415,0.383359968662262,0.064406268298626,5537,1077,1862189,4,34957,0.79194509662272,0.0845223044970202,0.0819938594906987,0.00297338240103448,0.000578351606630691,-5.81805511860442,-7.455328558271,6.98193467715639,14.4372632354274,10.4618740137304,0,1,918.759816731527,-0.299191534519196
48113019400,0.307972490787506,0.277353376150131,0.355442017316818,0.0657817423343658,4399,1734,1530238,3,146250,0.802909752216413,0,0.098204137303933,0.00287471622061405,0.00113315706445664,-5.85180131547794,-6.78274767948618,7.45818615734049,14.2409338368267,11.8930727650941,0,0,1832.95163005575,-0.307972490787506
48113019501,0.641994893550873,0.611047744750977,0.711342096328735,0.0775148645043373,7433,2455,2883557,5,229280.832199547,0.933943226153639,0,0.0359208933136015,0.00257771911566166,0.000851379043313519,-5.96085033476042,-7.0686531192571,7.80588204022862,14.8745351594857,12.3427028726766,0,0,2776.44452347753,-0.641994893550873
48113019502,0.69049209356308,0.656945705413818,0.767402470111847,0.0636112242937088,4318,1893,2077215,4,133333,0.949976841130153,0,0.0347383047707272,0.00207874485789868,0.00091131635386804,-6.17599100111086,-7.00062046097629,7.54591815120932,14.5465386121856,11.8006050374189,0,0,3017.29521129211,-0.69049209356308
48113019600,0.536270618438721,0.509450256824493,0.593424916267395,0.0508909374475479,2309,965,1015403,2,187302.786054569,0.877003031615418,0.00606323083585967,0.0866175833694242,0.00227397397880448,0.000950361580574412,-6.08622632663726,-6.95866803465277,6.87212810133899,13.8307961359918,12.1404817631457,0,1,1378.79460102041,-0.536270618438721
48113019700,0.652405321598053,0.626874446868897,0.677740037441254,0.0519558154046536,1775,808,2137907,2,,0.828169014084507,0,0.0523943661971831,0.000830251269115074,0.000377939732645059,-7.0937821691147,-7.88077581250312,6.6945620585211,14.5753378710242,,0,0,2104.00014487556,-0.652405321598053
48113019800,0.678927004337311,0.64942342042923,0.740329504013062,0.0493644289672375,5059,2155,2657805,4,178704.446032151,0.940502075508994,0.00177900770903341,0.0504052184226132,0.00190345040362254,0.000810819454399401,-6.26408703784101,-7.1174651495951,7.67554600253785,14.793011152133,12.0934885807046,0,0,2330.58384966099,-0.678927004337311
48113019900,0.383105874061584,0.351493537425995,0.415787905454636,0.0928567349910736,4200,1277,1521668,4,61030.1771428571,0.807142857142858,0.0245238095238095,0,0.00276012901631631,0.00083921065567522,-5.89247785530345,-7.08304880354238,7.15226885603254,14.2353176595749,11.0191237280881,0,0,2562.44138920895,-0.383105874061584
48121020305,0.649298965930939,0.610231101512909,0.695858120918274,0.386045277118683,6501,2321,18503029,4,156362.662359637,0.941701276726658,0.00430702968774035,0.0147669589293955,0.000351347879312085,0.000125438921378765,-7.95373371617157,-8.9836916001016,7.74975340627444,16.733445006376,11.9599333468765,0,0,10754.530991192,-0.649298965930939
48121020402,0.47505334019661,0.428644955158234,0.569402992725372,0.564232647418976,6292,2467,9866882,4,73900.0247933884,0.844723458359822,0.0476795931341386,0.0103305785123967,0.000637688785575828,0.000250028327084483,-7.35766019053419,-8.293936338183,7.81075811652936,16.1046944547124,11.2104684424354,0,0,4363.57843645648,-0.47505334019661
48121020403,0.287779033184052,0.265279531478882,0.384194999933243,0.549755871295929,3395,1665,4332244,4,54604.3949926362,0.923122238586156,0.0150220913107511,0.0176730486008836,0.000783658538161747,0.000384327383222182,-7.15153717054711,-7.86401580812536,7.41758040241454,15.2815962105399,10.9078696528641,0,0,2743.0645482369,-0.287779033184052
48121020601,0.116939350962639,0.032402016222477,0.209256455302238,0.537078976631165,5143,1858,2772091,3,35037.3671009139,0.662064942640483,0.201438848920863,0.0526929807505347,0.00185527819974164,0.000670252167046464,-6.28972062126101,-7.30785654766214,7.52725591937378,14.8351124670359,10.4641704024131,0,0,1620.13726389447,-0.116939350962639
48121020700,-0.0193260665982962,-0.100459024310112,0.0837153717875481,0.542672455310822,3195,1989,1567864,3,28985.8885758998,0.74679186228482,0.111111111111111,0.0810641627543034,0.00203780429935249,0.00126860493001944,-6.19588237462531,-6.66983746258297,7.59538727885397,14.2652247414369,10.274564389709,0,0,2317.31429237853,0.0193260665982962
48121020800,0.607088088989258,0.546739161014557,0.679640710353851,0.538866817951202,6691,2169,24466968,3,48454.1107457779,0.656852488417277,0.162307577342699,0.0161410850396055,0.000273470746354841,8.86501343362202e-05,-8.20431590213427,-9.33081301009021,7.68202151082688,17.0128345209171,10.7883724588339,0,0,5145.40347491482,-0.607088088989258
48121020900,0.0587236434221268,-0.0648020878434181,0.160825610160828,0.534972310066223,4651,1430,1745870,2,40929.1453450871,0.598150935282735,0.21092238228338,0.0978284239948399,0.00266400132885037,0.000819075876210714,-5.92792602748641,-7.10733383345656,7.26542972325395,14.3727635567105,10.6195976883764,0,0,2981.421259717,-0.0587236434221268
48121021000,-0.112466961145401,-0.137541592121124,0.00604575918987393,0.53041684627533,6177,1259,2011774,4,25619.7537639631,0.672980411202849,0.0694511898980087,0.130969726404403,0.00307042441148956,0.000625815822254389,-5.78593948215309,-7.37645444380464,7.13807303404435,14.514527477849,10.151118964318,0,0,2118.47988252056,0.112466961145401
48121021100,-0.240218609571457,-0.284313887357712,-0.113807022571564,0.52772867679596,3391,2098,1421648,3,33644.6151577706,0.828369212621646,0.0527867885579474,0.102034797994692,0.00238525992369419,0.00147575208490428,-6.03844717789901,-6.51858753106841,7.64873978895624,14.1673273200247,10.4236082972384,0,1,884.135224135623,0.240218609571457
48121021301,-0.169542565941811,-0.311595380306244,-0.0541572198271751,0.512646675109863,2373,1041,1402849,2,26675.5010535188,0.562579013906448,0.276021913190055,0.118836915297092,0.00169155768012095,0.000742061333757233,-6.38210547034207,-7.20607865816287,6.94793706861497,14.1540157267778,10.1915008596306,0,0,1730.92950948537,0.169542565941811
48121021502,0.568389236927033,0.536158561706543,0.654008448123932,0.342426657676697,5199,1800,11306170,3,64340.5272167725,0.639353721869591,0.131563762261974,0.00615502981342566,0.000459837416207257,0.000159205106592241,-7.68463757398455,-8.745317208484,7.49554194388426,16.2408591523683,11.0719449949897,0,0,2537.68580192009,-0.568389236927033
48121021505,0.248315647244453,0.192069798707962,0.341714441776276,0.364151924848557,7438,2236,4441854,3,102395.395939769,0.721564936810971,0.0767679483732186,0.118311374025276,0.00167452599747763,0.000503393402844848,-6.39222514033389,-7.59413858054391,7.71244383427499,15.3065824148189,11.536597029051,0,1,1193.55966665796,-0.248315647244453
48121021611,0.121311627328396,0.109315976500511,0.190930038690567,0.234088867902756,4221,1620,2351619,3,105384.459369818,0.587301587301587,0.118455342335939,0.181947405828003,0.00179493361807334,0.000688887102885289,-6.32278723930047,-7.28043315685654,7.39018142822643,14.670614585083,11.5653704599093,0,0,2918.41576447664,-0.121311627328396
48121021612,-0.0301980338990688,-0.0353553369641304,0.0570769980549812,0.247034698724747,2556,868,1541023,2,105281.536776213,0.705007824726135,0.0657276995305163,0.118935837245696,0.00165863844991282,0.000563262196605761,-6.40175822406658,-7.48176532490365,6.76619171466035,14.247957039564,11.5643933434911,0,0,3386.20259895681,0.0301980338990688
48121021613,0.0220164470374584,0.00321227149106562,0.104987166821957,0.243779748678207,5631,2068,1466148,4,65025.3050967857,0.451784762919553,0.141005150062156,0.175990055052389,0.00384067638464875,0.00141049880366784,-5.56210678605804,-6.56381187568434,7.63433723562832,14.1981491113127,11.0825317822979,0,0,4167.71432102922,-0.0220164470374584
48121021614,0.165574669837952,0.162809506058693,0.268361955881119,0.236457780003548,4585,1359,1783032,4,78233.5241003272,0.652562704471102,0.0431842966194111,0.0865866957470011,0.00257146254245577,0.000762184862638472,-5.96328045927353,-7.17932142981295,7.21450441415114,14.3938258439641,11.2674535316043,0,0,5086.60191198264,-0.165574669837952
48121021615,0.207136496901512,0.198312252759933,0.293069392442703,0.227912604808807,4988,1513,2004894,4,87841.5669607057,0.794907778668805,0.0284683239775461,0.0410986367281475,0.00248791207914234,0.0007546533632202,-5.9963114426949,-7.18925203570647,7.32184971378836,14.5111017494948,11.3832900953901,0,0,4668.17973339565,-0.207136496901512
48121021616,0.13199657201767,0.128487333655357,0.21645025908947,0.237021878361702,4934,2513,1359885,3,67901.0168220511,0.599513579246048,0.239562221321443,0.0435751925415484,0.00362824797685098,0.00184795037815698,-5.61900539822411,-6.29367815776981,7.82923253754359,14.1229106953134,11.1258062887226,0,0,6246.52524689921,-0.13199657201767
48139060206,0.767021715641022,0.711932957172394,0.814829349517822,0.258985698223114,6479,2277,12380354,3,56711.760148171,0.623553017440964,0.234295415959253,0.00493903380151258,0.000523329139053698,0.000183920427477276,-7.55529996286922,-8.60100735325544,7.73061406606374,16.3316214193192,10.94573687823,0,0,14109.8254850573,-0.767021715641022
48139060207,0.912769854068756,0.87232780456543,0.964174091815948,0.271930873394012,5147,1673,20777854,3,74102.4503594327,0.678842043909073,0.0503205750922868,0.0437147853118322,0.00024771566880776,8.05184211998025e-05,-8.30322896627236,-9.42702456493829,7.42237370098682,16.8493982659251,11.2132038790159,0,0,15019.5860092148,-0.912769854068756
48139060300,0.813671827316284,0.782111048698425,0.901736378669739,0.394181996583939,3929,1404,4655619,3,69393.1735810639,0.821328582336473,0.0486128785950624,0.0178162382285569,0.000843926446730285,0.000301571069282087,-7.0774452155898,-8.1065048505625,7.24708058458576,15.3535854351483,11.1475437782717,0,0,28712.0742177021,-0.813671827316284
48139060400,0.684598803520203,0.671298325061798,0.735684514045715,0.43116968870163,4956,1813,22056589,4,47315.6146085553,0.42635189669088,0.50363196125908,0,0.000224694761279725,8.21976598466789e-05,-8.40076769333171,-9.4063837253259,7.50273821075485,16.9091219360807,10.764595638577,0,0,32382.6616562322,-0.684598803520203
48139060500,0.437725603580475,0.417527973651886,0.491044998168945,0.413401126861572,2565,1106,5798116,3,45129,0.566081871345029,0.152046783625731,0,0.000442385078187466,0.000190751616559586,-7.72332983755766,-8.56453841308025,7.00850518208228,15.5730435951625,10.7172803343659,0,0,30264.9259135588,-0.437725603580475
48139060900,0.696425557136536,0.696205615997315,0.73837548494339,0.482853144407272,5289,1858,231848568,3,92201.2711287578,0.860276044620911,0.026091888825865,0.00907543959160522,2.28123039345233e-05,8.01385152398267e-06,-10.6882105213095,-11.7343390730017,7.52725591937378,19.2615949923755,11.4317291960956,0,0,40133.8554204951,-0.696425557136536
48139061000,0.628380954265595,0.628121316432953,0.696128964424133,0.649914681911469,5093,2068,379698751,4,55362.4527783232,0.757510308266248,0.118397800903201,0,1.34132650860366e-05,5.44642297229995e-06,-11.219266408873,-12.1205515001293,7.63433723562832,19.7548887357576,10.9216568952769,0,0,54787.6939406567,-0.628380954265595
48139061100,0.796784996986389,0.795791745185852,0.859574258327484,0.494706630706787,5285,1765,197741586,3,79132.6811731315,0.877956480605487,0.00189214758751183,0.00605487228003784,2.67268009067147e-05,8.92579065285741e-06,-10.5298437167299,-11.6265656456669,7.4759059693674,19.1024716150343,11.2788812311725,0,0,39336.6668945358,-0.796784996986389
48139061200,0.748061239719391,0.747911155223846,0.820432603359222,0.586373746395111,1964,836,213603617,2,62290.7454175153,0.708757637474542,0.0667006109979634,0.00407331975560081,9.1946008573441e-06,3.91379140363527e-06,-11.5968941095131,-12.4510039853428,6.7286286130847,19.1796325984275,11.0395681450656,0,0,48687.9078895714,-0.748061239719391
48139061300,0.782454252243042,0.779782116413117,0.84301096200943,0.498861461877823,3593,1141,143095613,2,100965.204286112,0.857779014750904,0.0100194823267465,0,2.51090856293407e-05,7.97368959172774e-06,-10.5922808000599,-11.7393632373114,7.03966034986208,18.7790235871735,11.5225312244468,0,0,37930.7235591854,-0.782454252243042
48139061500,0.699453949928284,0.631448566913605,0.782605886459351,0.503206193447113,6505,2106,16008412,3,60416.2621060723,0.559262106072253,0.131437355880092,0.00138355111452729,0.000406348862085758,0.000131555834520001,-7.80829850109934,-8.93607919935203,7.65254569269392,16.5886248920459,11.009013587851,0,0,41942.4880851229,-0.699453949928284
48139061600,0.518720865249634,0.47197100520134,0.587789535522461,0.486730039119721,6782,2274,21443378,4,45368.4590227759,0.758773223237983,0.202005308168682,0,0.000316274795883372,0.000106046724541255,-8.0588991150408,-9.15163076341591,7.72929567431048,16.8809264377264,10.722572407408,0,0,38856.5813244362,-0.518720865249634
48139061700,0.769172728061676,0.765211760997772,0.825754880905151,0.494145423173904,5362,2022,336444219,3,82072.2077582992,0.968668407310705,0,0,1.59372629909863e-05,6.00991155683968e-06,-11.04685060631,-12.0221005255255,7.61184239958042,19.6339429251059,11.3153547211794,0,0,41304.1791705229,-0.769172728061676
48251130100,0.518178880214691,0.516215145587921,0.586287915706635,0.737375140190125,5300,2100,347643935,3,74101.1571698113,0.893584905660378,0.0664150943396228,0,1.52454838598004e-05,6.04066341614733e-06,-11.09122723911,-12.0169967149387,7.64969262371151,19.6666893386502,11.213186427489,0,0,41909.4480565615,-0.518178880214691
48251130205,0.171465367078781,0.125293627381325,0.286577612161636,0.531881451606751,4326,1800,2161489,4,62096.5957004161,0.947295423023578,0.00647249190938512,0,0.00200139811028416,0.000832759269188971,-6.21390928750535,-7.09076595013409,7.49554194388426,14.5863078940184,11.0364464467799,0,0,21919.8304528655,-0.171465367078781
48251130302,0.640766143798828,0.598649144172669,0.733665108680725,0.69186943769455,4501,1692,69983373,3,45116.794934459,0.835369917796046,0.0695401021995111,0.0328815818706954,6.43152767157993e-05,2.41771713403982e-05,-9.65171336993489,-10.6301017030617,7.43366654016617,18.0637682432278,10.7170098493949,0,0,40750.4105800537,-0.640766143798828
48251130405,0.673502326011658,0.670763075351715,0.712089061737061,0.454363703727722,7361,2300,42930542,4,94021.704659693,0.859122401847575,0.066974595842956,0.019970112756419,0.000171463011112229,5.35749117726024e-05,-8.67114299326616,-9.83442966340763,7.74066440191724,17.5750940653249,11.4512809352337,0,0,25698.5781399186,-0.673502326011658
48251130406,0.610986649990082,0.604665577411652,0.649580597877502,0.492126494646072,5107,2022,36294079,3,100759.230272175,0.981006461719209,0,0,0.000140711657127324,5.57115666166925e-05,-8.86879774633541,-9.79532277340264,7.61184239958042,17.4071651729831,11.5204890912172,0,0,28754.2442245118,-0.610986649990082
48251130700,0.426376163959503,0.389285951852798,0.561905562877655,0.687050402164459,4429,1642,2755204,5,54226.2312034319,0.871754346353579,0.0451569202980357,0.0313840596071348,0.00160750347342701,0.000595963130134829,-6.43307294109153,-7.42533175500235,7.40367029001237,14.8290020450147,10.9009200408948,0,0,43716.9369952131,-0.426376163959503
48251130800,0.245393976569176,0.150104090571404,0.40643984079361,0.669909775257111,4310,1401,4939697,4,32416.1723656664,0.767749419953596,0.0454756380510441,0.00394431554524362,0.000872523152735886,0.000283620635030853,-7.04412136815279,-8.16787300491358,7.24494154633701,15.4128145512506,10.3864127243364,0,0,42797.1612896788,-0.245393976569176
48251130900,0.563338756561279,0.533963739871979,0.682788789272308,0.66704648733139,3718,1251,8157510,3,37863.6756320603,0.877353415814954,0.0710059171597635,0,0.000455776333709674,0.00015335561954567,-7.69350836503324,-8.78275102284772,7.13169851046691,15.9144495333146,10.5417475048914,0,0,42856.5327274657,-0.563338756561279
48251131000,0.246934428811073,0.228571370244026,0.354019522666931,0.702951610088348,4678,1816,4341343,4,79465.0333475844,0.947199657973493,0.00919196237708421,0,0.00107754674072056,0.000418303736885107,-6.83306835806822,-7.77930274605111,7.50439155916124,15.2836943052123,11.2830723717821,0,0,46689.057189143,-0.246934428811073
48251131100,0.190507337450981,0.140469267964363,0.332011759281158,0.698176562786102,5623,2366,3984875,5,57505.9030846642,0.859149919971546,0.0618886715276543,0.0110261426284901,0.00141108566768092,0.000593745098654286,-6.56339589379367,-7.42906045754754,7.76895604453833,15.1980165020859,10.959642883858,0,0,45381.9975285426,-0.190507337450981
48257050300,0.822303891181946,0.807163834571838,0.91036581993103,0.422652900218964,4228,1583,13011678,3,49987.0338221381,0.762298959318827,0.124881740775781,0,0.000324938874140599,0.000121659942706851,-8.03187347289111,-9.01428076000022,7.36707705988101,16.3813578198812,10.8195189272229,0,0,29067.5381909643,-0.822303891181946
48257050500,0.696670532226563,0.647267818450928,0.79144150018692,0.435994297266006,5523,2023,21188614,4,35878.4090168387,0.357414448669202,0.488140503349629,0.00633713561470214,0.00026065886140547,9.54758060154383e-05,-8.25229804999266,-9.25663768272611,7.61233683716775,16.8689745198939,10.487890973407,0,0,32364.9435380529,-0.696670532226563
48257050701,0.928219556808472,0.924738526344299,0.994770526885986,0.406401306390762,4585,1458,153940552,3,87354.7683751363,0.867393675027263,0.0246455834242094,0,2.97842247570997e-05,9.47118859233401e-06,-10.4215316751861,-11.5672561473081,7.2848209125686,18.8520770598767,11.3777329033698,0,0,32777.4229489466,-0.928219556808472
48257051000,0.809227705001831,0.79129558801651,0.886725962162018,0.478264003992081,1476,423,8526171,2,40815,0.735772357723577,0.14159891598916,0,0.00017311405084416,4.96119535955824e-05,-8.66155992724413,-9.91127875335827,6.04737217904628,15.9586509324045,10.6168049398855,0,0,39117.506896117,-0.809227705001831
48257051100,0.802516877651215,0.778345823287964,0.885271430015564,0.471676528453827,6382,1924,23791036,4,57757.0155123786,0.8937637104356,0.062049514258853,0,0.000268252294687798,8.08707952020248e-05,-8.2235826222019,-9.42265779781444,7.56216163122565,16.9848194290401,10.9640001017397,0,0,38782.73799558,-0.802516877651215
48367140300,0.264860153198242,0.246039032936096,0.363323301076889,0.896058201789856,6230,2529,18427731,5,72462.3701444623,0.861797752808988,0.0170144462279294,0,0.000338077433407293,0.000137238816867904,-7.99223559579805,-8.89378796090958,7.83557924666997,16.7293672075795,11.1908226736086,0,0,45600.3952694059,-0.264860153198242
48367140403,0.436637312173843,0.43022808432579,0.512899339199066,0.787889659404755,5200,1771,59053556,3,72381.8161538462,0.962307692307692,0,0.000576923076923078,8.80556625582378e-05,2.99897266135845e-05,-9.33754141437738,-10.4146556811641,7.47929963778283,17.8939553189469,11.1897103887323,0,0,36819.7936331058,-0.436637312173843
48367140601,0.360817015171051,0.355127155780792,0.463727176189423,1,8173,2948,281428127,4,93951.8993025817,0.91410742689343,0.00868714058485255,0.00464945552428728,2.90411626127192e-05,1.04751434457722e-05,-10.4467963339358,-11.4665053981427,7.98888225330923,19.4553876514519,11.4505382207371,0,0,58526.1703700023,-0.360817015171051
48397040301,0.383765906095505,0.353168368339539,0.50752580165863,0.281721204519272,6172,2108,3254504,3,102652.530784187,0.760207388204796,0.108068697342839,0.0445560596241089,0.00189644873688894,0.000647717747466281,-6.26777222757822,-7.34205553140002,7.65349490966125,14.9955504410613,11.5391050766408,0,0,5486.61232771508,-0.383765906095505
48439100101,0.488294005393982,0.479620069265366,0.612235903739929,0.437490075826645,5187,1822,2434478,5,52716.9203778678,0.569886254096781,0,0.075187969924812,0.00213064155847783,0.000748415060641337,-6.15133214344947,-7.19755283998096,7.5076900778199,14.7052429178009,10.8726917527863,0,0,3636.37775927699,-0.488294005393982
48439100102,0.366321682929993,0.349396526813507,0.453948050737381,0.449095696210861,4694,1781,2841943,4,56076.7933532169,0.642735406902429,0.0213037920749894,0.00383468257349808,0.00165168689167939,0.000626683927158286,-6.4059581547287,-7.37506824785001,7.48493028328966,14.8599985311397,10.9344773402095,0,0,2809.72927918975,-0.366321682929993
48439100201,0.144072473049164,0.0938432365655899,0.241842553019524,0.465536177158356,5184,1408,2089330,3,45507.6861924686,0.536651234567902,0.0324074074074074,0.0216049382716049,0.00248117817673608,0.000673900245533257,-5.99902176035132,-7.30242846166545,7.24992553671799,14.5523539983834,10.7256365179794,0,1,960.027527347209,-0.144072473049164
48439100202,-0.0574673339724541,-0.125957190990448,0.0462381467223167,0.466721683740616,5035,1475,5812673,3,46326.2569819291,0.386494538232373,0.0238331678252234,0,0.00086621077772653,0.000253755888211843,-7.05138228672302,-8.27913782310177,7.29641326877392,15.5755510918757,10.743464184772,1,1,38.0230278323982,0.0574673339724541
48439100300,0.132198542356491,0.106910720467567,0.222068712115288,0.494527935981751,6211,1828,8816902,4,46083.0041861214,0.419900177105136,0.205924971824183,0,0.000704442444749868,0.000207329059572172,-7.2581039265564,-8.48120336710161,7.5109777520141,15.9921811191157,10.738199488256,0,0,3048.0546388766,-0.132198542356491
48439100601,0.527538001537323,0.498264312744141,0.592201948165894,0.593921482563019,2337,1343,22018302,3,67586.3975181857,0.887034659820282,0.0419341035515618,0.00085579803166453,0.000106138974749279,6.0994712489637e-05,-9.15076124003007,-9.70472337804569,7.20266119652324,16.9073845745689,11.1211620216384,0,0,13289.1108021992,-0.527538001537323
48439100602,0.151917472481728,0.12638446688652,0.26776733994484,0.556111633777618,2650,459,13065068,2,74369.3116981132,0.735471698113208,0.0867924528301886,0.0256603773584905,0.000202830938193357,3.51318492946229e-05,-8.50313774268854,-10.2564024516083,6.12905021006055,16.3854526616688,11.2167986585532,0,0,9127.77202076099,-0.151917472481728
48439100700,0.305883169174194,0.291375786066055,0.383075594902039,0.51154363155365,5675,2048,4619820,5,51140.0516299559,0.613568281938326,0.0236123348017621,0.00246696035242291,0.00122840283820582,0.000443307315003615,-6.70204045891036,-7.72124731510056,7.6246189861594,15.34586630126,10.8423232584253,0,0,5422.26586699191,-0.305883169174194
48439100800,0.138641148805618,0.100882917642593,0.223610669374466,0.487325221300125,5778,1779,3568128,6,48992.5261336103,0.688819660782277,0.0124610591900312,0.00138456213222569,0.00161933652604391,0.000498580768402927,-6.42573876545185,-7.60374495881219,7.48380668766584,15.087551646478,10.7994230375737,0,0,3183.53836949396,-0.138641148805618
48439100900,-0.0808041840791702,-0.105781801044941,0.0338545553386211,0.478359073400497,2077,777,1570223,2,30357,0.610014443909485,0.0154068367838228,0,0.00132274205638307,0.000494834173235267,-6.62804838157847,-7.61128785508693,6.65544035036765,14.2667282054546,10.3207824123979,0,0,1987.91052381425,0.0808041840791702
48439101201,0.547038555145264,0.485391020774841,0.620222508907318,0.395054191350937,2218,848,17480717,2,66363,0.700180342651037,0.0770964833183048,0.0554553651938684,0.000126882667341391,4.85105959898556e-05,-8.97224777774676,-9.93372830986517,6.7428806357919,16.6766089456571,11.1028949512391,0,0,3707.47704086615,-0.547038555145264
48439101202,0.227435782551765,0.187790349125862,0.341828525066376,0.438247203826904,5639,1736,5470898,3,53767.5834367796,0.534491931193474,0.08441212981025,0.00372406455045221,0.0010307265827292,0.000317315365777245,-6.87749130530699,-8.05561443389387,7.4593388952203,15.5149533291142,10.8924260262009,0,0,3024.14184468323,-0.227435782551765
48439101301,0.33854740858078,0.331103056669235,0.401195853948593,0.367744833230972,4887,2066,3306869,4,55345.4069981584,0.580315121751586,0.314098629015756,0.0116635972989564,0.00147783295921308,0.00062476015832499,-6.51717848096692,-7.37814272855749,7.63336964967958,15.0115123782371,10.9213489536306,0,0,6501.61747251997,-0.33854740858078
48439101302,0.22897182404995,0.206549659371376,0.299770921468735,0.37145870923996,3113,1021,4283790,3,43621.1397365885,0.467716029553485,0.283970446514616,0,0.000726692951802026,0.000238340348149653,-7.22700651929883,-8.34181087157577,6.92853781816467,15.2703486897404,10.683297168176,0,0,7893.69433489942,-0.22897182404995
48439101401,0.356018632650375,0.352433174848557,0.411610513925552,0.39365416765213,6069,2282,3859421,5,63663.6793540946,0.529411764705882,0.237271379139891,0.00692041522491349,0.00157251567009663,0.000591280401904845,-6.45507860435403,-7.43322019976787,7.73280753042202,15.1660277301899,11.06136949612,0,0,5708.12633394116,-0.356018632650375
48439101402,0.298514246940613,0.289932459592819,0.401264071464539,0.407376259565353,4369,1361,2132953,3,44153.6024261845,0.44609750514992,0.181048294804303,0.00183108262760357,0.00204833392953337,0.000638082508147156,-6.19072853356636,-7.35704295986633,7.21597500265147,14.5730179625178,10.6954297978605,0,0,6142.16041348738,-0.298514246940613
48439101403,0.250853806734085,0.244169399142265,0.321287602186203,0.391735881567001,5751,2004,2826279,4,42412.1015475569,0.473308989740915,0.24378368979308,0.0401669274908712,0.00203483095617949,0.000709059508986905,-6.1973425317544,-7.2515711012634,7.60290046220476,14.8544715634682,10.6551890143547,0,0,7067.50942381064,-0.250853806734085
48439101500,0.271168738603592,0.258573621511459,0.339094460010529,0.421233594417572,4671,1742,4040132,5,67313.3089274245,0.518946692357097,0.0830657246842216,0.13102119460501,0.00115615034360263,0.000431174030947504,-6.76265946216879,-7.74899876525845,7.46278915741245,15.2117879226709,11.1171132513185,0,0,4630.43599167796,-0.271168738603592
48439101700,-0.0491262674331665,-0.0745557770133019,0.0567170716822147,0.449215203523636,2545,694,3127129,2,26554,0.344990176817289,0.395284872298625,0.00157170923379175,0.000813845543308255,0.000221928804344176,-7.11373996020215,-8.41315392867996,6.54247196050681,14.9556258891868,10.1869356744558,0,1,1309.79257619251,0.0491262674331665
48439102000,-0.0401204563677311,-0.0789996981620789,0.100208088755608,0.488144636154175,3713,2965,5104062,2,77390.3274979801,0.786426070562888,0.0681389711823324,0.0977646108268248,0.000727459815339234,0.000580909871392628,-7.22595179709133,-7.45091493983658,7.99463231143183,15.4455472512684,11.2566170840423,0,0,2786.03170958166,0.0401204563677311
48439102201,0.417687058448792,0.393913388252258,0.478260517120361,0.521634578704834,3871,1668,4488520,4,113404.323144105,0.922242314647378,0.0240247997933351,0,0.000862422357480862,0.000371614697049361,-7.05576543342288,-7.89765300108183,7.41938058291869,15.3170335840005,11.638714792513,0,0,5906.8958341754,-0.417687058448792
48439102202,0.00423525227233768,-0.0102056888863444,0.103209681808949,0.523232996463776,2590,1658,1897649,3,96085.1857142857,0.922779922779923,0.0181467181467181,0.0123552123552124,0.00136484671295904,0.000873712683430919,-6.59671315484964,-7.04275897384798,7.41336733569524,14.4561263095432,11.4729904281771,0,0,6289.57331246222,-0.00423525227233768
48439102301,-0.0513307452201843,-0.0682230964303017,0.0578238442540169,0.562278747558594,3512,1666,4240460,3,43188.7021640091,0.59880410022779,0.190489749430524,0,0.000828212033600128,0.000392881904321701,-7.0962413571345,-7.84200148916272,7.41818082272679,15.2601823118895,10.6733342160476,0,0,10691.4946752439,0.0513307452201843
48439102302,0.130013883113861,0.126253202557564,0.219890579581261,0.571677386760712,5365,2255,3370740,4,47550.618639329,0.642497670083877,0.0648648648648649,0,0.00159163863127978,0.000668992565430736,-6.44299120772832,-7.30973761085634,7.72090525193678,15.0306428627931,10.7695500781797,0,0,11944.3951075101,-0.130013883113861
48439102401,0.115682266652584,0.0738873407244682,0.215632647275925,0.543797850608826,4279,2340,3150424,4,68305.6008413181,0.67679364337462,0.169665809768638,0.0212666510867025,0.0013582298763595,0.000742757165384723,-6.60157298850141,-7.20514139656648,7.75790620835175,14.9630476049182,11.13174704573,0,0,8786.43161675041,-0.115682266652584
48439102402,0.110712252557278,0.0923604220151901,0.20124426484108,0.553688228130341,4347,1877,3624356,4,105181.677478721,0.826317000230044,0.0894870025304809,0.0264550264550265,0.00119938549082927,0.000517885108416502,-6.72594594432716,-7.56575713872944,7.53743003658651,15.1031871753159,11.5634443956634,0,0,10212.4234790563,-0.110712252557278
48439102500,0.139168292284012,0.129475831985474,0.226421520113945,0.529334783554077,3518,1653,2720006,4,32443.2308129619,0.308413871517908,0.528425241614553,0.0508811824900512,0.00129337949989816,0.00060771924767813,-6.6504967188546,-7.40579754633108,7.41034709782102,14.8161446441521,10.3872470967648,0,0,7593.58471861136,-0.139168292284012
48439102700,-0.0428196042776108,-0.0493062883615494,0.0598035342991352,0.508552372455597,3280,1799,1746452,4,80421.9512195122,0.789634146341463,0.0109756097560976,0.0490853658536585,0.00187809341453415,0.00103008843071553,-6.27749815793465,-6.87811062536231,7.49498623395053,14.3730968593128,11.2950424430208,0,0,4517.82339615201,0.0428196042776108
48439103500,0.0747903734445572,0.058328278362751,0.164256393909454,0.422391325235367,5088,1631,3863553,4,38483.8616352201,0.425314465408805,0.139544025157233,0.00727201257861635,0.00131692253218734,0.000422150284983796,-6.63245767937295,-7.7701491817719,7.39694860262101,15.1670977843929,10.5579942540901,0,0,4519.13682565726,-0.0747903734445572
48439103601,0.364511400461197,0.360950201749802,0.432275891304016,0.396333754062653,2404,1131,2043176,3,22831.4954242929,0.187188019966722,0.51955074875208,0.00291181364392679,0.0011765995685149,0.00055354996339033,-6.74512672225598,-7.49915854179496,7.03085747611612,14.5300160179111,10.0358962399758,0,0,7798.66571660217,-0.364511400461197
48439103602,0.0703134164214134,0.0649527236819267,0.153315141797066,0.382623732089996,2607,974,1440776,2,33262.2600690449,0.340621403912543,0.529727656309935,0,0.00180944157870481,0.000676024586750473,-6.3147370013591,-7.29928111165006,6.88141130364254,14.1806924152926,10.4121787020031,0,0,8199.87496666307,-0.0703134164214134
48439103701,0.229929730296135,0.223433241248131,0.304787337779999,0.425837457180023,4596,1442,1663537,3,49462.0002175805,0.402741514360313,0.216710182767624,0,0.00276278796323737,0.000866827729109722,-5.89151497748496,-7.05067029860871,7.2737863178449,14.3244566164536,10.8089599813733,0,0,5110.27161994454,-0.229929730296135
48439103702,0.31377574801445,0.304592579603195,0.381327331066132,0.411217540502548,3976,1090,1490456,2,45096,0.243209255533199,0.446428571428571,0,0.00266763997058618,0.000731319810849834,-5.92656110359286,-7.22065969614614,6.99393297522319,14.2145926713693,10.7165488297614,0,0,6486.84714781524,-0.31377574801445
48439103800,0.206776604056358,0.187821865081787,0.280770242214203,0.444081872701645,3275,1360,2909203,2,31170.4195419847,0.333129770992366,0.465038167938932,0.0317557251908397,0.00112573787391255,0.000467481987334676,-6.78931657040397,-7.66814973974322,7.2152399787301,14.8833897184733,10.3472248324714,0,0,3573.65362235002,-0.206776604056358
48439104100,0.0545003898441792,0.0477659478783608,0.168428808450699,0.474618792533875,3547,1634,1299728,4,90953.3831406823,0.755568085706231,0.028756695799267,0.108542430222724,0.00272903253603831,0.00125718611894181,-5.9038081149971,-6.67887929435078,7.39878627541995,14.0776655697707,11.4181023810629,0,0,2618.92774833327,-0.0545003898441792
48439104202,0.217736631631851,0.215254485607147,0.307477563619614,0.506985247135162,3453,1501,2149693,4,93073.2154648132,0.821314798725746,0.0283811178685201,0.0472053286996815,0.00160627587288045,0.000698239236951509,-6.43383690182062,-7.26694876757715,7.31388683163346,14.5808355992106,11.4411417254689,0,0,6824.52980544859,-0.217736631631851
48439104400,0.195962220430374,0.188413038849831,0.306402504444122,0.477755069732666,5927,2288,2482655,5,65546.9313311962,0.806478825712839,0.0298633372701198,0.00168719419605197,0.00238736352815836,0.000921594019305945,-6.03756564822393,-6.98940575751208,7.73543335249969,14.7248391100118,11.0905216739266,0,0,4207.93888958005,-0.195962220430374
48439104502,-0.110752254724503,-0.126319602131844,0.0214240886271,0.467279225587845,3053,1151,1849433,2,46645,0.646904683917458,0.0976089092695709,0,0.00165077621087112,0.000622352904917345,-6.40650967085656,-7.38200325486956,7.04838640872188,14.4303896635914,10.7503210193951,0,0,4296.93316454984,0.110752254724503
48439104503,-0.248727008700371,-0.25862056016922,-0.127554878592491,0.470194667577744,2660,896,1675746,2,42677.2864661654,0.492105263157895,0.0184210526315789,0.0368421052631579,0.00158735273722867,0.000534687237803343,-6.44568759545071,-7.53382858425153,6.79794041297493,14.3317689972265,10.6614221248135,0,0,6002.39374949638,0.248727008700371
48439104504,0.288920104503632,0.24187944829464,0.355089485645294,0.452591449022293,3006,1150,2886941,2,38963.9451097804,0.770126413838989,0.053226879574185,0.00698602794411179,0.00104124053799506,0.000398345515201038,-6.86734245168412,-7.82819080063974,7.0475172213573,14.875708021997,10.570392013148,0,0,6207.44916581626,-0.288920104503632
48439104505,0.0545916743576527,0.0360037796199322,0.144330814480782,0.453345835208893,4834,1887,2753396,3,34184.0494414564,0.353123707074886,0.412701696317749,0,0.00175565011353252,0.00068533549115347,-6.34491605559717,-7.28560207149205,7.54274354536855,14.8283456168606,10.4395144236561,0,0,4381.64192646891,-0.0545916743576527
48439104601,0.186440452933311,0.168789505958557,0.269531458616257,0.419363588094711,5361,1437,2259570,3,43102.2727103152,0.242678604737922,0.363738108561836,0.0141764596157433,0.00237257531300203,0.000635961709528804,-6.04377928383143,-7.36037220157994,7.27031288607903,14.630685087659,10.6713310057994,0,0,6582.81301087488,-0.186440452933311
48439104602,0.310052186250687,0.304669290781021,0.372363269329071,0.422235995531082,4658,1416,2350078,4,45346.7200515243,0.395663374838987,0.244954916273078,0.00966079862601974,0.00198206187198893,0.000602533192515312,-6.22361762661459,-7.41436780280521,7.25559127425367,14.6699590770589,10.7220931277132,0,0,7283.82091777545,-0.310052186250687
48439104603,0.336755931377411,0.329171925783157,0.413140535354614,0.424836784601212,3966,1240,2484889,3,44695.2281896117,0.504286434694907,0.136409480584972,0.0171457387796268,0.00159604714737761,0.000499016253844739,-6.44022523942743,-7.60287188990809,7.12286665859908,14.7257385485072,10.707622022993,0,0,8567.54031097842,-0.336755931377411
48439104604,0.299690872430801,0.262778788805008,0.363544970750809,0.433956116437912,3363,1054,3329066,2,39268.1578947368,0.20725542670235,0.553374962830806,0,0.00101019324939788,0.000316605318128268,-6.89761363039387,-8.05785461303283,6.96034772910131,15.0182023421341,10.5781692377562,0,0,5231.40072049455,-0.299690872430801
48439104605,0.325610369443893,0.295764237642288,0.38878259062767,0.441698372364044,5597,1911,4540365,4,36253.5645881722,0.288547436126496,0.438270502054673,0.0264427371806325,0.00123272027689404,0.000420891271957211,-6.69853194437032,-7.77313601902141,7.55538194424027,15.3285179632617,10.4982929889152,0,0,6442.39972130485,-0.325610369443893
48439104802,0.123940199613571,0.093028835952282,0.215927392244339,0.493624091148377,5395,1513,2426599,4,42090.0287303058,0.663948100092679,0.102502316960148,0.0535681186283595,0.00222327628091827,0.000623506397225088,-6.10877336880836,-7.38015153271224,7.32184971378836,14.7020012465006,10.6475661443566,0,0,7823.63961516501,-0.123940199613571
48439104900,0.429537862539291,0.387437075376511,0.553001403808594,0.43765139579773,3225,1004,2479504,2,47664.8325581395,0.718759689922481,0.0294573643410853,0.0660465116279073,0.00130066335847815,0.000404919693616143,-6.64488086890863,-7.81182179788682,6.91174730025167,14.7235690981385,10.7719491420324,0,0,1985.83703041299,-0.429537862539291
48439105201,-0.0763195157051086,-0.102279186248779,0.0342949517071247,0.578256249427795,5467,2818,2286690,4,37003.4827144686,0.580757270898116,0.292482165721602,0.0016462410828608,0.00239079193069459,0.00123234894104579,-6.03613061616853,-6.6988332226049,7.94378269245863,14.6426159150635,10.5187673146147,0,0,12267.0616522909,0.0763195157051086
48439105203,-0.135965824127197,-0.157574325799942,-0.0187935028225183,0.588370323181152,3418,1279,1601025,2,52365.8686366296,0.798127559976595,0.0754827384435342,0.0231129315389117,0.0021348823410003,0.000798863228244406,-6.14934374342187,-7.13232080551857,7.15383380157884,14.2861546070974,10.8660102961844,0,0,13338.9994999633,0.135965824127197
48439105204,-0.183013662695885,-0.226800799369812,-0.0608264990150929,0.59400200843811,1643,1087,920010,2,28411.4132684114,0.545952525867316,0.292757151552039,0.0176506390748631,0.00178585015380268,0.00118150889664243,-6.3278607004941,-6.74096293141016,6.99117688712121,13.7321398185314,10.2545462190672,0,0,14021.0940951987,0.183013662695885
48439105403,0.291591882705689,0.287085741758347,0.375781029462814,0.511059761047363,6094,2906,5383379,5,96682.2381030522,0.79110600590745,0.0155891040367574,0.144404332129964,0.00113200278115288,0.000539809662295744,-6.78376684235533,-7.52429395777076,7.97453284413023,15.498826801901,11.4791849841466,0,0,5814.45469040803,-0.291591882705689
48439105404,0.198630139231682,0.196722775697708,0.27951967716217,0.519160807132721,3873,1627,3283922,3,147386.446165763,0.934934159566228,0.00284017557449006,0.00232378001549187,0.00117938245792683,0.000495444167066087,-6.7427643182351,-7.61005589053081,7.39449310721904,15.0045489977499,11.900813301767,0,0,8386.65783055631,-0.198630139231682
48439105405,0.252449959516525,0.154404416680336,0.348078906536102,0.536311447620392,2973,2193,7763809,3,128252.596367306,0.843592330978809,0.098553649512277,0.0443995963673058,0.000382930595021078,0.000282464444965094,-7.86765679924906,-8.17195787382927,7.69302574841789,15.8649836222472,11.7617570074075,0,0,8476.32725781385,-0.252449959516525
48439105502,0.0159612223505974,0.0100471721962094,0.116002298891544,0.522774577140808,7700,2662,3502183,5,68789.4411483254,0.56987012987013,0.134935064935065,0.0107792207792208,0.00219862868388088,0.000760097344998819,-6.11992143847467,-7.18206404736139,7.88683299895506,15.0688970463164,11.1388055404621,0,0,10361.0871196698,-0.0159612223505974
48439105503,0.0589267648756504,0.0198315158486366,0.154808059334755,0.540226340293884,5662,2473,3638847,6,59522.1946308725,0.791769692688096,0.104556693747792,0.063758389261745,0.00155598737732034,0.000679610876742001,-6.46564496552083,-7.29399016367126,7.81318726752142,15.1071774311927,10.9941045409857,0,0,12097.7408484321,-0.0589267648756504
48439105505,0.0410357974469662,0.0286263190209866,0.186370745301247,0.530367136001587,5067,2267,2144503,4,71595.8184329978,0.642589303335307,0.16262088020525,0.0572330767712651,0.00236278522342939,0.00105712139362827,-6.04791417638967,-6.85220573135805,7.72621265050753,14.5784183818656,11.1787919494695,0,0,10276.4774729485,-0.0410357974469662
48439105511,0.185091093182564,0.120409645140171,0.30937272310257,0.532247483730316,6207,2555,2780384,4,55666.802964395,0.526502336072177,0.396810053165781,0.00257773481553086,0.00223242544914659,0.000918937815783719,-6.10466663921057,-6.99229210298642,7.84580750263781,14.8380996056242,10.92713925119,0,0,13207.5823996989,-0.185091093182564
48439105512,0.0719864070415497,0.0656522735953331,0.178528040647507,0.528193891048431,5107,1748,2645458,4,84564.8349324457,0.599569218719405,0.195222243978852,0.0262384961817114,0.00193047857875649,0.000660755150903927,-6.24998733853678,-7.32212720896894,7.46622755621548,14.7883547651844,11.3452737964456,0,0,12294.9353511931,-0.0719864070415497
48439105600,0.0792715549468994,0.0752137824892998,0.170736536383629,0.507922470569611,5168,1909,2555411,4,63117.8041795666,0.800116099071208,0.0299922600619195,0,0.00202237526566177,0.000747042256607645,-6.2034825842775,-7.19938880601419,7.55433482372575,14.7537236297399,11.052758166885,0,0,8469.45710291712,-0.0792715549468994
48439105701,-0.0108481580391526,-0.011190339922905,0.0892623364925385,0.50710391998291,4484,1499,2116520,3,79288.178412132,0.753345227475468,0.117975022301516,0.00557537912578056,0.00211857199553985,0.000708238051140552,-6.15701300426938,-7.25273029035883,7.3125534981026,14.5652837884614,11.2808443222623,0,0,9633.25237041733,0.0108481580391526
48439105703,-0.0744302570819855,-0.076063945889473,0.0323005169630051,0.509877383708954,3424,1481,1770718,2,58164.0230724299,0.63463785046729,0.312207943925233,0.0327102803738318,0.0019336788805445,0.000836383884955142,-6.24833093475229,-7.08642285774612,7.3004728142678,14.3868956720139,10.9710222823122,0,0,10637.3247513946,0.0744302570819855
48439105800,-0.0296870656311512,-0.0319504998624325,0.0710041970014572,0.490188181400299,4597,1494,1665981,4,38380.4452904068,0.639547530998478,0.0126169240809223,0.00261039808570807,0.00275933519049737,0.000896768930738106,-5.89276550127584,-7.01671233138931,7.30921236569276,14.3259246970821,10.5553033716415,0,0,9016.39290961953,0.0296870656311512
48439106002,0.534423649311066,0.485907882452011,0.645444333553314,0.461217880249023,3420,1328,14040916,3,43636.4,0.398245614035088,0.469298245614035,0.00233918128654971,0.000243573852304223,9.45807239356749e-05,-8.32009036654235,-9.26605686656263,7.19142933003638,16.457486196599,10.6836469434187,0,0,10996.3007241266,-0.534423649311066
48439106004,0.820568025112152,0.774652063846588,0.905794203281403,0.456125527620316,8151,2260,21520561,4,57196.5232486812,0.47442031652558,0.366212734633787,0.00466200466200466,0.000378754066866565,0.000105015849726222,-7.87862346359685,-9.16139926942498,7.72312009226633,16.8845193616913,10.9542483931549,0,0,14329.5716317782,-0.820568025112152
48439106101,0.213559627532959,0.0993418246507645,0.302397608757019,0.405931055545807,1908,600,3642115,2,45451,0.250524109014675,0.571278825995807,0,0.000523871431846606,0.00016473944397692,-7.55426426282006,-8.71114545961214,6.39692965521615,15.1080751148283,10.7243901015638,0,0,9400.66322452769,-0.213559627532959
48439106102,0.16171433031559,0.100492857396603,0.255203813314438,0.410792320966721,2118,744,2891278,2,36320.6005665722,0.453257790368272,0.34466477809254,0,0.000732548028933918,0.000257325653223246,-7.21898165071211,-8.26516814204036,6.61204103483309,14.8772091768735,10.5001403680018,0,0,10483.8622568776,-0.16171433031559
48439106201,0.221440568566322,0.21917787194252,0.306510150432587,0.408833384513855,4071,1252,1541425,4,37852.8983050847,0.135347580447065,0.485630066322771,0,0.00264106265306453,0.000812235431500073,-5.93657392271319,-7.11572031955613,7.13249755166004,14.2482178712162,10.5414628293841,0,0,7680.35313011454,-0.221440568566322
48439106202,0.506518483161926,0.431132525205612,0.603846311569214,0.397275120019913,5059,1893,3109859,3,35868.8780391382,0.137378928642024,0.818738881201819,0,0.00162676185640571,0.000608709269455625,-6.42116383121512,-7.40416979429774,7.54591815120932,14.9500879455071,10.4876252915074,0,0,8713.62115530592,-0.506518483161926
48439106300,0.393844544887543,0.373910844326019,0.490093499422073,0.390930503606796,4557,1299,2577306,2,37212.8130348914,0.150757077024358,0.692560895325872,0,0.0017681253215567,0.000504014657165273,-6.33783543404536,-7.59290520863864,7.1693500166706,14.7622552253092,10.5244084173784,0,0,8982.67595690019,-0.393844544887543
48439106400,0.577113270759583,0.543480455875397,0.669840037822723,0.383966267108917,3244,1297,5880540,2,44551.7644882861,0.537607891491985,0.220406905055487,0.00832305795314425,0.000551650018535713,0.000220557975968193,-7.50259673715747,-8.41934996807633,7.16780918431644,15.5871591523928,10.7044070390346,0,0,10906.1091757657,-0.577113270759583
48439106502,0.225369855761528,0.20618300139904,0.292547047138214,0.374509751796722,2750,1348,2461993,3,61975.2538181818,0.412363636363637,0.397454545454546,0.0461818181818182,0.00111698124243245,0.000547523896290526,-6.79712555184498,-7.51010445103335,7.20637729147225,14.7164817425056,11.0344904523881,0,0,5063.75011365149,-0.225369855761528
48439106503,0.154733777046204,0.14715887606144,0.227951377630234,0.360841691493988,4525,2168,2803384,4,44700.2775690608,0.263867403314917,0.589613259668509,0.0117127071823204,0.00161412064847342,0.000773351064285164,-6.42896496070543,-7.16477745427992,7.68156036255954,14.8463378168395,10.7077349901811,0,0,5427.95807984678,-0.154733777046204
48439106507,0.229393631219864,0.214222177863121,0.297588229179382,0.395521640777588,2522,1218,1970044,2,57050.0959555908,0.704203013481364,0.172482157018239,0.0368754956383822,0.00128017445295638,0.000618260302815572,-6.66075891896526,-7.38860098722029,7.10496544826984,14.4935664354901,10.9516850372448,0,0,4664.69345465138,-0.229393631219864
48439106509,0.681349694728851,0.637694716453552,0.741947591304779,0.31618145108223,5810,2399,15189255,3,99670.1156626506,0.549397590361446,0.305163511187608,0.0781411359724612,0.000382507239492655,0.000157940596823215,-7.86876297809861,-8.75329156510487,7.7828072628397,16.5360988279446,11.5096211684168,0,0,1766.72994447459,-0.681349694728851
48439106512,0.361853152513504,0.326200187206268,0.41350582242012,0.3436578810215,4910,2262,2360815,3,63521.1643584521,0.391242362525458,0.426272912423625,0.0975560081466395,0.00207979024192916,0.000958143691903008,-6.1754882355805,-6.950512799693,7.72400465667607,14.6745174563691,11.0591284263332,0,0,6066.74172364676,-0.361853152513504
48439106513,0.502401769161224,0.482156306505203,0.54034435749054,0.345722585916519,3303,1111,2712002,2,59851.221313957,0.306085376930064,0.513169845594914,0.0118074477747503,0.00121791945581161,0.000409660464852165,-6.71061124011449,-7.80018187586565,7.01301578963963,14.8131976655053,10.9996171170262,0,0,7540.42532381433,-0.502401769161224
48439106514,0.441107749938965,0.362606465816498,0.484902411699295,0.323120176792145,4811,2359,4441538,4,80846.0590313864,0.307212637705259,0.552276034088547,0.0413635418831844,0.00108318334775026,0.000531122327446033,-6.82785102912397,-7.54051819141575,7.76599307940768,15.3065112708234,11.3003021196167,0,0,6245.61962341436,-0.441107749938965
48439106515,0.242140278220177,0.234859302639961,0.307679653167725,0.374727815389633,3799,2296,2676773,3,37002.6059489339,0.351934719663069,0.519873650960779,0.029218215319821,0.00141924623417824,0.00085774923760812,-6.55762936930555,-7.06119876505372,7.73892375743946,14.8001225224932,10.5187436201985,0,0,3188.275932711,-0.242140278220177
48439106600,0.32134622335434,0.275268822908402,0.390744060277939,0.548051953315735,2349,1221,3664115,2,36911.411238825,0.70242656449553,0.164325244785015,0.00766283524904213,0.000641082498775284,0.00033323189910797,-7.35235240608758,-8.00667191663579,7.10742547411071,15.1140973907465,10.5162760298861,0,0,8368.700476953,-0.32134622335434
48439106700,0.562870681285858,0.556566715240479,0.610847890377045,0.571159899234772,2153,981,15748733,2,58972,0.795633999071064,0.0942870413376684,0.00789595912679982,0.000136709410210967,6.22907252284993e-05,-8.89765297819128,-9.68369801599028,6.88857245956536,16.5722704755556,10.9848180339697,0,0,11442.8450687387,-0.562870681285858
48439110102,0.20087818801403,0.188454911112785,0.298232078552246,0.403827160596848,3953,1330,2955735,4,44741.2764988616,0.615987857323552,0.0536301543131797,0.0930938527700481,0.00133740000372158,0.000449972680230129,-6.6170278455617,-7.70632368764259,7.1929342212158,14.8992579088584,10.7086517661271,0,0,2831.60793276423,-0.20087818801403
48439110202,0.302950650453568,0.298564404249191,0.394122064113617,0.422405868768692,4391,1209,2642578,4,59464.3778182646,0.556593031200182,0.0462309268959235,0.0526076064677749,0.0016616349640389,0.000457507782173317,-6.39995324323154,-7.68971666317847,7.09754885061479,14.7872655137933,10.993132720116,0,0,2179.23323044561,-0.302950650453568
48439110204,0.246782720088959,0.207030206918716,0.352735817432404,0.422281235456467,7417,2455,5426936,5,55831.2869084536,0.669677767291358,0.025616826210058,0.0540649858433329,0.00136670121040676,0.000452373125461586,-6.59535531835203,-7.70100321985997,7.80588204022862,15.5068852600886,10.9300896885215,0,1,1173.4124735524,-0.246782720088959
48439110301,0.246280685067177,0.209276631474495,0.361478179693222,0.398685157299042,3487,1180,6156849,3,41993.3963292228,0.684829366217379,0.0338399770576426,0.0989389159736165,0.000566361137003685,0.000191656478825451,-7.47627863198598,-8.55980596120192,7.07326971745971,15.6330756786616,10.6452676546469,0,0,3221.09596763608,-0.246280685067177
48439110302,0.376931041479111,0.357167661190033,0.50844943523407,0.423207730054855,4890,1883,2929022,5,43085.8134969325,0.668302658486708,0.018200408997955,0.0443762781186094,0.00166949923899513,0.000642876700823688,-6.39523155440868,-7.34955760822045,7.54062152865715,14.8901791368776,10.6709490687056,0,0,3684.49278630554,-0.376931041479111
48439110401,0.078205019235611,0.0138219464570284,0.172324866056442,0.553398132324219,4932,1828,5687754,4,81656.0442011355,0.832725060827251,0.00527169505271695,0,0.000867126109884499,0.000321392240241051,-7.05032613630057,-8.04284824857071,7.5109777520141,15.5538260005848,11.3102711213923,0,0,9136.14851156736,-0.078205019235611
48439110402,0.153643652796745,0.138722658157349,0.239869609475136,0.525163292884827,5593,1601,3216123,5,56128.6545682103,0.687287681029859,0.0345074199892723,0.00232433398891472,0.00173905040323396,0.000497804343925901,-6.35441605999669,-7.60530344182157,7.37838371299671,14.9836871548183,10.9354017377258,0,0,6003.45230062894,-0.153643652796745
48439110500,0.244148790836334,0.241147384047508,0.334447175264359,0.522777795791626,7653,2866,5323782,7,61481.9550503071,0.761139422448713,0.0049653730563178,0.00378936364824251,0.00143751190413131,0.000538339098032188,-6.54484150419223,-7.52702190261404,7.96067260838812,15.4876945110022,11.0264989969242,0,0,6053.17048228342,-0.244148790836334
48439110703,0.118169143795967,0.0697213709354401,0.210398972034454,0.586679935455322,6061,2164,3296439,3,55197.2948358357,0.716053456525326,0.0612110212836166,0.00758950668206569,0.001838650737963,0.000656465962209524,-6.29872327093855,-7.32863971292347,7.67971363996637,15.0083533528898,10.9186692244671,0,0,13263.4676537447,-0.118169143795967
48439110704,-0.0517633371055126,-0.0972505658864975,0.0563924014568329,0.568726181983948,3305,1374,5131139,3,52757.4317700454,0.782753403933434,0.0623298033282904,0.0420574886535551,0.000644106503448844,0.000267776803551804,-7.3476464675072,-8.2253567470107,7.22548147278229,15.450838219793,10.8734599280507,0,0,11406.5794314903,0.0517633371055126
48439110901,0.275772750377655,0.208835333585739,0.352245032787323,0.586450099945068,5352,2088,6492370,5,100800.650971599,0.678437967115097,0.0214872944693572,0.00355007473841555,0.000824352278135719,0.000321608287882545,-7.10091259740693,-8.04217625021247,7.64396194900253,15.686138199215,11.5209000926501,0,0,13333.034513303,-0.275772750377655
48439110903,-0.0815032348036766,-0.112702488899231,0.0277204979211092,0.545895457267761,1356,691,2010073,2,114676.619469027,0.817846607669616,0.0545722713864307,0.0250737463126844,0.000674602365187732,0.000343768609398763,-7.30138712928338,-7.97554177401605,6.53813982376767,14.5136815977837,11.6498714416157,0,0,10532.848625073,0.0815032348036766
48439110905,0.346376538276672,0.321720898151398,0.429099589586258,0.573719620704651,4339,1836,7619106,3,94162.2931551049,0.814012445263886,0.017976492279327,0.00368748559575939,0.000569489386287578,0.000240973153543211,-7.47077041214697,-8.33082502676489,7.51534457118044,15.8461695979453,11.4527750954514,0,0,13286.5079884743,-0.346376538276672
48439110906,0.466670602560043,0.462331622838974,0.53900682926178,0.613317489624023,4747,1912,14907422,4,66415.0842637455,0.731198651780072,0.0153781335580366,0.00484516536760059,0.00031843198642931,0.000128258259543468,-8.05210164914875,-8.96146467408873,7.55590509361135,16.5173697677001,11.1036794823115,0,0,17424.9675806297,-0.466670602560043
48439110907,0.0915059596300125,-0.00160948315169662,0.187365248799324,0.604732155799866,2536,902,2902670,2,83591.74329653,0.820977917981073,0.0595425867507887,0.0859621451104099,0.000873678371981658,0.000310748379939849,-7.04279824548001,-8.0765270409745,6.80461452006262,14.8811415610371,11.3337000297997,0,0,16214.7650940659,-0.0915059596300125
48439111003,0.328052133321762,0.273370623588562,0.39820209145546,0.491076409816742,3007,1016,3381834,3,71511.9238443632,0.640505487196541,0.14865314266711,0.0409045560359162,0.000889162507680744,0.000300428702295855,-7.02523054086489,-8.11030009571499,6.92362862813843,15.0339287238534,11.1776194818321,0,0,10061.6891191382,-0.328052133321762
48439111010,0.583263874053955,0.577113687992096,0.641953647136688,0.626774191856384,1715,855,73546322,2,48611,0.946355685131196,0,0,2.3318637198472e-05,1.16253264167309e-05,-10.6662576373632,-11.3623245280265,6.75110146893676,18.1134259969632,10.7916051217267,0,0,22205.245674656,-0.583263874053955
48439111102,0.417057931423187,0.383076190948486,0.488974332809448,0.424903482198715,5987,1980,5869636,4,41858.2460330717,0.260898613662937,0.552029397026892,0,0.00101999510702197,0.000337329265392266,-6.88795744873475,-7.99445105597152,7.59085212368858,15.5853031796601,10.6420440943355,0,0,11767.2315892297,-0.417057931423187
48439111202,0.562641859054565,0.550694465637207,0.680054724216461,0.44933158159256,6232,2356,4016184,5,52911.8036809816,0.534980744544288,0.266848523748395,0.00353016688061619,0.00155172173386478,0.000586626509144003,-6.46839016848663,-7.44112221126574,7.76472054477148,15.2058427560372,10.8763817249218,0,0,13465.6528700381,-0.562641859054565
48439111304,0.338822215795517,0.278735399246216,0.432334333658218,0.346286863088608,7560,2671,4558097,4,100476.288624339,0.796031746031746,0.0822751322751322,0.0288359788359789,0.00165858690589516,0.000585990162122482,-6.40178930065146,-7.44220755671508,7.89020821310996,15.332415769825,11.5176770445583,0,0,23641.6043886516,-0.338822215795517
48439111306,0.612852871417999,0.548949062824249,0.653922259807587,0.385092526674271,5442,1931,12555069,3,71998.6523337008,0.695516354281514,0.122565233370085,0.0170893054024256,0.000433450425481533,0.000153802420361051,-7.74373312703393,-8.77984176394861,7.56579328242852,16.3456350463771,11.1844026802355,0,0,25226.3504809967,-0.612852871417999
48439111402,0.523982465267181,0.513222515583038,0.618718028068543,0.357463002204895,6933,2258,3582713,4,81440.0396653685,0.750757247944613,0.11625558921102,0.016010385114669,0.00193512569943504,0.000630248641183371,-6.24758299366192,-7.36939614789481,7.72223474470961,15.0916308926044,11.3076223188344,0,0,18182.1226602493,-0.523982465267181
48439111405,0.558645188808441,0.544554829597473,0.6016765832901,0.404528588056564,1330,520,17712904,2,55625,0.769172932330827,0.166917293233083,0.0308270676691729,7.50865019084392e-05,2.93571285657055e-05,-9.49686975025604,-10.4359751598964,6.25382881157547,16.6898039714718,10.9263880194685,0,0,15505.9400821306,-0.558645188808441
48439111505,0.340428382158279,0.327773451805115,0.40393203496933,0.320188909769058,4937,1857,2478895,2,78931.0461818918,0.779825805144825,0.0779825805144826,0.00972250354466274,0.00199161319862277,0.000749124105700322,-6.21881031607281,-7.19660589297897,7.52671756135271,14.7233234543317,11.2763299171679,0,0,8496.25964063694,-0.340428382158279
48439111506,0.239887729287148,0.221287861466408,0.337802916765213,0.322995692491531,6944,2866,4334618,4,60888.1726670507,0.690668202764977,0.213277649769585,0.0324020737327189,0.00160198661104623,0.000661188598395522,-6.43651078801994,-7.32147143597201,7.96067260838812,15.2821440443601,11.0167942257573,0,0,9920.9842928709,-0.239887729287148
48439111513,0.56293123960495,0.491469502449036,0.646563291549683,0.269166082143784,4957,1370,4626702,2,77284.5259229373,0.410127092999798,0.251563445632439,0.157756707686101,0.0010713895124432,0.000296107248748677,-6.8387988632127,-8.1247888424111,7.22256601882217,15.3473548612333,11.2552490324269,0,0,17204.5815904286,-0.56293123960495
48439111514,0.426377952098846,0.396675288677216,0.532854855060577,0.279937326908112,5993,1901,3531431,4,71049.8398131153,0.497413649257467,0.272317703987986,0.0652427832471215,0.00169704575850413,0.000538308691292567,-6.37886632874229,-7.52707838671205,7.55013534248843,15.0772137292005,11.1711368789571,0,0,17088.0399088898,-0.426377952098846
48439111516,0.154048934578896,0.107066385447979,0.276190608739853,0.30996760725975,4364,1589,4347449,3,79790.4374522293,0.498625114573786,0.367323556370302,0.0272685609532539,0.00100380706018633,0.000365501699962438,-6.90395544730899,-7.91423962772524,7.37086016653672,15.285099794262,11.2871589448318,0,0,15696.7503138045,-0.154048934578896
48439111522,0.427601486444473,0.426546066999435,0.530093789100647,0.268915742635727,6925,2236,2598663,5,61432.4532851986,0.613718411552347,0.0590613718411552,0.0795667870036101,0.00266483187700752,0.000860442465991165,-5.92761430890495,-7.0580638056855,7.71244383427499,14.7705076399605,11.0256935296327,0,0,13290.0577902253,-0.427601486444473
48439111525,0.271399050951004,0.154398009181023,0.397156268358231,0.294715225696564,3968,1440,5400976,4,57616.7071572581,0.440524193548387,0.255292338709677,0.123739919354839,0.000734682027840894,0.000266618477845486,-7.21607276753884,-8.22969184337356,7.27239839257005,15.5020902359436,10.9615678594397,0,0,13983.0965940117,-0.271399050951004
48439111526,0.20979255437851,0.195749744772911,0.325955152511597,0.304170668125153,4645,1802,2168800,3,61400.9078579117,0.663939720129171,0.156942949407966,0.0340150699677072,0.0021417373662855,0.0008308742161564,-6.14613792591865,-7.09303213899831,7.49665243816828,14.5896845771666,11.0251798999854,0,0,11472.5714523124,-0.20979255437851
48439111529,0.248784184455872,0.241771802306175,0.312004268169403,0.341839045286179,3742,1415,2137145,2,89178.1843933725,0.883484767504009,0.0256547300908605,0.0382148583645109,0.00175093407326129,0.000662098266612701,-6.34760587729455,-7.32009657405125,7.25488481007734,14.5749813841286,11.3983917190751,0,0,12080.9758373156,-0.248784184455872
48439111530,0.241975247859955,0.216870754957199,0.306141406297684,0.330426245927811,3765,1547,5054889,3,92836.9288180611,0.750863213811421,0.111022576361222,0.0374501992031873,0.00074482347683599,0.000306040350243101,-7.20236331150465,-8.09179360116558,7.34407285057307,15.4358664517386,11.438599779467,0,0,15351.6603431301,-0.241975247859955
48439111531,0.352881908416748,0.336167901754379,0.421306639909744,0.353852421045303,4438,1649,3479522,4,78852.7557458315,0.766561514195583,0.093285263632267,0.072329878323569,0.00127546254916624,0.00047391567002594,-6.66444638250204,-7.65448116343498,7.4079243225596,15.0624054859946,11.2753375409984,0,0,15203.4002508494,-0.352881908416748
48439111532,0.240211680531502,0.20471528172493,0.309861838817596,0.370134919881821,6908,2766,4828984,4,88962.2106253619,0.761436016213086,0.0922119281991896,0.0493630573248408,0.00143052865778806,0.000572791295228976,-6.54971121226823,-7.4649891393101,7.9251575122247,15.3901466515348,11.3959669588313,0,0,15508.5796072016,-0.240211680531502
48439111533,0.221734270453453,0.21906666457653,0.289199858903885,0.335659205913544,5799,1888,3232446,2,113102.27642697,0.772374547335747,0.0772546990860494,0.0365580272460769,0.00179399748673296,0.000584077815994451,-6.32330891627575,-7.44547633744674,7.54327334670545,14.9887496841522,11.6360477894611,0,0,16763.1510229182,-0.221734270453453
48439111534,0.329182863235474,0.286999225616455,0.400187999010086,0.355127245187759,6547,2363,3379780,3,85823.748128914,0.711776386131053,0.175347487398808,0.0273407667634031,0.00193710833249501,0.000699157933356609,-6.24655896814235,-7.26563389939653,7.76768727718691,15.0333211765834,11.3600510318975,0,0,16677.8150428358,-0.329182863235474
48439111536,0.37179109454155,0.284072369337082,0.489649087190628,0.236679434776306,2898,1059,4023663,2,62887.751552795,0.415113871635611,0.377846790890269,0.0462387853692202,0.000720239244688236,0.000263193015916094,-7.23592711685916,-8.24262289413838,6.96508034560141,15.2077032397398,11.049106694836,0,0,13186.007855926,-0.37179109454155
48439111538,0.410527646541595,0.300612390041351,0.504611551761627,0.248641908168793,5888,2187,2713669,3,81740.1214334239,0.412364130434782,0.407099184782609,0.0635190217391305,0.0021697561493314,0.000805919955602544,-6.13314049132415,-7.1235261310561,7.69028602067677,14.8138121517329,11.311300242723,0,0,16223.71459236,-0.410527646541595
48439111540,0.541618466377258,0.511396527290344,0.640282452106476,0.292876839637756,607,222,6113940,2,86618,0.545304777594728,0.233937397034596,0.0362438220757825,9.92813145042313e-05,3.63104642832609e-05,-9.21755317678258,-10.2234045859698,5.40267738187228,15.6260819678421,11.3692629251462,0,0,16382.7451026259,-0.541618466377258
48439111541,0.435906857252121,0.409377545118332,0.555977523326874,0.30324724316597,3937,1345,1883536,2,70596.7414274829,0.431546863093726,0.423418846837694,0.0284480568961138,0.00209021754827091,0.00071408244918069,-6.17048712834064,-7.24451212724844,7.20414929203594,14.4486614192844,11.1647392669981,0,0,17505.2067443829,-0.435906857252121
48439111542,0.396149069070816,0.350605547428131,0.518792808055878,0.310779690742493,4370,1315,2491520,2,91408.1931350115,0.416475972540046,0.282608695652174,0.108009153318078,0.00175394939635243,0.000527790264577447,-6.34588523587454,-7.54681157935231,7.18159194461187,14.7284035239642,11.4230903938516,0,0,19332.9678349024,-0.396149069070816
48439111543,0.36632964015007,0.285956978797913,0.488837540149689,0.316860198974609,4422,1090,2042123,2,68243.1194029851,0.39846223428313,0.418588873812754,0,0.00216539356346312,0.000533758250604885,-6.13515314953896,-7.53556753573316,6.99393297522319,14.5295005109564,11.1308318933568,0,0,17441.8441335932,-0.36632964015007
48439111544,0.452191174030304,0.398366212844849,0.569701910018921,0.323970675468445,8298,2579,3734923,4,77807.7675343456,0.532055917088455,0.263316461798024,0.0651964328753916,0.00222173254977412,0.000690509549996078,-6.10946795964721,-7.27808075465868,7.85515700588134,15.13323776054,11.2619965449559,0,0,19044.5271468372,-0.452191174030304
48439111545,0.517608404159546,0.495100319385529,0.565972924232483,0.329542964696884,2212,904,5200867,2,125765.801084991,0.873417721518988,0.0280289330922242,0.0849909584086799,0.000425313702503833,0.000173817173175165,-7.76268353778063,-8.65750654003068,6.80682936039218,15.4643359004229,11.7421767348195,0,0,12379.0305245923,-0.517608404159546
48439111546,0.175337225198746,0.153017044067383,0.245771691203117,0.345044583082199,7341,2346,4778555,4,102468.742950552,0.828769922353903,0.0589837896744313,0.052172728511102,0.00153623846539383,0.000490943391883111,-6.47841840539939,-7.61918172829675,7.76046702921342,15.3796487575102,11.537313084231,0,0,13897.2548107731,-0.175337225198746
48439113102,0.737660646438599,0.731832623481751,0.776099324226379,0.279325008392334,2845,1472,11715360,3,89768.2618629174,0.761687170474517,0.130755711775044,0.0755711775043936,0.00024284358312506,0.000125647013834829,-8.323093012725,-8.98203405999661,7.29437729928882,16.2764113592854,11.4049867604481,0,0,3807.28244095413,-0.737660646438599
48439113104,0.0706829875707626,0.0570222586393356,0.14480996131897,0.251277714967728,3806,2600,1254908,3,43861.1518654756,0.495007882291119,0.424330005254861,0.0299527062532843,0.00303289165420891,0.00207186502914955,-5.79823877323195,-6.17930609707847,7.86326672400957,14.042572821088,10.6887842839498,0,0,5489.14024780178,-0.0706829875707626
48439113107,0.121004857122898,0.116850957274437,0.192841798067093,0.280673801898956,2040,1027,1663759,2,98125,0.880392156862745,0.017156862745098,0.0254901960784313,0.00122613912231279,0.000617276901281977,-6.70388497130513,-7.39019284821484,6.93439720992856,14.3245900581434,11.4939974550847,0,0,5136.55548450172,-0.121004857122898
48439113108,0.328921318054199,0.302410870790482,0.391035348176956,0.296984702348709,4593,1698,5524009,3,127844.07642064,0.808186370563902,0.0548661005878511,0.0568256041802744,0.000831461353520604,0.000307385451399518,-7.09232573843836,-8.08740805589286,7.43720636687129,15.5246144227642,11.7585666473866,0,0,4216.23342515335,-0.328921318054199
48439113109,0.036065835505724,-0.000665891624521464,0.13531781733036,0.241960719227791,3877,2016,2490155,3,61393.3399535724,0.462728914108847,0.350528759350013,0.078411142636059,0.00155693119504609,0.000809588158166861,-6.46503857782856,-7.11898488630823,7.60887062919126,14.7278555154995,11.0250566384404,0,0,6100.38917431259,-0.036065835505724
48439113110,0.0606572739779949,-0.0148614812642336,0.161646842956543,0.256464064121246,4785,3026,1795770,3,57415.0006269593,0.457262277951933,0.411076280041797,0.0152560083594566,0.00266459513189328,0.00168507102802697,-5.92770315339574,-6.38594756293449,8.0149968943483,14.4009444572828,10.9580608831301,0,0,6597.46978387858,-0.0606572739779949
48439113112,0.348435640335083,0.331334441900253,0.396568268537521,0.271698564291,2204,1197,1525280,2,106572.181488203,0.562613430127042,0.330308529945553,0.058529945553539,0.00144498059372705,0.000784773943144865,-6.5396593874546,-7.15011485216943,7.08757370555797,14.2376885577274,11.5765777950083,0,0,5786.53627990298,-0.348435640335083
48439113206,0.180536910891533,0.165713995695114,0.26150768995285,0.392520159482956,5394,2313,3806640,4,57640.0382241216,0.769744160177976,0.0311457174638487,0.0211345939933259,0.0014169976672341,0.000607622470209949,-6.55921496454588,-7.40595680601411,7.74630066223144,15.1522574682456,10.9619727132659,0,0,2994.92069829842,-0.180536910891533
48439113207,0.228707075119019,0.225755676627159,0.300516307353973,0.387130498886108,3946,1541,2831996,2,96881.1708058794,0.927014698428789,0.0301571211353269,0.00861632032437914,0.00139336354994852,0.000544139186637269,-6.57603463478281,-7.51630548604526,7.34018683532012,14.8564923213654,11.4812404632683,0,0,2778.77204192228,-0.228707075119019
48439113210,0.306475400924683,0.23796883225441,0.371023744344711,0.365227192640305,6091,2262,5692770,3,120947.439336726,0.824002626826465,0.0577901822360859,0.0681333114431127,0.00106995364295413,0.000397346107431005,-6.84013995578878,-7.8307028499492,7.72400465667607,15.5547075066253,11.7031113445592,0,0,2175.57160499525,-0.306475400924683
48439113212,0.150139600038528,0.142207562923431,0.239999026060104,0.391092777252197,4675,1834,3239155,3,89384.505882353,0.891978609625669,0.0258823529411765,0.0256684491978609,0.00144327764494135,0.000566197048304265,-6.54083860956171,-7.47656839846809,7.51425465281641,14.9908230512845,11.4007026338634,0,1,1531.23383849143,-0.150139600038528
48439113213,0.206990584731102,0.196168556809425,0.337603360414505,0.371234089136124,3635,1353,3642424,4,57840.9524071527,0.665474552957359,0.0313617606602476,0.00715268225584592,0.000997961796869338,0.000371455931544488,-6.90979556207554,-7.89808032387237,7.21007962817079,15.1081599520432,10.9654523229342,0,0,2986.04937582971,-0.206990584731102
48439113214,0.325457900762558,0.263191759586334,0.425853788852692,0.38844832777977,4473,1591,2633022,2,64119.2734182875,0.729264475743349,0.0921082047842611,0.0134138162307176,0.00169880844140307,0.000604248654207979,-6.37782819049873,-7.41152476559379,7.37211802833779,14.7836427939316,11.0685002750668,0,0,2043.88721535564,-0.325457900762558
48439113215,0.253524512052536,0.237795412540436,0.338371217250824,0.378947466611862,5023,1871,3183654,2,68878.9348994625,0.898865219988055,0.0143340633087796,0.0117459685446944,0.00157774682801586,0.000587689491383172,-6.45175750794983,-7.43931182542578,7.53422832627409,14.9735401516999,11.14010567585,0,1,974.668324428077,-0.253524512052536
48439113216,0.292830646038055,0.216433063149452,0.41050973534584,0.379993826150894,4915,2464,3146171,3,71387.502543235,0.721871820956256,0.142828077314344,0.0524923702950153,0.00156221642116719,0.000783174213989005,-6.4616496832781,-7.15215539120596,7.80954132465341,14.9616967158594,11.1758780985989,0,0,1953.55868193588,-0.292830646038055
48439113217,0.172893345355988,0.164795190095902,0.308692634105682,0.378256469964981,4518,1921,2862540,4,66190.7722443559,0.805444887118194,0.104249667994688,0.0473660911907924,0.00157831855624725,0.000671082325487155,-6.45139520351818,-7.30661873777757,7.56060116276856,14.8672199005461,11.1002963401299,0,0,2511.00709018085,-0.172893345355988
48439113218,0.195394158363342,0.134743928909302,0.273595571517944,0.359892457723618,2905,1316,3591528,2,115421.772805508,0.906368330464716,0.0406196213425129,0.00998278829604129,0.000808847933247353,0.000366417858916873,-7.11989962736603,-7.91173618476678,7.18235211188526,15.094088296652,11.6563482877511,0,1,1518.36734547108,-0.195394158363342
48439113301,0.34017539024353,0.327129125595093,0.430511951446533,0.378794103860855,3485,1402,3962387,4,82037.1325681492,0.795408895265423,0.0499282639885222,0.0129124820659971,0.000879520349728585,0.000353827124912332,-7.03613385621626,-7.94670211181635,7.24565506759454,15.1923571794109,11.314927259944,0,0,1814.34285837655,-0.34017539024353
48439113302,0.200601920485497,0.173589527606964,0.282072812318802,0.377672970294952,4973,1729,3491386,3,52006.0287552785,0.748039412829278,0.00643474763724111,0.0355921978684899,0.00142436270294949,0.000495218804222736,-6.55403079129726,-7.61051086432871,7.45529848568329,15.065809350012,10.8591149284448,0,1,839.746402846159,-0.200601920485497
48439113403,-0.101176701486111,-0.108802445232868,0.00663000484928489,0.35031720995903,2641,990,2373230,2,75335.9148049981,0.922377887163953,0.0393790230973116,0.0208254449072321,0.00111282935071611,0.000417152994020807,-6.80084954214921,-7.78205751131771,6.89770494312864,14.6797624544463,11.2297122563222,0,0,4192.50970926718,0.101176701486111
48439113404,0.111627444624901,0.102479048073292,0.199647232890129,0.332707554101944,5787,2158,3406083,5,51217.6594090202,0.687229998271989,0.124243995161569,0,0.00169901907851335,0.000633572346886438,-6.37770420709503,-7.36413636285079,7.67693714581808,15.0410735086689,10.8438396618921,0,0,3564.58315959651,-0.111627444624901
48439113407,0.168595433235168,0.128073066473007,0.244911015033722,0.314483165740967,4953,1483,2070531,3,59090.4373107208,0.600040379567939,0.108621037754896,0.0268524126791843,0.00239213998727863,0.00071624138928613,-6.03556692149637,-7.24149331194667,7.30182234213793,14.5433156540846,10.9868243850692,0,1,1208.96641551722,-0.168595433235168
48439113408,0.28402104973793,0.27035453915596,0.366119861602783,0.33093523979187,5050,2352,3685848,5,58795.7964356436,0.64950495049505,0.133663366336634,0.022970297029703,0.00137010533261274,0.000638116384614884,-6.59286765697883,-7.35698987022971,7.76302130901852,15.1200111792482,10.9818256421415,0,0,2296.69367077303,-0.28402104973793
48439113509,0.197699576616287,0.17665658891201,0.281440943479538,0.263947576284409,4784,1696,2507287,4,59827.0217391304,0.495192307692308,0.142558528428094,0.0771321070234111,0.00190803844952732,0.00067642834665517,-6.26167955441521,-7.29868403369383,7.43602781635185,14.7347118500457,10.9992127064242,0,0,4759.44766563432,-0.197699576616287
48439113510,0.392919957637787,0.331331133842468,0.450206369161606,0.247357100248337,6254,2744,3080647,3,81154.9121606206,0.460185481291973,0.12919731371922,0.32811000959386,0.00203009302915913,0.000890721981453896,-6.19967365980649,-7.0234782089785,7.91717198884578,14.9406501978243,11.304115102973,0,0,3559.98825898912,-0.392919957637787
48439113511,0.20277251303196,0.103726223111153,0.290380775928497,0.28150075674057,4016,1409,3806927,3,63876.5109561753,0.482320717131474,0.26394422310757,0.203685258964144,0.00105491909879018,0.000370114793375339,-6.85429119860565,-7.90169734807854,7.25063551189868,15.1523328599772,11.0647069821174,0,0,4302.6183435451,-0.20277251303196
48439113512,0.0743921920657158,0.0320349372923374,0.152765169739723,0.28374457359314,6047,2729,3214891,4,65286.1867041508,0.639325285265421,0.148668761369274,0.0868199106995205,0.00188093468798787,0.000848862372005769,-6.27598645122892,-7.0716134907938,7.91169052070834,14.9833040115021,11.0865357569635,0,0,4286.59232951308,-0.0743921920657158
48439113513,0.311070173978806,0.275712013244629,0.36813348531723,0.251541823148727,5163,2298,2548415,3,65007.5944218478,0.667054038349797,0.0765059074181679,0.0844470269223319,0.00202596515873592,0.000901736961994024,-6.20170907037365,-7.01118769684459,7.7397944584087,14.7509821552533,11.082259379312,0,0,2792.62788076989,-0.311070173978806
48439113514,0.0842083692550659,0.0468258745968342,0.16194923222065,0.261076867580414,4788,1764,2192838,4,55234.2130325815,0.518379281537176,0.145572263993317,0.164786967418546,0.00218347182965636,0.000804436989873397,-6.12683908658451,-7.12536791669563,7.47533923656674,14.6007071532624,10.9193378415826,0,0,4001.36495482638,-0.0842083692550659
48439113516,0.367435455322266,0.335874319076538,0.417568564414978,0.26799139380455,4026,1560,2707799,3,81285.6020864382,0.778440139095877,0.10655737704918,0.050173869846001,0.00148681641436458,0.000576113662794026,-6.51111807953985,-7.459205585496,7.35244110024358,14.8116466857396,11.3057241837448,0,0,5925.92466128079,-0.367435455322266
48439113607,0.0274686235934496,0.0217690132558346,0.111158974468708,0.31894639134407,4532,1983,2015827,4,62208.0924536629,0.662621359223301,0.267210944395411,0.0189761694616064,0.00224820879966386,0.000983715368431914,-6.09762146885125,-6.92417396247935,7.5923661285198,14.5165400909991,11.0382403740211,0,0,3136.31933834466,-0.0274686235934496
48439113611,0.0167587213218212,-0.0192024521529675,0.103167161345482,0.340066939592361,4183,1686,3138519,4,107761.297394215,0.864690413578772,0.0633516614869711,0.0339469280420751,0.0013327942255567,0.000537196046925317,-6.62047761912658,-7.52914745200698,7.4301141385618,14.9592615905688,11.587673850676,0,0,3130.89174329486,-0.0167587213218212
48439113612,0.146205306053162,0.114415615797043,0.220929712057114,0.336946189403534,4684,1883,3973030,4,97332.5059777968,0.856959863364646,0.0224167378309137,0.0862510674637064,0.00117894906406445,0.00047394557806007,-6.74313186101966,-7.65441805708012,7.54062152865715,15.1950395857373,11.4858882923181,0,0,3897.85053409802,-0.146205306053162
48439113613,0.120557971298695,0.0543811097741127,0.22069288790226,0.336186647415161,4391,1706,4277351,5,85983.7888863585,0.787292188567524,0.0503302209063994,0.0409929401047597,0.00102656994948509,0.000398844986067311,-6.88153218014933,-7.82693772265942,7.44190672805163,15.268844450711,11.3619140561456,0,0,3863.03340783285,-0.120557971298695
48439113618,0.158039107918739,0.147358447313309,0.229318648576736,0.305767208337784,4308,1786,3295850,4,82704.3723305478,0.644614670380687,0.147632311977716,0.0972609099350046,0.00130709832061532,0.00054189359345844,-6.63994562099088,-7.52044089783072,7.48773376143644,15.0081746592672,11.3230277493911,0,0,2998.59375113,-0.158039107918739
48439113619,0.134731352329254,0.131302952766418,0.206779301166534,0.304899901151657,5596,2371,1623544,4,59841.9152966405,0.513581129378127,0.363295210864903,0.0198355968548963,0.00344678062313063,0.00146038542842079,-5.67031463631267,-6.52905488603263,7.77106708606541,14.300121972098,10.9994616190987,0,0,1806.96799729828,-0.134731352329254
48439113622,0.452616512775421,0.428711980581284,0.502106249332428,0.306080043315887,7446,2868,8980377,4,130057.041498791,0.865162503357507,0.0159817351598174,0.0666129465484825,0.00082914113739323,0.000319362984427046,-7.09512016714712,-8.04918221986027,7.96137020171951,16.0105524215798,11.7757284139615,0,0,7698.39248269059,-0.452616512775421
48439113623,0.157165184617043,0.131147772073746,0.237531274557114,0.289459198713303,2957,1356,2355511,3,103472.059181603,0.955360162326682,0.0233344606019615,0.00439634764964492,0.00125535393381733,0.0005756712662348,-6.68033772718031,-7.45997377853245,7.21229446850034,14.6722682470328,11.5470568956439,0,0,7465.91850351545,-0.157165184617043
48439113624,0.16648668050766,0.13255862891674,0.246206030249596,0.287519335746765,4754,1542,2458084,3,108247.791333614,0.797433740008414,0.0612116112747161,0.0763567522086664,0.00193402666467053,0.000627317862204872,-6.24815109472936,-7.37405718852623,7.34083555412328,14.7148927426495,11.592178242272,0,0,6767.75136131219,-0.16648668050766
48439113625,0.13096421957016,0.123127534985542,0.204633191227913,0.314501106739044,3322,1234,2084285,3,122896.562913907,0.811559301625527,0.00692354003612281,0.0725466586393739,0.00159383193757092,0.000592049551764754,-6.44161413856988,-7.43192022427778,7.11801620446533,14.5499364287431,11.7190983286367,0,0,6140.58930488966,-0.13096421957016
48439113626,0.0660815536975861,0.0629820376634598,0.15005798637867,0.312584042549133,3538,1491,2239031,2,96031.6384963256,0.856133408705483,0.0220463538722442,0.0576596947427925,0.00158014784074003,0.00066591306685794,-6.45023686623204,-7.31435142618703,7.30720231476474,14.6215537409518,11.4724329838245,0,0,5859.02046263017,-0.0660815536975861
48439113628,-0.073993131518364,-0.123945154249668,0.021678950637579,0.284608960151672,5575,2187,2567738,3,70496.9248430493,0.440896860986547,0.271569506726457,0.0774887892376682,0.00217117166938371,0.000851722410931333,-6.13248831733665,-7.06824989298821,7.69028602067677,14.758535913665,11.1633243686015,0,0,5419.29352166006,0.073993131518364
48439113629,-0.00722602941095829,-0.0276017747819424,0.0821419507265091,0.309702903032303,3342,1229,2379905,3,115211.608481262,0.711250748055057,0.0128665469778575,0.0589467384799522,0.00140425773297674,0.000516407167512989,-6.56824641972927,-7.56861501931857,7.11395610956603,14.6825711288846,11.6545257902337,0,0,4432.04338519972,0.00722602941095829
48439113630,0.0383946187794209,0.0308161377906799,0.119467698037624,0.30722251534462,3298,1523,1607675,3,58900.2128562765,0.715888417222559,0.134627046694967,0.0900545785324439,0.0020514096443622,0.000947330772699706,-6.18922809074577,-6.96186224097015,7.32843735289516,14.2902995938653,10.9835999834918,0,0,4948.10322160391,-0.0383946187794209
48439113707,0.483711183071137,0.471437096595764,0.530560076236725,0.32871213555336,5159,1900,6160952,3,159863.116689281,0.926342314402016,0.00426439232409382,0.0509788718743943,0.000837370588181826,0.00030839389756648,-7.08524382777868,-8.0841327038688,7.54960916515453,15.6337418690233,11.9820732073573,0,0,4666.55815263436,-0.483711183071137
48439113803,-0.0205286350101233,-0.0954730063676834,0.0867689922451973,0.407916516065598,5989,1964,2518033,3,83032.2701619636,0.779095007513776,0.0647854399732844,0.0163633327767574,0.00237844380911608,0.000779973892319918,-6.04130886687549,-7.15625011022554,7.58273848891441,14.7389885991399,11.3269846083488,0,0,4310.46510445028,0.0205286350101233
48439113808,0.167263045907021,0.145334735512733,0.28179332613945,0.405168205499649,6381,2069,3022819,4,75737.6236024845,0.72574831531108,0.0612756621219246,0.110484250117536,0.00211094346039244,0.000684460432463869,-6.16062029380366,-7.28687971992646,7.63482067774554,14.921700397672,11.2350303252372,0,0,3399.9905114001,-0.167263045907021
48439113809,0.0650655031204224,0.0629139319062233,0.16526335477829,0.403719693422318,4660,1583,2486175,4,68146.8493562232,0.821244635193133,0.0178111587982833,0.0160944206008584,0.00187436523977596,0.000636721067503293,-6.27948521566311,-7.35917888290179,7.36707705988101,14.7262559427828,11.1294202050395,0,0,2325.10605279148,-0.0650655031204224
48439113810,0.0829309672117233,0.0469649136066437,0.19230292737484,0.402507185935974,4448,1524,2794900,4,68309.3183453237,0.760341726618705,0.0325989208633094,0.0948741007194245,0.00159147017782389,0.000545278900855129,-6.44309704982555,-7.51421314950938,7.32909373624659,14.843306885756,11.1318014688344,0,1,1143.39007395624,-0.0829309672117233
48439113811,0.0375487133860588,0.0137832704931498,0.132898136973381,0.402830809354782,3958,1676,3125312,2,77744.1141990905,0.611419909044973,0.114704396159677,0.12177867609904,0.00126643355927344,0.000536266459156718,-6.67155055000645,-7.53087939512693,7.42416528104203,14.955044676169,11.2611781255566,1,1,511.384309297111,-0.0375487133860588
48439113906,0.472281157970429,0.426625847816467,0.51666671037674,0.37200865149498,7336,2375,12950919,4,171894.010147379,0.780261723009814,0.0178571428571429,0.165076335877862,0.000566446288483466,0.000183384669458592,-7.47612829490657,-8.60392459237413,7.77275271646874,16.3766773088429,12.0546333457806,0,0,9141.08572237941,-0.472281157970429
48439113908,0.297425806522369,0.271698653697968,0.360778123140335,0.358073383569717,5233,1594,6106211,3,236935.711828779,0.715650678387159,0.0261800114656985,0.18861073953755,0.000856996261675203,0.000261045679554801,-7.06207700148196,-8.250815148504,7.37400185935016,15.6248170078542,12.3755441252137,0,0,8352.88543803084,-0.297425806522369
48439113912,0.45707768201828,0.38801646232605,0.510978281497955,0.38703927397728,6075,2167,8774523,3,176564.291851852,0.878189300411523,0.0190946502057613,0.028477366255144,0.000692345327489597,0.000246964991715219,-7.27542569865559,-8.30626396532798,7.68109900153636,15.9873629668643,12.0814403488129,0,0,8016.1934102697,-0.45707768201828
48439113916,0.273397713899612,0.246970444917679,0.411705911159515,0.444450974464417,4152,1834,1876456,3,65163.7172447014,0.6871387283237,0.138487475915221,0.0541907514450867,0.00221268177884267,0.000977374369556227,-6.11355002452824,-6.93064079655756,7.51425465281641,14.444895449374,11.0846581090431,0,0,5173.18186769093,-0.273397713899612
48439114003,0.43209519982338,0.290248423814774,0.551439166069031,0.493243336677551,4422,1535,11521339,3,76626.0554047942,0.812302125734962,0.0517865219357755,0.00203527815468114,0.000383809555469204,0.000133231041982186,-7.86536407769903,-8.92342577909512,7.3362856600213,16.2597114391164,11.2466924467788,0,0,7703.18700340834,-0.43209519982338
48439114006,0.254401952028275,0.199367672204971,0.384538799524307,0.508172273635864,6129,2600,3158922,3,90675.695545766,0.8570729319628,0.021210637950726,0.00505792135748083,0.00194021884680913,0.000823065590096875,-6.24495450463563,-7.10247466411179,7.86326672400957,14.9657413881214,11.4150446348773,0,0,7242.55832447532,-0.254401952028275
48439114203,0.503788650035858,0.501428127288818,0.568764209747315,0.656623363494873,5638,2494,26032175,5,56072.2986874778,0.941291238027669,0.00106420716566158,0.00106420716566158,0.000216578138399884,9.58045188310235e-05,-8.43755915923969,-9.25320070467377,7.82164312623998,17.0748438309138,10.9343971850221,0,0,24126.4794522489,-0.503788650035858
48439114204,0.364535927772522,0.324022054672241,0.441055417060852,0.645037472248077,6738,2785,9455147,3,76886.9453843871,0.928168596022559,0.00653012763431285,0.00608489165924607,0.000712627735983375,0.00029454856703973,-7.24655138331679,-8.13006665492191,7.93200315236139,16.0620698072833,11.2500913801515,0,0,20492.769732887,-0.364535927772522
48439114205,0.313043385744095,0.294088006019592,0.389821022748947,0.643720805644989,3093,1331,7555175,3,69031.647914646,0.963142580019398,0.000969932104752666,0.00323310701584223,0.000409388266982565,0.0001761706380064,-7.80084654420354,-8.6440574984935,7.19368581839511,15.8377433168886,11.1423203438542,0,0,19891.1592920262,-0.313043385744095
48439121605,0.449521511793137,0.434749901294708,0.517161369323731,0.286799699068069,3118,1403,2713177,3,61598.9204618345,0.859846055163567,0.0846696600384862,0.00898011545862734,0.00114920626262127,0.00051710596101913,-6.76868378132537,-7.56726275084063,7.24636808010246,14.8136308309431,11.0283996243978,0,0,6931.51161357223,-0.449521511793137
48439121606,0.441317051649094,0.425218880176544,0.493039190769196,0.348285645246506,3482,1355,6341567,3,101638.0361861,0.86731763354394,0.0677771395749571,0.020964962665135,0.000549075646445114,0.000213669586712559,-7.50727433642934,-8.45107972344367,7.2115567333138,15.6626364567575,11.5291731159773,0,0,9535.44748718013,-0.441317051649094
48439121608,0.255268961191177,0.241384729743004,0.317991077899933,0.352085262537003,6268,2320,2948423,4,76685.7211231653,0.782067645181876,0.116783663050415,0.0500957243139756,0.00212588220889608,0.000786861315354005,-6.15356840563207,-7.14745854444762,7.74932246466036,14.896781009108,11.2474708047463,0,0,11482.7671831636,-0.255268961191177
48439121609,0.42211064696312,0.381743639707565,0.512693226337433,0.376654475927353,5219,2109,4036421,3,126494.330523089,0.705690745353516,0.139873538992144,0.0894807434374403,0.00129297712007742,0.00052249257448616,-6.6508078745714,-7.55689978573603,7.65396918047877,15.2108689662148,11.7479527681461,0,0,12251.8414847696,-0.42211064696312
48439121610,0.168358713388443,0.162829279899597,0.24700690805912,0.358125030994415,2778,984,1293861,2,74226.2084233261,0.765298776097912,0.0608351331893451,0.0550755939524838,0.0021470621651012,0.000760514460208631,-6.14365480610262,-7.18151543236465,6.89162589705225,14.0731413294169,11.2148725800427,0,0,12758.7883800965,-0.168358713388443
48439121611,0.104613192379475,0.0778970047831535,0.18372218310833,0.375000238418579,4330,1519,3003370,4,80663.6743648961,0.703233256351039,0.140415704387991,0.0517321016166282,0.00144171380815551,0.000505765190436077,-6.5419227285024,-7.58943804690316,7.32580750259577,14.9152455494989,11.2980436211326,0,0,13363.2930304953,-0.104613192379475
48439121703,0.282208651304245,0.240959838032722,0.384659558534622,0.278791189193726,3768,1211,1884606,3,33431.7688428875,0.702229299363057,0.096072186836518,0.0376857749469215,0.00199935689475678,0.000642574628330802,-6.21492970275293,-7.35002759489609,7.09920174355309,14.4492293384492,10.4172618898566,0,0,6995.92110435531,-0.282208651304245
48439121704,0.24800281226635,0.159961879253387,0.33593362569809,0.270843058824539,3423,1155,2130890,2,35098.4934268186,0.626351153958516,0.159217061057552,0.0271691498685364,0.00160637104683958,0.000542027040344645,-6.43377765226003,-7.52019466783432,7.05185562295589,14.5720502907902,10.4659134862199,0,0,7472.78650537939,-0.24800281226635
48439122100,0.271485030651093,0.266617625951767,0.367355018854141,0.250945150852203,6796,1887,4336617,5,49094.1043260742,0.606386109476162,0.0479693937610359,0.00470865214832254,0.00156712017685675,0.000435131808965376,-6.4585156262345,-7.73986156365778,7.54274354536855,15.2826051090263,10.8014942317477,0,0,9865.23646445328,-0.271485030651093
48439122200,0.184579014778137,0.151647001504898,0.32761025428772,0.276436328887939,2187,927,1468111,2,29880.5903063557,0.716049382716049,0.13625971650663,0,0.00148966937786039,0.000631423645759755,-6.50920107770032,-7.36753353281124,6.83195356556586,14.1994870983771,10.3049643949537,0,0,8389.94825539219,-0.184579014778137
48439122300,0.106450632214546,0.0689627528190613,0.247723162174225,0.277963608503342,4789,1355,2345096,3,21497.8195865525,0.47588223011067,0.196074337022343,0.223219878889121,0.00204213388279201,0.000577801505780574,-6.19375999684828,-7.45628016387708,7.2115567333138,14.6678368971909,9.97570679439399,0,0,9032.90699496105,-0.106450632214546
48439122500,0.294720381498337,0.280813962221146,0.361469447612762,0.304393112659454,4229,1862,2414839,3,57170.017261764,0.72381177583353,0.159612201466068,0.0423267912035942,0.00175125546672056,0.000771065897146766,-6.34742233870733,-7.16773671834281,7.52940645783701,14.6971431761798,10.9537848661954,0,0,8643.27909726986,-0.294720381498337
48439122600,0.236058384180069,0.22703455388546,0.324018657207489,0.307353377342224,4273,1583,2462799,3,70238.006084718,0.796395974725017,0.0994617364849051,0.0016381933068102,0.00173501775824986,0.000642764594268554,-6.35673763033318,-7.34973200609619,7.36707705988101,14.7168090659772,11.1596448407295,0,0,10158.2365227225,-0.236058384180069
